[2026-08-23T00:31:52.343+0000] {processor.py:186} INFO - Started process (PID=199) to work on /opt/airflow/dags/daily_inventory_pipeline.py
[2026-08-23T00:31:52.344+0000] {processor.py:914} INFO - Processing file /opt/airflow/dags/daily_inventory_pipeline.py for tasks to queue
[2026-08-23T00:31:52.347+0000] {logging_mixin.py:190} INFO - [2026-08-23T00:31:52.346+0000] {dagbag.py:588} INFO - Filling up the DagBag from /opt/airflow/dags/daily_inventory_pipeline.py
[2026-08-23T00:31:52.359+0000] {logging_mixin.py:190} INFO - [2026-08-23T00:31:52.356+0000] {dagbag.py:387} ERROR - Failed to import: /opt/airflow/dags/daily_inventory_pipeline.py
Traceback (most recent call last):
  File "/home/airflow/.local/lib/python3.12/site-packages/airflow/models/dagbag.py", line 383, in parse
    loader.exec_module(new_module)
  File "<frozen importlib._bootstrap_external>", line 999, in exec_module
  File "<frozen importlib._bootstrap>", line 488, in _call_with_frames_removed
  File "/opt/airflow/dags/daily_inventory_pipeline.py", line 13, in <module>
    from jobs import tasks
ModuleNotFoundError: No module named 'jobs'
[2026-08-23T00:31:52.360+0000] {processor.py:927} WARNING - No viable dags retrieved from /opt/airflow/dags/daily_inventory_pipeline.py
[2026-08-23T00:31:52.378+0000] {processor.py:208} INFO - Processing /opt/airflow/dags/daily_inventory_pipeline.py took 0.040 seconds
[2026-08-23T00:32:22.737+0000] {processor.py:186} INFO - Started process (PID=209) to work on /opt/airflow/dags/daily_inventory_pipeline.py
[2026-08-23T00:32:22.738+0000] {processor.py:914} INFO - Processing file /opt/airflow/dags/daily_inventory_pipeline.py for tasks to queue
[2026-08-23T00:32:22.739+0000] {logging_mixin.py:190} INFO - [2026-08-23T00:32:22.739+0000] {dagbag.py:588} INFO - Filling up the DagBag from /opt/airflow/dags/daily_inventory_pipeline.py
[2026-08-23T00:32:22.750+0000] {logging_mixin.py:190} INFO - [2026-08-23T00:32:22.747+0000] {dagbag.py:387} ERROR - Failed to import: /opt/airflow/dags/daily_inventory_pipeline.py
Traceback (most recent call last):
  File "/home/airflow/.local/lib/python3.12/site-packages/airflow/models/dagbag.py", line 383, in parse
    loader.exec_module(new_module)
  File "<frozen importlib._bootstrap_external>", line 999, in exec_module
  File "<frozen importlib._bootstrap>", line 488, in _call_with_frames_removed
  File "/opt/airflow/dags/daily_inventory_pipeline.py", line 13, in <module>
    from jobs import tasks
ModuleNotFoundError: No module named 'jobs'
[2026-08-23T00:32:22.751+0000] {processor.py:927} WARNING - No viable dags retrieved from /opt/airflow/dags/daily_inventory_pipeline.py
[2026-08-23T00:32:22.766+0000] {processor.py:208} INFO - Processing /opt/airflow/dags/daily_inventory_pipeline.py took 0.033 seconds
[2026-08-23T00:32:53.168+0000] {processor.py:186} INFO - Started process (PID=233) to work on /opt/airflow/dags/daily_inventory_pipeline.py
[2026-08-23T00:32:53.168+0000] {processor.py:914} INFO - Processing file /opt/airflow/dags/daily_inventory_pipeline.py for tasks to queue
[2026-08-23T00:32:53.170+0000] {logging_mixin.py:190} INFO - [2026-08-23T00:32:53.170+0000] {dagbag.py:588} INFO - Filling up the DagBag from /opt/airflow/dags/daily_inventory_pipeline.py
[2026-08-23T00:32:53.181+0000] {logging_mixin.py:190} INFO - [2026-08-23T00:32:53.179+0000] {dagbag.py:387} ERROR - Failed to import: /opt/airflow/dags/daily_inventory_pipeline.py
Traceback (most recent call last):
  File "/home/airflow/.local/lib/python3.12/site-packages/airflow/models/dagbag.py", line 383, in parse
    loader.exec_module(new_module)
  File "<frozen importlib._bootstrap_external>", line 999, in exec_module
  File "<frozen importlib._bootstrap>", line 488, in _call_with_frames_removed
  File "/opt/airflow/dags/daily_inventory_pipeline.py", line 13, in <module>
    from jobs import tasks
ModuleNotFoundError: No module named 'jobs'
[2026-08-23T00:32:53.182+0000] {processor.py:927} WARNING - No viable dags retrieved from /opt/airflow/dags/daily_inventory_pipeline.py
[2026-08-23T00:32:53.197+0000] {processor.py:208} INFO - Processing /opt/airflow/dags/daily_inventory_pipeline.py took 0.033 seconds
[2026-08-23T00:33:07.315+0000] {processor.py:186} INFO - Started process (PID=247) to work on /opt/airflow/dags/daily_inventory_pipeline.py
[2026-08-23T00:33:07.316+0000] {processor.py:914} INFO - Processing file /opt/airflow/dags/daily_inventory_pipeline.py for tasks to queue
[2026-08-23T00:33:07.317+0000] {logging_mixin.py:190} INFO - [2026-08-23T00:33:07.317+0000] {dagbag.py:588} INFO - Filling up the DagBag from /opt/airflow/dags/daily_inventory_pipeline.py
[2026-08-23T00:33:07.325+0000] {logging_mixin.py:190} INFO - [2026-08-23T00:33:07.324+0000] {dagbag.py:387} ERROR - Failed to import: /opt/airflow/dags/daily_inventory_pipeline.py
Traceback (most recent call last):
  File "/home/airflow/.local/lib/python3.12/site-packages/airflow/models/dagbag.py", line 383, in parse
    loader.exec_module(new_module)
  File "<frozen importlib._bootstrap_external>", line 995, in exec_module
  File "<frozen importlib._bootstrap_external>", line 1133, in get_code
  File "<frozen importlib._bootstrap_external>", line 1063, in source_to_code
  File "<frozen importlib._bootstrap>", line 488, in _call_with_frames_removed
  File "/opt/airflow/dags/daily_inventory_pipeline.py", line 11
    from __future__ import annotations
    ^^^^^^^^^^^^^^^^^^^^^^^^^^^^^^^^^^
SyntaxError: from __future__ imports must occur at the beginning of the file
[2026-08-23T00:33:07.326+0000] {processor.py:927} WARNING - No viable dags retrieved from /opt/airflow/dags/daily_inventory_pipeline.py
[2026-08-23T00:33:07.340+0000] {processor.py:208} INFO - Processing /opt/airflow/dags/daily_inventory_pipeline.py took 0.029 seconds
[2026-08-23T00:33:15.412+0000] {processor.py:186} INFO - Started process (PID=252) to work on /opt/airflow/dags/daily_inventory_pipeline.py
[2026-08-23T00:33:15.414+0000] {processor.py:914} INFO - Processing file /opt/airflow/dags/daily_inventory_pipeline.py for tasks to queue
[2026-08-23T00:33:15.416+0000] {logging_mixin.py:190} INFO - [2026-08-23T00:33:15.415+0000] {dagbag.py:588} INFO - Filling up the DagBag from /opt/airflow/dags/daily_inventory_pipeline.py
[2026-08-23T00:33:15.442+0000] {logging_mixin.py:190} INFO - [2026-08-23T00:33:15.439+0000] {dagbag.py:387} ERROR - Failed to import: /opt/airflow/dags/daily_inventory_pipeline.py
Traceback (most recent call last):
  File "/home/airflow/.local/lib/python3.12/site-packages/airflow/models/dagbag.py", line 383, in parse
    loader.exec_module(new_module)
  File "<frozen importlib._bootstrap_external>", line 999, in exec_module
  File "<frozen importlib._bootstrap>", line 488, in _call_with_frames_removed
  File "/opt/airflow/dags/daily_inventory_pipeline.py", line 24, in <module>
    from jobs import tasks
ModuleNotFoundError: No module named 'jobs'
[2026-08-23T00:33:15.444+0000] {processor.py:927} WARNING - No viable dags retrieved from /opt/airflow/dags/daily_inventory_pipeline.py
[2026-08-23T00:33:15.460+0000] {processor.py:208} INFO - Processing /opt/airflow/dags/daily_inventory_pipeline.py took 0.053 seconds
[2026-08-23T00:33:32.630+0000] {processor.py:186} INFO - Started process (PID=199) to work on /opt/airflow/dags/daily_inventory_pipeline.py
[2026-08-23T00:33:32.631+0000] {processor.py:914} INFO - Processing file /opt/airflow/dags/daily_inventory_pipeline.py for tasks to queue
[2026-08-23T00:33:32.633+0000] {logging_mixin.py:190} INFO - [2026-08-23T00:33:32.633+0000] {dagbag.py:588} INFO - Filling up the DagBag from /opt/airflow/dags/daily_inventory_pipeline.py
[2026-08-23T00:33:32.643+0000] {logging_mixin.py:190} INFO - [2026-08-23T00:33:32.641+0000] {dagbag.py:387} ERROR - Failed to import: /opt/airflow/dags/daily_inventory_pipeline.py
Traceback (most recent call last):
  File "/home/airflow/.local/lib/python3.12/site-packages/airflow/models/dagbag.py", line 383, in parse
    loader.exec_module(new_module)
  File "<frozen importlib._bootstrap_external>", line 999, in exec_module
  File "<frozen importlib._bootstrap>", line 488, in _call_with_frames_removed
  File "/opt/airflow/dags/daily_inventory_pipeline.py", line 24, in <module>
    from jobs import tasks
ModuleNotFoundError: No module named 'jobs'
[2026-08-23T00:33:32.644+0000] {processor.py:927} WARNING - No viable dags retrieved from /opt/airflow/dags/daily_inventory_pipeline.py
[2026-08-23T00:33:32.660+0000] {processor.py:208} INFO - Processing /opt/airflow/dags/daily_inventory_pipeline.py took 0.035 seconds
[2026-08-23T00:34:02.890+0000] {processor.py:186} INFO - Started process (PID=241) to work on /opt/airflow/dags/daily_inventory_pipeline.py
[2026-08-23T00:34:02.891+0000] {processor.py:914} INFO - Processing file /opt/airflow/dags/daily_inventory_pipeline.py for tasks to queue
[2026-08-23T00:34:02.893+0000] {logging_mixin.py:190} INFO - [2026-08-23T00:34:02.892+0000] {dagbag.py:588} INFO - Filling up the DagBag from /opt/airflow/dags/daily_inventory_pipeline.py
[2026-08-23T00:34:02.902+0000] {logging_mixin.py:190} INFO - [2026-08-23T00:34:02.900+0000] {dagbag.py:387} ERROR - Failed to import: /opt/airflow/dags/daily_inventory_pipeline.py
Traceback (most recent call last):
  File "/home/airflow/.local/lib/python3.12/site-packages/airflow/models/dagbag.py", line 383, in parse
    loader.exec_module(new_module)
  File "<frozen importlib._bootstrap_external>", line 999, in exec_module
  File "<frozen importlib._bootstrap>", line 488, in _call_with_frames_removed
  File "/opt/airflow/dags/daily_inventory_pipeline.py", line 24, in <module>
    from jobs import tasks
ModuleNotFoundError: No module named 'jobs'
[2026-08-23T00:34:02.903+0000] {processor.py:927} WARNING - No viable dags retrieved from /opt/airflow/dags/daily_inventory_pipeline.py
[2026-08-23T00:34:02.918+0000] {processor.py:208} INFO - Processing /opt/airflow/dags/daily_inventory_pipeline.py took 0.033 seconds
[2026-08-23T00:34:04.978+0000] {processor.py:186} INFO - Started process (PID=248) to work on /opt/airflow/dags/daily_inventory_pipeline.py
[2026-08-23T00:34:04.978+0000] {processor.py:914} INFO - Processing file /opt/airflow/dags/daily_inventory_pipeline.py for tasks to queue
[2026-08-23T00:34:04.980+0000] {logging_mixin.py:190} INFO - [2026-08-23T00:34:04.980+0000] {dagbag.py:588} INFO - Filling up the DagBag from /opt/airflow/dags/daily_inventory_pipeline.py
[2026-08-23T00:34:05.157+0000] {logging_mixin.py:190} INFO - [2026-08-23T00:34:05.150+0000] {dagbag.py:387} ERROR - Failed to import: /opt/airflow/dags/daily_inventory_pipeline.py
Traceback (most recent call last):
  File "/home/airflow/.local/lib/python3.12/site-packages/airflow/models/dagbag.py", line 383, in parse
    loader.exec_module(new_module)
  File "<frozen importlib._bootstrap_external>", line 999, in exec_module
  File "<frozen importlib._bootstrap>", line 488, in _call_with_frames_removed
  File "/opt/airflow/dags/daily_inventory_pipeline.py", line 24, in <module>
    from jobs import tasks
  File "/opt/airflow/jobs/tasks.py", line 14, in <module>
    from keio_inventory.infra.db.models import (
  File "/opt/airflow/src/keio_inventory/infra/db/models.py", line 10, in <module>
    from sqlalchemy.orm import DeclarativeBase, relationship
ImportError: cannot import name 'DeclarativeBase' from 'sqlalchemy.orm' (/home/airflow/.local/lib/python3.12/site-packages/sqlalchemy/orm/__init__.py)
[2026-08-23T00:34:05.161+0000] {processor.py:927} WARNING - No viable dags retrieved from /opt/airflow/dags/daily_inventory_pipeline.py
[2026-08-23T00:34:05.177+0000] {processor.py:208} INFO - Processing /opt/airflow/dags/daily_inventory_pipeline.py took 0.203 seconds
[2026-08-23T00:34:21.566+0000] {processor.py:186} INFO - Started process (PID=199) to work on /opt/airflow/dags/daily_inventory_pipeline.py
[2026-08-23T00:34:21.567+0000] {processor.py:914} INFO - Processing file /opt/airflow/dags/daily_inventory_pipeline.py for tasks to queue
[2026-08-23T00:34:21.569+0000] {logging_mixin.py:190} INFO - [2026-08-23T00:34:21.568+0000] {dagbag.py:588} INFO - Filling up the DagBag from /opt/airflow/dags/daily_inventory_pipeline.py
[2026-08-23T00:34:21.637+0000] {logging_mixin.py:190} INFO - [2026-08-23T00:34:21.628+0000] {dagbag.py:387} ERROR - Failed to import: /opt/airflow/dags/daily_inventory_pipeline.py
Traceback (most recent call last):
  File "/home/airflow/.local/lib/python3.12/site-packages/airflow/models/dagbag.py", line 383, in parse
    loader.exec_module(new_module)
  File "<frozen importlib._bootstrap_external>", line 999, in exec_module
  File "<frozen importlib._bootstrap>", line 488, in _call_with_frames_removed
  File "/opt/airflow/dags/daily_inventory_pipeline.py", line 24, in <module>
    from jobs import tasks
  File "/opt/airflow/jobs/tasks.py", line 14, in <module>
    from keio_inventory.infra.db.models import (
  File "/opt/airflow/src/keio_inventory/infra/db/models.py", line 10, in <module>
    from sqlalchemy.orm import DeclarativeBase, relationship
ImportError: cannot import name 'DeclarativeBase' from 'sqlalchemy.orm' (/home/airflow/.local/lib/python3.12/site-packages/sqlalchemy/orm/__init__.py)
[2026-08-23T00:34:21.640+0000] {processor.py:927} WARNING - No viable dags retrieved from /opt/airflow/dags/daily_inventory_pipeline.py
[2026-08-23T00:34:21.655+0000] {processor.py:208} INFO - Processing /opt/airflow/dags/daily_inventory_pipeline.py took 0.093 seconds
[2026-08-23T00:34:51.848+0000] {processor.py:186} INFO - Started process (PID=293) to work on /opt/airflow/dags/daily_inventory_pipeline.py
[2026-08-23T00:34:51.848+0000] {processor.py:914} INFO - Processing file /opt/airflow/dags/daily_inventory_pipeline.py for tasks to queue
[2026-08-23T00:34:51.850+0000] {logging_mixin.py:190} INFO - [2026-08-23T00:34:51.850+0000] {dagbag.py:588} INFO - Filling up the DagBag from /opt/airflow/dags/daily_inventory_pipeline.py
[2026-08-23T00:34:51.936+0000] {logging_mixin.py:190} INFO - [2026-08-23T00:34:51.928+0000] {dagbag.py:387} ERROR - Failed to import: /opt/airflow/dags/daily_inventory_pipeline.py
Traceback (most recent call last):
  File "/home/airflow/.local/lib/python3.12/site-packages/airflow/models/dagbag.py", line 383, in parse
    loader.exec_module(new_module)
  File "<frozen importlib._bootstrap_external>", line 999, in exec_module
  File "<frozen importlib._bootstrap>", line 488, in _call_with_frames_removed
  File "/opt/airflow/dags/daily_inventory_pipeline.py", line 24, in <module>
    from jobs import tasks
  File "/opt/airflow/jobs/tasks.py", line 14, in <module>
    from keio_inventory.infra.db.models import (
  File "/opt/airflow/src/keio_inventory/infra/db/models.py", line 10, in <module>
    from sqlalchemy.orm import DeclarativeBase, relationship
ImportError: cannot import name 'DeclarativeBase' from 'sqlalchemy.orm' (/home/airflow/.local/lib/python3.12/site-packages/sqlalchemy/orm/__init__.py)
[2026-08-23T00:34:51.941+0000] {processor.py:927} WARNING - No viable dags retrieved from /opt/airflow/dags/daily_inventory_pipeline.py
[2026-08-23T00:34:51.960+0000] {processor.py:208} INFO - Processing /opt/airflow/dags/daily_inventory_pipeline.py took 0.118 seconds
[2026-08-23T00:35:26.451+0000] {processor.py:186} INFO - Started process (PID=199) to work on /opt/airflow/dags/daily_inventory_pipeline.py
[2026-08-23T00:35:26.452+0000] {processor.py:914} INFO - Processing file /opt/airflow/dags/daily_inventory_pipeline.py for tasks to queue
[2026-08-23T00:35:26.454+0000] {logging_mixin.py:190} INFO - [2026-08-23T00:35:26.454+0000] {dagbag.py:588} INFO - Filling up the DagBag from /opt/airflow/dags/daily_inventory_pipeline.py
[2026-08-23T00:35:26.577+0000] {processor.py:925} INFO - DAG(s) 'daily_inventory_pipeline' retrieved from /opt/airflow/dags/daily_inventory_pipeline.py
[2026-08-23T00:35:26.737+0000] {logging_mixin.py:190} INFO - [2026-08-23T00:35:26.737+0000] {override.py:1912} INFO - Created Permission View: can edit on DAG:daily_inventory_pipeline
[2026-08-23T00:35:26.745+0000] {logging_mixin.py:190} INFO - [2026-08-23T00:35:26.745+0000] {override.py:1912} INFO - Created Permission View: can delete on DAG:daily_inventory_pipeline
[2026-08-23T00:35:26.750+0000] {logging_mixin.py:190} INFO - [2026-08-23T00:35:26.750+0000] {override.py:1912} INFO - Created Permission View: can read on DAG:daily_inventory_pipeline
[2026-08-23T00:35:26.756+0000] {logging_mixin.py:190} INFO - [2026-08-23T00:35:26.755+0000] {override.py:1912} INFO - Created Permission View: can create on DAG Run:daily_inventory_pipeline
[2026-08-23T00:35:26.760+0000] {logging_mixin.py:190} INFO - [2026-08-23T00:35:26.760+0000] {override.py:1912} INFO - Created Permission View: can delete on DAG Run:daily_inventory_pipeline
[2026-08-23T00:35:26.765+0000] {logging_mixin.py:190} INFO - [2026-08-23T00:35:26.765+0000] {override.py:1912} INFO - Created Permission View: menu access on DAG Run:daily_inventory_pipeline
[2026-08-23T00:35:26.770+0000] {logging_mixin.py:190} INFO - [2026-08-23T00:35:26.770+0000] {override.py:1912} INFO - Created Permission View: can read on DAG Run:daily_inventory_pipeline
[2026-08-23T00:35:26.771+0000] {logging_mixin.py:190} INFO - [2026-08-23T00:35:26.770+0000] {dag.py:3239} INFO - Sync 1 DAGs
[2026-08-23T00:35:26.781+0000] {logging_mixin.py:190} INFO - [2026-08-23T00:35:26.780+0000] {dag.py:3262} INFO - Creating ORM DAG for daily_inventory_pipeline
[2026-08-23T00:35:26.789+0000] {logging_mixin.py:190} INFO - [2026-08-23T00:35:26.789+0000] {dag.py:4180} INFO - Setting next_dagrun for daily_inventory_pipeline to 2026-08-21 18:30:00+00:00, run_after=2026-08-22 18:30:00+00:00
[2026-08-23T00:35:26.805+0000] {processor.py:208} INFO - Processing /opt/airflow/dags/daily_inventory_pipeline.py took 0.359 seconds
[2026-08-23T00:35:57.007+0000] {processor.py:186} INFO - Started process (PID=312) to work on /opt/airflow/dags/daily_inventory_pipeline.py
[2026-08-23T00:35:57.008+0000] {processor.py:914} INFO - Processing file /opt/airflow/dags/daily_inventory_pipeline.py for tasks to queue
[2026-08-23T00:35:57.010+0000] {logging_mixin.py:190} INFO - [2026-08-23T00:35:57.010+0000] {dagbag.py:588} INFO - Filling up the DagBag from /opt/airflow/dags/daily_inventory_pipeline.py
[2026-08-23T00:35:57.095+0000] {processor.py:925} INFO - DAG(s) 'daily_inventory_pipeline' retrieved from /opt/airflow/dags/daily_inventory_pipeline.py
[2026-08-23T00:35:57.116+0000] {logging_mixin.py:190} INFO - [2026-08-23T00:35:57.116+0000] {dag.py:3239} INFO - Sync 1 DAGs
[2026-08-23T00:35:57.132+0000] {logging_mixin.py:190} INFO - [2026-08-23T00:35:57.132+0000] {dag.py:4180} INFO - Setting next_dagrun for daily_inventory_pipeline to 2026-08-22 18:30:00+00:00, run_after=2026-08-23 18:30:00+00:00
[2026-08-23T00:35:57.146+0000] {processor.py:208} INFO - Processing /opt/airflow/dags/daily_inventory_pipeline.py took 0.143 seconds
[2026-08-23T00:36:27.252+0000] {processor.py:186} INFO - Started process (PID=336) to work on /opt/airflow/dags/daily_inventory_pipeline.py
[2026-08-23T00:36:27.253+0000] {processor.py:914} INFO - Processing file /opt/airflow/dags/daily_inventory_pipeline.py for tasks to queue
[2026-08-23T00:36:27.255+0000] {logging_mixin.py:190} INFO - [2026-08-23T00:36:27.254+0000] {dagbag.py:588} INFO - Filling up the DagBag from /opt/airflow/dags/daily_inventory_pipeline.py
[2026-08-23T00:36:27.347+0000] {processor.py:925} INFO - DAG(s) 'daily_inventory_pipeline' retrieved from /opt/airflow/dags/daily_inventory_pipeline.py
[2026-08-23T00:36:27.368+0000] {logging_mixin.py:190} INFO - [2026-08-23T00:36:27.368+0000] {dag.py:3239} INFO - Sync 1 DAGs
[2026-08-23T00:36:27.387+0000] {logging_mixin.py:190} INFO - [2026-08-23T00:36:27.386+0000] {dag.py:4180} INFO - Setting next_dagrun for daily_inventory_pipeline to 2026-08-22 18:30:00+00:00, run_after=2026-08-23 18:30:00+00:00
[2026-08-23T00:36:27.401+0000] {processor.py:208} INFO - Processing /opt/airflow/dags/daily_inventory_pipeline.py took 0.154 seconds
[2026-08-23T00:36:57.696+0000] {processor.py:186} INFO - Started process (PID=386) to work on /opt/airflow/dags/daily_inventory_pipeline.py
[2026-08-23T00:36:57.697+0000] {processor.py:914} INFO - Processing file /opt/airflow/dags/daily_inventory_pipeline.py for tasks to queue
[2026-08-23T00:36:57.699+0000] {logging_mixin.py:190} INFO - [2026-08-23T00:36:57.698+0000] {dagbag.py:588} INFO - Filling up the DagBag from /opt/airflow/dags/daily_inventory_pipeline.py
[2026-08-23T00:36:57.789+0000] {processor.py:925} INFO - DAG(s) 'daily_inventory_pipeline' retrieved from /opt/airflow/dags/daily_inventory_pipeline.py
[2026-08-23T00:36:57.810+0000] {logging_mixin.py:190} INFO - [2026-08-23T00:36:57.810+0000] {dag.py:3239} INFO - Sync 1 DAGs
[2026-08-23T00:36:57.826+0000] {logging_mixin.py:190} INFO - [2026-08-23T00:36:57.825+0000] {dag.py:4180} INFO - Setting next_dagrun for daily_inventory_pipeline to 2026-08-22 18:30:00+00:00, run_after=2026-08-23 18:30:00+00:00
[2026-08-23T00:36:57.844+0000] {processor.py:208} INFO - Processing /opt/airflow/dags/daily_inventory_pipeline.py took 0.153 seconds
[2026-08-23T00:37:27.937+0000] {processor.py:186} INFO - Started process (PID=417) to work on /opt/airflow/dags/daily_inventory_pipeline.py
[2026-08-23T00:37:27.937+0000] {processor.py:914} INFO - Processing file /opt/airflow/dags/daily_inventory_pipeline.py for tasks to queue
[2026-08-23T00:37:27.939+0000] {logging_mixin.py:190} INFO - [2026-08-23T00:37:27.939+0000] {dagbag.py:588} INFO - Filling up the DagBag from /opt/airflow/dags/daily_inventory_pipeline.py
[2026-08-23T00:37:28.025+0000] {processor.py:925} INFO - DAG(s) 'daily_inventory_pipeline' retrieved from /opt/airflow/dags/daily_inventory_pipeline.py
[2026-08-23T00:37:28.045+0000] {logging_mixin.py:190} INFO - [2026-08-23T00:37:28.045+0000] {dag.py:3239} INFO - Sync 1 DAGs
[2026-08-23T00:37:28.060+0000] {logging_mixin.py:190} INFO - [2026-08-23T00:37:28.060+0000] {dag.py:4180} INFO - Setting next_dagrun for daily_inventory_pipeline to 2026-08-22 18:30:00+00:00, run_after=2026-08-23 18:30:00+00:00
[2026-08-23T00:37:28.073+0000] {processor.py:208} INFO - Processing /opt/airflow/dags/daily_inventory_pipeline.py took 0.141 seconds
[2026-08-23T00:37:58.266+0000] {processor.py:186} INFO - Started process (PID=453) to work on /opt/airflow/dags/daily_inventory_pipeline.py
[2026-08-23T00:37:58.266+0000] {processor.py:914} INFO - Processing file /opt/airflow/dags/daily_inventory_pipeline.py for tasks to queue
[2026-08-23T00:37:58.269+0000] {logging_mixin.py:190} INFO - [2026-08-23T00:37:58.269+0000] {dagbag.py:588} INFO - Filling up the DagBag from /opt/airflow/dags/daily_inventory_pipeline.py
[2026-08-23T00:37:58.373+0000] {processor.py:925} INFO - DAG(s) 'daily_inventory_pipeline' retrieved from /opt/airflow/dags/daily_inventory_pipeline.py
[2026-08-23T00:37:58.397+0000] {logging_mixin.py:190} INFO - [2026-08-23T00:37:58.397+0000] {dag.py:3239} INFO - Sync 1 DAGs
[2026-08-23T00:37:58.419+0000] {logging_mixin.py:190} INFO - [2026-08-23T00:37:58.419+0000] {dag.py:4180} INFO - Setting next_dagrun for daily_inventory_pipeline to 2026-08-22 18:30:00+00:00, run_after=2026-08-23 18:30:00+00:00
[2026-08-23T00:37:58.437+0000] {processor.py:208} INFO - Processing /opt/airflow/dags/daily_inventory_pipeline.py took 0.176 seconds
[2026-08-23T00:38:28.490+0000] {processor.py:186} INFO - Started process (PID=463) to work on /opt/airflow/dags/daily_inventory_pipeline.py
[2026-08-23T00:38:28.490+0000] {processor.py:914} INFO - Processing file /opt/airflow/dags/daily_inventory_pipeline.py for tasks to queue
[2026-08-23T00:38:28.492+0000] {logging_mixin.py:190} INFO - [2026-08-23T00:38:28.492+0000] {dagbag.py:588} INFO - Filling up the DagBag from /opt/airflow/dags/daily_inventory_pipeline.py
[2026-08-23T00:38:28.591+0000] {processor.py:925} INFO - DAG(s) 'daily_inventory_pipeline' retrieved from /opt/airflow/dags/daily_inventory_pipeline.py
[2026-08-23T00:38:28.616+0000] {logging_mixin.py:190} INFO - [2026-08-23T00:38:28.616+0000] {dag.py:3239} INFO - Sync 1 DAGs
[2026-08-23T00:38:28.635+0000] {logging_mixin.py:190} INFO - [2026-08-23T00:38:28.634+0000] {dag.py:4180} INFO - Setting next_dagrun for daily_inventory_pipeline to 2026-08-22 18:30:00+00:00, run_after=2026-08-23 18:30:00+00:00
[2026-08-23T00:38:28.651+0000] {processor.py:208} INFO - Processing /opt/airflow/dags/daily_inventory_pipeline.py took 0.166 seconds
[2026-08-23T00:38:58.942+0000] {processor.py:186} INFO - Started process (PID=473) to work on /opt/airflow/dags/daily_inventory_pipeline.py
[2026-08-23T00:38:58.943+0000] {processor.py:914} INFO - Processing file /opt/airflow/dags/daily_inventory_pipeline.py for tasks to queue
[2026-08-23T00:38:58.945+0000] {logging_mixin.py:190} INFO - [2026-08-23T00:38:58.944+0000] {dagbag.py:588} INFO - Filling up the DagBag from /opt/airflow/dags/daily_inventory_pipeline.py
[2026-08-23T00:38:59.030+0000] {processor.py:925} INFO - DAG(s) 'daily_inventory_pipeline' retrieved from /opt/airflow/dags/daily_inventory_pipeline.py
[2026-08-23T00:38:59.050+0000] {logging_mixin.py:190} INFO - [2026-08-23T00:38:59.049+0000] {dag.py:3239} INFO - Sync 1 DAGs
[2026-08-23T00:38:59.065+0000] {logging_mixin.py:190} INFO - [2026-08-23T00:38:59.065+0000] {dag.py:4180} INFO - Setting next_dagrun for daily_inventory_pipeline to 2026-08-22 18:30:00+00:00, run_after=2026-08-23 18:30:00+00:00
[2026-08-23T00:38:59.076+0000] {processor.py:208} INFO - Processing /opt/airflow/dags/daily_inventory_pipeline.py took 0.139 seconds
[2026-08-23T00:39:29.217+0000] {processor.py:186} INFO - Started process (PID=489) to work on /opt/airflow/dags/daily_inventory_pipeline.py
[2026-08-23T00:39:29.218+0000] {processor.py:914} INFO - Processing file /opt/airflow/dags/daily_inventory_pipeline.py for tasks to queue
[2026-08-23T00:39:29.220+0000] {logging_mixin.py:190} INFO - [2026-08-23T00:39:29.219+0000] {dagbag.py:588} INFO - Filling up the DagBag from /opt/airflow/dags/daily_inventory_pipeline.py
[2026-08-23T00:39:29.324+0000] {processor.py:925} INFO - DAG(s) 'daily_inventory_pipeline' retrieved from /opt/airflow/dags/daily_inventory_pipeline.py
[2026-08-23T00:39:29.347+0000] {logging_mixin.py:190} INFO - [2026-08-23T00:39:29.347+0000] {dag.py:3239} INFO - Sync 1 DAGs
[2026-08-23T00:39:29.367+0000] {logging_mixin.py:190} INFO - [2026-08-23T00:39:29.367+0000] {dag.py:4180} INFO - Setting next_dagrun for daily_inventory_pipeline to 2026-08-22 18:30:00+00:00, run_after=2026-08-23 18:30:00+00:00
[2026-08-23T00:39:29.384+0000] {processor.py:208} INFO - Processing /opt/airflow/dags/daily_inventory_pipeline.py took 0.173 seconds
[2026-08-23T00:39:59.486+0000] {processor.py:186} INFO - Started process (PID=580) to work on /opt/airflow/dags/daily_inventory_pipeline.py
[2026-08-23T00:39:59.487+0000] {processor.py:914} INFO - Processing file /opt/airflow/dags/daily_inventory_pipeline.py for tasks to queue
[2026-08-23T00:39:59.489+0000] {logging_mixin.py:190} INFO - [2026-08-23T00:39:59.489+0000] {dagbag.py:588} INFO - Filling up the DagBag from /opt/airflow/dags/daily_inventory_pipeline.py
[2026-08-23T00:39:59.576+0000] {processor.py:925} INFO - DAG(s) 'daily_inventory_pipeline' retrieved from /opt/airflow/dags/daily_inventory_pipeline.py
[2026-08-23T00:39:59.595+0000] {logging_mixin.py:190} INFO - [2026-08-23T00:39:59.595+0000] {dag.py:3239} INFO - Sync 1 DAGs
[2026-08-23T00:39:59.611+0000] {logging_mixin.py:190} INFO - [2026-08-23T00:39:59.611+0000] {dag.py:4180} INFO - Setting next_dagrun for daily_inventory_pipeline to 2026-08-22 18:30:00+00:00, run_after=2026-08-23 18:30:00+00:00
[2026-08-23T00:39:59.626+0000] {processor.py:208} INFO - Processing /opt/airflow/dags/daily_inventory_pipeline.py took 0.144 seconds
[2026-08-23T00:40:29.827+0000] {processor.py:186} INFO - Started process (PID=596) to work on /opt/airflow/dags/daily_inventory_pipeline.py
[2026-08-23T00:40:29.828+0000] {processor.py:914} INFO - Processing file /opt/airflow/dags/daily_inventory_pipeline.py for tasks to queue
[2026-08-23T00:40:29.831+0000] {logging_mixin.py:190} INFO - [2026-08-23T00:40:29.831+0000] {dagbag.py:588} INFO - Filling up the DagBag from /opt/airflow/dags/daily_inventory_pipeline.py
[2026-08-23T00:40:29.926+0000] {processor.py:925} INFO - DAG(s) 'daily_inventory_pipeline' retrieved from /opt/airflow/dags/daily_inventory_pipeline.py
[2026-08-23T00:40:29.948+0000] {logging_mixin.py:190} INFO - [2026-08-23T00:40:29.947+0000] {dag.py:3239} INFO - Sync 1 DAGs
[2026-08-23T00:40:29.965+0000] {logging_mixin.py:190} INFO - [2026-08-23T00:40:29.965+0000] {dag.py:4180} INFO - Setting next_dagrun for daily_inventory_pipeline to 2026-08-22 18:30:00+00:00, run_after=2026-08-23 18:30:00+00:00
[2026-08-23T00:40:29.980+0000] {processor.py:208} INFO - Processing /opt/airflow/dags/daily_inventory_pipeline.py took 0.157 seconds
[2026-08-23T00:41:00.067+0000] {processor.py:186} INFO - Started process (PID=606) to work on /opt/airflow/dags/daily_inventory_pipeline.py
[2026-08-23T00:41:00.068+0000] {processor.py:914} INFO - Processing file /opt/airflow/dags/daily_inventory_pipeline.py for tasks to queue
[2026-08-23T00:41:00.070+0000] {logging_mixin.py:190} INFO - [2026-08-23T00:41:00.069+0000] {dagbag.py:588} INFO - Filling up the DagBag from /opt/airflow/dags/daily_inventory_pipeline.py
[2026-08-23T00:41:00.167+0000] {processor.py:925} INFO - DAG(s) 'daily_inventory_pipeline' retrieved from /opt/airflow/dags/daily_inventory_pipeline.py
[2026-08-23T00:41:00.187+0000] {logging_mixin.py:190} INFO - [2026-08-23T00:41:00.187+0000] {dag.py:3239} INFO - Sync 1 DAGs
[2026-08-23T00:41:00.206+0000] {logging_mixin.py:190} INFO - [2026-08-23T00:41:00.206+0000] {dag.py:4180} INFO - Setting next_dagrun for daily_inventory_pipeline to 2026-08-22 18:30:00+00:00, run_after=2026-08-23 18:30:00+00:00
[2026-08-23T00:41:00.219+0000] {processor.py:208} INFO - Processing /opt/airflow/dags/daily_inventory_pipeline.py took 0.157 seconds
[2026-08-23T00:41:30.431+0000] {processor.py:186} INFO - Started process (PID=616) to work on /opt/airflow/dags/daily_inventory_pipeline.py
[2026-08-23T00:41:30.431+0000] {processor.py:914} INFO - Processing file /opt/airflow/dags/daily_inventory_pipeline.py for tasks to queue
[2026-08-23T00:41:30.433+0000] {logging_mixin.py:190} INFO - [2026-08-23T00:41:30.433+0000] {dagbag.py:588} INFO - Filling up the DagBag from /opt/airflow/dags/daily_inventory_pipeline.py
[2026-08-23T00:41:30.516+0000] {processor.py:925} INFO - DAG(s) 'daily_inventory_pipeline' retrieved from /opt/airflow/dags/daily_inventory_pipeline.py
[2026-08-23T00:41:30.538+0000] {logging_mixin.py:190} INFO - [2026-08-23T00:41:30.538+0000] {dag.py:3239} INFO - Sync 1 DAGs
[2026-08-23T00:41:30.555+0000] {logging_mixin.py:190} INFO - [2026-08-23T00:41:30.555+0000] {dag.py:4180} INFO - Setting next_dagrun for daily_inventory_pipeline to 2026-08-22 18:30:00+00:00, run_after=2026-08-23 18:30:00+00:00
[2026-08-23T00:41:30.567+0000] {processor.py:208} INFO - Processing /opt/airflow/dags/daily_inventory_pipeline.py took 0.141 seconds
[2026-08-23T00:42:00.737+0000] {processor.py:186} INFO - Started process (PID=626) to work on /opt/airflow/dags/daily_inventory_pipeline.py
[2026-08-23T00:42:00.737+0000] {processor.py:914} INFO - Processing file /opt/airflow/dags/daily_inventory_pipeline.py for tasks to queue
[2026-08-23T00:42:00.740+0000] {logging_mixin.py:190} INFO - [2026-08-23T00:42:00.739+0000] {dagbag.py:588} INFO - Filling up the DagBag from /opt/airflow/dags/daily_inventory_pipeline.py
[2026-08-23T00:42:00.828+0000] {processor.py:925} INFO - DAG(s) 'daily_inventory_pipeline' retrieved from /opt/airflow/dags/daily_inventory_pipeline.py
[2026-08-23T00:42:00.848+0000] {logging_mixin.py:190} INFO - [2026-08-23T00:42:00.848+0000] {dag.py:3239} INFO - Sync 1 DAGs
[2026-08-23T00:42:00.864+0000] {logging_mixin.py:190} INFO - [2026-08-23T00:42:00.864+0000] {dag.py:4180} INFO - Setting next_dagrun for daily_inventory_pipeline to 2026-08-22 18:30:00+00:00, run_after=2026-08-23 18:30:00+00:00
[2026-08-23T00:42:00.883+0000] {processor.py:208} INFO - Processing /opt/airflow/dags/daily_inventory_pipeline.py took 0.150 seconds
[2026-08-23T00:42:30.998+0000] {processor.py:186} INFO - Started process (PID=636) to work on /opt/airflow/dags/daily_inventory_pipeline.py
[2026-08-23T00:42:30.999+0000] {processor.py:914} INFO - Processing file /opt/airflow/dags/daily_inventory_pipeline.py for tasks to queue
[2026-08-23T00:42:31.001+0000] {logging_mixin.py:190} INFO - [2026-08-23T00:42:31.000+0000] {dagbag.py:588} INFO - Filling up the DagBag from /opt/airflow/dags/daily_inventory_pipeline.py
[2026-08-23T00:42:31.097+0000] {processor.py:925} INFO - DAG(s) 'daily_inventory_pipeline' retrieved from /opt/airflow/dags/daily_inventory_pipeline.py
[2026-08-23T00:42:31.118+0000] {logging_mixin.py:190} INFO - [2026-08-23T00:42:31.118+0000] {dag.py:3239} INFO - Sync 1 DAGs
[2026-08-23T00:42:31.137+0000] {logging_mixin.py:190} INFO - [2026-08-23T00:42:31.137+0000] {dag.py:4180} INFO - Setting next_dagrun for daily_inventory_pipeline to 2026-08-22 18:30:00+00:00, run_after=2026-08-23 18:30:00+00:00
[2026-08-23T00:42:31.152+0000] {processor.py:208} INFO - Processing /opt/airflow/dags/daily_inventory_pipeline.py took 0.160 seconds
[2026-08-23T00:43:01.257+0000] {processor.py:186} INFO - Started process (PID=646) to work on /opt/airflow/dags/daily_inventory_pipeline.py
[2026-08-23T00:43:01.257+0000] {processor.py:914} INFO - Processing file /opt/airflow/dags/daily_inventory_pipeline.py for tasks to queue
[2026-08-23T00:43:01.259+0000] {logging_mixin.py:190} INFO - [2026-08-23T00:43:01.259+0000] {dagbag.py:588} INFO - Filling up the DagBag from /opt/airflow/dags/daily_inventory_pipeline.py
[2026-08-23T00:43:01.356+0000] {processor.py:925} INFO - DAG(s) 'daily_inventory_pipeline' retrieved from /opt/airflow/dags/daily_inventory_pipeline.py
[2026-08-23T00:43:01.378+0000] {logging_mixin.py:190} INFO - [2026-08-23T00:43:01.378+0000] {dag.py:3239} INFO - Sync 1 DAGs
[2026-08-23T00:43:01.395+0000] {logging_mixin.py:190} INFO - [2026-08-23T00:43:01.395+0000] {dag.py:4180} INFO - Setting next_dagrun for daily_inventory_pipeline to 2026-08-22 18:30:00+00:00, run_after=2026-08-23 18:30:00+00:00
[2026-08-23T00:43:01.411+0000] {processor.py:208} INFO - Processing /opt/airflow/dags/daily_inventory_pipeline.py took 0.160 seconds
[2026-08-23T00:43:31.514+0000] {processor.py:186} INFO - Started process (PID=656) to work on /opt/airflow/dags/daily_inventory_pipeline.py
[2026-08-23T00:43:31.515+0000] {processor.py:914} INFO - Processing file /opt/airflow/dags/daily_inventory_pipeline.py for tasks to queue
[2026-08-23T00:43:31.517+0000] {logging_mixin.py:190} INFO - [2026-08-23T00:43:31.516+0000] {dagbag.py:588} INFO - Filling up the DagBag from /opt/airflow/dags/daily_inventory_pipeline.py
[2026-08-23T00:43:31.619+0000] {processor.py:925} INFO - DAG(s) 'daily_inventory_pipeline' retrieved from /opt/airflow/dags/daily_inventory_pipeline.py
[2026-08-23T00:43:31.642+0000] {logging_mixin.py:190} INFO - [2026-08-23T00:43:31.641+0000] {dag.py:3239} INFO - Sync 1 DAGs
[2026-08-23T00:43:31.661+0000] {logging_mixin.py:190} INFO - [2026-08-23T00:43:31.661+0000] {dag.py:4180} INFO - Setting next_dagrun for daily_inventory_pipeline to 2026-08-22 18:30:00+00:00, run_after=2026-08-23 18:30:00+00:00
[2026-08-23T00:43:31.676+0000] {processor.py:208} INFO - Processing /opt/airflow/dags/daily_inventory_pipeline.py took 0.167 seconds
[2026-08-23T00:44:01.776+0000] {processor.py:186} INFO - Started process (PID=666) to work on /opt/airflow/dags/daily_inventory_pipeline.py
[2026-08-23T00:44:01.777+0000] {processor.py:914} INFO - Processing file /opt/airflow/dags/daily_inventory_pipeline.py for tasks to queue
[2026-08-23T00:44:01.779+0000] {logging_mixin.py:190} INFO - [2026-08-23T00:44:01.779+0000] {dagbag.py:588} INFO - Filling up the DagBag from /opt/airflow/dags/daily_inventory_pipeline.py
[2026-08-23T00:44:01.876+0000] {processor.py:925} INFO - DAG(s) 'daily_inventory_pipeline' retrieved from /opt/airflow/dags/daily_inventory_pipeline.py
[2026-08-23T00:44:01.899+0000] {logging_mixin.py:190} INFO - [2026-08-23T00:44:01.899+0000] {dag.py:3239} INFO - Sync 1 DAGs
[2026-08-23T00:44:01.917+0000] {logging_mixin.py:190} INFO - [2026-08-23T00:44:01.917+0000] {dag.py:4180} INFO - Setting next_dagrun for daily_inventory_pipeline to 2026-08-22 18:30:00+00:00, run_after=2026-08-23 18:30:00+00:00
[2026-08-23T00:44:01.932+0000] {processor.py:208} INFO - Processing /opt/airflow/dags/daily_inventory_pipeline.py took 0.161 seconds
[2026-08-23T00:44:32.079+0000] {processor.py:186} INFO - Started process (PID=676) to work on /opt/airflow/dags/daily_inventory_pipeline.py
[2026-08-23T00:44:32.080+0000] {processor.py:914} INFO - Processing file /opt/airflow/dags/daily_inventory_pipeline.py for tasks to queue
[2026-08-23T00:44:32.082+0000] {logging_mixin.py:190} INFO - [2026-08-23T00:44:32.082+0000] {dagbag.py:588} INFO - Filling up the DagBag from /opt/airflow/dags/daily_inventory_pipeline.py
[2026-08-23T00:44:32.226+0000] {processor.py:925} INFO - DAG(s) 'daily_inventory_pipeline' retrieved from /opt/airflow/dags/daily_inventory_pipeline.py
[2026-08-23T00:44:32.247+0000] {logging_mixin.py:190} INFO - [2026-08-23T00:44:32.247+0000] {dag.py:3239} INFO - Sync 1 DAGs
[2026-08-23T00:44:32.264+0000] {logging_mixin.py:190} INFO - [2026-08-23T00:44:32.264+0000] {dag.py:4180} INFO - Setting next_dagrun for daily_inventory_pipeline to 2026-08-22 18:30:00+00:00, run_after=2026-08-23 18:30:00+00:00
[2026-08-23T00:44:32.280+0000] {processor.py:208} INFO - Processing /opt/airflow/dags/daily_inventory_pipeline.py took 0.205 seconds
[2026-08-23T00:45:02.489+0000] {processor.py:186} INFO - Started process (PID=686) to work on /opt/airflow/dags/daily_inventory_pipeline.py
[2026-08-23T00:45:02.490+0000] {processor.py:914} INFO - Processing file /opt/airflow/dags/daily_inventory_pipeline.py for tasks to queue
[2026-08-23T00:45:02.492+0000] {logging_mixin.py:190} INFO - [2026-08-23T00:45:02.492+0000] {dagbag.py:588} INFO - Filling up the DagBag from /opt/airflow/dags/daily_inventory_pipeline.py
[2026-08-23T00:45:02.607+0000] {processor.py:925} INFO - DAG(s) 'daily_inventory_pipeline' retrieved from /opt/airflow/dags/daily_inventory_pipeline.py
[2026-08-23T00:45:02.634+0000] {logging_mixin.py:190} INFO - [2026-08-23T00:45:02.633+0000] {dag.py:3239} INFO - Sync 1 DAGs
[2026-08-23T00:45:02.652+0000] {logging_mixin.py:190} INFO - [2026-08-23T00:45:02.651+0000] {dag.py:4180} INFO - Setting next_dagrun for daily_inventory_pipeline to 2026-08-22 18:30:00+00:00, run_after=2026-08-23 18:30:00+00:00
[2026-08-23T00:45:02.671+0000] {processor.py:208} INFO - Processing /opt/airflow/dags/daily_inventory_pipeline.py took 0.187 seconds
[2026-08-23T00:45:32.896+0000] {processor.py:186} INFO - Started process (PID=696) to work on /opt/airflow/dags/daily_inventory_pipeline.py
[2026-08-23T00:45:32.897+0000] {processor.py:914} INFO - Processing file /opt/airflow/dags/daily_inventory_pipeline.py for tasks to queue
[2026-08-23T00:45:32.899+0000] {logging_mixin.py:190} INFO - [2026-08-23T00:45:32.899+0000] {dagbag.py:588} INFO - Filling up the DagBag from /opt/airflow/dags/daily_inventory_pipeline.py
[2026-08-23T00:45:32.994+0000] {processor.py:925} INFO - DAG(s) 'daily_inventory_pipeline' retrieved from /opt/airflow/dags/daily_inventory_pipeline.py
[2026-08-23T00:45:33.017+0000] {logging_mixin.py:190} INFO - [2026-08-23T00:45:33.016+0000] {dag.py:3239} INFO - Sync 1 DAGs
[2026-08-23T00:45:33.034+0000] {logging_mixin.py:190} INFO - [2026-08-23T00:45:33.034+0000] {dag.py:4180} INFO - Setting next_dagrun for daily_inventory_pipeline to 2026-08-22 18:30:00+00:00, run_after=2026-08-23 18:30:00+00:00
[2026-08-23T00:45:33.054+0000] {processor.py:208} INFO - Processing /opt/airflow/dags/daily_inventory_pipeline.py took 0.163 seconds
[2026-08-23T00:46:03.093+0000] {processor.py:186} INFO - Started process (PID=706) to work on /opt/airflow/dags/daily_inventory_pipeline.py
[2026-08-23T00:46:03.093+0000] {processor.py:914} INFO - Processing file /opt/airflow/dags/daily_inventory_pipeline.py for tasks to queue
[2026-08-23T00:46:03.096+0000] {logging_mixin.py:190} INFO - [2026-08-23T00:46:03.096+0000] {dagbag.py:588} INFO - Filling up the DagBag from /opt/airflow/dags/daily_inventory_pipeline.py
[2026-08-23T00:46:03.188+0000] {processor.py:925} INFO - DAG(s) 'daily_inventory_pipeline' retrieved from /opt/airflow/dags/daily_inventory_pipeline.py
[2026-08-23T00:46:03.209+0000] {logging_mixin.py:190} INFO - [2026-08-23T00:46:03.209+0000] {dag.py:3239} INFO - Sync 1 DAGs
[2026-08-23T00:46:03.226+0000] {logging_mixin.py:190} INFO - [2026-08-23T00:46:03.226+0000] {dag.py:4180} INFO - Setting next_dagrun for daily_inventory_pipeline to 2026-08-22 18:30:00+00:00, run_after=2026-08-23 18:30:00+00:00
[2026-08-23T00:46:03.240+0000] {processor.py:208} INFO - Processing /opt/airflow/dags/daily_inventory_pipeline.py took 0.152 seconds
[2026-08-23T00:46:33.427+0000] {processor.py:186} INFO - Started process (PID=716) to work on /opt/airflow/dags/daily_inventory_pipeline.py
[2026-08-23T00:46:33.428+0000] {processor.py:914} INFO - Processing file /opt/airflow/dags/daily_inventory_pipeline.py for tasks to queue
[2026-08-23T00:46:33.430+0000] {logging_mixin.py:190} INFO - [2026-08-23T00:46:33.430+0000] {dagbag.py:588} INFO - Filling up the DagBag from /opt/airflow/dags/daily_inventory_pipeline.py
[2026-08-23T00:46:33.551+0000] {processor.py:925} INFO - DAG(s) 'daily_inventory_pipeline' retrieved from /opt/airflow/dags/daily_inventory_pipeline.py
[2026-08-23T00:46:33.575+0000] {logging_mixin.py:190} INFO - [2026-08-23T00:46:33.575+0000] {dag.py:3239} INFO - Sync 1 DAGs
[2026-08-23T00:46:33.596+0000] {logging_mixin.py:190} INFO - [2026-08-23T00:46:33.596+0000] {dag.py:4180} INFO - Setting next_dagrun for daily_inventory_pipeline to 2026-08-22 18:30:00+00:00, run_after=2026-08-23 18:30:00+00:00
[2026-08-23T00:46:33.613+0000] {processor.py:208} INFO - Processing /opt/airflow/dags/daily_inventory_pipeline.py took 0.191 seconds
[2026-08-23T00:47:03.661+0000] {processor.py:186} INFO - Started process (PID=726) to work on /opt/airflow/dags/daily_inventory_pipeline.py
[2026-08-23T00:47:03.662+0000] {processor.py:914} INFO - Processing file /opt/airflow/dags/daily_inventory_pipeline.py for tasks to queue
[2026-08-23T00:47:03.665+0000] {logging_mixin.py:190} INFO - [2026-08-23T00:47:03.665+0000] {dagbag.py:588} INFO - Filling up the DagBag from /opt/airflow/dags/daily_inventory_pipeline.py
[2026-08-23T00:47:03.767+0000] {processor.py:925} INFO - DAG(s) 'daily_inventory_pipeline' retrieved from /opt/airflow/dags/daily_inventory_pipeline.py
[2026-08-23T00:47:03.789+0000] {logging_mixin.py:190} INFO - [2026-08-23T00:47:03.789+0000] {dag.py:3239} INFO - Sync 1 DAGs
[2026-08-23T00:47:03.806+0000] {logging_mixin.py:190} INFO - [2026-08-23T00:47:03.806+0000] {dag.py:4180} INFO - Setting next_dagrun for daily_inventory_pipeline to 2026-08-22 18:30:00+00:00, run_after=2026-08-23 18:30:00+00:00
[2026-08-23T00:47:03.821+0000] {processor.py:208} INFO - Processing /opt/airflow/dags/daily_inventory_pipeline.py took 0.165 seconds
[2026-08-23T00:47:34.030+0000] {processor.py:186} INFO - Started process (PID=736) to work on /opt/airflow/dags/daily_inventory_pipeline.py
[2026-08-23T00:47:34.031+0000] {processor.py:914} INFO - Processing file /opt/airflow/dags/daily_inventory_pipeline.py for tasks to queue
[2026-08-23T00:47:34.033+0000] {logging_mixin.py:190} INFO - [2026-08-23T00:47:34.033+0000] {dagbag.py:588} INFO - Filling up the DagBag from /opt/airflow/dags/daily_inventory_pipeline.py
[2026-08-23T00:47:34.127+0000] {processor.py:925} INFO - DAG(s) 'daily_inventory_pipeline' retrieved from /opt/airflow/dags/daily_inventory_pipeline.py
[2026-08-23T00:47:34.149+0000] {logging_mixin.py:190} INFO - [2026-08-23T00:47:34.149+0000] {dag.py:3239} INFO - Sync 1 DAGs
[2026-08-23T00:47:34.168+0000] {logging_mixin.py:190} INFO - [2026-08-23T00:47:34.167+0000] {dag.py:4180} INFO - Setting next_dagrun for daily_inventory_pipeline to 2026-08-22 18:30:00+00:00, run_after=2026-08-23 18:30:00+00:00
[2026-08-23T00:47:34.182+0000] {processor.py:208} INFO - Processing /opt/airflow/dags/daily_inventory_pipeline.py took 0.156 seconds
[2026-08-23T00:48:04.252+0000] {processor.py:186} INFO - Started process (PID=746) to work on /opt/airflow/dags/daily_inventory_pipeline.py
[2026-08-23T00:48:04.253+0000] {processor.py:914} INFO - Processing file /opt/airflow/dags/daily_inventory_pipeline.py for tasks to queue
[2026-08-23T00:48:04.255+0000] {logging_mixin.py:190} INFO - [2026-08-23T00:48:04.255+0000] {dagbag.py:588} INFO - Filling up the DagBag from /opt/airflow/dags/daily_inventory_pipeline.py
[2026-08-23T00:48:04.352+0000] {processor.py:925} INFO - DAG(s) 'daily_inventory_pipeline' retrieved from /opt/airflow/dags/daily_inventory_pipeline.py
[2026-08-23T00:48:04.373+0000] {logging_mixin.py:190} INFO - [2026-08-23T00:48:04.373+0000] {dag.py:3239} INFO - Sync 1 DAGs
[2026-08-23T00:48:04.390+0000] {logging_mixin.py:190} INFO - [2026-08-23T00:48:04.390+0000] {dag.py:4180} INFO - Setting next_dagrun for daily_inventory_pipeline to 2026-08-22 18:30:00+00:00, run_after=2026-08-23 18:30:00+00:00
[2026-08-23T00:48:04.409+0000] {processor.py:208} INFO - Processing /opt/airflow/dags/daily_inventory_pipeline.py took 0.163 seconds
[2026-08-23T00:48:34.613+0000] {processor.py:186} INFO - Started process (PID=756) to work on /opt/airflow/dags/daily_inventory_pipeline.py
[2026-08-23T00:48:34.614+0000] {processor.py:914} INFO - Processing file /opt/airflow/dags/daily_inventory_pipeline.py for tasks to queue
[2026-08-23T00:48:34.616+0000] {logging_mixin.py:190} INFO - [2026-08-23T00:48:34.616+0000] {dagbag.py:588} INFO - Filling up the DagBag from /opt/airflow/dags/daily_inventory_pipeline.py
[2026-08-23T00:48:34.746+0000] {processor.py:925} INFO - DAG(s) 'daily_inventory_pipeline' retrieved from /opt/airflow/dags/daily_inventory_pipeline.py
[2026-08-23T00:48:34.771+0000] {logging_mixin.py:190} INFO - [2026-08-23T00:48:34.771+0000] {dag.py:3239} INFO - Sync 1 DAGs
[2026-08-23T00:48:34.789+0000] {logging_mixin.py:190} INFO - [2026-08-23T00:48:34.789+0000] {dag.py:4180} INFO - Setting next_dagrun for daily_inventory_pipeline to 2026-08-22 18:30:00+00:00, run_after=2026-08-23 18:30:00+00:00
[2026-08-23T00:48:34.804+0000] {processor.py:208} INFO - Processing /opt/airflow/dags/daily_inventory_pipeline.py took 0.196 seconds
[2026-08-23T00:49:04.997+0000] {processor.py:186} INFO - Started process (PID=766) to work on /opt/airflow/dags/daily_inventory_pipeline.py
[2026-08-23T00:49:04.998+0000] {processor.py:914} INFO - Processing file /opt/airflow/dags/daily_inventory_pipeline.py for tasks to queue
[2026-08-23T00:49:05.000+0000] {logging_mixin.py:190} INFO - [2026-08-23T00:49:04.999+0000] {dagbag.py:588} INFO - Filling up the DagBag from /opt/airflow/dags/daily_inventory_pipeline.py
[2026-08-23T00:49:05.140+0000] {processor.py:925} INFO - DAG(s) 'daily_inventory_pipeline' retrieved from /opt/airflow/dags/daily_inventory_pipeline.py
[2026-08-23T00:49:05.161+0000] {logging_mixin.py:190} INFO - [2026-08-23T00:49:05.160+0000] {dag.py:3239} INFO - Sync 1 DAGs
[2026-08-23T00:49:05.178+0000] {logging_mixin.py:190} INFO - [2026-08-23T00:49:05.177+0000] {dag.py:4180} INFO - Setting next_dagrun for daily_inventory_pipeline to 2026-08-22 18:30:00+00:00, run_after=2026-08-23 18:30:00+00:00
[2026-08-23T00:49:05.196+0000] {processor.py:208} INFO - Processing /opt/airflow/dags/daily_inventory_pipeline.py took 0.203 seconds
[2026-08-23T00:49:35.411+0000] {processor.py:186} INFO - Started process (PID=776) to work on /opt/airflow/dags/daily_inventory_pipeline.py
[2026-08-23T00:49:35.413+0000] {processor.py:914} INFO - Processing file /opt/airflow/dags/daily_inventory_pipeline.py for tasks to queue
[2026-08-23T00:49:35.415+0000] {logging_mixin.py:190} INFO - [2026-08-23T00:49:35.415+0000] {dagbag.py:588} INFO - Filling up the DagBag from /opt/airflow/dags/daily_inventory_pipeline.py
[2026-08-23T00:49:35.537+0000] {processor.py:925} INFO - DAG(s) 'daily_inventory_pipeline' retrieved from /opt/airflow/dags/daily_inventory_pipeline.py
[2026-08-23T00:49:35.560+0000] {logging_mixin.py:190} INFO - [2026-08-23T00:49:35.560+0000] {dag.py:3239} INFO - Sync 1 DAGs
[2026-08-23T00:49:35.580+0000] {logging_mixin.py:190} INFO - [2026-08-23T00:49:35.579+0000] {dag.py:4180} INFO - Setting next_dagrun for daily_inventory_pipeline to 2026-08-22 18:30:00+00:00, run_after=2026-08-23 18:30:00+00:00
[2026-08-23T00:49:35.597+0000] {processor.py:208} INFO - Processing /opt/airflow/dags/daily_inventory_pipeline.py took 0.193 seconds
[2026-08-23T00:50:05.780+0000] {processor.py:186} INFO - Started process (PID=786) to work on /opt/airflow/dags/daily_inventory_pipeline.py
[2026-08-23T00:50:05.781+0000] {processor.py:914} INFO - Processing file /opt/airflow/dags/daily_inventory_pipeline.py for tasks to queue
[2026-08-23T00:50:05.783+0000] {logging_mixin.py:190} INFO - [2026-08-23T00:50:05.783+0000] {dagbag.py:588} INFO - Filling up the DagBag from /opt/airflow/dags/daily_inventory_pipeline.py
[2026-08-23T00:50:05.874+0000] {processor.py:925} INFO - DAG(s) 'daily_inventory_pipeline' retrieved from /opt/airflow/dags/daily_inventory_pipeline.py
[2026-08-23T00:50:05.896+0000] {logging_mixin.py:190} INFO - [2026-08-23T00:50:05.896+0000] {dag.py:3239} INFO - Sync 1 DAGs
[2026-08-23T00:50:05.914+0000] {logging_mixin.py:190} INFO - [2026-08-23T00:50:05.914+0000] {dag.py:4180} INFO - Setting next_dagrun for daily_inventory_pipeline to 2026-08-22 18:30:00+00:00, run_after=2026-08-23 18:30:00+00:00
[2026-08-23T00:50:05.931+0000] {processor.py:208} INFO - Processing /opt/airflow/dags/daily_inventory_pipeline.py took 0.157 seconds
[2026-08-23T00:50:35.986+0000] {processor.py:186} INFO - Started process (PID=796) to work on /opt/airflow/dags/daily_inventory_pipeline.py
[2026-08-23T00:50:35.987+0000] {processor.py:914} INFO - Processing file /opt/airflow/dags/daily_inventory_pipeline.py for tasks to queue
[2026-08-23T00:50:35.989+0000] {logging_mixin.py:190} INFO - [2026-08-23T00:50:35.989+0000] {dagbag.py:588} INFO - Filling up the DagBag from /opt/airflow/dags/daily_inventory_pipeline.py
[2026-08-23T00:50:36.080+0000] {processor.py:925} INFO - DAG(s) 'daily_inventory_pipeline' retrieved from /opt/airflow/dags/daily_inventory_pipeline.py
[2026-08-23T00:50:36.100+0000] {logging_mixin.py:190} INFO - [2026-08-23T00:50:36.100+0000] {dag.py:3239} INFO - Sync 1 DAGs
[2026-08-23T00:50:36.117+0000] {logging_mixin.py:190} INFO - [2026-08-23T00:50:36.117+0000] {dag.py:4180} INFO - Setting next_dagrun for daily_inventory_pipeline to 2026-08-22 18:30:00+00:00, run_after=2026-08-23 18:30:00+00:00
[2026-08-23T00:50:36.131+0000] {processor.py:208} INFO - Processing /opt/airflow/dags/daily_inventory_pipeline.py took 0.151 seconds
[2026-08-23T00:50:51.735+0000] {processor.py:186} INFO - Started process (PID=199) to work on /opt/airflow/dags/daily_inventory_pipeline.py
[2026-08-23T00:50:51.736+0000] {processor.py:914} INFO - Processing file /opt/airflow/dags/daily_inventory_pipeline.py for tasks to queue
[2026-08-23T00:50:51.738+0000] {logging_mixin.py:190} INFO - [2026-08-23T00:50:51.738+0000] {dagbag.py:588} INFO - Filling up the DagBag from /opt/airflow/dags/daily_inventory_pipeline.py
[2026-08-23T00:50:51.834+0000] {processor.py:925} INFO - DAG(s) 'daily_inventory_pipeline' retrieved from /opt/airflow/dags/daily_inventory_pipeline.py
[2026-08-23T00:50:51.855+0000] {logging_mixin.py:190} INFO - [2026-08-23T00:50:51.855+0000] {dag.py:3239} INFO - Sync 1 DAGs
[2026-08-23T00:50:51.873+0000] {logging_mixin.py:190} INFO - [2026-08-23T00:50:51.873+0000] {dag.py:4180} INFO - Setting next_dagrun for daily_inventory_pipeline to 2026-08-22 18:30:00+00:00, run_after=2026-08-23 18:30:00+00:00
[2026-08-23T00:50:51.888+0000] {processor.py:208} INFO - Processing /opt/airflow/dags/daily_inventory_pipeline.py took 0.157 seconds
[2026-08-23T00:51:21.927+0000] {processor.py:186} INFO - Started process (PID=261) to work on /opt/airflow/dags/daily_inventory_pipeline.py
[2026-08-23T00:51:21.928+0000] {processor.py:914} INFO - Processing file /opt/airflow/dags/daily_inventory_pipeline.py for tasks to queue
[2026-08-23T00:51:21.930+0000] {logging_mixin.py:190} INFO - [2026-08-23T00:51:21.930+0000] {dagbag.py:588} INFO - Filling up the DagBag from /opt/airflow/dags/daily_inventory_pipeline.py
[2026-08-23T00:51:22.025+0000] {processor.py:925} INFO - DAG(s) 'daily_inventory_pipeline' retrieved from /opt/airflow/dags/daily_inventory_pipeline.py
[2026-08-23T00:51:22.049+0000] {logging_mixin.py:190} INFO - [2026-08-23T00:51:22.049+0000] {dag.py:3239} INFO - Sync 1 DAGs
[2026-08-23T00:51:22.067+0000] {logging_mixin.py:190} INFO - [2026-08-23T00:51:22.067+0000] {dag.py:4180} INFO - Setting next_dagrun for daily_inventory_pipeline to 2026-08-22 18:30:00+00:00, run_after=2026-08-23 18:30:00+00:00
[2026-08-23T00:51:22.081+0000] {processor.py:208} INFO - Processing /opt/airflow/dags/daily_inventory_pipeline.py took 0.159 seconds
[2026-08-23T00:51:52.224+0000] {processor.py:186} INFO - Started process (PID=278) to work on /opt/airflow/dags/daily_inventory_pipeline.py
[2026-08-23T00:51:52.225+0000] {processor.py:914} INFO - Processing file /opt/airflow/dags/daily_inventory_pipeline.py for tasks to queue
[2026-08-23T00:51:52.227+0000] {logging_mixin.py:190} INFO - [2026-08-23T00:51:52.226+0000] {dagbag.py:588} INFO - Filling up the DagBag from /opt/airflow/dags/daily_inventory_pipeline.py
[2026-08-23T00:51:52.323+0000] {processor.py:925} INFO - DAG(s) 'daily_inventory_pipeline' retrieved from /opt/airflow/dags/daily_inventory_pipeline.py
[2026-08-23T00:51:52.344+0000] {logging_mixin.py:190} INFO - [2026-08-23T00:51:52.344+0000] {dag.py:3239} INFO - Sync 1 DAGs
[2026-08-23T00:51:52.361+0000] {logging_mixin.py:190} INFO - [2026-08-23T00:51:52.361+0000] {dag.py:4180} INFO - Setting next_dagrun for daily_inventory_pipeline to 2026-08-22 18:30:00+00:00, run_after=2026-08-23 18:30:00+00:00
[2026-08-23T00:51:52.381+0000] {processor.py:208} INFO - Processing /opt/airflow/dags/daily_inventory_pipeline.py took 0.164 seconds
[2026-08-23T00:52:22.439+0000] {processor.py:186} INFO - Started process (PID=308) to work on /opt/airflow/dags/daily_inventory_pipeline.py
[2026-08-23T00:52:22.440+0000] {processor.py:914} INFO - Processing file /opt/airflow/dags/daily_inventory_pipeline.py for tasks to queue
[2026-08-23T00:52:22.443+0000] {logging_mixin.py:190} INFO - [2026-08-23T00:52:22.442+0000] {dagbag.py:588} INFO - Filling up the DagBag from /opt/airflow/dags/daily_inventory_pipeline.py
[2026-08-23T00:52:22.540+0000] {processor.py:925} INFO - DAG(s) 'daily_inventory_pipeline' retrieved from /opt/airflow/dags/daily_inventory_pipeline.py
[2026-08-23T00:52:22.564+0000] {logging_mixin.py:190} INFO - [2026-08-23T00:52:22.564+0000] {dag.py:3239} INFO - Sync 1 DAGs
[2026-08-23T00:52:22.580+0000] {logging_mixin.py:190} INFO - [2026-08-23T00:52:22.580+0000] {dag.py:4180} INFO - Setting next_dagrun for daily_inventory_pipeline to 2026-08-22 18:30:00+00:00, run_after=2026-08-23 18:30:00+00:00
[2026-08-23T00:52:22.596+0000] {processor.py:208} INFO - Processing /opt/airflow/dags/daily_inventory_pipeline.py took 0.162 seconds
[2026-08-23T00:52:52.725+0000] {processor.py:186} INFO - Started process (PID=341) to work on /opt/airflow/dags/daily_inventory_pipeline.py
[2026-08-23T00:52:52.728+0000] {processor.py:914} INFO - Processing file /opt/airflow/dags/daily_inventory_pipeline.py for tasks to queue
[2026-08-23T00:52:52.733+0000] {logging_mixin.py:190} INFO - [2026-08-23T00:52:52.732+0000] {dagbag.py:588} INFO - Filling up the DagBag from /opt/airflow/dags/daily_inventory_pipeline.py
[2026-08-23T00:52:52.841+0000] {processor.py:925} INFO - DAG(s) 'daily_inventory_pipeline' retrieved from /opt/airflow/dags/daily_inventory_pipeline.py
[2026-08-23T00:52:52.862+0000] {logging_mixin.py:190} INFO - [2026-08-23T00:52:52.862+0000] {dag.py:3239} INFO - Sync 1 DAGs
[2026-08-23T00:52:52.878+0000] {logging_mixin.py:190} INFO - [2026-08-23T00:52:52.878+0000] {dag.py:4180} INFO - Setting next_dagrun for daily_inventory_pipeline to 2026-08-22 18:30:00+00:00, run_after=2026-08-23 18:30:00+00:00
[2026-08-23T00:52:52.891+0000] {processor.py:208} INFO - Processing /opt/airflow/dags/daily_inventory_pipeline.py took 0.174 seconds
[2026-08-23T00:53:23.063+0000] {processor.py:186} INFO - Started process (PID=351) to work on /opt/airflow/dags/daily_inventory_pipeline.py
[2026-08-23T00:53:23.063+0000] {processor.py:914} INFO - Processing file /opt/airflow/dags/daily_inventory_pipeline.py for tasks to queue
[2026-08-23T00:53:23.065+0000] {logging_mixin.py:190} INFO - [2026-08-23T00:53:23.065+0000] {dagbag.py:588} INFO - Filling up the DagBag from /opt/airflow/dags/daily_inventory_pipeline.py
[2026-08-23T00:53:23.149+0000] {processor.py:925} INFO - DAG(s) 'daily_inventory_pipeline' retrieved from /opt/airflow/dags/daily_inventory_pipeline.py
[2026-08-23T00:53:23.172+0000] {logging_mixin.py:190} INFO - [2026-08-23T00:53:23.172+0000] {dag.py:3239} INFO - Sync 1 DAGs
[2026-08-23T00:53:23.189+0000] {logging_mixin.py:190} INFO - [2026-08-23T00:53:23.189+0000] {dag.py:4180} INFO - Setting next_dagrun for daily_inventory_pipeline to 2026-08-22 18:30:00+00:00, run_after=2026-08-23 18:30:00+00:00
[2026-08-23T00:53:23.201+0000] {processor.py:208} INFO - Processing /opt/airflow/dags/daily_inventory_pipeline.py took 0.143 seconds
[2026-08-23T00:53:53.421+0000] {processor.py:186} INFO - Started process (PID=361) to work on /opt/airflow/dags/daily_inventory_pipeline.py
[2026-08-23T00:53:53.422+0000] {processor.py:914} INFO - Processing file /opt/airflow/dags/daily_inventory_pipeline.py for tasks to queue
[2026-08-23T00:53:53.424+0000] {logging_mixin.py:190} INFO - [2026-08-23T00:53:53.424+0000] {dagbag.py:588} INFO - Filling up the DagBag from /opt/airflow/dags/daily_inventory_pipeline.py
[2026-08-23T00:53:53.513+0000] {processor.py:925} INFO - DAG(s) 'daily_inventory_pipeline' retrieved from /opt/airflow/dags/daily_inventory_pipeline.py
[2026-08-23T00:53:53.533+0000] {logging_mixin.py:190} INFO - [2026-08-23T00:53:53.533+0000] {dag.py:3239} INFO - Sync 1 DAGs
[2026-08-23T00:53:53.550+0000] {logging_mixin.py:190} INFO - [2026-08-23T00:53:53.550+0000] {dag.py:4180} INFO - Setting next_dagrun for daily_inventory_pipeline to 2026-08-22 18:30:00+00:00, run_after=2026-08-23 18:30:00+00:00
[2026-08-23T00:53:53.568+0000] {processor.py:208} INFO - Processing /opt/airflow/dags/daily_inventory_pipeline.py took 0.151 seconds
[2026-08-23T00:54:23.682+0000] {processor.py:186} INFO - Started process (PID=371) to work on /opt/airflow/dags/daily_inventory_pipeline.py
[2026-08-23T00:54:23.683+0000] {processor.py:914} INFO - Processing file /opt/airflow/dags/daily_inventory_pipeline.py for tasks to queue
[2026-08-23T00:54:23.685+0000] {logging_mixin.py:190} INFO - [2026-08-23T00:54:23.685+0000] {dagbag.py:588} INFO - Filling up the DagBag from /opt/airflow/dags/daily_inventory_pipeline.py
[2026-08-23T00:54:23.770+0000] {processor.py:925} INFO - DAG(s) 'daily_inventory_pipeline' retrieved from /opt/airflow/dags/daily_inventory_pipeline.py
[2026-08-23T00:54:23.790+0000] {logging_mixin.py:190} INFO - [2026-08-23T00:54:23.790+0000] {dag.py:3239} INFO - Sync 1 DAGs
[2026-08-23T00:54:23.805+0000] {logging_mixin.py:190} INFO - [2026-08-23T00:54:23.805+0000] {dag.py:4180} INFO - Setting next_dagrun for daily_inventory_pipeline to 2026-08-22 18:30:00+00:00, run_after=2026-08-23 18:30:00+00:00
[2026-08-23T00:54:23.818+0000] {processor.py:208} INFO - Processing /opt/airflow/dags/daily_inventory_pipeline.py took 0.140 seconds
[2026-08-23T00:54:54.090+0000] {processor.py:186} INFO - Started process (PID=381) to work on /opt/airflow/dags/daily_inventory_pipeline.py
[2026-08-23T00:54:54.091+0000] {processor.py:914} INFO - Processing file /opt/airflow/dags/daily_inventory_pipeline.py for tasks to queue
[2026-08-23T00:54:54.092+0000] {logging_mixin.py:190} INFO - [2026-08-23T00:54:54.092+0000] {dagbag.py:588} INFO - Filling up the DagBag from /opt/airflow/dags/daily_inventory_pipeline.py
[2026-08-23T00:54:54.178+0000] {processor.py:925} INFO - DAG(s) 'daily_inventory_pipeline' retrieved from /opt/airflow/dags/daily_inventory_pipeline.py
[2026-08-23T00:54:54.197+0000] {logging_mixin.py:190} INFO - [2026-08-23T00:54:54.197+0000] {dag.py:3239} INFO - Sync 1 DAGs
[2026-08-23T00:54:54.212+0000] {logging_mixin.py:190} INFO - [2026-08-23T00:54:54.211+0000] {dag.py:4180} INFO - Setting next_dagrun for daily_inventory_pipeline to 2026-08-22 18:30:00+00:00, run_after=2026-08-23 18:30:00+00:00
[2026-08-23T00:54:54.226+0000] {processor.py:208} INFO - Processing /opt/airflow/dags/daily_inventory_pipeline.py took 0.140 seconds
[2026-08-23T00:55:24.332+0000] {processor.py:186} INFO - Started process (PID=391) to work on /opt/airflow/dags/daily_inventory_pipeline.py
[2026-08-23T00:55:24.332+0000] {processor.py:914} INFO - Processing file /opt/airflow/dags/daily_inventory_pipeline.py for tasks to queue
[2026-08-23T00:55:24.334+0000] {logging_mixin.py:190} INFO - [2026-08-23T00:55:24.334+0000] {dagbag.py:588} INFO - Filling up the DagBag from /opt/airflow/dags/daily_inventory_pipeline.py
[2026-08-23T00:55:24.436+0000] {processor.py:925} INFO - DAG(s) 'daily_inventory_pipeline' retrieved from /opt/airflow/dags/daily_inventory_pipeline.py
[2026-08-23T00:55:24.456+0000] {logging_mixin.py:190} INFO - [2026-08-23T00:55:24.456+0000] {dag.py:3239} INFO - Sync 1 DAGs
[2026-08-23T00:55:24.472+0000] {logging_mixin.py:190} INFO - [2026-08-23T00:55:24.472+0000] {dag.py:4180} INFO - Setting next_dagrun for daily_inventory_pipeline to 2026-08-22 18:30:00+00:00, run_after=2026-08-23 18:30:00+00:00
[2026-08-23T00:55:24.487+0000] {processor.py:208} INFO - Processing /opt/airflow/dags/daily_inventory_pipeline.py took 0.160 seconds
[2026-08-23T00:55:54.527+0000] {processor.py:186} INFO - Started process (PID=401) to work on /opt/airflow/dags/daily_inventory_pipeline.py
[2026-08-23T00:55:54.528+0000] {processor.py:914} INFO - Processing file /opt/airflow/dags/daily_inventory_pipeline.py for tasks to queue
[2026-08-23T00:55:54.530+0000] {logging_mixin.py:190} INFO - [2026-08-23T00:55:54.530+0000] {dagbag.py:588} INFO - Filling up the DagBag from /opt/airflow/dags/daily_inventory_pipeline.py
[2026-08-23T00:55:54.618+0000] {processor.py:925} INFO - DAG(s) 'daily_inventory_pipeline' retrieved from /opt/airflow/dags/daily_inventory_pipeline.py
[2026-08-23T00:55:54.640+0000] {logging_mixin.py:190} INFO - [2026-08-23T00:55:54.640+0000] {dag.py:3239} INFO - Sync 1 DAGs
[2026-08-23T00:55:54.658+0000] {logging_mixin.py:190} INFO - [2026-08-23T00:55:54.658+0000] {dag.py:4180} INFO - Setting next_dagrun for daily_inventory_pipeline to 2026-08-22 18:30:00+00:00, run_after=2026-08-23 18:30:00+00:00
[2026-08-23T00:55:54.672+0000] {processor.py:208} INFO - Processing /opt/airflow/dags/daily_inventory_pipeline.py took 0.150 seconds
[2026-08-23T00:56:24.785+0000] {processor.py:186} INFO - Started process (PID=411) to work on /opt/airflow/dags/daily_inventory_pipeline.py
[2026-08-23T00:56:24.786+0000] {processor.py:914} INFO - Processing file /opt/airflow/dags/daily_inventory_pipeline.py for tasks to queue
[2026-08-23T00:56:24.788+0000] {logging_mixin.py:190} INFO - [2026-08-23T00:56:24.788+0000] {dagbag.py:588} INFO - Filling up the DagBag from /opt/airflow/dags/daily_inventory_pipeline.py
[2026-08-23T00:56:24.877+0000] {processor.py:925} INFO - DAG(s) 'daily_inventory_pipeline' retrieved from /opt/airflow/dags/daily_inventory_pipeline.py
[2026-08-23T00:56:24.898+0000] {logging_mixin.py:190} INFO - [2026-08-23T00:56:24.898+0000] {dag.py:3239} INFO - Sync 1 DAGs
[2026-08-23T00:56:24.915+0000] {logging_mixin.py:190} INFO - [2026-08-23T00:56:24.915+0000] {dag.py:4180} INFO - Setting next_dagrun for daily_inventory_pipeline to 2026-08-22 18:30:00+00:00, run_after=2026-08-23 18:30:00+00:00
[2026-08-23T00:56:24.932+0000] {processor.py:208} INFO - Processing /opt/airflow/dags/daily_inventory_pipeline.py took 0.152 seconds
[2026-08-23T00:56:55.227+0000] {processor.py:186} INFO - Started process (PID=421) to work on /opt/airflow/dags/daily_inventory_pipeline.py
[2026-08-23T00:56:55.228+0000] {processor.py:914} INFO - Processing file /opt/airflow/dags/daily_inventory_pipeline.py for tasks to queue
[2026-08-23T00:56:55.229+0000] {logging_mixin.py:190} INFO - [2026-08-23T00:56:55.229+0000] {dagbag.py:588} INFO - Filling up the DagBag from /opt/airflow/dags/daily_inventory_pipeline.py
[2026-08-23T00:56:55.308+0000] {processor.py:925} INFO - DAG(s) 'daily_inventory_pipeline' retrieved from /opt/airflow/dags/daily_inventory_pipeline.py
[2026-08-23T00:56:55.327+0000] {logging_mixin.py:190} INFO - [2026-08-23T00:56:55.327+0000] {dag.py:3239} INFO - Sync 1 DAGs
[2026-08-23T00:56:55.342+0000] {logging_mixin.py:190} INFO - [2026-08-23T00:56:55.341+0000] {dag.py:4180} INFO - Setting next_dagrun for daily_inventory_pipeline to 2026-08-22 18:30:00+00:00, run_after=2026-08-23 18:30:00+00:00
[2026-08-23T00:56:55.354+0000] {processor.py:208} INFO - Processing /opt/airflow/dags/daily_inventory_pipeline.py took 0.133 seconds
[2026-08-23T00:57:25.473+0000] {processor.py:186} INFO - Started process (PID=431) to work on /opt/airflow/dags/daily_inventory_pipeline.py
[2026-08-23T00:57:25.473+0000] {processor.py:914} INFO - Processing file /opt/airflow/dags/daily_inventory_pipeline.py for tasks to queue
[2026-08-23T00:57:25.475+0000] {logging_mixin.py:190} INFO - [2026-08-23T00:57:25.475+0000] {dagbag.py:588} INFO - Filling up the DagBag from /opt/airflow/dags/daily_inventory_pipeline.py
[2026-08-23T00:57:25.563+0000] {processor.py:925} INFO - DAG(s) 'daily_inventory_pipeline' retrieved from /opt/airflow/dags/daily_inventory_pipeline.py
[2026-08-23T00:57:25.584+0000] {logging_mixin.py:190} INFO - [2026-08-23T00:57:25.583+0000] {dag.py:3239} INFO - Sync 1 DAGs
[2026-08-23T00:57:25.600+0000] {logging_mixin.py:190} INFO - [2026-08-23T00:57:25.600+0000] {dag.py:4180} INFO - Setting next_dagrun for daily_inventory_pipeline to 2026-08-22 18:30:00+00:00, run_after=2026-08-23 18:30:00+00:00
[2026-08-23T00:57:25.617+0000] {processor.py:208} INFO - Processing /opt/airflow/dags/daily_inventory_pipeline.py took 0.149 seconds
[2026-08-23T00:57:55.754+0000] {processor.py:186} INFO - Started process (PID=441) to work on /opt/airflow/dags/daily_inventory_pipeline.py
[2026-08-23T00:57:55.755+0000] {processor.py:914} INFO - Processing file /opt/airflow/dags/daily_inventory_pipeline.py for tasks to queue
[2026-08-23T00:57:55.757+0000] {logging_mixin.py:190} INFO - [2026-08-23T00:57:55.757+0000] {dagbag.py:588} INFO - Filling up the DagBag from /opt/airflow/dags/daily_inventory_pipeline.py
[2026-08-23T00:57:55.849+0000] {processor.py:925} INFO - DAG(s) 'daily_inventory_pipeline' retrieved from /opt/airflow/dags/daily_inventory_pipeline.py
[2026-08-23T00:57:55.870+0000] {logging_mixin.py:190} INFO - [2026-08-23T00:57:55.870+0000] {dag.py:3239} INFO - Sync 1 DAGs
[2026-08-23T00:57:55.887+0000] {logging_mixin.py:190} INFO - [2026-08-23T00:57:55.887+0000] {dag.py:4180} INFO - Setting next_dagrun for daily_inventory_pipeline to 2026-08-22 18:30:00+00:00, run_after=2026-08-23 18:30:00+00:00
[2026-08-23T00:57:55.905+0000] {processor.py:208} INFO - Processing /opt/airflow/dags/daily_inventory_pipeline.py took 0.155 seconds
[2026-08-23T00:58:26.013+0000] {processor.py:186} INFO - Started process (PID=451) to work on /opt/airflow/dags/daily_inventory_pipeline.py
[2026-08-23T00:58:26.013+0000] {processor.py:914} INFO - Processing file /opt/airflow/dags/daily_inventory_pipeline.py for tasks to queue
[2026-08-23T00:58:26.015+0000] {logging_mixin.py:190} INFO - [2026-08-23T00:58:26.015+0000] {dagbag.py:588} INFO - Filling up the DagBag from /opt/airflow/dags/daily_inventory_pipeline.py
[2026-08-23T00:58:26.113+0000] {processor.py:925} INFO - DAG(s) 'daily_inventory_pipeline' retrieved from /opt/airflow/dags/daily_inventory_pipeline.py
[2026-08-23T00:58:26.134+0000] {logging_mixin.py:190} INFO - [2026-08-23T00:58:26.134+0000] {dag.py:3239} INFO - Sync 1 DAGs
[2026-08-23T00:58:26.151+0000] {logging_mixin.py:190} INFO - [2026-08-23T00:58:26.151+0000] {dag.py:4180} INFO - Setting next_dagrun for daily_inventory_pipeline to 2026-08-22 18:30:00+00:00, run_after=2026-08-23 18:30:00+00:00
[2026-08-23T00:58:26.170+0000] {processor.py:208} INFO - Processing /opt/airflow/dags/daily_inventory_pipeline.py took 0.162 seconds
[2026-08-23T00:58:56.403+0000] {processor.py:186} INFO - Started process (PID=461) to work on /opt/airflow/dags/daily_inventory_pipeline.py
[2026-08-23T00:58:56.404+0000] {processor.py:914} INFO - Processing file /opt/airflow/dags/daily_inventory_pipeline.py for tasks to queue
[2026-08-23T00:58:56.406+0000] {logging_mixin.py:190} INFO - [2026-08-23T00:58:56.405+0000] {dagbag.py:588} INFO - Filling up the DagBag from /opt/airflow/dags/daily_inventory_pipeline.py
[2026-08-23T00:58:56.500+0000] {processor.py:925} INFO - DAG(s) 'daily_inventory_pipeline' retrieved from /opt/airflow/dags/daily_inventory_pipeline.py
[2026-08-23T00:58:56.521+0000] {logging_mixin.py:190} INFO - [2026-08-23T00:58:56.521+0000] {dag.py:3239} INFO - Sync 1 DAGs
[2026-08-23T00:58:56.540+0000] {logging_mixin.py:190} INFO - [2026-08-23T00:58:56.540+0000] {dag.py:4180} INFO - Setting next_dagrun for daily_inventory_pipeline to 2026-08-22 18:30:00+00:00, run_after=2026-08-23 18:30:00+00:00
[2026-08-23T00:58:56.555+0000] {processor.py:208} INFO - Processing /opt/airflow/dags/daily_inventory_pipeline.py took 0.157 seconds
[2026-08-23T00:59:27.810+0000] {processor.py:186} INFO - Started process (PID=471) to work on /opt/airflow/dags/daily_inventory_pipeline.py
[2026-08-23T00:59:27.824+0000] {processor.py:914} INFO - Processing file /opt/airflow/dags/daily_inventory_pipeline.py for tasks to queue
[2026-08-23T00:59:27.838+0000] {logging_mixin.py:190} INFO - [2026-08-23T00:59:27.837+0000] {dagbag.py:588} INFO - Filling up the DagBag from /opt/airflow/dags/daily_inventory_pipeline.py
[2026-08-23T00:59:30.274+0000] {processor.py:925} INFO - DAG(s) 'daily_inventory_pipeline' retrieved from /opt/airflow/dags/daily_inventory_pipeline.py
[2026-08-23T00:59:30.320+0000] {logging_mixin.py:190} INFO - [2026-08-23T00:59:30.320+0000] {dag.py:3239} INFO - Sync 1 DAGs
[2026-08-23T00:59:30.340+0000] {logging_mixin.py:190} INFO - [2026-08-23T00:59:30.340+0000] {dag.py:4180} INFO - Setting next_dagrun for daily_inventory_pipeline to 2026-08-22 18:30:00+00:00, run_after=2026-08-23 18:30:00+00:00
[2026-08-23T00:59:30.392+0000] {processor.py:208} INFO - Processing /opt/airflow/dags/daily_inventory_pipeline.py took 2.606 seconds
[2026-08-23T01:00:00.500+0000] {processor.py:186} INFO - Started process (PID=482) to work on /opt/airflow/dags/daily_inventory_pipeline.py
[2026-08-23T01:00:00.501+0000] {processor.py:914} INFO - Processing file /opt/airflow/dags/daily_inventory_pipeline.py for tasks to queue
[2026-08-23T01:00:00.503+0000] {logging_mixin.py:190} INFO - [2026-08-23T01:00:00.502+0000] {dagbag.py:588} INFO - Filling up the DagBag from /opt/airflow/dags/daily_inventory_pipeline.py
[2026-08-23T01:00:00.609+0000] {processor.py:925} INFO - DAG(s) 'daily_inventory_pipeline' retrieved from /opt/airflow/dags/daily_inventory_pipeline.py
[2026-08-23T01:00:00.631+0000] {logging_mixin.py:190} INFO - [2026-08-23T01:00:00.631+0000] {dag.py:3239} INFO - Sync 1 DAGs
[2026-08-23T01:00:00.648+0000] {logging_mixin.py:190} INFO - [2026-08-23T01:00:00.648+0000] {dag.py:4180} INFO - Setting next_dagrun for daily_inventory_pipeline to 2026-08-22 18:30:00+00:00, run_after=2026-08-23 18:30:00+00:00
[2026-08-23T01:00:00.665+0000] {processor.py:208} INFO - Processing /opt/airflow/dags/daily_inventory_pipeline.py took 0.171 seconds
[2026-08-23T01:00:30.739+0000] {processor.py:186} INFO - Started process (PID=497) to work on /opt/airflow/dags/daily_inventory_pipeline.py
[2026-08-23T01:00:30.739+0000] {processor.py:914} INFO - Processing file /opt/airflow/dags/daily_inventory_pipeline.py for tasks to queue
[2026-08-23T01:00:30.741+0000] {logging_mixin.py:190} INFO - [2026-08-23T01:00:30.741+0000] {dagbag.py:588} INFO - Filling up the DagBag from /opt/airflow/dags/daily_inventory_pipeline.py
[2026-08-23T01:00:30.827+0000] {processor.py:925} INFO - DAG(s) 'daily_inventory_pipeline' retrieved from /opt/airflow/dags/daily_inventory_pipeline.py
[2026-08-23T01:00:30.847+0000] {logging_mixin.py:190} INFO - [2026-08-23T01:00:30.847+0000] {dag.py:3239} INFO - Sync 1 DAGs
[2026-08-23T01:00:30.863+0000] {logging_mixin.py:190} INFO - [2026-08-23T01:00:30.863+0000] {dag.py:4180} INFO - Setting next_dagrun for daily_inventory_pipeline to 2026-08-22 18:30:00+00:00, run_after=2026-08-23 18:30:00+00:00
[2026-08-23T01:00:30.876+0000] {processor.py:208} INFO - Processing /opt/airflow/dags/daily_inventory_pipeline.py took 0.141 seconds
[2026-08-23T01:01:01.149+0000] {processor.py:186} INFO - Started process (PID=507) to work on /opt/airflow/dags/daily_inventory_pipeline.py
[2026-08-23T01:01:01.150+0000] {processor.py:914} INFO - Processing file /opt/airflow/dags/daily_inventory_pipeline.py for tasks to queue
[2026-08-23T01:01:01.152+0000] {logging_mixin.py:190} INFO - [2026-08-23T01:01:01.151+0000] {dagbag.py:588} INFO - Filling up the DagBag from /opt/airflow/dags/daily_inventory_pipeline.py
[2026-08-23T01:01:01.242+0000] {processor.py:925} INFO - DAG(s) 'daily_inventory_pipeline' retrieved from /opt/airflow/dags/daily_inventory_pipeline.py
[2026-08-23T01:01:01.264+0000] {logging_mixin.py:190} INFO - [2026-08-23T01:01:01.264+0000] {dag.py:3239} INFO - Sync 1 DAGs
[2026-08-23T01:01:01.283+0000] {logging_mixin.py:190} INFO - [2026-08-23T01:01:01.283+0000] {dag.py:4180} INFO - Setting next_dagrun for daily_inventory_pipeline to 2026-08-22 18:30:00+00:00, run_after=2026-08-23 18:30:00+00:00
[2026-08-23T01:01:01.300+0000] {processor.py:208} INFO - Processing /opt/airflow/dags/daily_inventory_pipeline.py took 0.156 seconds
[2026-08-23T01:01:31.341+0000] {processor.py:186} INFO - Started process (PID=514) to work on /opt/airflow/dags/daily_inventory_pipeline.py
[2026-08-23T01:01:31.343+0000] {processor.py:914} INFO - Processing file /opt/airflow/dags/daily_inventory_pipeline.py for tasks to queue
[2026-08-23T01:01:31.345+0000] {logging_mixin.py:190} INFO - [2026-08-23T01:01:31.345+0000] {dagbag.py:588} INFO - Filling up the DagBag from /opt/airflow/dags/daily_inventory_pipeline.py
[2026-08-23T01:01:31.530+0000] {processor.py:925} INFO - DAG(s) 'daily_inventory_pipeline' retrieved from /opt/airflow/dags/daily_inventory_pipeline.py
[2026-08-23T01:01:31.553+0000] {logging_mixin.py:190} INFO - [2026-08-23T01:01:31.553+0000] {dag.py:3239} INFO - Sync 1 DAGs
[2026-08-23T01:01:31.572+0000] {logging_mixin.py:190} INFO - [2026-08-23T01:01:31.572+0000] {dag.py:4180} INFO - Setting next_dagrun for daily_inventory_pipeline to 2026-08-22 18:30:00+00:00, run_after=2026-08-23 18:30:00+00:00
[2026-08-23T01:01:31.589+0000] {processor.py:208} INFO - Processing /opt/airflow/dags/daily_inventory_pipeline.py took 0.253 seconds
[2026-08-23T01:02:01.976+0000] {processor.py:186} INFO - Started process (PID=527) to work on /opt/airflow/dags/daily_inventory_pipeline.py
[2026-08-23T01:02:01.976+0000] {processor.py:914} INFO - Processing file /opt/airflow/dags/daily_inventory_pipeline.py for tasks to queue
[2026-08-23T01:02:01.978+0000] {logging_mixin.py:190} INFO - [2026-08-23T01:02:01.978+0000] {dagbag.py:588} INFO - Filling up the DagBag from /opt/airflow/dags/daily_inventory_pipeline.py
[2026-08-23T01:02:02.059+0000] {processor.py:925} INFO - DAG(s) 'daily_inventory_pipeline' retrieved from /opt/airflow/dags/daily_inventory_pipeline.py
[2026-08-23T01:02:02.079+0000] {logging_mixin.py:190} INFO - [2026-08-23T01:02:02.079+0000] {dag.py:3239} INFO - Sync 1 DAGs
[2026-08-23T01:02:02.096+0000] {logging_mixin.py:190} INFO - [2026-08-23T01:02:02.096+0000] {dag.py:4180} INFO - Setting next_dagrun for daily_inventory_pipeline to 2026-08-22 18:30:00+00:00, run_after=2026-08-23 18:30:00+00:00
[2026-08-23T01:02:02.108+0000] {processor.py:208} INFO - Processing /opt/airflow/dags/daily_inventory_pipeline.py took 0.137 seconds
[2026-08-23T01:02:32.261+0000] {processor.py:186} INFO - Started process (PID=537) to work on /opt/airflow/dags/daily_inventory_pipeline.py
[2026-08-23T01:02:32.262+0000] {processor.py:914} INFO - Processing file /opt/airflow/dags/daily_inventory_pipeline.py for tasks to queue
[2026-08-23T01:02:32.265+0000] {logging_mixin.py:190} INFO - [2026-08-23T01:02:32.264+0000] {dagbag.py:588} INFO - Filling up the DagBag from /opt/airflow/dags/daily_inventory_pipeline.py
[2026-08-23T01:02:32.407+0000] {processor.py:925} INFO - DAG(s) 'daily_inventory_pipeline' retrieved from /opt/airflow/dags/daily_inventory_pipeline.py
[2026-08-23T01:02:32.430+0000] {logging_mixin.py:190} INFO - [2026-08-23T01:02:32.430+0000] {dag.py:3239} INFO - Sync 1 DAGs
[2026-08-23T01:02:32.449+0000] {logging_mixin.py:190} INFO - [2026-08-23T01:02:32.449+0000] {dag.py:4180} INFO - Setting next_dagrun for daily_inventory_pipeline to 2026-08-22 18:30:00+00:00, run_after=2026-08-23 18:30:00+00:00
[2026-08-23T01:02:32.466+0000] {processor.py:208} INFO - Processing /opt/airflow/dags/daily_inventory_pipeline.py took 0.212 seconds
[2026-08-23T01:03:02.599+0000] {processor.py:186} INFO - Started process (PID=547) to work on /opt/airflow/dags/daily_inventory_pipeline.py
[2026-08-23T01:03:02.602+0000] {processor.py:914} INFO - Processing file /opt/airflow/dags/daily_inventory_pipeline.py for tasks to queue
[2026-08-23T01:03:02.605+0000] {logging_mixin.py:190} INFO - [2026-08-23T01:03:02.604+0000] {dagbag.py:588} INFO - Filling up the DagBag from /opt/airflow/dags/daily_inventory_pipeline.py
[2026-08-23T01:03:02.743+0000] {processor.py:925} INFO - DAG(s) 'daily_inventory_pipeline' retrieved from /opt/airflow/dags/daily_inventory_pipeline.py
[2026-08-23T01:03:02.767+0000] {logging_mixin.py:190} INFO - [2026-08-23T01:03:02.767+0000] {dag.py:3239} INFO - Sync 1 DAGs
[2026-08-23T01:03:02.787+0000] {logging_mixin.py:190} INFO - [2026-08-23T01:03:02.787+0000] {dag.py:4180} INFO - Setting next_dagrun for daily_inventory_pipeline to 2026-08-22 18:30:00+00:00, run_after=2026-08-23 18:30:00+00:00
[2026-08-23T01:03:02.807+0000] {processor.py:208} INFO - Processing /opt/airflow/dags/daily_inventory_pipeline.py took 0.213 seconds
[2026-08-23T01:03:32.996+0000] {processor.py:186} INFO - Started process (PID=557) to work on /opt/airflow/dags/daily_inventory_pipeline.py
[2026-08-23T01:03:32.997+0000] {processor.py:914} INFO - Processing file /opt/airflow/dags/daily_inventory_pipeline.py for tasks to queue
[2026-08-23T01:03:33.000+0000] {logging_mixin.py:190} INFO - [2026-08-23T01:03:33.000+0000] {dagbag.py:588} INFO - Filling up the DagBag from /opt/airflow/dags/daily_inventory_pipeline.py
[2026-08-23T01:03:33.155+0000] {processor.py:925} INFO - DAG(s) 'daily_inventory_pipeline' retrieved from /opt/airflow/dags/daily_inventory_pipeline.py
[2026-08-23T01:03:33.179+0000] {logging_mixin.py:190} INFO - [2026-08-23T01:03:33.179+0000] {dag.py:3239} INFO - Sync 1 DAGs
[2026-08-23T01:03:33.199+0000] {logging_mixin.py:190} INFO - [2026-08-23T01:03:33.199+0000] {dag.py:4180} INFO - Setting next_dagrun for daily_inventory_pipeline to 2026-08-22 18:30:00+00:00, run_after=2026-08-23 18:30:00+00:00
[2026-08-23T01:03:33.224+0000] {processor.py:208} INFO - Processing /opt/airflow/dags/daily_inventory_pipeline.py took 0.234 seconds
[2026-08-23T01:04:03.529+0000] {processor.py:186} INFO - Started process (PID=567) to work on /opt/airflow/dags/daily_inventory_pipeline.py
[2026-08-23T01:04:03.531+0000] {processor.py:914} INFO - Processing file /opt/airflow/dags/daily_inventory_pipeline.py for tasks to queue
[2026-08-23T01:04:03.533+0000] {logging_mixin.py:190} INFO - [2026-08-23T01:04:03.532+0000] {dagbag.py:588} INFO - Filling up the DagBag from /opt/airflow/dags/daily_inventory_pipeline.py
[2026-08-23T01:04:03.688+0000] {processor.py:925} INFO - DAG(s) 'daily_inventory_pipeline' retrieved from /opt/airflow/dags/daily_inventory_pipeline.py
[2026-08-23T01:04:03.710+0000] {logging_mixin.py:190} INFO - [2026-08-23T01:04:03.710+0000] {dag.py:3239} INFO - Sync 1 DAGs
[2026-08-23T01:04:03.727+0000] {logging_mixin.py:190} INFO - [2026-08-23T01:04:03.727+0000] {dag.py:4180} INFO - Setting next_dagrun for daily_inventory_pipeline to 2026-08-22 18:30:00+00:00, run_after=2026-08-23 18:30:00+00:00
[2026-08-23T01:04:03.745+0000] {processor.py:208} INFO - Processing /opt/airflow/dags/daily_inventory_pipeline.py took 0.221 seconds
[2026-08-23T01:04:34.052+0000] {processor.py:186} INFO - Started process (PID=577) to work on /opt/airflow/dags/daily_inventory_pipeline.py
[2026-08-23T01:04:34.053+0000] {processor.py:914} INFO - Processing file /opt/airflow/dags/daily_inventory_pipeline.py for tasks to queue
[2026-08-23T01:04:34.055+0000] {logging_mixin.py:190} INFO - [2026-08-23T01:04:34.055+0000] {dagbag.py:588} INFO - Filling up the DagBag from /opt/airflow/dags/daily_inventory_pipeline.py
[2026-08-23T01:04:34.276+0000] {processor.py:925} INFO - DAG(s) 'daily_inventory_pipeline' retrieved from /opt/airflow/dags/daily_inventory_pipeline.py
[2026-08-23T01:04:34.301+0000] {logging_mixin.py:190} INFO - [2026-08-23T01:04:34.301+0000] {dag.py:3239} INFO - Sync 1 DAGs
[2026-08-23T01:04:34.322+0000] {logging_mixin.py:190} INFO - [2026-08-23T01:04:34.322+0000] {dag.py:4180} INFO - Setting next_dagrun for daily_inventory_pipeline to 2026-08-22 18:30:00+00:00, run_after=2026-08-23 18:30:00+00:00
[2026-08-23T01:04:34.338+0000] {processor.py:208} INFO - Processing /opt/airflow/dags/daily_inventory_pipeline.py took 0.292 seconds
[2026-08-23T01:05:04.647+0000] {processor.py:186} INFO - Started process (PID=587) to work on /opt/airflow/dags/daily_inventory_pipeline.py
[2026-08-23T01:05:04.649+0000] {processor.py:914} INFO - Processing file /opt/airflow/dags/daily_inventory_pipeline.py for tasks to queue
[2026-08-23T01:05:04.652+0000] {logging_mixin.py:190} INFO - [2026-08-23T01:05:04.652+0000] {dagbag.py:588} INFO - Filling up the DagBag from /opt/airflow/dags/daily_inventory_pipeline.py
[2026-08-23T01:05:04.827+0000] {processor.py:925} INFO - DAG(s) 'daily_inventory_pipeline' retrieved from /opt/airflow/dags/daily_inventory_pipeline.py
[2026-08-23T01:05:04.852+0000] {logging_mixin.py:190} INFO - [2026-08-23T01:05:04.852+0000] {dag.py:3239} INFO - Sync 1 DAGs
[2026-08-23T01:05:04.875+0000] {logging_mixin.py:190} INFO - [2026-08-23T01:05:04.874+0000] {dag.py:4180} INFO - Setting next_dagrun for daily_inventory_pipeline to 2026-08-22 18:30:00+00:00, run_after=2026-08-23 18:30:00+00:00
[2026-08-23T01:05:04.893+0000] {processor.py:208} INFO - Processing /opt/airflow/dags/daily_inventory_pipeline.py took 0.252 seconds
[2026-08-23T01:05:35.159+0000] {processor.py:186} INFO - Started process (PID=597) to work on /opt/airflow/dags/daily_inventory_pipeline.py
[2026-08-23T01:05:35.164+0000] {processor.py:914} INFO - Processing file /opt/airflow/dags/daily_inventory_pipeline.py for tasks to queue
[2026-08-23T01:05:35.167+0000] {logging_mixin.py:190} INFO - [2026-08-23T01:05:35.167+0000] {dagbag.py:588} INFO - Filling up the DagBag from /opt/airflow/dags/daily_inventory_pipeline.py
[2026-08-23T01:05:35.369+0000] {processor.py:925} INFO - DAG(s) 'daily_inventory_pipeline' retrieved from /opt/airflow/dags/daily_inventory_pipeline.py
[2026-08-23T01:05:35.392+0000] {logging_mixin.py:190} INFO - [2026-08-23T01:05:35.392+0000] {dag.py:3239} INFO - Sync 1 DAGs
[2026-08-23T01:05:35.409+0000] {logging_mixin.py:190} INFO - [2026-08-23T01:05:35.409+0000] {dag.py:4180} INFO - Setting next_dagrun for daily_inventory_pipeline to 2026-08-22 18:30:00+00:00, run_after=2026-08-23 18:30:00+00:00
[2026-08-23T01:05:35.425+0000] {processor.py:208} INFO - Processing /opt/airflow/dags/daily_inventory_pipeline.py took 0.274 seconds
[2026-08-23T01:06:05.727+0000] {processor.py:186} INFO - Started process (PID=607) to work on /opt/airflow/dags/daily_inventory_pipeline.py
[2026-08-23T01:06:05.728+0000] {processor.py:914} INFO - Processing file /opt/airflow/dags/daily_inventory_pipeline.py for tasks to queue
[2026-08-23T01:06:05.730+0000] {logging_mixin.py:190} INFO - [2026-08-23T01:06:05.730+0000] {dagbag.py:588} INFO - Filling up the DagBag from /opt/airflow/dags/daily_inventory_pipeline.py
[2026-08-23T01:06:05.825+0000] {processor.py:925} INFO - DAG(s) 'daily_inventory_pipeline' retrieved from /opt/airflow/dags/daily_inventory_pipeline.py
[2026-08-23T01:06:05.846+0000] {logging_mixin.py:190} INFO - [2026-08-23T01:06:05.846+0000] {dag.py:3239} INFO - Sync 1 DAGs
[2026-08-23T01:06:05.863+0000] {logging_mixin.py:190} INFO - [2026-08-23T01:06:05.863+0000] {dag.py:4180} INFO - Setting next_dagrun for daily_inventory_pipeline to 2026-08-22 18:30:00+00:00, run_after=2026-08-23 18:30:00+00:00
[2026-08-23T01:06:05.932+0000] {processor.py:208} INFO - Processing /opt/airflow/dags/daily_inventory_pipeline.py took 0.210 seconds
[2026-08-23T01:06:36.165+0000] {processor.py:186} INFO - Started process (PID=617) to work on /opt/airflow/dags/daily_inventory_pipeline.py
[2026-08-23T01:06:36.166+0000] {processor.py:914} INFO - Processing file /opt/airflow/dags/daily_inventory_pipeline.py for tasks to queue
[2026-08-23T01:06:36.168+0000] {logging_mixin.py:190} INFO - [2026-08-23T01:06:36.168+0000] {dagbag.py:588} INFO - Filling up the DagBag from /opt/airflow/dags/daily_inventory_pipeline.py
[2026-08-23T01:06:36.263+0000] {processor.py:925} INFO - DAG(s) 'daily_inventory_pipeline' retrieved from /opt/airflow/dags/daily_inventory_pipeline.py
[2026-08-23T01:06:36.285+0000] {logging_mixin.py:190} INFO - [2026-08-23T01:06:36.285+0000] {dag.py:3239} INFO - Sync 1 DAGs
[2026-08-23T01:06:36.302+0000] {logging_mixin.py:190} INFO - [2026-08-23T01:06:36.302+0000] {dag.py:4180} INFO - Setting next_dagrun for daily_inventory_pipeline to 2026-08-22 18:30:00+00:00, run_after=2026-08-23 18:30:00+00:00
[2026-08-23T01:06:36.317+0000] {processor.py:208} INFO - Processing /opt/airflow/dags/daily_inventory_pipeline.py took 0.156 seconds
[2026-08-23T01:07:06.448+0000] {processor.py:186} INFO - Started process (PID=627) to work on /opt/airflow/dags/daily_inventory_pipeline.py
[2026-08-23T01:07:06.449+0000] {processor.py:914} INFO - Processing file /opt/airflow/dags/daily_inventory_pipeline.py for tasks to queue
[2026-08-23T01:07:06.451+0000] {logging_mixin.py:190} INFO - [2026-08-23T01:07:06.451+0000] {dagbag.py:588} INFO - Filling up the DagBag from /opt/airflow/dags/daily_inventory_pipeline.py
[2026-08-23T01:07:06.534+0000] {processor.py:925} INFO - DAG(s) 'daily_inventory_pipeline' retrieved from /opt/airflow/dags/daily_inventory_pipeline.py
[2026-08-23T01:07:06.554+0000] {logging_mixin.py:190} INFO - [2026-08-23T01:07:06.554+0000] {dag.py:3239} INFO - Sync 1 DAGs
[2026-08-23T01:07:06.570+0000] {logging_mixin.py:190} INFO - [2026-08-23T01:07:06.570+0000] {dag.py:4180} INFO - Setting next_dagrun for daily_inventory_pipeline to 2026-08-22 18:30:00+00:00, run_after=2026-08-23 18:30:00+00:00
[2026-08-23T01:07:06.584+0000] {processor.py:208} INFO - Processing /opt/airflow/dags/daily_inventory_pipeline.py took 0.141 seconds
[2026-08-23T01:07:36.808+0000] {processor.py:186} INFO - Started process (PID=637) to work on /opt/airflow/dags/daily_inventory_pipeline.py
[2026-08-23T01:07:36.810+0000] {processor.py:914} INFO - Processing file /opt/airflow/dags/daily_inventory_pipeline.py for tasks to queue
[2026-08-23T01:07:36.811+0000] {logging_mixin.py:190} INFO - [2026-08-23T01:07:36.811+0000] {dagbag.py:588} INFO - Filling up the DagBag from /opt/airflow/dags/daily_inventory_pipeline.py
[2026-08-23T01:07:36.906+0000] {processor.py:925} INFO - DAG(s) 'daily_inventory_pipeline' retrieved from /opt/airflow/dags/daily_inventory_pipeline.py
[2026-08-23T01:07:36.927+0000] {logging_mixin.py:190} INFO - [2026-08-23T01:07:36.927+0000] {dag.py:3239} INFO - Sync 1 DAGs
[2026-08-23T01:07:36.945+0000] {logging_mixin.py:190} INFO - [2026-08-23T01:07:36.945+0000] {dag.py:4180} INFO - Setting next_dagrun for daily_inventory_pipeline to 2026-08-22 18:30:00+00:00, run_after=2026-08-23 18:30:00+00:00
[2026-08-23T01:07:36.963+0000] {processor.py:208} INFO - Processing /opt/airflow/dags/daily_inventory_pipeline.py took 0.160 seconds
[2026-08-23T01:08:07.159+0000] {processor.py:186} INFO - Started process (PID=647) to work on /opt/airflow/dags/daily_inventory_pipeline.py
[2026-08-23T01:08:07.160+0000] {processor.py:914} INFO - Processing file /opt/airflow/dags/daily_inventory_pipeline.py for tasks to queue
[2026-08-23T01:08:07.162+0000] {logging_mixin.py:190} INFO - [2026-08-23T01:08:07.162+0000] {dagbag.py:588} INFO - Filling up the DagBag from /opt/airflow/dags/daily_inventory_pipeline.py
[2026-08-23T01:08:07.266+0000] {processor.py:925} INFO - DAG(s) 'daily_inventory_pipeline' retrieved from /opt/airflow/dags/daily_inventory_pipeline.py
[2026-08-23T01:08:07.288+0000] {logging_mixin.py:190} INFO - [2026-08-23T01:08:07.288+0000] {dag.py:3239} INFO - Sync 1 DAGs
[2026-08-23T01:08:07.306+0000] {logging_mixin.py:190} INFO - [2026-08-23T01:08:07.305+0000] {dag.py:4180} INFO - Setting next_dagrun for daily_inventory_pipeline to 2026-08-22 18:30:00+00:00, run_after=2026-08-23 18:30:00+00:00
[2026-08-23T01:08:07.319+0000] {processor.py:208} INFO - Processing /opt/airflow/dags/daily_inventory_pipeline.py took 0.166 seconds
[2026-08-23T01:08:37.511+0000] {processor.py:186} INFO - Started process (PID=657) to work on /opt/airflow/dags/daily_inventory_pipeline.py
[2026-08-23T01:08:37.513+0000] {processor.py:914} INFO - Processing file /opt/airflow/dags/daily_inventory_pipeline.py for tasks to queue
[2026-08-23T01:08:37.515+0000] {logging_mixin.py:190} INFO - [2026-08-23T01:08:37.514+0000] {dagbag.py:588} INFO - Filling up the DagBag from /opt/airflow/dags/daily_inventory_pipeline.py
[2026-08-23T01:08:37.612+0000] {processor.py:925} INFO - DAG(s) 'daily_inventory_pipeline' retrieved from /opt/airflow/dags/daily_inventory_pipeline.py
[2026-08-23T01:08:37.637+0000] {logging_mixin.py:190} INFO - [2026-08-23T01:08:37.637+0000] {dag.py:3239} INFO - Sync 1 DAGs
[2026-08-23T01:08:37.655+0000] {logging_mixin.py:190} INFO - [2026-08-23T01:08:37.655+0000] {dag.py:4180} INFO - Setting next_dagrun for daily_inventory_pipeline to 2026-08-22 18:30:00+00:00, run_after=2026-08-23 18:30:00+00:00
[2026-08-23T01:08:37.670+0000] {processor.py:208} INFO - Processing /opt/airflow/dags/daily_inventory_pipeline.py took 0.163 seconds
[2026-08-23T01:09:07.854+0000] {processor.py:186} INFO - Started process (PID=667) to work on /opt/airflow/dags/daily_inventory_pipeline.py
[2026-08-23T01:09:07.855+0000] {processor.py:914} INFO - Processing file /opt/airflow/dags/daily_inventory_pipeline.py for tasks to queue
[2026-08-23T01:09:07.858+0000] {logging_mixin.py:190} INFO - [2026-08-23T01:09:07.858+0000] {dagbag.py:588} INFO - Filling up the DagBag from /opt/airflow/dags/daily_inventory_pipeline.py
[2026-08-23T01:09:07.947+0000] {processor.py:925} INFO - DAG(s) 'daily_inventory_pipeline' retrieved from /opt/airflow/dags/daily_inventory_pipeline.py
[2026-08-23T01:09:07.968+0000] {logging_mixin.py:190} INFO - [2026-08-23T01:09:07.968+0000] {dag.py:3239} INFO - Sync 1 DAGs
[2026-08-23T01:09:07.984+0000] {logging_mixin.py:190} INFO - [2026-08-23T01:09:07.984+0000] {dag.py:4180} INFO - Setting next_dagrun for daily_inventory_pipeline to 2026-08-22 18:30:00+00:00, run_after=2026-08-23 18:30:00+00:00
[2026-08-23T01:09:07.998+0000] {processor.py:208} INFO - Processing /opt/airflow/dags/daily_inventory_pipeline.py took 0.150 seconds
[2026-08-23T01:09:38.190+0000] {processor.py:186} INFO - Started process (PID=677) to work on /opt/airflow/dags/daily_inventory_pipeline.py
[2026-08-23T01:09:38.191+0000] {processor.py:914} INFO - Processing file /opt/airflow/dags/daily_inventory_pipeline.py for tasks to queue
[2026-08-23T01:09:38.193+0000] {logging_mixin.py:190} INFO - [2026-08-23T01:09:38.193+0000] {dagbag.py:588} INFO - Filling up the DagBag from /opt/airflow/dags/daily_inventory_pipeline.py
[2026-08-23T01:09:38.290+0000] {processor.py:925} INFO - DAG(s) 'daily_inventory_pipeline' retrieved from /opt/airflow/dags/daily_inventory_pipeline.py
[2026-08-23T01:09:38.311+0000] {logging_mixin.py:190} INFO - [2026-08-23T01:09:38.311+0000] {dag.py:3239} INFO - Sync 1 DAGs
[2026-08-23T01:09:38.328+0000] {logging_mixin.py:190} INFO - [2026-08-23T01:09:38.328+0000] {dag.py:4180} INFO - Setting next_dagrun for daily_inventory_pipeline to 2026-08-22 18:30:00+00:00, run_after=2026-08-23 18:30:00+00:00
[2026-08-23T01:09:38.346+0000] {processor.py:208} INFO - Processing /opt/airflow/dags/daily_inventory_pipeline.py took 0.162 seconds
[2026-08-23T01:10:08.540+0000] {processor.py:186} INFO - Started process (PID=687) to work on /opt/airflow/dags/daily_inventory_pipeline.py
[2026-08-23T01:10:08.541+0000] {processor.py:914} INFO - Processing file /opt/airflow/dags/daily_inventory_pipeline.py for tasks to queue
[2026-08-23T01:10:08.543+0000] {logging_mixin.py:190} INFO - [2026-08-23T01:10:08.542+0000] {dagbag.py:588} INFO - Filling up the DagBag from /opt/airflow/dags/daily_inventory_pipeline.py
[2026-08-23T01:10:08.646+0000] {processor.py:925} INFO - DAG(s) 'daily_inventory_pipeline' retrieved from /opt/airflow/dags/daily_inventory_pipeline.py
[2026-08-23T01:10:08.668+0000] {logging_mixin.py:190} INFO - [2026-08-23T01:10:08.668+0000] {dag.py:3239} INFO - Sync 1 DAGs
[2026-08-23T01:10:08.686+0000] {logging_mixin.py:190} INFO - [2026-08-23T01:10:08.686+0000] {dag.py:4180} INFO - Setting next_dagrun for daily_inventory_pipeline to 2026-08-22 18:30:00+00:00, run_after=2026-08-23 18:30:00+00:00
[2026-08-23T01:10:08.701+0000] {processor.py:208} INFO - Processing /opt/airflow/dags/daily_inventory_pipeline.py took 0.168 seconds
[2026-08-23T01:10:38.888+0000] {processor.py:186} INFO - Started process (PID=697) to work on /opt/airflow/dags/daily_inventory_pipeline.py
[2026-08-23T01:10:38.889+0000] {processor.py:914} INFO - Processing file /opt/airflow/dags/daily_inventory_pipeline.py for tasks to queue
[2026-08-23T01:10:38.891+0000] {logging_mixin.py:190} INFO - [2026-08-23T01:10:38.891+0000] {dagbag.py:588} INFO - Filling up the DagBag from /opt/airflow/dags/daily_inventory_pipeline.py
[2026-08-23T01:10:39.004+0000] {processor.py:925} INFO - DAG(s) 'daily_inventory_pipeline' retrieved from /opt/airflow/dags/daily_inventory_pipeline.py
[2026-08-23T01:10:39.026+0000] {logging_mixin.py:190} INFO - [2026-08-23T01:10:39.026+0000] {dag.py:3239} INFO - Sync 1 DAGs
[2026-08-23T01:10:39.046+0000] {logging_mixin.py:190} INFO - [2026-08-23T01:10:39.046+0000] {dag.py:4180} INFO - Setting next_dagrun for daily_inventory_pipeline to 2026-08-22 18:30:00+00:00, run_after=2026-08-23 18:30:00+00:00
[2026-08-23T01:10:39.060+0000] {processor.py:208} INFO - Processing /opt/airflow/dags/daily_inventory_pipeline.py took 0.181 seconds
[2026-08-23T01:11:09.095+0000] {processor.py:186} INFO - Started process (PID=704) to work on /opt/airflow/dags/daily_inventory_pipeline.py
[2026-08-23T01:11:09.095+0000] {processor.py:914} INFO - Processing file /opt/airflow/dags/daily_inventory_pipeline.py for tasks to queue
[2026-08-23T01:11:09.097+0000] {logging_mixin.py:190} INFO - [2026-08-23T01:11:09.097+0000] {dagbag.py:588} INFO - Filling up the DagBag from /opt/airflow/dags/daily_inventory_pipeline.py
[2026-08-23T01:11:09.330+0000] {processor.py:925} INFO - DAG(s) 'daily_inventory_pipeline' retrieved from /opt/airflow/dags/daily_inventory_pipeline.py
[2026-08-23T01:11:09.361+0000] {logging_mixin.py:190} INFO - [2026-08-23T01:11:09.360+0000] {dag.py:3239} INFO - Sync 1 DAGs
[2026-08-23T01:11:09.379+0000] {logging_mixin.py:190} INFO - [2026-08-23T01:11:09.379+0000] {dag.py:4180} INFO - Setting next_dagrun for daily_inventory_pipeline to 2026-08-22 18:30:00+00:00, run_after=2026-08-23 18:30:00+00:00
[2026-08-23T01:11:09.395+0000] {processor.py:208} INFO - Processing /opt/airflow/dags/daily_inventory_pipeline.py took 0.305 seconds
[2026-08-23T01:11:39.594+0000] {processor.py:186} INFO - Started process (PID=714) to work on /opt/airflow/dags/daily_inventory_pipeline.py
[2026-08-23T01:11:39.595+0000] {processor.py:914} INFO - Processing file /opt/airflow/dags/daily_inventory_pipeline.py for tasks to queue
[2026-08-23T01:11:39.597+0000] {logging_mixin.py:190} INFO - [2026-08-23T01:11:39.597+0000] {dagbag.py:588} INFO - Filling up the DagBag from /opt/airflow/dags/daily_inventory_pipeline.py
[2026-08-23T01:11:39.733+0000] {processor.py:925} INFO - DAG(s) 'daily_inventory_pipeline' retrieved from /opt/airflow/dags/daily_inventory_pipeline.py
[2026-08-23T01:11:39.763+0000] {logging_mixin.py:190} INFO - [2026-08-23T01:11:39.763+0000] {dag.py:3239} INFO - Sync 1 DAGs
[2026-08-23T01:11:39.783+0000] {logging_mixin.py:190} INFO - [2026-08-23T01:11:39.783+0000] {dag.py:4180} INFO - Setting next_dagrun for daily_inventory_pipeline to 2026-08-22 18:30:00+00:00, run_after=2026-08-23 18:30:00+00:00
[2026-08-23T01:11:39.798+0000] {processor.py:208} INFO - Processing /opt/airflow/dags/daily_inventory_pipeline.py took 0.211 seconds
[2026-08-23T01:12:10.013+0000] {processor.py:186} INFO - Started process (PID=724) to work on /opt/airflow/dags/daily_inventory_pipeline.py
[2026-08-23T01:12:10.014+0000] {processor.py:914} INFO - Processing file /opt/airflow/dags/daily_inventory_pipeline.py for tasks to queue
[2026-08-23T01:12:10.015+0000] {logging_mixin.py:190} INFO - [2026-08-23T01:12:10.015+0000] {dagbag.py:588} INFO - Filling up the DagBag from /opt/airflow/dags/daily_inventory_pipeline.py
[2026-08-23T01:12:10.141+0000] {processor.py:925} INFO - DAG(s) 'daily_inventory_pipeline' retrieved from /opt/airflow/dags/daily_inventory_pipeline.py
[2026-08-23T01:12:10.163+0000] {logging_mixin.py:190} INFO - [2026-08-23T01:12:10.162+0000] {dag.py:3239} INFO - Sync 1 DAGs
[2026-08-23T01:12:10.181+0000] {logging_mixin.py:190} INFO - [2026-08-23T01:12:10.181+0000] {dag.py:4180} INFO - Setting next_dagrun for daily_inventory_pipeline to 2026-08-22 18:30:00+00:00, run_after=2026-08-23 18:30:00+00:00
[2026-08-23T01:12:10.201+0000] {processor.py:208} INFO - Processing /opt/airflow/dags/daily_inventory_pipeline.py took 0.194 seconds
[2026-08-23T01:12:40.603+0000] {processor.py:186} INFO - Started process (PID=737) to work on /opt/airflow/dags/daily_inventory_pipeline.py
[2026-08-23T01:12:40.604+0000] {processor.py:914} INFO - Processing file /opt/airflow/dags/daily_inventory_pipeline.py for tasks to queue
[2026-08-23T01:12:40.606+0000] {logging_mixin.py:190} INFO - [2026-08-23T01:12:40.605+0000] {dagbag.py:588} INFO - Filling up the DagBag from /opt/airflow/dags/daily_inventory_pipeline.py
[2026-08-23T01:12:40.699+0000] {processor.py:925} INFO - DAG(s) 'daily_inventory_pipeline' retrieved from /opt/airflow/dags/daily_inventory_pipeline.py
[2026-08-23T01:12:40.721+0000] {logging_mixin.py:190} INFO - [2026-08-23T01:12:40.721+0000] {dag.py:3239} INFO - Sync 1 DAGs
[2026-08-23T01:12:40.738+0000] {logging_mixin.py:190} INFO - [2026-08-23T01:12:40.738+0000] {dag.py:4180} INFO - Setting next_dagrun for daily_inventory_pipeline to 2026-08-22 18:30:00+00:00, run_after=2026-08-23 18:30:00+00:00
[2026-08-23T01:12:40.757+0000] {processor.py:208} INFO - Processing /opt/airflow/dags/daily_inventory_pipeline.py took 0.160 seconds
[2026-08-23T01:13:11.024+0000] {processor.py:186} INFO - Started process (PID=747) to work on /opt/airflow/dags/daily_inventory_pipeline.py
[2026-08-23T01:13:11.025+0000] {processor.py:914} INFO - Processing file /opt/airflow/dags/daily_inventory_pipeline.py for tasks to queue
[2026-08-23T01:13:11.028+0000] {logging_mixin.py:190} INFO - [2026-08-23T01:13:11.027+0000] {dagbag.py:588} INFO - Filling up the DagBag from /opt/airflow/dags/daily_inventory_pipeline.py
[2026-08-23T01:13:11.138+0000] {processor.py:925} INFO - DAG(s) 'daily_inventory_pipeline' retrieved from /opt/airflow/dags/daily_inventory_pipeline.py
[2026-08-23T01:13:11.160+0000] {logging_mixin.py:190} INFO - [2026-08-23T01:13:11.160+0000] {dag.py:3239} INFO - Sync 1 DAGs
[2026-08-23T01:13:11.179+0000] {logging_mixin.py:190} INFO - [2026-08-23T01:13:11.179+0000] {dag.py:4180} INFO - Setting next_dagrun for daily_inventory_pipeline to 2026-08-22 18:30:00+00:00, run_after=2026-08-23 18:30:00+00:00
[2026-08-23T01:13:11.193+0000] {processor.py:208} INFO - Processing /opt/airflow/dags/daily_inventory_pipeline.py took 0.176 seconds
[2026-08-23T01:13:41.246+0000] {processor.py:186} INFO - Started process (PID=757) to work on /opt/airflow/dags/daily_inventory_pipeline.py
[2026-08-23T01:13:41.247+0000] {processor.py:914} INFO - Processing file /opt/airflow/dags/daily_inventory_pipeline.py for tasks to queue
[2026-08-23T01:13:41.249+0000] {logging_mixin.py:190} INFO - [2026-08-23T01:13:41.249+0000] {dagbag.py:588} INFO - Filling up the DagBag from /opt/airflow/dags/daily_inventory_pipeline.py
[2026-08-23T01:13:41.333+0000] {processor.py:925} INFO - DAG(s) 'daily_inventory_pipeline' retrieved from /opt/airflow/dags/daily_inventory_pipeline.py
[2026-08-23T01:13:41.353+0000] {logging_mixin.py:190} INFO - [2026-08-23T01:13:41.353+0000] {dag.py:3239} INFO - Sync 1 DAGs
[2026-08-23T01:13:41.370+0000] {logging_mixin.py:190} INFO - [2026-08-23T01:13:41.370+0000] {dag.py:4180} INFO - Setting next_dagrun for daily_inventory_pipeline to 2026-08-22 18:30:00+00:00, run_after=2026-08-23 18:30:00+00:00
[2026-08-23T01:13:41.382+0000] {processor.py:208} INFO - Processing /opt/airflow/dags/daily_inventory_pipeline.py took 0.141 seconds
[2026-08-23T01:14:11.500+0000] {processor.py:186} INFO - Started process (PID=767) to work on /opt/airflow/dags/daily_inventory_pipeline.py
[2026-08-23T01:14:11.501+0000] {processor.py:914} INFO - Processing file /opt/airflow/dags/daily_inventory_pipeline.py for tasks to queue
[2026-08-23T01:14:11.503+0000] {logging_mixin.py:190} INFO - [2026-08-23T01:14:11.502+0000] {dagbag.py:588} INFO - Filling up the DagBag from /opt/airflow/dags/daily_inventory_pipeline.py
[2026-08-23T01:14:11.604+0000] {processor.py:925} INFO - DAG(s) 'daily_inventory_pipeline' retrieved from /opt/airflow/dags/daily_inventory_pipeline.py
[2026-08-23T01:14:11.627+0000] {logging_mixin.py:190} INFO - [2026-08-23T01:14:11.626+0000] {dag.py:3239} INFO - Sync 1 DAGs
[2026-08-23T01:14:11.644+0000] {logging_mixin.py:190} INFO - [2026-08-23T01:14:11.643+0000] {dag.py:4180} INFO - Setting next_dagrun for daily_inventory_pipeline to 2026-08-22 18:30:00+00:00, run_after=2026-08-23 18:30:00+00:00
[2026-08-23T01:14:11.663+0000] {processor.py:208} INFO - Processing /opt/airflow/dags/daily_inventory_pipeline.py took 0.170 seconds
[2026-08-23T01:14:41.853+0000] {processor.py:186} INFO - Started process (PID=777) to work on /opt/airflow/dags/daily_inventory_pipeline.py
[2026-08-23T01:14:41.854+0000] {processor.py:914} INFO - Processing file /opt/airflow/dags/daily_inventory_pipeline.py for tasks to queue
[2026-08-23T01:14:41.855+0000] {logging_mixin.py:190} INFO - [2026-08-23T01:14:41.855+0000] {dagbag.py:588} INFO - Filling up the DagBag from /opt/airflow/dags/daily_inventory_pipeline.py
[2026-08-23T01:14:41.941+0000] {processor.py:925} INFO - DAG(s) 'daily_inventory_pipeline' retrieved from /opt/airflow/dags/daily_inventory_pipeline.py
[2026-08-23T01:14:41.962+0000] {logging_mixin.py:190} INFO - [2026-08-23T01:14:41.962+0000] {dag.py:3239} INFO - Sync 1 DAGs
[2026-08-23T01:14:41.978+0000] {logging_mixin.py:190} INFO - [2026-08-23T01:14:41.978+0000] {dag.py:4180} INFO - Setting next_dagrun for daily_inventory_pipeline to 2026-08-22 18:30:00+00:00, run_after=2026-08-23 18:30:00+00:00
[2026-08-23T01:14:41.991+0000] {processor.py:208} INFO - Processing /opt/airflow/dags/daily_inventory_pipeline.py took 0.144 seconds
[2026-08-23T01:15:12.122+0000] {processor.py:186} INFO - Started process (PID=787) to work on /opt/airflow/dags/daily_inventory_pipeline.py
[2026-08-23T01:15:12.124+0000] {processor.py:914} INFO - Processing file /opt/airflow/dags/daily_inventory_pipeline.py for tasks to queue
[2026-08-23T01:15:12.126+0000] {logging_mixin.py:190} INFO - [2026-08-23T01:15:12.126+0000] {dagbag.py:588} INFO - Filling up the DagBag from /opt/airflow/dags/daily_inventory_pipeline.py
[2026-08-23T01:15:12.255+0000] {processor.py:925} INFO - DAG(s) 'daily_inventory_pipeline' retrieved from /opt/airflow/dags/daily_inventory_pipeline.py
[2026-08-23T01:15:12.277+0000] {logging_mixin.py:190} INFO - [2026-08-23T01:15:12.277+0000] {dag.py:3239} INFO - Sync 1 DAGs
[2026-08-23T01:15:12.295+0000] {logging_mixin.py:190} INFO - [2026-08-23T01:15:12.295+0000] {dag.py:4180} INFO - Setting next_dagrun for daily_inventory_pipeline to 2026-08-22 18:30:00+00:00, run_after=2026-08-23 18:30:00+00:00
[2026-08-23T01:15:12.309+0000] {processor.py:208} INFO - Processing /opt/airflow/dags/daily_inventory_pipeline.py took 0.194 seconds
[2026-08-23T01:15:42.511+0000] {processor.py:186} INFO - Started process (PID=797) to work on /opt/airflow/dags/daily_inventory_pipeline.py
[2026-08-23T01:15:42.512+0000] {processor.py:914} INFO - Processing file /opt/airflow/dags/daily_inventory_pipeline.py for tasks to queue
[2026-08-23T01:15:42.514+0000] {logging_mixin.py:190} INFO - [2026-08-23T01:15:42.514+0000] {dagbag.py:588} INFO - Filling up the DagBag from /opt/airflow/dags/daily_inventory_pipeline.py
[2026-08-23T01:15:42.610+0000] {processor.py:925} INFO - DAG(s) 'daily_inventory_pipeline' retrieved from /opt/airflow/dags/daily_inventory_pipeline.py
[2026-08-23T01:15:42.632+0000] {logging_mixin.py:190} INFO - [2026-08-23T01:15:42.631+0000] {dag.py:3239} INFO - Sync 1 DAGs
[2026-08-23T01:15:42.652+0000] {logging_mixin.py:190} INFO - [2026-08-23T01:15:42.652+0000] {dag.py:4180} INFO - Setting next_dagrun for daily_inventory_pipeline to 2026-08-22 18:30:00+00:00, run_after=2026-08-23 18:30:00+00:00
[2026-08-23T01:15:42.671+0000] {processor.py:208} INFO - Processing /opt/airflow/dags/daily_inventory_pipeline.py took 0.165 seconds
[2026-08-23T01:16:12.946+0000] {processor.py:186} INFO - Started process (PID=807) to work on /opt/airflow/dags/daily_inventory_pipeline.py
[2026-08-23T01:16:12.947+0000] {processor.py:914} INFO - Processing file /opt/airflow/dags/daily_inventory_pipeline.py for tasks to queue
[2026-08-23T01:16:12.949+0000] {logging_mixin.py:190} INFO - [2026-08-23T01:16:12.948+0000] {dagbag.py:588} INFO - Filling up the DagBag from /opt/airflow/dags/daily_inventory_pipeline.py
[2026-08-23T01:16:13.029+0000] {processor.py:925} INFO - DAG(s) 'daily_inventory_pipeline' retrieved from /opt/airflow/dags/daily_inventory_pipeline.py
[2026-08-23T01:16:13.048+0000] {logging_mixin.py:190} INFO - [2026-08-23T01:16:13.047+0000] {dag.py:3239} INFO - Sync 1 DAGs
[2026-08-23T01:16:13.064+0000] {logging_mixin.py:190} INFO - [2026-08-23T01:16:13.064+0000] {dag.py:4180} INFO - Setting next_dagrun for daily_inventory_pipeline to 2026-08-22 18:30:00+00:00, run_after=2026-08-23 18:30:00+00:00
[2026-08-23T01:16:13.083+0000] {processor.py:208} INFO - Processing /opt/airflow/dags/daily_inventory_pipeline.py took 0.142 seconds
[2026-08-23T01:16:43.224+0000] {processor.py:186} INFO - Started process (PID=817) to work on /opt/airflow/dags/daily_inventory_pipeline.py
[2026-08-23T01:16:43.225+0000] {processor.py:914} INFO - Processing file /opt/airflow/dags/daily_inventory_pipeline.py for tasks to queue
[2026-08-23T01:16:43.227+0000] {logging_mixin.py:190} INFO - [2026-08-23T01:16:43.227+0000] {dagbag.py:588} INFO - Filling up the DagBag from /opt/airflow/dags/daily_inventory_pipeline.py
[2026-08-23T01:16:43.330+0000] {processor.py:925} INFO - DAG(s) 'daily_inventory_pipeline' retrieved from /opt/airflow/dags/daily_inventory_pipeline.py
[2026-08-23T01:16:43.351+0000] {logging_mixin.py:190} INFO - [2026-08-23T01:16:43.351+0000] {dag.py:3239} INFO - Sync 1 DAGs
[2026-08-23T01:16:43.367+0000] {logging_mixin.py:190} INFO - [2026-08-23T01:16:43.367+0000] {dag.py:4180} INFO - Setting next_dagrun for daily_inventory_pipeline to 2026-08-22 18:30:00+00:00, run_after=2026-08-23 18:30:00+00:00
[2026-08-23T01:16:43.380+0000] {processor.py:208} INFO - Processing /opt/airflow/dags/daily_inventory_pipeline.py took 0.161 seconds
[2026-08-23T01:17:13.610+0000] {processor.py:186} INFO - Started process (PID=827) to work on /opt/airflow/dags/daily_inventory_pipeline.py
[2026-08-23T01:17:13.611+0000] {processor.py:914} INFO - Processing file /opt/airflow/dags/daily_inventory_pipeline.py for tasks to queue
[2026-08-23T01:17:13.613+0000] {logging_mixin.py:190} INFO - [2026-08-23T01:17:13.613+0000] {dagbag.py:588} INFO - Filling up the DagBag from /opt/airflow/dags/daily_inventory_pipeline.py
[2026-08-23T01:17:13.715+0000] {processor.py:925} INFO - DAG(s) 'daily_inventory_pipeline' retrieved from /opt/airflow/dags/daily_inventory_pipeline.py
[2026-08-23T01:17:13.737+0000] {logging_mixin.py:190} INFO - [2026-08-23T01:17:13.737+0000] {dag.py:3239} INFO - Sync 1 DAGs
[2026-08-23T01:17:13.754+0000] {logging_mixin.py:190} INFO - [2026-08-23T01:17:13.754+0000] {dag.py:4180} INFO - Setting next_dagrun for daily_inventory_pipeline to 2026-08-22 18:30:00+00:00, run_after=2026-08-23 18:30:00+00:00
[2026-08-23T01:17:13.766+0000] {processor.py:208} INFO - Processing /opt/airflow/dags/daily_inventory_pipeline.py took 0.164 seconds
[2026-08-23T01:17:44.004+0000] {processor.py:186} INFO - Started process (PID=837) to work on /opt/airflow/dags/daily_inventory_pipeline.py
[2026-08-23T01:17:44.004+0000] {processor.py:914} INFO - Processing file /opt/airflow/dags/daily_inventory_pipeline.py for tasks to queue
[2026-08-23T01:17:44.006+0000] {logging_mixin.py:190} INFO - [2026-08-23T01:17:44.006+0000] {dagbag.py:588} INFO - Filling up the DagBag from /opt/airflow/dags/daily_inventory_pipeline.py
[2026-08-23T01:17:44.094+0000] {processor.py:925} INFO - DAG(s) 'daily_inventory_pipeline' retrieved from /opt/airflow/dags/daily_inventory_pipeline.py
[2026-08-23T01:17:44.114+0000] {logging_mixin.py:190} INFO - [2026-08-23T01:17:44.114+0000] {dag.py:3239} INFO - Sync 1 DAGs
[2026-08-23T01:17:44.130+0000] {logging_mixin.py:190} INFO - [2026-08-23T01:17:44.130+0000] {dag.py:4180} INFO - Setting next_dagrun for daily_inventory_pipeline to 2026-08-22 18:30:00+00:00, run_after=2026-08-23 18:30:00+00:00
[2026-08-23T01:17:44.142+0000] {processor.py:208} INFO - Processing /opt/airflow/dags/daily_inventory_pipeline.py took 0.144 seconds
[2026-08-23T01:18:14.305+0000] {processor.py:186} INFO - Started process (PID=847) to work on /opt/airflow/dags/daily_inventory_pipeline.py
[2026-08-23T01:18:14.306+0000] {processor.py:914} INFO - Processing file /opt/airflow/dags/daily_inventory_pipeline.py for tasks to queue
[2026-08-23T01:18:14.308+0000] {logging_mixin.py:190} INFO - [2026-08-23T01:18:14.307+0000] {dagbag.py:588} INFO - Filling up the DagBag from /opt/airflow/dags/daily_inventory_pipeline.py
[2026-08-23T01:18:14.391+0000] {processor.py:925} INFO - DAG(s) 'daily_inventory_pipeline' retrieved from /opt/airflow/dags/daily_inventory_pipeline.py
[2026-08-23T01:18:14.412+0000] {logging_mixin.py:190} INFO - [2026-08-23T01:18:14.412+0000] {dag.py:3239} INFO - Sync 1 DAGs
[2026-08-23T01:18:14.428+0000] {logging_mixin.py:190} INFO - [2026-08-23T01:18:14.428+0000] {dag.py:4180} INFO - Setting next_dagrun for daily_inventory_pipeline to 2026-08-22 18:30:00+00:00, run_after=2026-08-23 18:30:00+00:00
[2026-08-23T01:18:14.442+0000] {processor.py:208} INFO - Processing /opt/airflow/dags/daily_inventory_pipeline.py took 0.142 seconds
[2026-08-23T01:18:44.657+0000] {processor.py:186} INFO - Started process (PID=857) to work on /opt/airflow/dags/daily_inventory_pipeline.py
[2026-08-23T01:18:44.658+0000] {processor.py:914} INFO - Processing file /opt/airflow/dags/daily_inventory_pipeline.py for tasks to queue
[2026-08-23T01:18:44.660+0000] {logging_mixin.py:190} INFO - [2026-08-23T01:18:44.659+0000] {dagbag.py:588} INFO - Filling up the DagBag from /opt/airflow/dags/daily_inventory_pipeline.py
[2026-08-23T01:18:44.751+0000] {processor.py:925} INFO - DAG(s) 'daily_inventory_pipeline' retrieved from /opt/airflow/dags/daily_inventory_pipeline.py
[2026-08-23T01:18:44.770+0000] {logging_mixin.py:190} INFO - [2026-08-23T01:18:44.770+0000] {dag.py:3239} INFO - Sync 1 DAGs
[2026-08-23T01:18:44.787+0000] {logging_mixin.py:190} INFO - [2026-08-23T01:18:44.786+0000] {dag.py:4180} INFO - Setting next_dagrun for daily_inventory_pipeline to 2026-08-22 18:30:00+00:00, run_after=2026-08-23 18:30:00+00:00
[2026-08-23T01:18:44.805+0000] {processor.py:208} INFO - Processing /opt/airflow/dags/daily_inventory_pipeline.py took 0.154 seconds
[2026-08-23T01:19:15.147+0000] {processor.py:186} INFO - Started process (PID=867) to work on /opt/airflow/dags/daily_inventory_pipeline.py
[2026-08-23T01:19:15.148+0000] {processor.py:914} INFO - Processing file /opt/airflow/dags/daily_inventory_pipeline.py for tasks to queue
[2026-08-23T01:19:15.150+0000] {logging_mixin.py:190} INFO - [2026-08-23T01:19:15.150+0000] {dagbag.py:588} INFO - Filling up the DagBag from /opt/airflow/dags/daily_inventory_pipeline.py
[2026-08-23T01:19:15.235+0000] {processor.py:925} INFO - DAG(s) 'daily_inventory_pipeline' retrieved from /opt/airflow/dags/daily_inventory_pipeline.py
[2026-08-23T01:19:15.255+0000] {logging_mixin.py:190} INFO - [2026-08-23T01:19:15.255+0000] {dag.py:3239} INFO - Sync 1 DAGs
[2026-08-23T01:19:15.272+0000] {logging_mixin.py:190} INFO - [2026-08-23T01:19:15.272+0000] {dag.py:4180} INFO - Setting next_dagrun for daily_inventory_pipeline to 2026-08-22 18:30:00+00:00, run_after=2026-08-23 18:30:00+00:00
[2026-08-23T01:19:15.285+0000] {processor.py:208} INFO - Processing /opt/airflow/dags/daily_inventory_pipeline.py took 0.143 seconds
[2026-08-23T01:19:45.468+0000] {processor.py:186} INFO - Started process (PID=877) to work on /opt/airflow/dags/daily_inventory_pipeline.py
[2026-08-23T01:19:45.470+0000] {processor.py:914} INFO - Processing file /opt/airflow/dags/daily_inventory_pipeline.py for tasks to queue
[2026-08-23T01:19:45.472+0000] {logging_mixin.py:190} INFO - [2026-08-23T01:19:45.471+0000] {dagbag.py:588} INFO - Filling up the DagBag from /opt/airflow/dags/daily_inventory_pipeline.py
[2026-08-23T01:19:45.557+0000] {processor.py:925} INFO - DAG(s) 'daily_inventory_pipeline' retrieved from /opt/airflow/dags/daily_inventory_pipeline.py
[2026-08-23T01:19:45.578+0000] {logging_mixin.py:190} INFO - [2026-08-23T01:19:45.578+0000] {dag.py:3239} INFO - Sync 1 DAGs
[2026-08-23T01:19:45.594+0000] {logging_mixin.py:190} INFO - [2026-08-23T01:19:45.594+0000] {dag.py:4180} INFO - Setting next_dagrun for daily_inventory_pipeline to 2026-08-22 18:30:00+00:00, run_after=2026-08-23 18:30:00+00:00
[2026-08-23T01:19:45.606+0000] {processor.py:208} INFO - Processing /opt/airflow/dags/daily_inventory_pipeline.py took 0.146 seconds
[2026-08-23T01:20:15.971+0000] {processor.py:186} INFO - Started process (PID=887) to work on /opt/airflow/dags/daily_inventory_pipeline.py
[2026-08-23T01:20:15.971+0000] {processor.py:914} INFO - Processing file /opt/airflow/dags/daily_inventory_pipeline.py for tasks to queue
[2026-08-23T01:20:15.973+0000] {logging_mixin.py:190} INFO - [2026-08-23T01:20:15.973+0000] {dagbag.py:588} INFO - Filling up the DagBag from /opt/airflow/dags/daily_inventory_pipeline.py
[2026-08-23T01:20:16.058+0000] {processor.py:925} INFO - DAG(s) 'daily_inventory_pipeline' retrieved from /opt/airflow/dags/daily_inventory_pipeline.py
[2026-08-23T01:20:16.079+0000] {logging_mixin.py:190} INFO - [2026-08-23T01:20:16.079+0000] {dag.py:3239} INFO - Sync 1 DAGs
[2026-08-23T01:20:16.094+0000] {logging_mixin.py:190} INFO - [2026-08-23T01:20:16.094+0000] {dag.py:4180} INFO - Setting next_dagrun for daily_inventory_pipeline to 2026-08-22 18:30:00+00:00, run_after=2026-08-23 18:30:00+00:00
[2026-08-23T01:20:16.110+0000] {processor.py:208} INFO - Processing /opt/airflow/dags/daily_inventory_pipeline.py took 0.145 seconds
[2026-08-23T01:20:46.299+0000] {processor.py:186} INFO - Started process (PID=897) to work on /opt/airflow/dags/daily_inventory_pipeline.py
[2026-08-23T01:20:46.300+0000] {processor.py:914} INFO - Processing file /opt/airflow/dags/daily_inventory_pipeline.py for tasks to queue
[2026-08-23T01:20:46.302+0000] {logging_mixin.py:190} INFO - [2026-08-23T01:20:46.302+0000] {dagbag.py:588} INFO - Filling up the DagBag from /opt/airflow/dags/daily_inventory_pipeline.py
[2026-08-23T01:20:46.387+0000] {processor.py:925} INFO - DAG(s) 'daily_inventory_pipeline' retrieved from /opt/airflow/dags/daily_inventory_pipeline.py
[2026-08-23T01:20:46.407+0000] {logging_mixin.py:190} INFO - [2026-08-23T01:20:46.407+0000] {dag.py:3239} INFO - Sync 1 DAGs
[2026-08-23T01:20:46.424+0000] {logging_mixin.py:190} INFO - [2026-08-23T01:20:46.424+0000] {dag.py:4180} INFO - Setting next_dagrun for daily_inventory_pipeline to 2026-08-22 18:30:00+00:00, run_after=2026-08-23 18:30:00+00:00
[2026-08-23T01:20:46.440+0000] {processor.py:208} INFO - Processing /opt/airflow/dags/daily_inventory_pipeline.py took 0.147 seconds
[2026-08-23T01:21:16.831+0000] {processor.py:186} INFO - Started process (PID=907) to work on /opt/airflow/dags/daily_inventory_pipeline.py
[2026-08-23T01:21:16.832+0000] {processor.py:914} INFO - Processing file /opt/airflow/dags/daily_inventory_pipeline.py for tasks to queue
[2026-08-23T01:21:16.833+0000] {logging_mixin.py:190} INFO - [2026-08-23T01:21:16.833+0000] {dagbag.py:588} INFO - Filling up the DagBag from /opt/airflow/dags/daily_inventory_pipeline.py
[2026-08-23T01:21:16.918+0000] {processor.py:925} INFO - DAG(s) 'daily_inventory_pipeline' retrieved from /opt/airflow/dags/daily_inventory_pipeline.py
[2026-08-23T01:21:16.939+0000] {logging_mixin.py:190} INFO - [2026-08-23T01:21:16.939+0000] {dag.py:3239} INFO - Sync 1 DAGs
[2026-08-23T01:21:16.957+0000] {logging_mixin.py:190} INFO - [2026-08-23T01:21:16.957+0000] {dag.py:4180} INFO - Setting next_dagrun for daily_inventory_pipeline to 2026-08-22 18:30:00+00:00, run_after=2026-08-23 18:30:00+00:00
[2026-08-23T01:21:16.974+0000] {processor.py:208} INFO - Processing /opt/airflow/dags/daily_inventory_pipeline.py took 0.148 seconds
[2026-08-23T01:21:47.168+0000] {processor.py:186} INFO - Started process (PID=917) to work on /opt/airflow/dags/daily_inventory_pipeline.py
[2026-08-23T01:21:47.169+0000] {processor.py:914} INFO - Processing file /opt/airflow/dags/daily_inventory_pipeline.py for tasks to queue
[2026-08-23T01:21:47.171+0000] {logging_mixin.py:190} INFO - [2026-08-23T01:21:47.171+0000] {dagbag.py:588} INFO - Filling up the DagBag from /opt/airflow/dags/daily_inventory_pipeline.py
[2026-08-23T01:21:47.254+0000] {processor.py:925} INFO - DAG(s) 'daily_inventory_pipeline' retrieved from /opt/airflow/dags/daily_inventory_pipeline.py
[2026-08-23T01:21:47.273+0000] {logging_mixin.py:190} INFO - [2026-08-23T01:21:47.273+0000] {dag.py:3239} INFO - Sync 1 DAGs
[2026-08-23T01:21:47.289+0000] {logging_mixin.py:190} INFO - [2026-08-23T01:21:47.289+0000] {dag.py:4180} INFO - Setting next_dagrun for daily_inventory_pipeline to 2026-08-22 18:30:00+00:00, run_after=2026-08-23 18:30:00+00:00
[2026-08-23T01:21:47.306+0000] {processor.py:208} INFO - Processing /opt/airflow/dags/daily_inventory_pipeline.py took 0.144 seconds
[2026-08-23T01:22:17.666+0000] {processor.py:186} INFO - Started process (PID=927) to work on /opt/airflow/dags/daily_inventory_pipeline.py
[2026-08-23T01:22:17.666+0000] {processor.py:914} INFO - Processing file /opt/airflow/dags/daily_inventory_pipeline.py for tasks to queue
[2026-08-23T01:22:17.668+0000] {logging_mixin.py:190} INFO - [2026-08-23T01:22:17.668+0000] {dagbag.py:588} INFO - Filling up the DagBag from /opt/airflow/dags/daily_inventory_pipeline.py
[2026-08-23T01:22:17.755+0000] {processor.py:925} INFO - DAG(s) 'daily_inventory_pipeline' retrieved from /opt/airflow/dags/daily_inventory_pipeline.py
[2026-08-23T01:22:17.774+0000] {logging_mixin.py:190} INFO - [2026-08-23T01:22:17.774+0000] {dag.py:3239} INFO - Sync 1 DAGs
[2026-08-23T01:22:17.789+0000] {logging_mixin.py:190} INFO - [2026-08-23T01:22:17.789+0000] {dag.py:4180} INFO - Setting next_dagrun for daily_inventory_pipeline to 2026-08-22 18:30:00+00:00, run_after=2026-08-23 18:30:00+00:00
[2026-08-23T01:22:17.802+0000] {processor.py:208} INFO - Processing /opt/airflow/dags/daily_inventory_pipeline.py took 0.142 seconds
[2026-08-23T01:22:47.985+0000] {processor.py:186} INFO - Started process (PID=937) to work on /opt/airflow/dags/daily_inventory_pipeline.py
[2026-08-23T01:22:47.986+0000] {processor.py:914} INFO - Processing file /opt/airflow/dags/daily_inventory_pipeline.py for tasks to queue
[2026-08-23T01:22:47.988+0000] {logging_mixin.py:190} INFO - [2026-08-23T01:22:47.988+0000] {dagbag.py:588} INFO - Filling up the DagBag from /opt/airflow/dags/daily_inventory_pipeline.py
[2026-08-23T01:22:48.082+0000] {processor.py:925} INFO - DAG(s) 'daily_inventory_pipeline' retrieved from /opt/airflow/dags/daily_inventory_pipeline.py
[2026-08-23T01:22:48.101+0000] {logging_mixin.py:190} INFO - [2026-08-23T01:22:48.101+0000] {dag.py:3239} INFO - Sync 1 DAGs
[2026-08-23T01:22:48.118+0000] {logging_mixin.py:190} INFO - [2026-08-23T01:22:48.118+0000] {dag.py:4180} INFO - Setting next_dagrun for daily_inventory_pipeline to 2026-08-22 18:30:00+00:00, run_after=2026-08-23 18:30:00+00:00
[2026-08-23T01:22:48.134+0000] {processor.py:208} INFO - Processing /opt/airflow/dags/daily_inventory_pipeline.py took 0.157 seconds
[2026-08-23T01:23:18.341+0000] {processor.py:186} INFO - Started process (PID=947) to work on /opt/airflow/dags/daily_inventory_pipeline.py
[2026-08-23T01:23:18.342+0000] {processor.py:914} INFO - Processing file /opt/airflow/dags/daily_inventory_pipeline.py for tasks to queue
[2026-08-23T01:23:18.344+0000] {logging_mixin.py:190} INFO - [2026-08-23T01:23:18.344+0000] {dagbag.py:588} INFO - Filling up the DagBag from /opt/airflow/dags/daily_inventory_pipeline.py
[2026-08-23T01:23:18.440+0000] {processor.py:925} INFO - DAG(s) 'daily_inventory_pipeline' retrieved from /opt/airflow/dags/daily_inventory_pipeline.py
[2026-08-23T01:23:18.460+0000] {logging_mixin.py:190} INFO - [2026-08-23T01:23:18.460+0000] {dag.py:3239} INFO - Sync 1 DAGs
[2026-08-23T01:23:18.476+0000] {logging_mixin.py:190} INFO - [2026-08-23T01:23:18.475+0000] {dag.py:4180} INFO - Setting next_dagrun for daily_inventory_pipeline to 2026-08-22 18:30:00+00:00, run_after=2026-08-23 18:30:00+00:00
[2026-08-23T01:23:18.488+0000] {processor.py:208} INFO - Processing /opt/airflow/dags/daily_inventory_pipeline.py took 0.152 seconds
[2026-08-23T01:23:48.742+0000] {processor.py:186} INFO - Started process (PID=957) to work on /opt/airflow/dags/daily_inventory_pipeline.py
[2026-08-23T01:23:48.743+0000] {processor.py:914} INFO - Processing file /opt/airflow/dags/daily_inventory_pipeline.py for tasks to queue
[2026-08-23T01:23:48.745+0000] {logging_mixin.py:190} INFO - [2026-08-23T01:23:48.745+0000] {dagbag.py:588} INFO - Filling up the DagBag from /opt/airflow/dags/daily_inventory_pipeline.py
[2026-08-23T01:23:48.834+0000] {processor.py:925} INFO - DAG(s) 'daily_inventory_pipeline' retrieved from /opt/airflow/dags/daily_inventory_pipeline.py
[2026-08-23T01:23:48.855+0000] {logging_mixin.py:190} INFO - [2026-08-23T01:23:48.855+0000] {dag.py:3239} INFO - Sync 1 DAGs
[2026-08-23T01:23:48.872+0000] {logging_mixin.py:190} INFO - [2026-08-23T01:23:48.872+0000] {dag.py:4180} INFO - Setting next_dagrun for daily_inventory_pipeline to 2026-08-22 18:30:00+00:00, run_after=2026-08-23 18:30:00+00:00
[2026-08-23T01:23:48.890+0000] {processor.py:208} INFO - Processing /opt/airflow/dags/daily_inventory_pipeline.py took 0.153 seconds
[2026-08-23T01:24:19.225+0000] {processor.py:186} INFO - Started process (PID=967) to work on /opt/airflow/dags/daily_inventory_pipeline.py
[2026-08-23T01:24:19.226+0000] {processor.py:914} INFO - Processing file /opt/airflow/dags/daily_inventory_pipeline.py for tasks to queue
[2026-08-23T01:24:19.228+0000] {logging_mixin.py:190} INFO - [2026-08-23T01:24:19.228+0000] {dagbag.py:588} INFO - Filling up the DagBag from /opt/airflow/dags/daily_inventory_pipeline.py
[2026-08-23T01:24:19.312+0000] {processor.py:925} INFO - DAG(s) 'daily_inventory_pipeline' retrieved from /opt/airflow/dags/daily_inventory_pipeline.py
[2026-08-23T01:24:19.333+0000] {logging_mixin.py:190} INFO - [2026-08-23T01:24:19.333+0000] {dag.py:3239} INFO - Sync 1 DAGs
[2026-08-23T01:24:19.350+0000] {logging_mixin.py:190} INFO - [2026-08-23T01:24:19.350+0000] {dag.py:4180} INFO - Setting next_dagrun for daily_inventory_pipeline to 2026-08-22 18:30:00+00:00, run_after=2026-08-23 18:30:00+00:00
[2026-08-23T01:24:19.367+0000] {processor.py:208} INFO - Processing /opt/airflow/dags/daily_inventory_pipeline.py took 0.147 seconds
[2026-08-23T01:24:49.609+0000] {processor.py:186} INFO - Started process (PID=977) to work on /opt/airflow/dags/daily_inventory_pipeline.py
[2026-08-23T01:24:49.610+0000] {processor.py:914} INFO - Processing file /opt/airflow/dags/daily_inventory_pipeline.py for tasks to queue
[2026-08-23T01:24:49.612+0000] {logging_mixin.py:190} INFO - [2026-08-23T01:24:49.612+0000] {dagbag.py:588} INFO - Filling up the DagBag from /opt/airflow/dags/daily_inventory_pipeline.py
[2026-08-23T01:24:49.700+0000] {processor.py:925} INFO - DAG(s) 'daily_inventory_pipeline' retrieved from /opt/airflow/dags/daily_inventory_pipeline.py
[2026-08-23T01:24:49.720+0000] {logging_mixin.py:190} INFO - [2026-08-23T01:24:49.720+0000] {dag.py:3239} INFO - Sync 1 DAGs
[2026-08-23T01:24:49.737+0000] {logging_mixin.py:190} INFO - [2026-08-23T01:24:49.737+0000] {dag.py:4180} INFO - Setting next_dagrun for daily_inventory_pipeline to 2026-08-22 18:30:00+00:00, run_after=2026-08-23 18:30:00+00:00
[2026-08-23T01:24:49.755+0000] {processor.py:208} INFO - Processing /opt/airflow/dags/daily_inventory_pipeline.py took 0.151 seconds
[2026-08-23T01:25:19.942+0000] {processor.py:186} INFO - Started process (PID=987) to work on /opt/airflow/dags/daily_inventory_pipeline.py
[2026-08-23T01:25:19.943+0000] {processor.py:914} INFO - Processing file /opt/airflow/dags/daily_inventory_pipeline.py for tasks to queue
[2026-08-23T01:25:19.945+0000] {logging_mixin.py:190} INFO - [2026-08-23T01:25:19.945+0000] {dagbag.py:588} INFO - Filling up the DagBag from /opt/airflow/dags/daily_inventory_pipeline.py
[2026-08-23T01:25:20.088+0000] {processor.py:925} INFO - DAG(s) 'daily_inventory_pipeline' retrieved from /opt/airflow/dags/daily_inventory_pipeline.py
[2026-08-23T01:25:20.109+0000] {logging_mixin.py:190} INFO - [2026-08-23T01:25:20.109+0000] {dag.py:3239} INFO - Sync 1 DAGs
[2026-08-23T01:25:20.126+0000] {logging_mixin.py:190} INFO - [2026-08-23T01:25:20.126+0000] {dag.py:4180} INFO - Setting next_dagrun for daily_inventory_pipeline to 2026-08-22 18:30:00+00:00, run_after=2026-08-23 18:30:00+00:00
[2026-08-23T01:25:20.140+0000] {processor.py:208} INFO - Processing /opt/airflow/dags/daily_inventory_pipeline.py took 0.203 seconds
[2026-08-23T01:25:50.300+0000] {processor.py:186} INFO - Started process (PID=997) to work on /opt/airflow/dags/daily_inventory_pipeline.py
[2026-08-23T01:25:50.301+0000] {processor.py:914} INFO - Processing file /opt/airflow/dags/daily_inventory_pipeline.py for tasks to queue
[2026-08-23T01:25:50.303+0000] {logging_mixin.py:190} INFO - [2026-08-23T01:25:50.303+0000] {dagbag.py:588} INFO - Filling up the DagBag from /opt/airflow/dags/daily_inventory_pipeline.py
[2026-08-23T01:25:50.406+0000] {processor.py:925} INFO - DAG(s) 'daily_inventory_pipeline' retrieved from /opt/airflow/dags/daily_inventory_pipeline.py
[2026-08-23T01:25:50.427+0000] {logging_mixin.py:190} INFO - [2026-08-23T01:25:50.427+0000] {dag.py:3239} INFO - Sync 1 DAGs
[2026-08-23T01:25:50.443+0000] {logging_mixin.py:190} INFO - [2026-08-23T01:25:50.443+0000] {dag.py:4180} INFO - Setting next_dagrun for daily_inventory_pipeline to 2026-08-22 18:30:00+00:00, run_after=2026-08-23 18:30:00+00:00
[2026-08-23T01:25:50.458+0000] {processor.py:208} INFO - Processing /opt/airflow/dags/daily_inventory_pipeline.py took 0.164 seconds
[2026-08-23T01:26:20.732+0000] {processor.py:186} INFO - Started process (PID=1007) to work on /opt/airflow/dags/daily_inventory_pipeline.py
[2026-08-23T01:26:20.733+0000] {processor.py:914} INFO - Processing file /opt/airflow/dags/daily_inventory_pipeline.py for tasks to queue
[2026-08-23T01:26:20.735+0000] {logging_mixin.py:190} INFO - [2026-08-23T01:26:20.734+0000] {dagbag.py:588} INFO - Filling up the DagBag from /opt/airflow/dags/daily_inventory_pipeline.py
[2026-08-23T01:26:20.824+0000] {processor.py:925} INFO - DAG(s) 'daily_inventory_pipeline' retrieved from /opt/airflow/dags/daily_inventory_pipeline.py
[2026-08-23T01:26:20.845+0000] {logging_mixin.py:190} INFO - [2026-08-23T01:26:20.845+0000] {dag.py:3239} INFO - Sync 1 DAGs
[2026-08-23T01:26:20.861+0000] {logging_mixin.py:190} INFO - [2026-08-23T01:26:20.861+0000] {dag.py:4180} INFO - Setting next_dagrun for daily_inventory_pipeline to 2026-08-22 18:30:00+00:00, run_after=2026-08-23 18:30:00+00:00
[2026-08-23T01:26:20.876+0000] {processor.py:208} INFO - Processing /opt/airflow/dags/daily_inventory_pipeline.py took 0.150 seconds
[2026-08-23T01:26:51.065+0000] {processor.py:186} INFO - Started process (PID=1017) to work on /opt/airflow/dags/daily_inventory_pipeline.py
[2026-08-23T01:26:51.066+0000] {processor.py:914} INFO - Processing file /opt/airflow/dags/daily_inventory_pipeline.py for tasks to queue
[2026-08-23T01:26:51.068+0000] {logging_mixin.py:190} INFO - [2026-08-23T01:26:51.067+0000] {dagbag.py:588} INFO - Filling up the DagBag from /opt/airflow/dags/daily_inventory_pipeline.py
[2026-08-23T01:26:51.163+0000] {processor.py:925} INFO - DAG(s) 'daily_inventory_pipeline' retrieved from /opt/airflow/dags/daily_inventory_pipeline.py
[2026-08-23T01:26:51.182+0000] {logging_mixin.py:190} INFO - [2026-08-23T01:26:51.182+0000] {dag.py:3239} INFO - Sync 1 DAGs
[2026-08-23T01:26:51.199+0000] {logging_mixin.py:190} INFO - [2026-08-23T01:26:51.199+0000] {dag.py:4180} INFO - Setting next_dagrun for daily_inventory_pipeline to 2026-08-22 18:30:00+00:00, run_after=2026-08-23 18:30:00+00:00
[2026-08-23T01:26:51.212+0000] {processor.py:208} INFO - Processing /opt/airflow/dags/daily_inventory_pipeline.py took 0.152 seconds
[2026-08-23T01:27:21.386+0000] {processor.py:186} INFO - Started process (PID=1027) to work on /opt/airflow/dags/daily_inventory_pipeline.py
[2026-08-23T01:27:21.387+0000] {processor.py:914} INFO - Processing file /opt/airflow/dags/daily_inventory_pipeline.py for tasks to queue
[2026-08-23T01:27:21.389+0000] {logging_mixin.py:190} INFO - [2026-08-23T01:27:21.389+0000] {dagbag.py:588} INFO - Filling up the DagBag from /opt/airflow/dags/daily_inventory_pipeline.py
[2026-08-23T01:27:21.480+0000] {processor.py:925} INFO - DAG(s) 'daily_inventory_pipeline' retrieved from /opt/airflow/dags/daily_inventory_pipeline.py
[2026-08-23T01:27:21.501+0000] {logging_mixin.py:190} INFO - [2026-08-23T01:27:21.501+0000] {dag.py:3239} INFO - Sync 1 DAGs
[2026-08-23T01:27:21.518+0000] {logging_mixin.py:190} INFO - [2026-08-23T01:27:21.518+0000] {dag.py:4180} INFO - Setting next_dagrun for daily_inventory_pipeline to 2026-08-22 18:30:00+00:00, run_after=2026-08-23 18:30:00+00:00
[2026-08-23T01:27:21.532+0000] {processor.py:208} INFO - Processing /opt/airflow/dags/daily_inventory_pipeline.py took 0.151 seconds
[2026-08-23T01:27:51.660+0000] {processor.py:186} INFO - Started process (PID=1037) to work on /opt/airflow/dags/daily_inventory_pipeline.py
[2026-08-23T01:27:51.661+0000] {processor.py:914} INFO - Processing file /opt/airflow/dags/daily_inventory_pipeline.py for tasks to queue
[2026-08-23T01:27:51.663+0000] {logging_mixin.py:190} INFO - [2026-08-23T01:27:51.662+0000] {dagbag.py:588} INFO - Filling up the DagBag from /opt/airflow/dags/daily_inventory_pipeline.py
[2026-08-23T01:27:51.777+0000] {processor.py:925} INFO - DAG(s) 'daily_inventory_pipeline' retrieved from /opt/airflow/dags/daily_inventory_pipeline.py
[2026-08-23T01:27:51.802+0000] {logging_mixin.py:190} INFO - [2026-08-23T01:27:51.801+0000] {dag.py:3239} INFO - Sync 1 DAGs
[2026-08-23T01:27:51.821+0000] {logging_mixin.py:190} INFO - [2026-08-23T01:27:51.821+0000] {dag.py:4180} INFO - Setting next_dagrun for daily_inventory_pipeline to 2026-08-22 18:30:00+00:00, run_after=2026-08-23 18:30:00+00:00
[2026-08-23T01:27:51.837+0000] {processor.py:208} INFO - Processing /opt/airflow/dags/daily_inventory_pipeline.py took 0.184 seconds
[2026-08-23T01:28:21.909+0000] {processor.py:186} INFO - Started process (PID=1047) to work on /opt/airflow/dags/daily_inventory_pipeline.py
[2026-08-23T01:28:21.910+0000] {processor.py:914} INFO - Processing file /opt/airflow/dags/daily_inventory_pipeline.py for tasks to queue
[2026-08-23T01:28:21.912+0000] {logging_mixin.py:190} INFO - [2026-08-23T01:28:21.912+0000] {dagbag.py:588} INFO - Filling up the DagBag from /opt/airflow/dags/daily_inventory_pipeline.py
[2026-08-23T01:28:22.012+0000] {processor.py:925} INFO - DAG(s) 'daily_inventory_pipeline' retrieved from /opt/airflow/dags/daily_inventory_pipeline.py
[2026-08-23T01:28:22.033+0000] {logging_mixin.py:190} INFO - [2026-08-23T01:28:22.032+0000] {dag.py:3239} INFO - Sync 1 DAGs
[2026-08-23T01:28:22.049+0000] {logging_mixin.py:190} INFO - [2026-08-23T01:28:22.049+0000] {dag.py:4180} INFO - Setting next_dagrun for daily_inventory_pipeline to 2026-08-22 18:30:00+00:00, run_after=2026-08-23 18:30:00+00:00
[2026-08-23T01:28:22.066+0000] {processor.py:208} INFO - Processing /opt/airflow/dags/daily_inventory_pipeline.py took 0.163 seconds
[2026-08-23T01:28:52.252+0000] {processor.py:186} INFO - Started process (PID=1057) to work on /opt/airflow/dags/daily_inventory_pipeline.py
[2026-08-23T01:28:52.253+0000] {processor.py:914} INFO - Processing file /opt/airflow/dags/daily_inventory_pipeline.py for tasks to queue
[2026-08-23T01:28:52.255+0000] {logging_mixin.py:190} INFO - [2026-08-23T01:28:52.255+0000] {dagbag.py:588} INFO - Filling up the DagBag from /opt/airflow/dags/daily_inventory_pipeline.py
[2026-08-23T01:28:52.346+0000] {processor.py:925} INFO - DAG(s) 'daily_inventory_pipeline' retrieved from /opt/airflow/dags/daily_inventory_pipeline.py
[2026-08-23T01:28:52.368+0000] {logging_mixin.py:190} INFO - [2026-08-23T01:28:52.367+0000] {dag.py:3239} INFO - Sync 1 DAGs
[2026-08-23T01:28:52.384+0000] {logging_mixin.py:190} INFO - [2026-08-23T01:28:52.383+0000] {dag.py:4180} INFO - Setting next_dagrun for daily_inventory_pipeline to 2026-08-22 18:30:00+00:00, run_after=2026-08-23 18:30:00+00:00
[2026-08-23T01:28:52.401+0000] {processor.py:208} INFO - Processing /opt/airflow/dags/daily_inventory_pipeline.py took 0.155 seconds
[2026-08-23T01:29:22.586+0000] {processor.py:186} INFO - Started process (PID=1067) to work on /opt/airflow/dags/daily_inventory_pipeline.py
[2026-08-23T01:29:22.587+0000] {processor.py:914} INFO - Processing file /opt/airflow/dags/daily_inventory_pipeline.py for tasks to queue
[2026-08-23T01:29:22.589+0000] {logging_mixin.py:190} INFO - [2026-08-23T01:29:22.588+0000] {dagbag.py:588} INFO - Filling up the DagBag from /opt/airflow/dags/daily_inventory_pipeline.py
[2026-08-23T01:29:22.693+0000] {processor.py:925} INFO - DAG(s) 'daily_inventory_pipeline' retrieved from /opt/airflow/dags/daily_inventory_pipeline.py
[2026-08-23T01:29:22.717+0000] {logging_mixin.py:190} INFO - [2026-08-23T01:29:22.717+0000] {dag.py:3239} INFO - Sync 1 DAGs
[2026-08-23T01:29:22.737+0000] {logging_mixin.py:190} INFO - [2026-08-23T01:29:22.737+0000] {dag.py:4180} INFO - Setting next_dagrun for daily_inventory_pipeline to 2026-08-22 18:30:00+00:00, run_after=2026-08-23 18:30:00+00:00
[2026-08-23T01:29:22.756+0000] {processor.py:208} INFO - Processing /opt/airflow/dags/daily_inventory_pipeline.py took 0.176 seconds
[2026-08-23T01:29:52.851+0000] {processor.py:186} INFO - Started process (PID=1077) to work on /opt/airflow/dags/daily_inventory_pipeline.py
[2026-08-23T01:29:52.852+0000] {processor.py:914} INFO - Processing file /opt/airflow/dags/daily_inventory_pipeline.py for tasks to queue
[2026-08-23T01:29:52.854+0000] {logging_mixin.py:190} INFO - [2026-08-23T01:29:52.853+0000] {dagbag.py:588} INFO - Filling up the DagBag from /opt/airflow/dags/daily_inventory_pipeline.py
[2026-08-23T01:29:52.946+0000] {processor.py:925} INFO - DAG(s) 'daily_inventory_pipeline' retrieved from /opt/airflow/dags/daily_inventory_pipeline.py
[2026-08-23T01:29:52.967+0000] {logging_mixin.py:190} INFO - [2026-08-23T01:29:52.967+0000] {dag.py:3239} INFO - Sync 1 DAGs
[2026-08-23T01:29:52.986+0000] {logging_mixin.py:190} INFO - [2026-08-23T01:29:52.986+0000] {dag.py:4180} INFO - Setting next_dagrun for daily_inventory_pipeline to 2026-08-22 18:30:00+00:00, run_after=2026-08-23 18:30:00+00:00
[2026-08-23T01:29:52.999+0000] {processor.py:208} INFO - Processing /opt/airflow/dags/daily_inventory_pipeline.py took 0.154 seconds
[2026-08-23T01:30:23.119+0000] {processor.py:186} INFO - Started process (PID=1087) to work on /opt/airflow/dags/daily_inventory_pipeline.py
[2026-08-23T01:30:23.120+0000] {processor.py:914} INFO - Processing file /opt/airflow/dags/daily_inventory_pipeline.py for tasks to queue
[2026-08-23T01:30:23.122+0000] {logging_mixin.py:190} INFO - [2026-08-23T01:30:23.122+0000] {dagbag.py:588} INFO - Filling up the DagBag from /opt/airflow/dags/daily_inventory_pipeline.py
[2026-08-23T01:30:23.218+0000] {processor.py:925} INFO - DAG(s) 'daily_inventory_pipeline' retrieved from /opt/airflow/dags/daily_inventory_pipeline.py
[2026-08-23T01:30:23.240+0000] {logging_mixin.py:190} INFO - [2026-08-23T01:30:23.240+0000] {dag.py:3239} INFO - Sync 1 DAGs
[2026-08-23T01:30:23.257+0000] {logging_mixin.py:190} INFO - [2026-08-23T01:30:23.257+0000] {dag.py:4180} INFO - Setting next_dagrun for daily_inventory_pipeline to 2026-08-22 18:30:00+00:00, run_after=2026-08-23 18:30:00+00:00
[2026-08-23T01:30:23.270+0000] {processor.py:208} INFO - Processing /opt/airflow/dags/daily_inventory_pipeline.py took 0.158 seconds
[2026-08-23T01:30:53.386+0000] {processor.py:186} INFO - Started process (PID=1097) to work on /opt/airflow/dags/daily_inventory_pipeline.py
[2026-08-23T01:30:53.387+0000] {processor.py:914} INFO - Processing file /opt/airflow/dags/daily_inventory_pipeline.py for tasks to queue
[2026-08-23T01:30:53.389+0000] {logging_mixin.py:190} INFO - [2026-08-23T01:30:53.388+0000] {dagbag.py:588} INFO - Filling up the DagBag from /opt/airflow/dags/daily_inventory_pipeline.py
[2026-08-23T01:30:53.530+0000] {processor.py:925} INFO - DAG(s) 'daily_inventory_pipeline' retrieved from /opt/airflow/dags/daily_inventory_pipeline.py
[2026-08-23T01:30:53.553+0000] {logging_mixin.py:190} INFO - [2026-08-23T01:30:53.553+0000] {dag.py:3239} INFO - Sync 1 DAGs
[2026-08-23T01:30:53.571+0000] {logging_mixin.py:190} INFO - [2026-08-23T01:30:53.570+0000] {dag.py:4180} INFO - Setting next_dagrun for daily_inventory_pipeline to 2026-08-22 18:30:00+00:00, run_after=2026-08-23 18:30:00+00:00
[2026-08-23T01:30:53.585+0000] {processor.py:208} INFO - Processing /opt/airflow/dags/daily_inventory_pipeline.py took 0.206 seconds
[2026-08-23T01:31:23.717+0000] {processor.py:186} INFO - Started process (PID=1107) to work on /opt/airflow/dags/daily_inventory_pipeline.py
[2026-08-23T01:31:23.718+0000] {processor.py:914} INFO - Processing file /opt/airflow/dags/daily_inventory_pipeline.py for tasks to queue
[2026-08-23T01:31:23.722+0000] {logging_mixin.py:190} INFO - [2026-08-23T01:31:23.722+0000] {dagbag.py:588} INFO - Filling up the DagBag from /opt/airflow/dags/daily_inventory_pipeline.py
[2026-08-23T01:31:23.937+0000] {processor.py:925} INFO - DAG(s) 'daily_inventory_pipeline' retrieved from /opt/airflow/dags/daily_inventory_pipeline.py
[2026-08-23T01:31:23.959+0000] {logging_mixin.py:190} INFO - [2026-08-23T01:31:23.959+0000] {dag.py:3239} INFO - Sync 1 DAGs
[2026-08-23T01:31:23.976+0000] {logging_mixin.py:190} INFO - [2026-08-23T01:31:23.976+0000] {dag.py:4180} INFO - Setting next_dagrun for daily_inventory_pipeline to 2026-08-22 18:30:00+00:00, run_after=2026-08-23 18:30:00+00:00
[2026-08-23T01:31:23.990+0000] {processor.py:208} INFO - Processing /opt/airflow/dags/daily_inventory_pipeline.py took 0.283 seconds
[2026-08-23T01:31:54.170+0000] {processor.py:186} INFO - Started process (PID=1117) to work on /opt/airflow/dags/daily_inventory_pipeline.py
[2026-08-23T01:31:54.172+0000] {processor.py:914} INFO - Processing file /opt/airflow/dags/daily_inventory_pipeline.py for tasks to queue
[2026-08-23T01:31:54.174+0000] {logging_mixin.py:190} INFO - [2026-08-23T01:31:54.174+0000] {dagbag.py:588} INFO - Filling up the DagBag from /opt/airflow/dags/daily_inventory_pipeline.py
[2026-08-23T01:31:54.348+0000] {processor.py:925} INFO - DAG(s) 'daily_inventory_pipeline' retrieved from /opt/airflow/dags/daily_inventory_pipeline.py
[2026-08-23T01:31:54.372+0000] {logging_mixin.py:190} INFO - [2026-08-23T01:31:54.371+0000] {dag.py:3239} INFO - Sync 1 DAGs
[2026-08-23T01:31:54.389+0000] {logging_mixin.py:190} INFO - [2026-08-23T01:31:54.389+0000] {dag.py:4180} INFO - Setting next_dagrun for daily_inventory_pipeline to 2026-08-22 18:30:00+00:00, run_after=2026-08-23 18:30:00+00:00
[2026-08-23T01:31:54.406+0000] {processor.py:208} INFO - Processing /opt/airflow/dags/daily_inventory_pipeline.py took 0.243 seconds
[2026-08-23T01:32:24.667+0000] {processor.py:186} INFO - Started process (PID=1127) to work on /opt/airflow/dags/daily_inventory_pipeline.py
[2026-08-23T01:32:24.668+0000] {processor.py:914} INFO - Processing file /opt/airflow/dags/daily_inventory_pipeline.py for tasks to queue
[2026-08-23T01:32:24.671+0000] {logging_mixin.py:190} INFO - [2026-08-23T01:32:24.670+0000] {dagbag.py:588} INFO - Filling up the DagBag from /opt/airflow/dags/daily_inventory_pipeline.py
[2026-08-23T01:32:24.772+0000] {processor.py:925} INFO - DAG(s) 'daily_inventory_pipeline' retrieved from /opt/airflow/dags/daily_inventory_pipeline.py
[2026-08-23T01:32:24.794+0000] {logging_mixin.py:190} INFO - [2026-08-23T01:32:24.794+0000] {dag.py:3239} INFO - Sync 1 DAGs
[2026-08-23T01:32:24.813+0000] {logging_mixin.py:190} INFO - [2026-08-23T01:32:24.813+0000] {dag.py:4180} INFO - Setting next_dagrun for daily_inventory_pipeline to 2026-08-22 18:30:00+00:00, run_after=2026-08-23 18:30:00+00:00
[2026-08-23T01:32:24.859+0000] {processor.py:208} INFO - Processing /opt/airflow/dags/daily_inventory_pipeline.py took 0.201 seconds
[2026-08-23T01:32:55.139+0000] {processor.py:186} INFO - Started process (PID=1137) to work on /opt/airflow/dags/daily_inventory_pipeline.py
[2026-08-23T01:32:55.140+0000] {processor.py:914} INFO - Processing file /opt/airflow/dags/daily_inventory_pipeline.py for tasks to queue
[2026-08-23T01:32:55.142+0000] {logging_mixin.py:190} INFO - [2026-08-23T01:32:55.142+0000] {dagbag.py:588} INFO - Filling up the DagBag from /opt/airflow/dags/daily_inventory_pipeline.py
[2026-08-23T01:32:55.239+0000] {processor.py:925} INFO - DAG(s) 'daily_inventory_pipeline' retrieved from /opt/airflow/dags/daily_inventory_pipeline.py
[2026-08-23T01:32:55.259+0000] {logging_mixin.py:190} INFO - [2026-08-23T01:32:55.259+0000] {dag.py:3239} INFO - Sync 1 DAGs
[2026-08-23T01:32:55.275+0000] {logging_mixin.py:190} INFO - [2026-08-23T01:32:55.274+0000] {dag.py:4180} INFO - Setting next_dagrun for daily_inventory_pipeline to 2026-08-22 18:30:00+00:00, run_after=2026-08-23 18:30:00+00:00
[2026-08-23T01:32:55.291+0000] {processor.py:208} INFO - Processing /opt/airflow/dags/daily_inventory_pipeline.py took 0.158 seconds
[2026-08-23T01:33:25.400+0000] {processor.py:186} INFO - Started process (PID=1147) to work on /opt/airflow/dags/daily_inventory_pipeline.py
[2026-08-23T01:33:25.401+0000] {processor.py:914} INFO - Processing file /opt/airflow/dags/daily_inventory_pipeline.py for tasks to queue
[2026-08-23T01:33:25.403+0000] {logging_mixin.py:190} INFO - [2026-08-23T01:33:25.403+0000] {dagbag.py:588} INFO - Filling up the DagBag from /opt/airflow/dags/daily_inventory_pipeline.py
[2026-08-23T01:33:25.495+0000] {processor.py:925} INFO - DAG(s) 'daily_inventory_pipeline' retrieved from /opt/airflow/dags/daily_inventory_pipeline.py
[2026-08-23T01:33:25.517+0000] {logging_mixin.py:190} INFO - [2026-08-23T01:33:25.517+0000] {dag.py:3239} INFO - Sync 1 DAGs
[2026-08-23T01:33:25.535+0000] {logging_mixin.py:190} INFO - [2026-08-23T01:33:25.535+0000] {dag.py:4180} INFO - Setting next_dagrun for daily_inventory_pipeline to 2026-08-22 18:30:00+00:00, run_after=2026-08-23 18:30:00+00:00
[2026-08-23T01:33:25.554+0000] {processor.py:208} INFO - Processing /opt/airflow/dags/daily_inventory_pipeline.py took 0.161 seconds
[2026-08-23T01:33:55.701+0000] {processor.py:186} INFO - Started process (PID=1157) to work on /opt/airflow/dags/daily_inventory_pipeline.py
[2026-08-23T01:33:55.702+0000] {processor.py:914} INFO - Processing file /opt/airflow/dags/daily_inventory_pipeline.py for tasks to queue
[2026-08-23T01:33:55.703+0000] {logging_mixin.py:190} INFO - [2026-08-23T01:33:55.703+0000] {dagbag.py:588} INFO - Filling up the DagBag from /opt/airflow/dags/daily_inventory_pipeline.py
[2026-08-23T01:33:55.825+0000] {processor.py:925} INFO - DAG(s) 'daily_inventory_pipeline' retrieved from /opt/airflow/dags/daily_inventory_pipeline.py
[2026-08-23T01:33:55.846+0000] {logging_mixin.py:190} INFO - [2026-08-23T01:33:55.846+0000] {dag.py:3239} INFO - Sync 1 DAGs
[2026-08-23T01:33:55.864+0000] {logging_mixin.py:190} INFO - [2026-08-23T01:33:55.864+0000] {dag.py:4180} INFO - Setting next_dagrun for daily_inventory_pipeline to 2026-08-22 18:30:00+00:00, run_after=2026-08-23 18:30:00+00:00
[2026-08-23T01:33:55.879+0000] {processor.py:208} INFO - Processing /opt/airflow/dags/daily_inventory_pipeline.py took 0.186 seconds
[2026-08-23T01:34:26.025+0000] {processor.py:186} INFO - Started process (PID=1167) to work on /opt/airflow/dags/daily_inventory_pipeline.py
[2026-08-23T01:34:26.026+0000] {processor.py:914} INFO - Processing file /opt/airflow/dags/daily_inventory_pipeline.py for tasks to queue
[2026-08-23T01:34:26.028+0000] {logging_mixin.py:190} INFO - [2026-08-23T01:34:26.028+0000] {dagbag.py:588} INFO - Filling up the DagBag from /opt/airflow/dags/daily_inventory_pipeline.py
[2026-08-23T01:34:26.118+0000] {processor.py:925} INFO - DAG(s) 'daily_inventory_pipeline' retrieved from /opt/airflow/dags/daily_inventory_pipeline.py
[2026-08-23T01:34:26.138+0000] {logging_mixin.py:190} INFO - [2026-08-23T01:34:26.138+0000] {dag.py:3239} INFO - Sync 1 DAGs
[2026-08-23T01:34:26.153+0000] {logging_mixin.py:190} INFO - [2026-08-23T01:34:26.153+0000] {dag.py:4180} INFO - Setting next_dagrun for daily_inventory_pipeline to 2026-08-22 18:30:00+00:00, run_after=2026-08-23 18:30:00+00:00
[2026-08-23T01:34:26.166+0000] {processor.py:208} INFO - Processing /opt/airflow/dags/daily_inventory_pipeline.py took 0.146 seconds
[2026-08-23T01:34:56.396+0000] {processor.py:186} INFO - Started process (PID=1177) to work on /opt/airflow/dags/daily_inventory_pipeline.py
[2026-08-23T01:34:56.397+0000] {processor.py:914} INFO - Processing file /opt/airflow/dags/daily_inventory_pipeline.py for tasks to queue
[2026-08-23T01:34:56.399+0000] {logging_mixin.py:190} INFO - [2026-08-23T01:34:56.399+0000] {dagbag.py:588} INFO - Filling up the DagBag from /opt/airflow/dags/daily_inventory_pipeline.py
[2026-08-23T01:34:56.504+0000] {processor.py:925} INFO - DAG(s) 'daily_inventory_pipeline' retrieved from /opt/airflow/dags/daily_inventory_pipeline.py
[2026-08-23T01:34:56.525+0000] {logging_mixin.py:190} INFO - [2026-08-23T01:34:56.525+0000] {dag.py:3239} INFO - Sync 1 DAGs
[2026-08-23T01:34:56.541+0000] {logging_mixin.py:190} INFO - [2026-08-23T01:34:56.541+0000] {dag.py:4180} INFO - Setting next_dagrun for daily_inventory_pipeline to 2026-08-22 18:30:00+00:00, run_after=2026-08-23 18:30:00+00:00
[2026-08-23T01:34:56.558+0000] {processor.py:208} INFO - Processing /opt/airflow/dags/daily_inventory_pipeline.py took 0.167 seconds
[2026-08-23T01:35:26.650+0000] {processor.py:186} INFO - Started process (PID=1187) to work on /opt/airflow/dags/daily_inventory_pipeline.py
[2026-08-23T01:35:26.657+0000] {processor.py:914} INFO - Processing file /opt/airflow/dags/daily_inventory_pipeline.py for tasks to queue
[2026-08-23T01:35:26.659+0000] {logging_mixin.py:190} INFO - [2026-08-23T01:35:26.659+0000] {dagbag.py:588} INFO - Filling up the DagBag from /opt/airflow/dags/daily_inventory_pipeline.py
[2026-08-23T01:35:26.830+0000] {processor.py:925} INFO - DAG(s) 'daily_inventory_pipeline' retrieved from /opt/airflow/dags/daily_inventory_pipeline.py
[2026-08-23T01:35:26.850+0000] {logging_mixin.py:190} INFO - [2026-08-23T01:35:26.850+0000] {dag.py:3239} INFO - Sync 1 DAGs
[2026-08-23T01:35:26.869+0000] {logging_mixin.py:190} INFO - [2026-08-23T01:35:26.868+0000] {dag.py:4180} INFO - Setting next_dagrun for daily_inventory_pipeline to 2026-08-22 18:30:00+00:00, run_after=2026-08-23 18:30:00+00:00
[2026-08-23T01:35:26.887+0000] {processor.py:208} INFO - Processing /opt/airflow/dags/daily_inventory_pipeline.py took 0.247 seconds
[2026-08-23T01:35:57.208+0000] {processor.py:186} INFO - Started process (PID=1197) to work on /opt/airflow/dags/daily_inventory_pipeline.py
[2026-08-23T01:35:57.210+0000] {processor.py:914} INFO - Processing file /opt/airflow/dags/daily_inventory_pipeline.py for tasks to queue
[2026-08-23T01:35:57.214+0000] {logging_mixin.py:190} INFO - [2026-08-23T01:35:57.214+0000] {dagbag.py:588} INFO - Filling up the DagBag from /opt/airflow/dags/daily_inventory_pipeline.py
[2026-08-23T01:35:57.388+0000] {processor.py:925} INFO - DAG(s) 'daily_inventory_pipeline' retrieved from /opt/airflow/dags/daily_inventory_pipeline.py
[2026-08-23T01:35:57.418+0000] {logging_mixin.py:190} INFO - [2026-08-23T01:35:57.418+0000] {dag.py:3239} INFO - Sync 1 DAGs
[2026-08-23T01:35:57.445+0000] {logging_mixin.py:190} INFO - [2026-08-23T01:35:57.445+0000] {dag.py:4180} INFO - Setting next_dagrun for daily_inventory_pipeline to 2026-08-22 18:30:00+00:00, run_after=2026-08-23 18:30:00+00:00
[2026-08-23T01:35:57.466+0000] {processor.py:208} INFO - Processing /opt/airflow/dags/daily_inventory_pipeline.py took 0.268 seconds
[2026-08-23T01:36:27.785+0000] {processor.py:186} INFO - Started process (PID=1207) to work on /opt/airflow/dags/daily_inventory_pipeline.py
[2026-08-23T01:36:27.786+0000] {processor.py:914} INFO - Processing file /opt/airflow/dags/daily_inventory_pipeline.py for tasks to queue
[2026-08-23T01:36:27.789+0000] {logging_mixin.py:190} INFO - [2026-08-23T01:36:27.788+0000] {dagbag.py:588} INFO - Filling up the DagBag from /opt/airflow/dags/daily_inventory_pipeline.py
[2026-08-23T01:36:27.965+0000] {processor.py:925} INFO - DAG(s) 'daily_inventory_pipeline' retrieved from /opt/airflow/dags/daily_inventory_pipeline.py
[2026-08-23T01:36:28.003+0000] {logging_mixin.py:190} INFO - [2026-08-23T01:36:28.003+0000] {dag.py:3239} INFO - Sync 1 DAGs
[2026-08-23T01:36:28.042+0000] {logging_mixin.py:190} INFO - [2026-08-23T01:36:28.041+0000] {dag.py:4180} INFO - Setting next_dagrun for daily_inventory_pipeline to 2026-08-22 18:30:00+00:00, run_after=2026-08-23 18:30:00+00:00
[2026-08-23T01:36:28.070+0000] {processor.py:208} INFO - Processing /opt/airflow/dags/daily_inventory_pipeline.py took 0.292 seconds
[2026-08-23T01:36:58.306+0000] {processor.py:186} INFO - Started process (PID=1217) to work on /opt/airflow/dags/daily_inventory_pipeline.py
[2026-08-23T01:36:58.307+0000] {processor.py:914} INFO - Processing file /opt/airflow/dags/daily_inventory_pipeline.py for tasks to queue
[2026-08-23T01:36:58.310+0000] {logging_mixin.py:190} INFO - [2026-08-23T01:36:58.310+0000] {dagbag.py:588} INFO - Filling up the DagBag from /opt/airflow/dags/daily_inventory_pipeline.py
[2026-08-23T01:36:58.423+0000] {processor.py:925} INFO - DAG(s) 'daily_inventory_pipeline' retrieved from /opt/airflow/dags/daily_inventory_pipeline.py
[2026-08-23T01:36:58.446+0000] {logging_mixin.py:190} INFO - [2026-08-23T01:36:58.446+0000] {dag.py:3239} INFO - Sync 1 DAGs
[2026-08-23T01:36:58.464+0000] {logging_mixin.py:190} INFO - [2026-08-23T01:36:58.464+0000] {dag.py:4180} INFO - Setting next_dagrun for daily_inventory_pipeline to 2026-08-22 18:30:00+00:00, run_after=2026-08-23 18:30:00+00:00
[2026-08-23T01:36:58.480+0000] {processor.py:208} INFO - Processing /opt/airflow/dags/daily_inventory_pipeline.py took 0.180 seconds
[2026-08-23T01:37:28.532+0000] {processor.py:186} INFO - Started process (PID=1227) to work on /opt/airflow/dags/daily_inventory_pipeline.py
[2026-08-23T01:37:28.533+0000] {processor.py:914} INFO - Processing file /opt/airflow/dags/daily_inventory_pipeline.py for tasks to queue
[2026-08-23T01:37:28.535+0000] {logging_mixin.py:190} INFO - [2026-08-23T01:37:28.535+0000] {dagbag.py:588} INFO - Filling up the DagBag from /opt/airflow/dags/daily_inventory_pipeline.py
[2026-08-23T01:37:28.622+0000] {processor.py:925} INFO - DAG(s) 'daily_inventory_pipeline' retrieved from /opt/airflow/dags/daily_inventory_pipeline.py
[2026-08-23T01:37:28.643+0000] {logging_mixin.py:190} INFO - [2026-08-23T01:37:28.643+0000] {dag.py:3239} INFO - Sync 1 DAGs
[2026-08-23T01:37:28.660+0000] {logging_mixin.py:190} INFO - [2026-08-23T01:37:28.660+0000] {dag.py:4180} INFO - Setting next_dagrun for daily_inventory_pipeline to 2026-08-22 18:30:00+00:00, run_after=2026-08-23 18:30:00+00:00
[2026-08-23T01:37:28.675+0000] {processor.py:208} INFO - Processing /opt/airflow/dags/daily_inventory_pipeline.py took 0.148 seconds
[2026-08-23T01:37:58.911+0000] {processor.py:186} INFO - Started process (PID=1237) to work on /opt/airflow/dags/daily_inventory_pipeline.py
[2026-08-23T01:37:58.912+0000] {processor.py:914} INFO - Processing file /opt/airflow/dags/daily_inventory_pipeline.py for tasks to queue
[2026-08-23T01:37:58.913+0000] {logging_mixin.py:190} INFO - [2026-08-23T01:37:58.913+0000] {dagbag.py:588} INFO - Filling up the DagBag from /opt/airflow/dags/daily_inventory_pipeline.py
[2026-08-23T01:37:59.018+0000] {processor.py:925} INFO - DAG(s) 'daily_inventory_pipeline' retrieved from /opt/airflow/dags/daily_inventory_pipeline.py
[2026-08-23T01:37:59.040+0000] {logging_mixin.py:190} INFO - [2026-08-23T01:37:59.039+0000] {dag.py:3239} INFO - Sync 1 DAGs
[2026-08-23T01:37:59.056+0000] {logging_mixin.py:190} INFO - [2026-08-23T01:37:59.056+0000] {dag.py:4180} INFO - Setting next_dagrun for daily_inventory_pipeline to 2026-08-22 18:30:00+00:00, run_after=2026-08-23 18:30:00+00:00
[2026-08-23T01:37:59.073+0000] {processor.py:208} INFO - Processing /opt/airflow/dags/daily_inventory_pipeline.py took 0.168 seconds
[2026-08-23T01:38:29.140+0000] {processor.py:186} INFO - Started process (PID=1247) to work on /opt/airflow/dags/daily_inventory_pipeline.py
[2026-08-23T01:38:29.141+0000] {processor.py:914} INFO - Processing file /opt/airflow/dags/daily_inventory_pipeline.py for tasks to queue
[2026-08-23T01:38:29.144+0000] {logging_mixin.py:190} INFO - [2026-08-23T01:38:29.144+0000] {dagbag.py:588} INFO - Filling up the DagBag from /opt/airflow/dags/daily_inventory_pipeline.py
[2026-08-23T01:38:29.249+0000] {processor.py:925} INFO - DAG(s) 'daily_inventory_pipeline' retrieved from /opt/airflow/dags/daily_inventory_pipeline.py
[2026-08-23T01:38:29.271+0000] {logging_mixin.py:190} INFO - [2026-08-23T01:38:29.271+0000] {dag.py:3239} INFO - Sync 1 DAGs
[2026-08-23T01:38:29.290+0000] {logging_mixin.py:190} INFO - [2026-08-23T01:38:29.290+0000] {dag.py:4180} INFO - Setting next_dagrun for daily_inventory_pipeline to 2026-08-22 18:30:00+00:00, run_after=2026-08-23 18:30:00+00:00
[2026-08-23T01:38:29.308+0000] {processor.py:208} INFO - Processing /opt/airflow/dags/daily_inventory_pipeline.py took 0.174 seconds
[2026-08-23T01:39:00.285+0000] {processor.py:186} INFO - Started process (PID=1257) to work on /opt/airflow/dags/daily_inventory_pipeline.py
[2026-08-23T01:39:00.304+0000] {processor.py:914} INFO - Processing file /opt/airflow/dags/daily_inventory_pipeline.py for tasks to queue
[2026-08-23T01:39:00.324+0000] {logging_mixin.py:190} INFO - [2026-08-23T01:39:00.324+0000] {dagbag.py:588} INFO - Filling up the DagBag from /opt/airflow/dags/daily_inventory_pipeline.py
[2026-08-23T01:39:03.666+0000] {processor.py:925} INFO - DAG(s) 'daily_inventory_pipeline' retrieved from /opt/airflow/dags/daily_inventory_pipeline.py
[2026-08-23T01:39:03.721+0000] {logging_mixin.py:190} INFO - [2026-08-23T01:39:03.721+0000] {dag.py:3239} INFO - Sync 1 DAGs
[2026-08-23T01:39:03.759+0000] {logging_mixin.py:190} INFO - [2026-08-23T01:39:03.759+0000] {dag.py:4180} INFO - Setting next_dagrun for daily_inventory_pipeline to 2026-08-22 18:30:00+00:00, run_after=2026-08-23 18:30:00+00:00
[2026-08-23T01:39:03.804+0000] {processor.py:208} INFO - Processing /opt/airflow/dags/daily_inventory_pipeline.py took 3.574 seconds
[2026-08-23T01:39:35.165+0000] {processor.py:186} INFO - Started process (PID=1267) to work on /opt/airflow/dags/daily_inventory_pipeline.py
[2026-08-23T01:39:35.186+0000] {processor.py:914} INFO - Processing file /opt/airflow/dags/daily_inventory_pipeline.py for tasks to queue
[2026-08-23T01:39:35.206+0000] {logging_mixin.py:190} INFO - [2026-08-23T01:39:35.205+0000] {dagbag.py:588} INFO - Filling up the DagBag from /opt/airflow/dags/daily_inventory_pipeline.py
[2026-08-23T01:39:38.587+0000] {processor.py:925} INFO - DAG(s) 'daily_inventory_pipeline' retrieved from /opt/airflow/dags/daily_inventory_pipeline.py
[2026-08-23T01:39:38.643+0000] {logging_mixin.py:190} INFO - [2026-08-23T01:39:38.643+0000] {dag.py:3239} INFO - Sync 1 DAGs
[2026-08-23T01:39:38.684+0000] {logging_mixin.py:190} INFO - [2026-08-23T01:39:38.684+0000] {dag.py:4180} INFO - Setting next_dagrun for daily_inventory_pipeline to 2026-08-22 18:30:00+00:00, run_after=2026-08-23 18:30:00+00:00
[2026-08-23T01:39:38.744+0000] {processor.py:208} INFO - Processing /opt/airflow/dags/daily_inventory_pipeline.py took 3.625 seconds
[2026-08-23T01:40:10.268+0000] {processor.py:186} INFO - Started process (PID=1277) to work on /opt/airflow/dags/daily_inventory_pipeline.py
[2026-08-23T01:40:10.285+0000] {processor.py:914} INFO - Processing file /opt/airflow/dags/daily_inventory_pipeline.py for tasks to queue
[2026-08-23T01:40:10.307+0000] {logging_mixin.py:190} INFO - [2026-08-23T01:40:10.307+0000] {dagbag.py:588} INFO - Filling up the DagBag from /opt/airflow/dags/daily_inventory_pipeline.py
[2026-08-23T01:40:13.400+0000] {processor.py:925} INFO - DAG(s) 'daily_inventory_pipeline' retrieved from /opt/airflow/dags/daily_inventory_pipeline.py
[2026-08-23T01:40:13.455+0000] {logging_mixin.py:190} INFO - [2026-08-23T01:40:13.454+0000] {dag.py:3239} INFO - Sync 1 DAGs
[2026-08-23T01:40:13.488+0000] {logging_mixin.py:190} INFO - [2026-08-23T01:40:13.488+0000] {dag.py:4180} INFO - Setting next_dagrun for daily_inventory_pipeline to 2026-08-22 18:30:00+00:00, run_after=2026-08-23 18:30:00+00:00
[2026-08-23T01:40:13.539+0000] {processor.py:208} INFO - Processing /opt/airflow/dags/daily_inventory_pipeline.py took 3.294 seconds
[2026-08-23T01:40:44.253+0000] {processor.py:186} INFO - Started process (PID=1287) to work on /opt/airflow/dags/daily_inventory_pipeline.py
[2026-08-23T01:40:44.254+0000] {processor.py:914} INFO - Processing file /opt/airflow/dags/daily_inventory_pipeline.py for tasks to queue
[2026-08-23T01:40:44.256+0000] {logging_mixin.py:190} INFO - [2026-08-23T01:40:44.255+0000] {dagbag.py:588} INFO - Filling up the DagBag from /opt/airflow/dags/daily_inventory_pipeline.py
[2026-08-23T01:40:44.401+0000] {processor.py:925} INFO - DAG(s) 'daily_inventory_pipeline' retrieved from /opt/airflow/dags/daily_inventory_pipeline.py
[2026-08-23T01:40:44.426+0000] {logging_mixin.py:190} INFO - [2026-08-23T01:40:44.425+0000] {dag.py:3239} INFO - Sync 1 DAGs
[2026-08-23T01:40:44.445+0000] {logging_mixin.py:190} INFO - [2026-08-23T01:40:44.444+0000] {dag.py:4180} INFO - Setting next_dagrun for daily_inventory_pipeline to 2026-08-22 18:30:00+00:00, run_after=2026-08-23 18:30:00+00:00
[2026-08-23T01:40:44.463+0000] {processor.py:208} INFO - Processing /opt/airflow/dags/daily_inventory_pipeline.py took 0.218 seconds
[2026-08-23T01:41:15.556+0000] {processor.py:186} INFO - Started process (PID=1297) to work on /opt/airflow/dags/daily_inventory_pipeline.py
[2026-08-23T01:41:15.578+0000] {processor.py:914} INFO - Processing file /opt/airflow/dags/daily_inventory_pipeline.py for tasks to queue
[2026-08-23T01:41:15.601+0000] {logging_mixin.py:190} INFO - [2026-08-23T01:41:15.601+0000] {dagbag.py:588} INFO - Filling up the DagBag from /opt/airflow/dags/daily_inventory_pipeline.py
[2026-08-23T01:41:18.828+0000] {processor.py:925} INFO - DAG(s) 'daily_inventory_pipeline' retrieved from /opt/airflow/dags/daily_inventory_pipeline.py
[2026-08-23T01:41:18.881+0000] {logging_mixin.py:190} INFO - [2026-08-23T01:41:18.881+0000] {dag.py:3239} INFO - Sync 1 DAGs
[2026-08-23T01:41:18.927+0000] {logging_mixin.py:190} INFO - [2026-08-23T01:41:18.927+0000] {dag.py:4180} INFO - Setting next_dagrun for daily_inventory_pipeline to 2026-08-22 18:30:00+00:00, run_after=2026-08-23 18:30:00+00:00
[2026-08-23T01:41:18.986+0000] {processor.py:208} INFO - Processing /opt/airflow/dags/daily_inventory_pipeline.py took 3.468 seconds
[2026-08-23T01:41:50.165+0000] {processor.py:186} INFO - Started process (PID=1307) to work on /opt/airflow/dags/daily_inventory_pipeline.py
[2026-08-23T01:41:50.166+0000] {processor.py:914} INFO - Processing file /opt/airflow/dags/daily_inventory_pipeline.py for tasks to queue
[2026-08-23T01:41:50.181+0000] {logging_mixin.py:190} INFO - [2026-08-23T01:41:50.180+0000] {dagbag.py:588} INFO - Filling up the DagBag from /opt/airflow/dags/daily_inventory_pipeline.py
[2026-08-23T01:41:52.811+0000] {processor.py:925} INFO - DAG(s) 'daily_inventory_pipeline' retrieved from /opt/airflow/dags/daily_inventory_pipeline.py
[2026-08-23T01:41:52.862+0000] {logging_mixin.py:190} INFO - [2026-08-23T01:41:52.862+0000] {dag.py:3239} INFO - Sync 1 DAGs
[2026-08-23T01:41:52.900+0000] {logging_mixin.py:190} INFO - [2026-08-23T01:41:52.900+0000] {dag.py:4180} INFO - Setting next_dagrun for daily_inventory_pipeline to 2026-08-22 18:30:00+00:00, run_after=2026-08-23 18:30:00+00:00
[2026-08-23T01:41:52.965+0000] {processor.py:208} INFO - Processing /opt/airflow/dags/daily_inventory_pipeline.py took 2.819 seconds
[2026-08-23T01:42:24.477+0000] {processor.py:186} INFO - Started process (PID=1317) to work on /opt/airflow/dags/daily_inventory_pipeline.py
[2026-08-23T01:42:24.492+0000] {processor.py:914} INFO - Processing file /opt/airflow/dags/daily_inventory_pipeline.py for tasks to queue
[2026-08-23T01:42:24.509+0000] {logging_mixin.py:190} INFO - [2026-08-23T01:42:24.509+0000] {dagbag.py:588} INFO - Filling up the DagBag from /opt/airflow/dags/daily_inventory_pipeline.py
[2026-08-23T01:42:27.577+0000] {processor.py:925} INFO - DAG(s) 'daily_inventory_pipeline' retrieved from /opt/airflow/dags/daily_inventory_pipeline.py
[2026-08-23T01:42:27.628+0000] {logging_mixin.py:190} INFO - [2026-08-23T01:42:27.628+0000] {dag.py:3239} INFO - Sync 1 DAGs
[2026-08-23T01:42:27.669+0000] {logging_mixin.py:190} INFO - [2026-08-23T01:42:27.668+0000] {dag.py:4180} INFO - Setting next_dagrun for daily_inventory_pipeline to 2026-08-22 18:30:00+00:00, run_after=2026-08-23 18:30:00+00:00
[2026-08-23T01:42:27.729+0000] {processor.py:208} INFO - Processing /opt/airflow/dags/daily_inventory_pipeline.py took 3.288 seconds
[2026-08-23T01:42:57.837+0000] {processor.py:186} INFO - Started process (PID=1324) to work on /opt/airflow/dags/daily_inventory_pipeline.py
[2026-08-23T01:42:57.838+0000] {processor.py:914} INFO - Processing file /opt/airflow/dags/daily_inventory_pipeline.py for tasks to queue
[2026-08-23T01:42:57.840+0000] {logging_mixin.py:190} INFO - [2026-08-23T01:42:57.840+0000] {dagbag.py:588} INFO - Filling up the DagBag from /opt/airflow/dags/daily_inventory_pipeline.py
[2026-08-23T01:42:58.013+0000] {processor.py:925} INFO - DAG(s) 'daily_inventory_pipeline' retrieved from /opt/airflow/dags/daily_inventory_pipeline.py
[2026-08-23T01:42:58.041+0000] {logging_mixin.py:190} INFO - [2026-08-23T01:42:58.041+0000] {dag.py:3239} INFO - Sync 1 DAGs
[2026-08-23T01:42:58.060+0000] {logging_mixin.py:190} INFO - [2026-08-23T01:42:58.060+0000] {dag.py:4180} INFO - Setting next_dagrun for daily_inventory_pipeline to 2026-08-22 18:30:00+00:00, run_after=2026-08-23 18:30:00+00:00
[2026-08-23T01:42:58.079+0000] {processor.py:208} INFO - Processing /opt/airflow/dags/daily_inventory_pipeline.py took 0.249 seconds
[2026-08-23T01:43:28.315+0000] {processor.py:186} INFO - Started process (PID=1334) to work on /opt/airflow/dags/daily_inventory_pipeline.py
[2026-08-23T01:43:28.316+0000] {processor.py:914} INFO - Processing file /opt/airflow/dags/daily_inventory_pipeline.py for tasks to queue
[2026-08-23T01:43:28.318+0000] {logging_mixin.py:190} INFO - [2026-08-23T01:43:28.318+0000] {dagbag.py:588} INFO - Filling up the DagBag from /opt/airflow/dags/daily_inventory_pipeline.py
[2026-08-23T01:43:28.473+0000] {processor.py:925} INFO - DAG(s) 'daily_inventory_pipeline' retrieved from /opt/airflow/dags/daily_inventory_pipeline.py
[2026-08-23T01:43:28.497+0000] {logging_mixin.py:190} INFO - [2026-08-23T01:43:28.497+0000] {dag.py:3239} INFO - Sync 1 DAGs
[2026-08-23T01:43:28.516+0000] {logging_mixin.py:190} INFO - [2026-08-23T01:43:28.516+0000] {dag.py:4180} INFO - Setting next_dagrun for daily_inventory_pipeline to 2026-08-22 18:30:00+00:00, run_after=2026-08-23 18:30:00+00:00
[2026-08-23T01:43:28.533+0000] {processor.py:208} INFO - Processing /opt/airflow/dags/daily_inventory_pipeline.py took 0.226 seconds
[2026-08-23T01:43:58.776+0000] {processor.py:186} INFO - Started process (PID=1344) to work on /opt/airflow/dags/daily_inventory_pipeline.py
[2026-08-23T01:43:58.777+0000] {processor.py:914} INFO - Processing file /opt/airflow/dags/daily_inventory_pipeline.py for tasks to queue
[2026-08-23T01:43:58.779+0000] {logging_mixin.py:190} INFO - [2026-08-23T01:43:58.779+0000] {dagbag.py:588} INFO - Filling up the DagBag from /opt/airflow/dags/daily_inventory_pipeline.py
[2026-08-23T01:43:58.935+0000] {processor.py:925} INFO - DAG(s) 'daily_inventory_pipeline' retrieved from /opt/airflow/dags/daily_inventory_pipeline.py
[2026-08-23T01:43:58.960+0000] {logging_mixin.py:190} INFO - [2026-08-23T01:43:58.960+0000] {dag.py:3239} INFO - Sync 1 DAGs
[2026-08-23T01:43:58.980+0000] {logging_mixin.py:190} INFO - [2026-08-23T01:43:58.980+0000] {dag.py:4180} INFO - Setting next_dagrun for daily_inventory_pipeline to 2026-08-22 18:30:00+00:00, run_after=2026-08-23 18:30:00+00:00
[2026-08-23T01:43:58.995+0000] {processor.py:208} INFO - Processing /opt/airflow/dags/daily_inventory_pipeline.py took 0.226 seconds
[2026-08-23T01:44:29.214+0000] {processor.py:186} INFO - Started process (PID=1354) to work on /opt/airflow/dags/daily_inventory_pipeline.py
[2026-08-23T01:44:29.215+0000] {processor.py:914} INFO - Processing file /opt/airflow/dags/daily_inventory_pipeline.py for tasks to queue
[2026-08-23T01:44:29.217+0000] {logging_mixin.py:190} INFO - [2026-08-23T01:44:29.216+0000] {dagbag.py:588} INFO - Filling up the DagBag from /opt/airflow/dags/daily_inventory_pipeline.py
[2026-08-23T01:44:29.367+0000] {processor.py:925} INFO - DAG(s) 'daily_inventory_pipeline' retrieved from /opt/airflow/dags/daily_inventory_pipeline.py
[2026-08-23T01:44:29.391+0000] {logging_mixin.py:190} INFO - [2026-08-23T01:44:29.391+0000] {dag.py:3239} INFO - Sync 1 DAGs
[2026-08-23T01:44:29.412+0000] {logging_mixin.py:190} INFO - [2026-08-23T01:44:29.411+0000] {dag.py:4180} INFO - Setting next_dagrun for daily_inventory_pipeline to 2026-08-22 18:30:00+00:00, run_after=2026-08-23 18:30:00+00:00
[2026-08-23T01:44:29.433+0000] {processor.py:208} INFO - Processing /opt/airflow/dags/daily_inventory_pipeline.py took 0.225 seconds
[2026-08-23T01:45:00.706+0000] {processor.py:186} INFO - Started process (PID=1364) to work on /opt/airflow/dags/daily_inventory_pipeline.py
[2026-08-23T01:45:00.733+0000] {processor.py:914} INFO - Processing file /opt/airflow/dags/daily_inventory_pipeline.py for tasks to queue
[2026-08-23T01:45:00.808+0000] {logging_mixin.py:190} INFO - [2026-08-23T01:45:00.807+0000] {dagbag.py:588} INFO - Filling up the DagBag from /opt/airflow/dags/daily_inventory_pipeline.py
[2026-08-23T01:45:06.921+0000] {processor.py:925} INFO - DAG(s) 'daily_inventory_pipeline' retrieved from /opt/airflow/dags/daily_inventory_pipeline.py
[2026-08-23T01:45:06.976+0000] {logging_mixin.py:190} INFO - [2026-08-23T01:45:06.976+0000] {dag.py:3239} INFO - Sync 1 DAGs
[2026-08-23T01:45:07.010+0000] {logging_mixin.py:190} INFO - [2026-08-23T01:45:07.010+0000] {dag.py:4180} INFO - Setting next_dagrun for daily_inventory_pipeline to 2026-08-22 18:30:00+00:00, run_after=2026-08-23 18:30:00+00:00
[2026-08-23T01:45:07.074+0000] {processor.py:208} INFO - Processing /opt/airflow/dags/daily_inventory_pipeline.py took 6.481 seconds
[2026-08-23T01:45:38.360+0000] {processor.py:186} INFO - Started process (PID=1377) to work on /opt/airflow/dags/daily_inventory_pipeline.py
[2026-08-23T01:45:38.389+0000] {processor.py:914} INFO - Processing file /opt/airflow/dags/daily_inventory_pipeline.py for tasks to queue
[2026-08-23T01:45:38.417+0000] {logging_mixin.py:190} INFO - [2026-08-23T01:45:38.417+0000] {dagbag.py:588} INFO - Filling up the DagBag from /opt/airflow/dags/daily_inventory_pipeline.py
[2026-08-23T01:45:41.831+0000] {processor.py:925} INFO - DAG(s) 'daily_inventory_pipeline' retrieved from /opt/airflow/dags/daily_inventory_pipeline.py
[2026-08-23T01:45:41.888+0000] {logging_mixin.py:190} INFO - [2026-08-23T01:45:41.887+0000] {dag.py:3239} INFO - Sync 1 DAGs
[2026-08-23T01:45:41.937+0000] {logging_mixin.py:190} INFO - [2026-08-23T01:45:41.936+0000] {dag.py:4180} INFO - Setting next_dagrun for daily_inventory_pipeline to 2026-08-22 18:30:00+00:00, run_after=2026-08-23 18:30:00+00:00
[2026-08-23T01:45:42.038+0000] {processor.py:208} INFO - Processing /opt/airflow/dags/daily_inventory_pipeline.py took 3.803 seconds
[2026-08-23T01:46:12.838+0000] {processor.py:186} INFO - Started process (PID=1384) to work on /opt/airflow/dags/daily_inventory_pipeline.py
[2026-08-23T01:46:12.859+0000] {processor.py:914} INFO - Processing file /opt/airflow/dags/daily_inventory_pipeline.py for tasks to queue
[2026-08-23T01:46:12.884+0000] {logging_mixin.py:190} INFO - [2026-08-23T01:46:12.884+0000] {dagbag.py:588} INFO - Filling up the DagBag from /opt/airflow/dags/daily_inventory_pipeline.py
[2026-08-23T01:46:20.454+0000] {processor.py:925} INFO - DAG(s) 'daily_inventory_pipeline' retrieved from /opt/airflow/dags/daily_inventory_pipeline.py
[2026-08-23T01:46:20.501+0000] {logging_mixin.py:190} INFO - [2026-08-23T01:46:20.501+0000] {dag.py:3239} INFO - Sync 1 DAGs
[2026-08-23T01:46:20.533+0000] {logging_mixin.py:190} INFO - [2026-08-23T01:46:20.533+0000] {dag.py:4180} INFO - Setting next_dagrun for daily_inventory_pipeline to 2026-08-22 18:30:00+00:00, run_after=2026-08-23 18:30:00+00:00
[2026-08-23T01:46:20.589+0000] {processor.py:208} INFO - Processing /opt/airflow/dags/daily_inventory_pipeline.py took 7.809 seconds
[2026-08-23T01:46:51.244+0000] {processor.py:186} INFO - Started process (PID=1397) to work on /opt/airflow/dags/daily_inventory_pipeline.py
[2026-08-23T01:46:51.245+0000] {processor.py:914} INFO - Processing file /opt/airflow/dags/daily_inventory_pipeline.py for tasks to queue
[2026-08-23T01:46:51.247+0000] {logging_mixin.py:190} INFO - [2026-08-23T01:46:51.247+0000] {dagbag.py:588} INFO - Filling up the DagBag from /opt/airflow/dags/daily_inventory_pipeline.py
[2026-08-23T01:46:51.405+0000] {processor.py:925} INFO - DAG(s) 'daily_inventory_pipeline' retrieved from /opt/airflow/dags/daily_inventory_pipeline.py
[2026-08-23T01:46:51.427+0000] {logging_mixin.py:190} INFO - [2026-08-23T01:46:51.427+0000] {dag.py:3239} INFO - Sync 1 DAGs
[2026-08-23T01:46:51.446+0000] {logging_mixin.py:190} INFO - [2026-08-23T01:46:51.446+0000] {dag.py:4180} INFO - Setting next_dagrun for daily_inventory_pipeline to 2026-08-22 18:30:00+00:00, run_after=2026-08-23 18:30:00+00:00
[2026-08-23T01:46:51.462+0000] {processor.py:208} INFO - Processing /opt/airflow/dags/daily_inventory_pipeline.py took 0.229 seconds
[2026-08-23T01:47:23.584+0000] {processor.py:186} INFO - Started process (PID=1407) to work on /opt/airflow/dags/daily_inventory_pipeline.py
[2026-08-23T01:47:23.603+0000] {processor.py:914} INFO - Processing file /opt/airflow/dags/daily_inventory_pipeline.py for tasks to queue
[2026-08-23T01:47:23.656+0000] {logging_mixin.py:190} INFO - [2026-08-23T01:47:23.655+0000] {dagbag.py:588} INFO - Filling up the DagBag from /opt/airflow/dags/daily_inventory_pipeline.py
[2026-08-23T01:47:28.198+0000] {processor.py:925} INFO - DAG(s) 'daily_inventory_pipeline' retrieved from /opt/airflow/dags/daily_inventory_pipeline.py
[2026-08-23T01:47:28.289+0000] {logging_mixin.py:190} INFO - [2026-08-23T01:47:28.288+0000] {dag.py:3239} INFO - Sync 1 DAGs
[2026-08-23T01:47:28.343+0000] {logging_mixin.py:190} INFO - [2026-08-23T01:47:28.342+0000] {dag.py:4180} INFO - Setting next_dagrun for daily_inventory_pipeline to 2026-08-22 18:30:00+00:00, run_after=2026-08-23 18:30:00+00:00
[2026-08-23T01:47:28.438+0000] {processor.py:208} INFO - Processing /opt/airflow/dags/daily_inventory_pipeline.py took 4.967 seconds
[2026-08-23T01:48:00.410+0000] {processor.py:186} INFO - Started process (PID=1417) to work on /opt/airflow/dags/daily_inventory_pipeline.py
[2026-08-23T01:48:00.411+0000] {processor.py:914} INFO - Processing file /opt/airflow/dags/daily_inventory_pipeline.py for tasks to queue
[2026-08-23T01:48:00.414+0000] {logging_mixin.py:190} INFO - [2026-08-23T01:48:00.414+0000] {dagbag.py:588} INFO - Filling up the DagBag from /opt/airflow/dags/daily_inventory_pipeline.py
[2026-08-23T01:48:07.456+0000] {processor.py:925} INFO - DAG(s) 'daily_inventory_pipeline' retrieved from /opt/airflow/dags/daily_inventory_pipeline.py
[2026-08-23T01:48:07.547+0000] {logging_mixin.py:190} INFO - [2026-08-23T01:48:07.547+0000] {dag.py:3239} INFO - Sync 1 DAGs
[2026-08-23T01:48:07.593+0000] {logging_mixin.py:190} INFO - [2026-08-23T01:48:07.592+0000] {dag.py:4180} INFO - Setting next_dagrun for daily_inventory_pipeline to 2026-08-22 18:30:00+00:00, run_after=2026-08-23 18:30:00+00:00
[2026-08-23T01:48:07.686+0000] {processor.py:208} INFO - Processing /opt/airflow/dags/daily_inventory_pipeline.py took 7.316 seconds
[2026-08-23T01:48:38.887+0000] {processor.py:186} INFO - Started process (PID=1427) to work on /opt/airflow/dags/daily_inventory_pipeline.py
[2026-08-23T01:48:38.900+0000] {processor.py:914} INFO - Processing file /opt/airflow/dags/daily_inventory_pipeline.py for tasks to queue
[2026-08-23T01:48:38.919+0000] {logging_mixin.py:190} INFO - [2026-08-23T01:48:38.919+0000] {dagbag.py:588} INFO - Filling up the DagBag from /opt/airflow/dags/daily_inventory_pipeline.py
[2026-08-23T01:48:45.771+0000] {processor.py:925} INFO - DAG(s) 'daily_inventory_pipeline' retrieved from /opt/airflow/dags/daily_inventory_pipeline.py
[2026-08-23T01:48:45.830+0000] {logging_mixin.py:190} INFO - [2026-08-23T01:48:45.829+0000] {dag.py:3239} INFO - Sync 1 DAGs
[2026-08-23T01:48:45.869+0000] {logging_mixin.py:190} INFO - [2026-08-23T01:48:45.869+0000] {dag.py:4180} INFO - Setting next_dagrun for daily_inventory_pipeline to 2026-08-22 18:30:00+00:00, run_after=2026-08-23 18:30:00+00:00
[2026-08-23T01:48:45.926+0000] {processor.py:208} INFO - Processing /opt/airflow/dags/daily_inventory_pipeline.py took 7.075 seconds
[2026-08-23T01:49:18.094+0000] {processor.py:186} INFO - Started process (PID=1437) to work on /opt/airflow/dags/daily_inventory_pipeline.py
[2026-08-23T01:49:18.131+0000] {processor.py:914} INFO - Processing file /opt/airflow/dags/daily_inventory_pipeline.py for tasks to queue
[2026-08-23T01:49:18.170+0000] {logging_mixin.py:190} INFO - [2026-08-23T01:49:18.170+0000] {dagbag.py:588} INFO - Filling up the DagBag from /opt/airflow/dags/daily_inventory_pipeline.py
[2026-08-23T01:49:21.258+0000] {processor.py:925} INFO - DAG(s) 'daily_inventory_pipeline' retrieved from /opt/airflow/dags/daily_inventory_pipeline.py
[2026-08-23T01:49:21.306+0000] {logging_mixin.py:190} INFO - [2026-08-23T01:49:21.306+0000] {dag.py:3239} INFO - Sync 1 DAGs
[2026-08-23T01:49:21.346+0000] {logging_mixin.py:190} INFO - [2026-08-23T01:49:21.346+0000] {dag.py:4180} INFO - Setting next_dagrun for daily_inventory_pipeline to 2026-08-22 18:30:00+00:00, run_after=2026-08-23 18:30:00+00:00
[2026-08-23T01:49:21.404+0000] {processor.py:208} INFO - Processing /opt/airflow/dags/daily_inventory_pipeline.py took 3.403 seconds
[2026-08-23T01:49:53.767+0000] {processor.py:186} INFO - Started process (PID=1447) to work on /opt/airflow/dags/daily_inventory_pipeline.py
[2026-08-23T01:49:53.794+0000] {processor.py:914} INFO - Processing file /opt/airflow/dags/daily_inventory_pipeline.py for tasks to queue
[2026-08-23T01:49:53.854+0000] {logging_mixin.py:190} INFO - [2026-08-23T01:49:53.854+0000] {dagbag.py:588} INFO - Filling up the DagBag from /opt/airflow/dags/daily_inventory_pipeline.py
[2026-08-23T01:49:57.985+0000] {processor.py:925} INFO - DAG(s) 'daily_inventory_pipeline' retrieved from /opt/airflow/dags/daily_inventory_pipeline.py
[2026-08-23T01:49:58.045+0000] {logging_mixin.py:190} INFO - [2026-08-23T01:49:58.044+0000] {dag.py:3239} INFO - Sync 1 DAGs
[2026-08-23T01:49:58.082+0000] {logging_mixin.py:190} INFO - [2026-08-23T01:49:58.082+0000] {dag.py:4180} INFO - Setting next_dagrun for daily_inventory_pipeline to 2026-08-22 18:30:00+00:00, run_after=2026-08-23 18:30:00+00:00
[2026-08-23T01:49:58.154+0000] {processor.py:208} INFO - Processing /opt/airflow/dags/daily_inventory_pipeline.py took 4.496 seconds
[2026-08-23T01:50:29.582+0000] {processor.py:186} INFO - Started process (PID=1457) to work on /opt/airflow/dags/daily_inventory_pipeline.py
[2026-08-23T01:50:29.601+0000] {processor.py:914} INFO - Processing file /opt/airflow/dags/daily_inventory_pipeline.py for tasks to queue
[2026-08-23T01:50:29.619+0000] {logging_mixin.py:190} INFO - [2026-08-23T01:50:29.619+0000] {dagbag.py:588} INFO - Filling up the DagBag from /opt/airflow/dags/daily_inventory_pipeline.py
[2026-08-23T01:50:32.635+0000] {processor.py:925} INFO - DAG(s) 'daily_inventory_pipeline' retrieved from /opt/airflow/dags/daily_inventory_pipeline.py
[2026-08-23T01:50:32.697+0000] {logging_mixin.py:190} INFO - [2026-08-23T01:50:32.697+0000] {dag.py:3239} INFO - Sync 1 DAGs
[2026-08-23T01:50:32.758+0000] {logging_mixin.py:190} INFO - [2026-08-23T01:50:32.758+0000] {dag.py:4180} INFO - Setting next_dagrun for daily_inventory_pipeline to 2026-08-22 18:30:00+00:00, run_after=2026-08-23 18:30:00+00:00
[2026-08-23T01:50:32.853+0000] {processor.py:208} INFO - Processing /opt/airflow/dags/daily_inventory_pipeline.py took 3.305 seconds
[2026-08-23T01:51:03.392+0000] {processor.py:186} INFO - Started process (PID=1467) to work on /opt/airflow/dags/daily_inventory_pipeline.py
[2026-08-23T01:51:03.393+0000] {processor.py:914} INFO - Processing file /opt/airflow/dags/daily_inventory_pipeline.py for tasks to queue
[2026-08-23T01:51:03.395+0000] {logging_mixin.py:190} INFO - [2026-08-23T01:51:03.394+0000] {dagbag.py:588} INFO - Filling up the DagBag from /opt/airflow/dags/daily_inventory_pipeline.py
[2026-08-23T01:51:03.503+0000] {processor.py:925} INFO - DAG(s) 'daily_inventory_pipeline' retrieved from /opt/airflow/dags/daily_inventory_pipeline.py
[2026-08-23T01:51:03.527+0000] {logging_mixin.py:190} INFO - [2026-08-23T01:51:03.527+0000] {dag.py:3239} INFO - Sync 1 DAGs
[2026-08-23T01:51:03.546+0000] {logging_mixin.py:190} INFO - [2026-08-23T01:51:03.546+0000] {dag.py:4180} INFO - Setting next_dagrun for daily_inventory_pipeline to 2026-08-22 18:30:00+00:00, run_after=2026-08-23 18:30:00+00:00
[2026-08-23T01:51:03.566+0000] {processor.py:208} INFO - Processing /opt/airflow/dags/daily_inventory_pipeline.py took 0.180 seconds
[2026-08-23T01:51:33.775+0000] {processor.py:186} INFO - Started process (PID=1477) to work on /opt/airflow/dags/daily_inventory_pipeline.py
[2026-08-23T01:51:33.776+0000] {processor.py:914} INFO - Processing file /opt/airflow/dags/daily_inventory_pipeline.py for tasks to queue
[2026-08-23T01:51:33.777+0000] {logging_mixin.py:190} INFO - [2026-08-23T01:51:33.777+0000] {dagbag.py:588} INFO - Filling up the DagBag from /opt/airflow/dags/daily_inventory_pipeline.py
[2026-08-23T01:51:33.876+0000] {processor.py:925} INFO - DAG(s) 'daily_inventory_pipeline' retrieved from /opt/airflow/dags/daily_inventory_pipeline.py
[2026-08-23T01:51:33.896+0000] {logging_mixin.py:190} INFO - [2026-08-23T01:51:33.896+0000] {dag.py:3239} INFO - Sync 1 DAGs
[2026-08-23T01:51:33.912+0000] {logging_mixin.py:190} INFO - [2026-08-23T01:51:33.912+0000] {dag.py:4180} INFO - Setting next_dagrun for daily_inventory_pipeline to 2026-08-22 18:30:00+00:00, run_after=2026-08-23 18:30:00+00:00
[2026-08-23T01:51:33.924+0000] {processor.py:208} INFO - Processing /opt/airflow/dags/daily_inventory_pipeline.py took 0.154 seconds
[2026-08-23T01:52:04.054+0000] {processor.py:186} INFO - Started process (PID=1487) to work on /opt/airflow/dags/daily_inventory_pipeline.py
[2026-08-23T01:52:04.055+0000] {processor.py:914} INFO - Processing file /opt/airflow/dags/daily_inventory_pipeline.py for tasks to queue
[2026-08-23T01:52:04.057+0000] {logging_mixin.py:190} INFO - [2026-08-23T01:52:04.057+0000] {dagbag.py:588} INFO - Filling up the DagBag from /opt/airflow/dags/daily_inventory_pipeline.py
[2026-08-23T01:52:04.151+0000] {processor.py:925} INFO - DAG(s) 'daily_inventory_pipeline' retrieved from /opt/airflow/dags/daily_inventory_pipeline.py
[2026-08-23T01:52:04.173+0000] {logging_mixin.py:190} INFO - [2026-08-23T01:52:04.173+0000] {dag.py:3239} INFO - Sync 1 DAGs
[2026-08-23T01:52:04.194+0000] {logging_mixin.py:190} INFO - [2026-08-23T01:52:04.194+0000] {dag.py:4180} INFO - Setting next_dagrun for daily_inventory_pipeline to 2026-08-22 18:30:00+00:00, run_after=2026-08-23 18:30:00+00:00
[2026-08-23T01:52:04.210+0000] {processor.py:208} INFO - Processing /opt/airflow/dags/daily_inventory_pipeline.py took 0.162 seconds
[2026-08-23T01:52:34.446+0000] {processor.py:186} INFO - Started process (PID=1497) to work on /opt/airflow/dags/daily_inventory_pipeline.py
[2026-08-23T01:52:34.447+0000] {processor.py:914} INFO - Processing file /opt/airflow/dags/daily_inventory_pipeline.py for tasks to queue
[2026-08-23T01:52:34.450+0000] {logging_mixin.py:190} INFO - [2026-08-23T01:52:34.449+0000] {dagbag.py:588} INFO - Filling up the DagBag from /opt/airflow/dags/daily_inventory_pipeline.py
[2026-08-23T01:52:34.557+0000] {processor.py:925} INFO - DAG(s) 'daily_inventory_pipeline' retrieved from /opt/airflow/dags/daily_inventory_pipeline.py
[2026-08-23T01:52:34.579+0000] {logging_mixin.py:190} INFO - [2026-08-23T01:52:34.579+0000] {dag.py:3239} INFO - Sync 1 DAGs
[2026-08-23T01:52:34.597+0000] {logging_mixin.py:190} INFO - [2026-08-23T01:52:34.597+0000] {dag.py:4180} INFO - Setting next_dagrun for daily_inventory_pipeline to 2026-08-22 18:30:00+00:00, run_after=2026-08-23 18:30:00+00:00
[2026-08-23T01:52:34.618+0000] {processor.py:208} INFO - Processing /opt/airflow/dags/daily_inventory_pipeline.py took 0.179 seconds
[2026-08-23T01:53:04.688+0000] {processor.py:186} INFO - Started process (PID=1507) to work on /opt/airflow/dags/daily_inventory_pipeline.py
[2026-08-23T01:53:04.689+0000] {processor.py:914} INFO - Processing file /opt/airflow/dags/daily_inventory_pipeline.py for tasks to queue
[2026-08-23T01:53:04.691+0000] {logging_mixin.py:190} INFO - [2026-08-23T01:53:04.690+0000] {dagbag.py:588} INFO - Filling up the DagBag from /opt/airflow/dags/daily_inventory_pipeline.py
[2026-08-23T01:53:04.792+0000] {processor.py:925} INFO - DAG(s) 'daily_inventory_pipeline' retrieved from /opt/airflow/dags/daily_inventory_pipeline.py
[2026-08-23T01:53:04.815+0000] {logging_mixin.py:190} INFO - [2026-08-23T01:53:04.815+0000] {dag.py:3239} INFO - Sync 1 DAGs
[2026-08-23T01:53:04.835+0000] {logging_mixin.py:190} INFO - [2026-08-23T01:53:04.835+0000] {dag.py:4180} INFO - Setting next_dagrun for daily_inventory_pipeline to 2026-08-22 18:30:00+00:00, run_after=2026-08-23 18:30:00+00:00
[2026-08-23T01:53:04.853+0000] {processor.py:208} INFO - Processing /opt/airflow/dags/daily_inventory_pipeline.py took 0.171 seconds
[2026-08-23T01:53:35.134+0000] {processor.py:186} INFO - Started process (PID=1517) to work on /opt/airflow/dags/daily_inventory_pipeline.py
[2026-08-23T01:53:35.135+0000] {processor.py:914} INFO - Processing file /opt/airflow/dags/daily_inventory_pipeline.py for tasks to queue
[2026-08-23T01:53:35.137+0000] {logging_mixin.py:190} INFO - [2026-08-23T01:53:35.137+0000] {dagbag.py:588} INFO - Filling up the DagBag from /opt/airflow/dags/daily_inventory_pipeline.py
[2026-08-23T01:53:35.238+0000] {processor.py:925} INFO - DAG(s) 'daily_inventory_pipeline' retrieved from /opt/airflow/dags/daily_inventory_pipeline.py
[2026-08-23T01:53:35.258+0000] {logging_mixin.py:190} INFO - [2026-08-23T01:53:35.257+0000] {dag.py:3239} INFO - Sync 1 DAGs
[2026-08-23T01:53:35.277+0000] {logging_mixin.py:190} INFO - [2026-08-23T01:53:35.276+0000] {dag.py:4180} INFO - Setting next_dagrun for daily_inventory_pipeline to 2026-08-22 18:30:00+00:00, run_after=2026-08-23 18:30:00+00:00
[2026-08-23T01:53:35.291+0000] {processor.py:208} INFO - Processing /opt/airflow/dags/daily_inventory_pipeline.py took 0.162 seconds
[2026-08-23T01:54:05.414+0000] {processor.py:186} INFO - Started process (PID=1527) to work on /opt/airflow/dags/daily_inventory_pipeline.py
[2026-08-23T01:54:05.415+0000] {processor.py:914} INFO - Processing file /opt/airflow/dags/daily_inventory_pipeline.py for tasks to queue
[2026-08-23T01:54:05.417+0000] {logging_mixin.py:190} INFO - [2026-08-23T01:54:05.416+0000] {dagbag.py:588} INFO - Filling up the DagBag from /opt/airflow/dags/daily_inventory_pipeline.py
[2026-08-23T01:54:05.512+0000] {processor.py:925} INFO - DAG(s) 'daily_inventory_pipeline' retrieved from /opt/airflow/dags/daily_inventory_pipeline.py
[2026-08-23T01:54:05.533+0000] {logging_mixin.py:190} INFO - [2026-08-23T01:54:05.533+0000] {dag.py:3239} INFO - Sync 1 DAGs
[2026-08-23T01:54:05.549+0000] {logging_mixin.py:190} INFO - [2026-08-23T01:54:05.549+0000] {dag.py:4180} INFO - Setting next_dagrun for daily_inventory_pipeline to 2026-08-22 18:30:00+00:00, run_after=2026-08-23 18:30:00+00:00
[2026-08-23T01:54:05.562+0000] {processor.py:208} INFO - Processing /opt/airflow/dags/daily_inventory_pipeline.py took 0.154 seconds
[2026-08-23T01:54:35.745+0000] {processor.py:186} INFO - Started process (PID=1537) to work on /opt/airflow/dags/daily_inventory_pipeline.py
[2026-08-23T01:54:35.746+0000] {processor.py:914} INFO - Processing file /opt/airflow/dags/daily_inventory_pipeline.py for tasks to queue
[2026-08-23T01:54:35.748+0000] {logging_mixin.py:190} INFO - [2026-08-23T01:54:35.748+0000] {dagbag.py:588} INFO - Filling up the DagBag from /opt/airflow/dags/daily_inventory_pipeline.py
[2026-08-23T01:54:35.864+0000] {processor.py:925} INFO - DAG(s) 'daily_inventory_pipeline' retrieved from /opt/airflow/dags/daily_inventory_pipeline.py
[2026-08-23T01:54:35.884+0000] {logging_mixin.py:190} INFO - [2026-08-23T01:54:35.884+0000] {dag.py:3239} INFO - Sync 1 DAGs
[2026-08-23T01:54:35.900+0000] {logging_mixin.py:190} INFO - [2026-08-23T01:54:35.899+0000] {dag.py:4180} INFO - Setting next_dagrun for daily_inventory_pipeline to 2026-08-22 18:30:00+00:00, run_after=2026-08-23 18:30:00+00:00
[2026-08-23T01:54:35.912+0000] {processor.py:208} INFO - Processing /opt/airflow/dags/daily_inventory_pipeline.py took 0.173 seconds
[2026-08-23T01:55:06.139+0000] {processor.py:186} INFO - Started process (PID=1547) to work on /opt/airflow/dags/daily_inventory_pipeline.py
[2026-08-23T01:55:06.140+0000] {processor.py:914} INFO - Processing file /opt/airflow/dags/daily_inventory_pipeline.py for tasks to queue
[2026-08-23T01:55:06.142+0000] {logging_mixin.py:190} INFO - [2026-08-23T01:55:06.142+0000] {dagbag.py:588} INFO - Filling up the DagBag from /opt/airflow/dags/daily_inventory_pipeline.py
[2026-08-23T01:55:06.236+0000] {processor.py:925} INFO - DAG(s) 'daily_inventory_pipeline' retrieved from /opt/airflow/dags/daily_inventory_pipeline.py
[2026-08-23T01:55:06.255+0000] {logging_mixin.py:190} INFO - [2026-08-23T01:55:06.255+0000] {dag.py:3239} INFO - Sync 1 DAGs
[2026-08-23T01:55:06.271+0000] {logging_mixin.py:190} INFO - [2026-08-23T01:55:06.271+0000] {dag.py:4180} INFO - Setting next_dagrun for daily_inventory_pipeline to 2026-08-22 18:30:00+00:00, run_after=2026-08-23 18:30:00+00:00
[2026-08-23T01:55:06.290+0000] {processor.py:208} INFO - Processing /opt/airflow/dags/daily_inventory_pipeline.py took 0.158 seconds
[2026-08-23T01:55:36.524+0000] {processor.py:186} INFO - Started process (PID=1557) to work on /opt/airflow/dags/daily_inventory_pipeline.py
[2026-08-23T01:55:36.525+0000] {processor.py:914} INFO - Processing file /opt/airflow/dags/daily_inventory_pipeline.py for tasks to queue
[2026-08-23T01:55:36.527+0000] {logging_mixin.py:190} INFO - [2026-08-23T01:55:36.526+0000] {dagbag.py:588} INFO - Filling up the DagBag from /opt/airflow/dags/daily_inventory_pipeline.py
[2026-08-23T01:55:36.624+0000] {processor.py:925} INFO - DAG(s) 'daily_inventory_pipeline' retrieved from /opt/airflow/dags/daily_inventory_pipeline.py
[2026-08-23T01:55:36.644+0000] {logging_mixin.py:190} INFO - [2026-08-23T01:55:36.644+0000] {dag.py:3239} INFO - Sync 1 DAGs
[2026-08-23T01:55:36.660+0000] {logging_mixin.py:190} INFO - [2026-08-23T01:55:36.660+0000] {dag.py:4180} INFO - Setting next_dagrun for daily_inventory_pipeline to 2026-08-22 18:30:00+00:00, run_after=2026-08-23 18:30:00+00:00
[2026-08-23T01:55:36.674+0000] {processor.py:208} INFO - Processing /opt/airflow/dags/daily_inventory_pipeline.py took 0.156 seconds
[2026-08-23T01:56:06.847+0000] {processor.py:186} INFO - Started process (PID=1567) to work on /opt/airflow/dags/daily_inventory_pipeline.py
[2026-08-23T01:56:06.848+0000] {processor.py:914} INFO - Processing file /opt/airflow/dags/daily_inventory_pipeline.py for tasks to queue
[2026-08-23T01:56:06.850+0000] {logging_mixin.py:190} INFO - [2026-08-23T01:56:06.850+0000] {dagbag.py:588} INFO - Filling up the DagBag from /opt/airflow/dags/daily_inventory_pipeline.py
[2026-08-23T01:56:06.946+0000] {processor.py:925} INFO - DAG(s) 'daily_inventory_pipeline' retrieved from /opt/airflow/dags/daily_inventory_pipeline.py
[2026-08-23T01:56:06.965+0000] {logging_mixin.py:190} INFO - [2026-08-23T01:56:06.965+0000] {dag.py:3239} INFO - Sync 1 DAGs
[2026-08-23T01:56:06.982+0000] {logging_mixin.py:190} INFO - [2026-08-23T01:56:06.982+0000] {dag.py:4180} INFO - Setting next_dagrun for daily_inventory_pipeline to 2026-08-22 18:30:00+00:00, run_after=2026-08-23 18:30:00+00:00
[2026-08-23T01:56:06.995+0000] {processor.py:208} INFO - Processing /opt/airflow/dags/daily_inventory_pipeline.py took 0.154 seconds
[2026-08-23T01:56:37.136+0000] {processor.py:186} INFO - Started process (PID=1577) to work on /opt/airflow/dags/daily_inventory_pipeline.py
[2026-08-23T01:56:37.137+0000] {processor.py:914} INFO - Processing file /opt/airflow/dags/daily_inventory_pipeline.py for tasks to queue
[2026-08-23T01:56:37.139+0000] {logging_mixin.py:190} INFO - [2026-08-23T01:56:37.139+0000] {dagbag.py:588} INFO - Filling up the DagBag from /opt/airflow/dags/daily_inventory_pipeline.py
[2026-08-23T01:56:37.240+0000] {processor.py:925} INFO - DAG(s) 'daily_inventory_pipeline' retrieved from /opt/airflow/dags/daily_inventory_pipeline.py
[2026-08-23T01:56:37.262+0000] {logging_mixin.py:190} INFO - [2026-08-23T01:56:37.262+0000] {dag.py:3239} INFO - Sync 1 DAGs
[2026-08-23T01:56:37.280+0000] {logging_mixin.py:190} INFO - [2026-08-23T01:56:37.279+0000] {dag.py:4180} INFO - Setting next_dagrun for daily_inventory_pipeline to 2026-08-22 18:30:00+00:00, run_after=2026-08-23 18:30:00+00:00
[2026-08-23T01:56:37.299+0000] {processor.py:208} INFO - Processing /opt/airflow/dags/daily_inventory_pipeline.py took 0.170 seconds
[2026-08-23T01:57:07.377+0000] {processor.py:186} INFO - Started process (PID=1587) to work on /opt/airflow/dags/daily_inventory_pipeline.py
[2026-08-23T01:57:07.378+0000] {processor.py:914} INFO - Processing file /opt/airflow/dags/daily_inventory_pipeline.py for tasks to queue
[2026-08-23T01:57:07.380+0000] {logging_mixin.py:190} INFO - [2026-08-23T01:57:07.380+0000] {dagbag.py:588} INFO - Filling up the DagBag from /opt/airflow/dags/daily_inventory_pipeline.py
[2026-08-23T01:57:07.486+0000] {processor.py:925} INFO - DAG(s) 'daily_inventory_pipeline' retrieved from /opt/airflow/dags/daily_inventory_pipeline.py
[2026-08-23T01:57:07.509+0000] {logging_mixin.py:190} INFO - [2026-08-23T01:57:07.509+0000] {dag.py:3239} INFO - Sync 1 DAGs
[2026-08-23T01:57:07.525+0000] {logging_mixin.py:190} INFO - [2026-08-23T01:57:07.525+0000] {dag.py:4180} INFO - Setting next_dagrun for daily_inventory_pipeline to 2026-08-22 18:30:00+00:00, run_after=2026-08-23 18:30:00+00:00
[2026-08-23T01:57:07.545+0000] {processor.py:208} INFO - Processing /opt/airflow/dags/daily_inventory_pipeline.py took 0.174 seconds
[2026-08-23T01:57:37.653+0000] {processor.py:186} INFO - Started process (PID=1597) to work on /opt/airflow/dags/daily_inventory_pipeline.py
[2026-08-23T01:57:37.654+0000] {processor.py:914} INFO - Processing file /opt/airflow/dags/daily_inventory_pipeline.py for tasks to queue
[2026-08-23T01:57:37.656+0000] {logging_mixin.py:190} INFO - [2026-08-23T01:57:37.656+0000] {dagbag.py:588} INFO - Filling up the DagBag from /opt/airflow/dags/daily_inventory_pipeline.py
[2026-08-23T01:57:37.763+0000] {processor.py:925} INFO - DAG(s) 'daily_inventory_pipeline' retrieved from /opt/airflow/dags/daily_inventory_pipeline.py
[2026-08-23T01:57:37.785+0000] {logging_mixin.py:190} INFO - [2026-08-23T01:57:37.784+0000] {dag.py:3239} INFO - Sync 1 DAGs
[2026-08-23T01:57:37.802+0000] {logging_mixin.py:190} INFO - [2026-08-23T01:57:37.802+0000] {dag.py:4180} INFO - Setting next_dagrun for daily_inventory_pipeline to 2026-08-22 18:30:00+00:00, run_after=2026-08-23 18:30:00+00:00
[2026-08-23T01:57:37.819+0000] {processor.py:208} INFO - Processing /opt/airflow/dags/daily_inventory_pipeline.py took 0.173 seconds
[2026-08-23T01:58:07.894+0000] {processor.py:186} INFO - Started process (PID=1607) to work on /opt/airflow/dags/daily_inventory_pipeline.py
[2026-08-23T01:58:07.895+0000] {processor.py:914} INFO - Processing file /opt/airflow/dags/daily_inventory_pipeline.py for tasks to queue
[2026-08-23T01:58:07.897+0000] {logging_mixin.py:190} INFO - [2026-08-23T01:58:07.897+0000] {dagbag.py:588} INFO - Filling up the DagBag from /opt/airflow/dags/daily_inventory_pipeline.py
[2026-08-23T01:58:07.995+0000] {processor.py:925} INFO - DAG(s) 'daily_inventory_pipeline' retrieved from /opt/airflow/dags/daily_inventory_pipeline.py
[2026-08-23T01:58:08.016+0000] {logging_mixin.py:190} INFO - [2026-08-23T01:58:08.016+0000] {dag.py:3239} INFO - Sync 1 DAGs
[2026-08-23T01:58:08.033+0000] {logging_mixin.py:190} INFO - [2026-08-23T01:58:08.033+0000] {dag.py:4180} INFO - Setting next_dagrun for daily_inventory_pipeline to 2026-08-22 18:30:00+00:00, run_after=2026-08-23 18:30:00+00:00
[2026-08-23T01:58:08.049+0000] {processor.py:208} INFO - Processing /opt/airflow/dags/daily_inventory_pipeline.py took 0.161 seconds
[2026-08-23T01:58:38.306+0000] {processor.py:186} INFO - Started process (PID=1617) to work on /opt/airflow/dags/daily_inventory_pipeline.py
[2026-08-23T01:58:38.310+0000] {processor.py:914} INFO - Processing file /opt/airflow/dags/daily_inventory_pipeline.py for tasks to queue
[2026-08-23T01:58:38.312+0000] {logging_mixin.py:190} INFO - [2026-08-23T01:58:38.312+0000] {dagbag.py:588} INFO - Filling up the DagBag from /opt/airflow/dags/daily_inventory_pipeline.py
[2026-08-23T01:58:38.553+0000] {processor.py:925} INFO - DAG(s) 'daily_inventory_pipeline' retrieved from /opt/airflow/dags/daily_inventory_pipeline.py
[2026-08-23T01:58:38.579+0000] {logging_mixin.py:190} INFO - [2026-08-23T01:58:38.579+0000] {dag.py:3239} INFO - Sync 1 DAGs
[2026-08-23T01:58:38.600+0000] {logging_mixin.py:190} INFO - [2026-08-23T01:58:38.599+0000] {dag.py:4180} INFO - Setting next_dagrun for daily_inventory_pipeline to 2026-08-22 18:30:00+00:00, run_after=2026-08-23 18:30:00+00:00
[2026-08-23T01:58:38.624+0000] {processor.py:208} INFO - Processing /opt/airflow/dags/daily_inventory_pipeline.py took 0.333 seconds
[2026-08-23T01:59:08.724+0000] {processor.py:186} INFO - Started process (PID=1624) to work on /opt/airflow/dags/daily_inventory_pipeline.py
[2026-08-23T01:59:08.726+0000] {processor.py:914} INFO - Processing file /opt/airflow/dags/daily_inventory_pipeline.py for tasks to queue
[2026-08-23T01:59:08.728+0000] {logging_mixin.py:190} INFO - [2026-08-23T01:59:08.728+0000] {dagbag.py:588} INFO - Filling up the DagBag from /opt/airflow/dags/daily_inventory_pipeline.py
[2026-08-23T01:59:09.155+0000] {processor.py:925} INFO - DAG(s) 'daily_inventory_pipeline' retrieved from /opt/airflow/dags/daily_inventory_pipeline.py
[2026-08-23T01:59:09.181+0000] {logging_mixin.py:190} INFO - [2026-08-23T01:59:09.181+0000] {dag.py:3239} INFO - Sync 1 DAGs
[2026-08-23T01:59:09.202+0000] {logging_mixin.py:190} INFO - [2026-08-23T01:59:09.202+0000] {dag.py:4180} INFO - Setting next_dagrun for daily_inventory_pipeline to 2026-08-22 18:30:00+00:00, run_after=2026-08-23 18:30:00+00:00
[2026-08-23T01:59:09.224+0000] {processor.py:208} INFO - Processing /opt/airflow/dags/daily_inventory_pipeline.py took 0.515 seconds
[2026-08-23T01:59:39.535+0000] {processor.py:186} INFO - Started process (PID=1634) to work on /opt/airflow/dags/daily_inventory_pipeline.py
[2026-08-23T01:59:39.537+0000] {processor.py:914} INFO - Processing file /opt/airflow/dags/daily_inventory_pipeline.py for tasks to queue
[2026-08-23T01:59:39.541+0000] {logging_mixin.py:190} INFO - [2026-08-23T01:59:39.541+0000] {dagbag.py:588} INFO - Filling up the DagBag from /opt/airflow/dags/daily_inventory_pipeline.py
[2026-08-23T01:59:40.090+0000] {processor.py:925} INFO - DAG(s) 'daily_inventory_pipeline' retrieved from /opt/airflow/dags/daily_inventory_pipeline.py
[2026-08-23T01:59:40.117+0000] {logging_mixin.py:190} INFO - [2026-08-23T01:59:40.116+0000] {dag.py:3239} INFO - Sync 1 DAGs
[2026-08-23T01:59:40.137+0000] {logging_mixin.py:190} INFO - [2026-08-23T01:59:40.136+0000] {dag.py:4180} INFO - Setting next_dagrun for daily_inventory_pipeline to 2026-08-22 18:30:00+00:00, run_after=2026-08-23 18:30:00+00:00
[2026-08-23T01:59:40.158+0000] {processor.py:208} INFO - Processing /opt/airflow/dags/daily_inventory_pipeline.py took 0.631 seconds
[2026-08-23T02:00:10.489+0000] {processor.py:186} INFO - Started process (PID=1644) to work on /opt/airflow/dags/daily_inventory_pipeline.py
[2026-08-23T02:00:10.491+0000] {processor.py:914} INFO - Processing file /opt/airflow/dags/daily_inventory_pipeline.py for tasks to queue
[2026-08-23T02:00:10.494+0000] {logging_mixin.py:190} INFO - [2026-08-23T02:00:10.494+0000] {dagbag.py:588} INFO - Filling up the DagBag from /opt/airflow/dags/daily_inventory_pipeline.py
[2026-08-23T02:00:11.136+0000] {processor.py:925} INFO - DAG(s) 'daily_inventory_pipeline' retrieved from /opt/airflow/dags/daily_inventory_pipeline.py
[2026-08-23T02:00:11.161+0000] {logging_mixin.py:190} INFO - [2026-08-23T02:00:11.161+0000] {dag.py:3239} INFO - Sync 1 DAGs
[2026-08-23T02:00:11.180+0000] {logging_mixin.py:190} INFO - [2026-08-23T02:00:11.180+0000] {dag.py:4180} INFO - Setting next_dagrun for daily_inventory_pipeline to 2026-08-22 18:30:00+00:00, run_after=2026-08-23 18:30:00+00:00
[2026-08-23T02:00:11.202+0000] {processor.py:208} INFO - Processing /opt/airflow/dags/daily_inventory_pipeline.py took 0.721 seconds
[2026-08-23T02:00:41.606+0000] {processor.py:186} INFO - Started process (PID=1657) to work on /opt/airflow/dags/daily_inventory_pipeline.py
[2026-08-23T02:00:41.609+0000] {processor.py:914} INFO - Processing file /opt/airflow/dags/daily_inventory_pipeline.py for tasks to queue
[2026-08-23T02:00:41.611+0000] {logging_mixin.py:190} INFO - [2026-08-23T02:00:41.611+0000] {dagbag.py:588} INFO - Filling up the DagBag from /opt/airflow/dags/daily_inventory_pipeline.py
[2026-08-23T02:00:41.931+0000] {processor.py:925} INFO - DAG(s) 'daily_inventory_pipeline' retrieved from /opt/airflow/dags/daily_inventory_pipeline.py
[2026-08-23T02:00:41.957+0000] {logging_mixin.py:190} INFO - [2026-08-23T02:00:41.957+0000] {dag.py:3239} INFO - Sync 1 DAGs
[2026-08-23T02:00:41.978+0000] {logging_mixin.py:190} INFO - [2026-08-23T02:00:41.978+0000] {dag.py:4180} INFO - Setting next_dagrun for daily_inventory_pipeline to 2026-08-22 18:30:00+00:00, run_after=2026-08-23 18:30:00+00:00
[2026-08-23T02:00:41.998+0000] {processor.py:208} INFO - Processing /opt/airflow/dags/daily_inventory_pipeline.py took 0.403 seconds
[2026-08-23T02:01:12.220+0000] {processor.py:186} INFO - Started process (PID=1667) to work on /opt/airflow/dags/daily_inventory_pipeline.py
[2026-08-23T02:01:12.221+0000] {processor.py:914} INFO - Processing file /opt/airflow/dags/daily_inventory_pipeline.py for tasks to queue
[2026-08-23T02:01:12.223+0000] {logging_mixin.py:190} INFO - [2026-08-23T02:01:12.223+0000] {dagbag.py:588} INFO - Filling up the DagBag from /opt/airflow/dags/daily_inventory_pipeline.py
[2026-08-23T02:01:12.338+0000] {processor.py:925} INFO - DAG(s) 'daily_inventory_pipeline' retrieved from /opt/airflow/dags/daily_inventory_pipeline.py
[2026-08-23T02:01:12.362+0000] {logging_mixin.py:190} INFO - [2026-08-23T02:01:12.362+0000] {dag.py:3239} INFO - Sync 1 DAGs
[2026-08-23T02:01:12.381+0000] {logging_mixin.py:190} INFO - [2026-08-23T02:01:12.381+0000] {dag.py:4180} INFO - Setting next_dagrun for daily_inventory_pipeline to 2026-08-22 18:30:00+00:00, run_after=2026-08-23 18:30:00+00:00
[2026-08-23T02:01:12.398+0000] {processor.py:208} INFO - Processing /opt/airflow/dags/daily_inventory_pipeline.py took 0.184 seconds
[2026-08-23T02:01:42.591+0000] {processor.py:186} INFO - Started process (PID=1677) to work on /opt/airflow/dags/daily_inventory_pipeline.py
[2026-08-23T02:01:42.593+0000] {processor.py:914} INFO - Processing file /opt/airflow/dags/daily_inventory_pipeline.py for tasks to queue
[2026-08-23T02:01:42.595+0000] {logging_mixin.py:190} INFO - [2026-08-23T02:01:42.595+0000] {dagbag.py:588} INFO - Filling up the DagBag from /opt/airflow/dags/daily_inventory_pipeline.py
[2026-08-23T02:01:42.695+0000] {processor.py:925} INFO - DAG(s) 'daily_inventory_pipeline' retrieved from /opt/airflow/dags/daily_inventory_pipeline.py
[2026-08-23T02:01:42.720+0000] {logging_mixin.py:190} INFO - [2026-08-23T02:01:42.719+0000] {dag.py:3239} INFO - Sync 1 DAGs
[2026-08-23T02:01:42.741+0000] {logging_mixin.py:190} INFO - [2026-08-23T02:01:42.741+0000] {dag.py:4180} INFO - Setting next_dagrun for daily_inventory_pipeline to 2026-08-22 18:30:00+00:00, run_after=2026-08-23 18:30:00+00:00
[2026-08-23T02:01:42.756+0000] {processor.py:208} INFO - Processing /opt/airflow/dags/daily_inventory_pipeline.py took 0.172 seconds
[2026-08-23T02:02:12.943+0000] {processor.py:186} INFO - Started process (PID=1687) to work on /opt/airflow/dags/daily_inventory_pipeline.py
[2026-08-23T02:02:12.944+0000] {processor.py:914} INFO - Processing file /opt/airflow/dags/daily_inventory_pipeline.py for tasks to queue
[2026-08-23T02:02:12.946+0000] {logging_mixin.py:190} INFO - [2026-08-23T02:02:12.946+0000] {dagbag.py:588} INFO - Filling up the DagBag from /opt/airflow/dags/daily_inventory_pipeline.py
[2026-08-23T02:02:13.060+0000] {processor.py:925} INFO - DAG(s) 'daily_inventory_pipeline' retrieved from /opt/airflow/dags/daily_inventory_pipeline.py
[2026-08-23T02:02:13.086+0000] {logging_mixin.py:190} INFO - [2026-08-23T02:02:13.085+0000] {dag.py:3239} INFO - Sync 1 DAGs
[2026-08-23T02:02:13.103+0000] {logging_mixin.py:190} INFO - [2026-08-23T02:02:13.103+0000] {dag.py:4180} INFO - Setting next_dagrun for daily_inventory_pipeline to 2026-08-22 18:30:00+00:00, run_after=2026-08-23 18:30:00+00:00
[2026-08-23T02:02:13.142+0000] {processor.py:208} INFO - Processing /opt/airflow/dags/daily_inventory_pipeline.py took 0.206 seconds
[2026-08-23T02:02:43.271+0000] {processor.py:186} INFO - Started process (PID=1697) to work on /opt/airflow/dags/daily_inventory_pipeline.py
[2026-08-23T02:02:43.273+0000] {processor.py:914} INFO - Processing file /opt/airflow/dags/daily_inventory_pipeline.py for tasks to queue
[2026-08-23T02:02:43.276+0000] {logging_mixin.py:190} INFO - [2026-08-23T02:02:43.275+0000] {dagbag.py:588} INFO - Filling up the DagBag from /opt/airflow/dags/daily_inventory_pipeline.py
[2026-08-23T02:02:43.482+0000] {processor.py:925} INFO - DAG(s) 'daily_inventory_pipeline' retrieved from /opt/airflow/dags/daily_inventory_pipeline.py
[2026-08-23T02:02:43.505+0000] {logging_mixin.py:190} INFO - [2026-08-23T02:02:43.505+0000] {dag.py:3239} INFO - Sync 1 DAGs
[2026-08-23T02:02:43.523+0000] {logging_mixin.py:190} INFO - [2026-08-23T02:02:43.523+0000] {dag.py:4180} INFO - Setting next_dagrun for daily_inventory_pipeline to 2026-08-22 18:30:00+00:00, run_after=2026-08-23 18:30:00+00:00
[2026-08-23T02:02:43.546+0000] {processor.py:208} INFO - Processing /opt/airflow/dags/daily_inventory_pipeline.py took 0.286 seconds
[2026-08-23T02:03:13.671+0000] {processor.py:186} INFO - Started process (PID=1707) to work on /opt/airflow/dags/daily_inventory_pipeline.py
[2026-08-23T02:03:13.672+0000] {processor.py:914} INFO - Processing file /opt/airflow/dags/daily_inventory_pipeline.py for tasks to queue
[2026-08-23T02:03:13.674+0000] {logging_mixin.py:190} INFO - [2026-08-23T02:03:13.674+0000] {dagbag.py:588} INFO - Filling up the DagBag from /opt/airflow/dags/daily_inventory_pipeline.py
[2026-08-23T02:03:13.815+0000] {processor.py:925} INFO - DAG(s) 'daily_inventory_pipeline' retrieved from /opt/airflow/dags/daily_inventory_pipeline.py
[2026-08-23T02:03:13.838+0000] {logging_mixin.py:190} INFO - [2026-08-23T02:03:13.838+0000] {dag.py:3239} INFO - Sync 1 DAGs
[2026-08-23T02:03:13.856+0000] {logging_mixin.py:190} INFO - [2026-08-23T02:03:13.856+0000] {dag.py:4180} INFO - Setting next_dagrun for daily_inventory_pipeline to 2026-08-22 18:30:00+00:00, run_after=2026-08-23 18:30:00+00:00
[2026-08-23T02:03:13.874+0000] {processor.py:208} INFO - Processing /opt/airflow/dags/daily_inventory_pipeline.py took 0.210 seconds
[2026-08-23T02:03:44.133+0000] {processor.py:186} INFO - Started process (PID=1717) to work on /opt/airflow/dags/daily_inventory_pipeline.py
[2026-08-23T02:03:44.134+0000] {processor.py:914} INFO - Processing file /opt/airflow/dags/daily_inventory_pipeline.py for tasks to queue
[2026-08-23T02:03:44.136+0000] {logging_mixin.py:190} INFO - [2026-08-23T02:03:44.136+0000] {dagbag.py:588} INFO - Filling up the DagBag from /opt/airflow/dags/daily_inventory_pipeline.py
[2026-08-23T02:03:44.246+0000] {processor.py:925} INFO - DAG(s) 'daily_inventory_pipeline' retrieved from /opt/airflow/dags/daily_inventory_pipeline.py
[2026-08-23T02:03:44.268+0000] {logging_mixin.py:190} INFO - [2026-08-23T02:03:44.268+0000] {dag.py:3239} INFO - Sync 1 DAGs
[2026-08-23T02:03:44.285+0000] {logging_mixin.py:190} INFO - [2026-08-23T02:03:44.285+0000] {dag.py:4180} INFO - Setting next_dagrun for daily_inventory_pipeline to 2026-08-22 18:30:00+00:00, run_after=2026-08-23 18:30:00+00:00
[2026-08-23T02:03:44.304+0000] {processor.py:208} INFO - Processing /opt/airflow/dags/daily_inventory_pipeline.py took 0.177 seconds
[2026-08-23T02:04:14.407+0000] {processor.py:186} INFO - Started process (PID=1727) to work on /opt/airflow/dags/daily_inventory_pipeline.py
[2026-08-23T02:04:14.409+0000] {processor.py:914} INFO - Processing file /opt/airflow/dags/daily_inventory_pipeline.py for tasks to queue
[2026-08-23T02:04:14.411+0000] {logging_mixin.py:190} INFO - [2026-08-23T02:04:14.411+0000] {dagbag.py:588} INFO - Filling up the DagBag from /opt/airflow/dags/daily_inventory_pipeline.py
[2026-08-23T02:04:14.540+0000] {processor.py:925} INFO - DAG(s) 'daily_inventory_pipeline' retrieved from /opt/airflow/dags/daily_inventory_pipeline.py
[2026-08-23T02:04:14.564+0000] {logging_mixin.py:190} INFO - [2026-08-23T02:04:14.564+0000] {dag.py:3239} INFO - Sync 1 DAGs
[2026-08-23T02:04:14.585+0000] {logging_mixin.py:190} INFO - [2026-08-23T02:04:14.585+0000] {dag.py:4180} INFO - Setting next_dagrun for daily_inventory_pipeline to 2026-08-22 18:30:00+00:00, run_after=2026-08-23 18:30:00+00:00
[2026-08-23T02:04:14.598+0000] {processor.py:208} INFO - Processing /opt/airflow/dags/daily_inventory_pipeline.py took 0.201 seconds
[2026-08-23T02:04:44.747+0000] {processor.py:186} INFO - Started process (PID=1737) to work on /opt/airflow/dags/daily_inventory_pipeline.py
[2026-08-23T02:04:44.748+0000] {processor.py:914} INFO - Processing file /opt/airflow/dags/daily_inventory_pipeline.py for tasks to queue
[2026-08-23T02:04:44.751+0000] {logging_mixin.py:190} INFO - [2026-08-23T02:04:44.750+0000] {dagbag.py:588} INFO - Filling up the DagBag from /opt/airflow/dags/daily_inventory_pipeline.py
[2026-08-23T02:04:44.885+0000] {processor.py:925} INFO - DAG(s) 'daily_inventory_pipeline' retrieved from /opt/airflow/dags/daily_inventory_pipeline.py
[2026-08-23T02:04:44.909+0000] {logging_mixin.py:190} INFO - [2026-08-23T02:04:44.908+0000] {dag.py:3239} INFO - Sync 1 DAGs
[2026-08-23T02:04:44.929+0000] {logging_mixin.py:190} INFO - [2026-08-23T02:04:44.928+0000] {dag.py:4180} INFO - Setting next_dagrun for daily_inventory_pipeline to 2026-08-22 18:30:00+00:00, run_after=2026-08-23 18:30:00+00:00
[2026-08-23T02:04:44.943+0000] {processor.py:208} INFO - Processing /opt/airflow/dags/daily_inventory_pipeline.py took 0.206 seconds
[2026-08-23T02:05:15.003+0000] {processor.py:186} INFO - Started process (PID=1747) to work on /opt/airflow/dags/daily_inventory_pipeline.py
[2026-08-23T02:05:15.005+0000] {processor.py:914} INFO - Processing file /opt/airflow/dags/daily_inventory_pipeline.py for tasks to queue
[2026-08-23T02:05:15.006+0000] {logging_mixin.py:190} INFO - [2026-08-23T02:05:15.006+0000] {dagbag.py:588} INFO - Filling up the DagBag from /opt/airflow/dags/daily_inventory_pipeline.py
[2026-08-23T02:05:15.100+0000] {processor.py:925} INFO - DAG(s) 'daily_inventory_pipeline' retrieved from /opt/airflow/dags/daily_inventory_pipeline.py
[2026-08-23T02:05:15.124+0000] {logging_mixin.py:190} INFO - [2026-08-23T02:05:15.124+0000] {dag.py:3239} INFO - Sync 1 DAGs
[2026-08-23T02:05:15.142+0000] {logging_mixin.py:190} INFO - [2026-08-23T02:05:15.142+0000] {dag.py:4180} INFO - Setting next_dagrun for daily_inventory_pipeline to 2026-08-22 18:30:00+00:00, run_after=2026-08-23 18:30:00+00:00
[2026-08-23T02:05:15.162+0000] {processor.py:208} INFO - Processing /opt/airflow/dags/daily_inventory_pipeline.py took 0.164 seconds
[2026-08-23T02:05:45.414+0000] {processor.py:186} INFO - Started process (PID=1757) to work on /opt/airflow/dags/daily_inventory_pipeline.py
[2026-08-23T02:05:45.415+0000] {processor.py:914} INFO - Processing file /opt/airflow/dags/daily_inventory_pipeline.py for tasks to queue
[2026-08-23T02:05:45.417+0000] {logging_mixin.py:190} INFO - [2026-08-23T02:05:45.416+0000] {dagbag.py:588} INFO - Filling up the DagBag from /opt/airflow/dags/daily_inventory_pipeline.py
[2026-08-23T02:05:45.518+0000] {processor.py:925} INFO - DAG(s) 'daily_inventory_pipeline' retrieved from /opt/airflow/dags/daily_inventory_pipeline.py
[2026-08-23T02:05:45.538+0000] {logging_mixin.py:190} INFO - [2026-08-23T02:05:45.538+0000] {dag.py:3239} INFO - Sync 1 DAGs
[2026-08-23T02:05:45.554+0000] {logging_mixin.py:190} INFO - [2026-08-23T02:05:45.554+0000] {dag.py:4180} INFO - Setting next_dagrun for daily_inventory_pipeline to 2026-08-22 18:30:00+00:00, run_after=2026-08-23 18:30:00+00:00
[2026-08-23T02:05:45.575+0000] {processor.py:208} INFO - Processing /opt/airflow/dags/daily_inventory_pipeline.py took 0.167 seconds
[2026-08-23T02:06:15.731+0000] {processor.py:186} INFO - Started process (PID=1767) to work on /opt/airflow/dags/daily_inventory_pipeline.py
[2026-08-23T02:06:15.734+0000] {processor.py:914} INFO - Processing file /opt/airflow/dags/daily_inventory_pipeline.py for tasks to queue
[2026-08-23T02:06:15.736+0000] {logging_mixin.py:190} INFO - [2026-08-23T02:06:15.735+0000] {dagbag.py:588} INFO - Filling up the DagBag from /opt/airflow/dags/daily_inventory_pipeline.py
[2026-08-23T02:06:15.850+0000] {processor.py:925} INFO - DAG(s) 'daily_inventory_pipeline' retrieved from /opt/airflow/dags/daily_inventory_pipeline.py
[2026-08-23T02:06:15.873+0000] {logging_mixin.py:190} INFO - [2026-08-23T02:06:15.873+0000] {dag.py:3239} INFO - Sync 1 DAGs
[2026-08-23T02:06:15.892+0000] {logging_mixin.py:190} INFO - [2026-08-23T02:06:15.892+0000] {dag.py:4180} INFO - Setting next_dagrun for daily_inventory_pipeline to 2026-08-22 18:30:00+00:00, run_after=2026-08-23 18:30:00+00:00
[2026-08-23T02:06:15.907+0000] {processor.py:208} INFO - Processing /opt/airflow/dags/daily_inventory_pipeline.py took 0.183 seconds
[2026-08-23T02:06:46.217+0000] {processor.py:186} INFO - Started process (PID=1777) to work on /opt/airflow/dags/daily_inventory_pipeline.py
[2026-08-23T02:06:46.218+0000] {processor.py:914} INFO - Processing file /opt/airflow/dags/daily_inventory_pipeline.py for tasks to queue
[2026-08-23T02:06:46.222+0000] {logging_mixin.py:190} INFO - [2026-08-23T02:06:46.221+0000] {dagbag.py:588} INFO - Filling up the DagBag from /opt/airflow/dags/daily_inventory_pipeline.py
[2026-08-23T02:06:46.576+0000] {processor.py:925} INFO - DAG(s) 'daily_inventory_pipeline' retrieved from /opt/airflow/dags/daily_inventory_pipeline.py
[2026-08-23T02:06:46.606+0000] {logging_mixin.py:190} INFO - [2026-08-23T02:06:46.606+0000] {dag.py:3239} INFO - Sync 1 DAGs
[2026-08-23T02:06:46.628+0000] {logging_mixin.py:190} INFO - [2026-08-23T02:06:46.628+0000] {dag.py:4180} INFO - Setting next_dagrun for daily_inventory_pipeline to 2026-08-22 18:30:00+00:00, run_after=2026-08-23 18:30:00+00:00
[2026-08-23T02:06:46.652+0000] {processor.py:208} INFO - Processing /opt/airflow/dags/daily_inventory_pipeline.py took 0.446 seconds
[2026-08-23T02:07:17.024+0000] {processor.py:186} INFO - Started process (PID=1787) to work on /opt/airflow/dags/daily_inventory_pipeline.py
[2026-08-23T02:07:17.026+0000] {processor.py:914} INFO - Processing file /opt/airflow/dags/daily_inventory_pipeline.py for tasks to queue
[2026-08-23T02:07:17.028+0000] {logging_mixin.py:190} INFO - [2026-08-23T02:07:17.028+0000] {dagbag.py:588} INFO - Filling up the DagBag from /opt/airflow/dags/daily_inventory_pipeline.py
[2026-08-23T02:07:17.226+0000] {processor.py:925} INFO - DAG(s) 'daily_inventory_pipeline' retrieved from /opt/airflow/dags/daily_inventory_pipeline.py
[2026-08-23T02:07:17.252+0000] {logging_mixin.py:190} INFO - [2026-08-23T02:07:17.251+0000] {dag.py:3239} INFO - Sync 1 DAGs
[2026-08-23T02:07:17.271+0000] {logging_mixin.py:190} INFO - [2026-08-23T02:07:17.271+0000] {dag.py:4180} INFO - Setting next_dagrun for daily_inventory_pipeline to 2026-08-22 18:30:00+00:00, run_after=2026-08-23 18:30:00+00:00
[2026-08-23T02:07:17.289+0000] {processor.py:208} INFO - Processing /opt/airflow/dags/daily_inventory_pipeline.py took 0.273 seconds
[2026-08-23T02:07:47.572+0000] {processor.py:186} INFO - Started process (PID=1797) to work on /opt/airflow/dags/daily_inventory_pipeline.py
[2026-08-23T02:07:47.573+0000] {processor.py:914} INFO - Processing file /opt/airflow/dags/daily_inventory_pipeline.py for tasks to queue
[2026-08-23T02:07:47.575+0000] {logging_mixin.py:190} INFO - [2026-08-23T02:07:47.575+0000] {dagbag.py:588} INFO - Filling up the DagBag from /opt/airflow/dags/daily_inventory_pipeline.py
[2026-08-23T02:07:47.715+0000] {processor.py:925} INFO - DAG(s) 'daily_inventory_pipeline' retrieved from /opt/airflow/dags/daily_inventory_pipeline.py
[2026-08-23T02:07:47.735+0000] {logging_mixin.py:190} INFO - [2026-08-23T02:07:47.735+0000] {dag.py:3239} INFO - Sync 1 DAGs
[2026-08-23T02:07:47.753+0000] {logging_mixin.py:190} INFO - [2026-08-23T02:07:47.753+0000] {dag.py:4180} INFO - Setting next_dagrun for daily_inventory_pipeline to 2026-08-22 18:30:00+00:00, run_after=2026-08-23 18:30:00+00:00
[2026-08-23T02:07:47.770+0000] {processor.py:208} INFO - Processing /opt/airflow/dags/daily_inventory_pipeline.py took 0.205 seconds
[2026-08-23T02:08:18.075+0000] {processor.py:186} INFO - Started process (PID=1807) to work on /opt/airflow/dags/daily_inventory_pipeline.py
[2026-08-23T02:08:18.081+0000] {processor.py:914} INFO - Processing file /opt/airflow/dags/daily_inventory_pipeline.py for tasks to queue
[2026-08-23T02:08:18.088+0000] {logging_mixin.py:190} INFO - [2026-08-23T02:08:18.087+0000] {dagbag.py:588} INFO - Filling up the DagBag from /opt/airflow/dags/daily_inventory_pipeline.py
[2026-08-23T02:08:18.449+0000] {processor.py:925} INFO - DAG(s) 'daily_inventory_pipeline' retrieved from /opt/airflow/dags/daily_inventory_pipeline.py
[2026-08-23T02:08:18.477+0000] {logging_mixin.py:190} INFO - [2026-08-23T02:08:18.477+0000] {dag.py:3239} INFO - Sync 1 DAGs
[2026-08-23T02:08:18.496+0000] {logging_mixin.py:190} INFO - [2026-08-23T02:08:18.496+0000] {dag.py:4180} INFO - Setting next_dagrun for daily_inventory_pipeline to 2026-08-22 18:30:00+00:00, run_after=2026-08-23 18:30:00+00:00
[2026-08-23T02:08:18.516+0000] {processor.py:208} INFO - Processing /opt/airflow/dags/daily_inventory_pipeline.py took 0.455 seconds
[2026-08-23T02:08:48.903+0000] {processor.py:186} INFO - Started process (PID=1817) to work on /opt/airflow/dags/daily_inventory_pipeline.py
[2026-08-23T02:08:48.905+0000] {processor.py:914} INFO - Processing file /opt/airflow/dags/daily_inventory_pipeline.py for tasks to queue
[2026-08-23T02:08:48.909+0000] {logging_mixin.py:190} INFO - [2026-08-23T02:08:48.908+0000] {dagbag.py:588} INFO - Filling up the DagBag from /opt/airflow/dags/daily_inventory_pipeline.py
[2026-08-23T02:08:49.169+0000] {processor.py:925} INFO - DAG(s) 'daily_inventory_pipeline' retrieved from /opt/airflow/dags/daily_inventory_pipeline.py
[2026-08-23T02:08:49.202+0000] {logging_mixin.py:190} INFO - [2026-08-23T02:08:49.202+0000] {dag.py:3239} INFO - Sync 1 DAGs
[2026-08-23T02:08:49.222+0000] {logging_mixin.py:190} INFO - [2026-08-23T02:08:49.222+0000] {dag.py:4180} INFO - Setting next_dagrun for daily_inventory_pipeline to 2026-08-22 18:30:00+00:00, run_after=2026-08-23 18:30:00+00:00
[2026-08-23T02:08:49.241+0000] {processor.py:208} INFO - Processing /opt/airflow/dags/daily_inventory_pipeline.py took 0.355 seconds
[2026-08-23T02:09:19.501+0000] {processor.py:186} INFO - Started process (PID=1827) to work on /opt/airflow/dags/daily_inventory_pipeline.py
[2026-08-23T02:09:19.502+0000] {processor.py:914} INFO - Processing file /opt/airflow/dags/daily_inventory_pipeline.py for tasks to queue
[2026-08-23T02:09:19.504+0000] {logging_mixin.py:190} INFO - [2026-08-23T02:09:19.504+0000] {dagbag.py:588} INFO - Filling up the DagBag from /opt/airflow/dags/daily_inventory_pipeline.py
[2026-08-23T02:09:19.626+0000] {processor.py:925} INFO - DAG(s) 'daily_inventory_pipeline' retrieved from /opt/airflow/dags/daily_inventory_pipeline.py
[2026-08-23T02:09:19.651+0000] {logging_mixin.py:190} INFO - [2026-08-23T02:09:19.651+0000] {dag.py:3239} INFO - Sync 1 DAGs
[2026-08-23T02:09:19.672+0000] {logging_mixin.py:190} INFO - [2026-08-23T02:09:19.672+0000] {dag.py:4180} INFO - Setting next_dagrun for daily_inventory_pipeline to 2026-08-22 18:30:00+00:00, run_after=2026-08-23 18:30:00+00:00
[2026-08-23T02:09:19.688+0000] {processor.py:208} INFO - Processing /opt/airflow/dags/daily_inventory_pipeline.py took 0.194 seconds
[2026-08-23T02:09:49.926+0000] {processor.py:186} INFO - Started process (PID=1837) to work on /opt/airflow/dags/daily_inventory_pipeline.py
[2026-08-23T02:09:49.927+0000] {processor.py:914} INFO - Processing file /opt/airflow/dags/daily_inventory_pipeline.py for tasks to queue
[2026-08-23T02:09:49.929+0000] {logging_mixin.py:190} INFO - [2026-08-23T02:09:49.929+0000] {dagbag.py:588} INFO - Filling up the DagBag from /opt/airflow/dags/daily_inventory_pipeline.py
[2026-08-23T02:09:50.033+0000] {processor.py:925} INFO - DAG(s) 'daily_inventory_pipeline' retrieved from /opt/airflow/dags/daily_inventory_pipeline.py
[2026-08-23T02:09:50.056+0000] {logging_mixin.py:190} INFO - [2026-08-23T02:09:50.056+0000] {dag.py:3239} INFO - Sync 1 DAGs
[2026-08-23T02:09:50.075+0000] {logging_mixin.py:190} INFO - [2026-08-23T02:09:50.075+0000] {dag.py:4180} INFO - Setting next_dagrun for daily_inventory_pipeline to 2026-08-22 18:30:00+00:00, run_after=2026-08-23 18:30:00+00:00
[2026-08-23T02:09:50.094+0000] {processor.py:208} INFO - Processing /opt/airflow/dags/daily_inventory_pipeline.py took 0.173 seconds
[2026-08-23T02:10:20.155+0000] {processor.py:186} INFO - Started process (PID=1847) to work on /opt/airflow/dags/daily_inventory_pipeline.py
[2026-08-23T02:10:20.156+0000] {processor.py:914} INFO - Processing file /opt/airflow/dags/daily_inventory_pipeline.py for tasks to queue
[2026-08-23T02:10:20.158+0000] {logging_mixin.py:190} INFO - [2026-08-23T02:10:20.158+0000] {dagbag.py:588} INFO - Filling up the DagBag from /opt/airflow/dags/daily_inventory_pipeline.py
[2026-08-23T02:10:20.265+0000] {processor.py:925} INFO - DAG(s) 'daily_inventory_pipeline' retrieved from /opt/airflow/dags/daily_inventory_pipeline.py
[2026-08-23T02:10:20.292+0000] {logging_mixin.py:190} INFO - [2026-08-23T02:10:20.292+0000] {dag.py:3239} INFO - Sync 1 DAGs
[2026-08-23T02:10:20.317+0000] {logging_mixin.py:190} INFO - [2026-08-23T02:10:20.317+0000] {dag.py:4180} INFO - Setting next_dagrun for daily_inventory_pipeline to 2026-08-22 18:30:00+00:00, run_after=2026-08-23 18:30:00+00:00
[2026-08-23T02:10:20.333+0000] {processor.py:208} INFO - Processing /opt/airflow/dags/daily_inventory_pipeline.py took 0.184 seconds
[2026-08-23T02:10:50.573+0000] {processor.py:186} INFO - Started process (PID=1857) to work on /opt/airflow/dags/daily_inventory_pipeline.py
[2026-08-23T02:10:50.574+0000] {processor.py:914} INFO - Processing file /opt/airflow/dags/daily_inventory_pipeline.py for tasks to queue
[2026-08-23T02:10:50.576+0000] {logging_mixin.py:190} INFO - [2026-08-23T02:10:50.576+0000] {dagbag.py:588} INFO - Filling up the DagBag from /opt/airflow/dags/daily_inventory_pipeline.py
[2026-08-23T02:10:50.688+0000] {processor.py:925} INFO - DAG(s) 'daily_inventory_pipeline' retrieved from /opt/airflow/dags/daily_inventory_pipeline.py
[2026-08-23T02:10:50.711+0000] {logging_mixin.py:190} INFO - [2026-08-23T02:10:50.710+0000] {dag.py:3239} INFO - Sync 1 DAGs
[2026-08-23T02:10:50.727+0000] {logging_mixin.py:190} INFO - [2026-08-23T02:10:50.727+0000] {dag.py:4180} INFO - Setting next_dagrun for daily_inventory_pipeline to 2026-08-22 18:30:00+00:00, run_after=2026-08-23 18:30:00+00:00
[2026-08-23T02:10:50.741+0000] {processor.py:208} INFO - Processing /opt/airflow/dags/daily_inventory_pipeline.py took 0.174 seconds
[2026-08-23T02:11:20.879+0000] {processor.py:186} INFO - Started process (PID=1867) to work on /opt/airflow/dags/daily_inventory_pipeline.py
[2026-08-23T02:11:20.880+0000] {processor.py:914} INFO - Processing file /opt/airflow/dags/daily_inventory_pipeline.py for tasks to queue
[2026-08-23T02:11:20.882+0000] {logging_mixin.py:190} INFO - [2026-08-23T02:11:20.882+0000] {dagbag.py:588} INFO - Filling up the DagBag from /opt/airflow/dags/daily_inventory_pipeline.py
[2026-08-23T02:11:20.997+0000] {processor.py:925} INFO - DAG(s) 'daily_inventory_pipeline' retrieved from /opt/airflow/dags/daily_inventory_pipeline.py
[2026-08-23T02:11:21.020+0000] {logging_mixin.py:190} INFO - [2026-08-23T02:11:21.020+0000] {dag.py:3239} INFO - Sync 1 DAGs
[2026-08-23T02:11:21.037+0000] {logging_mixin.py:190} INFO - [2026-08-23T02:11:21.037+0000] {dag.py:4180} INFO - Setting next_dagrun for daily_inventory_pipeline to 2026-08-22 18:30:00+00:00, run_after=2026-08-23 18:30:00+00:00
[2026-08-23T02:11:21.055+0000] {processor.py:208} INFO - Processing /opt/airflow/dags/daily_inventory_pipeline.py took 0.182 seconds
[2026-08-23T02:11:51.196+0000] {processor.py:186} INFO - Started process (PID=1877) to work on /opt/airflow/dags/daily_inventory_pipeline.py
[2026-08-23T02:11:51.196+0000] {processor.py:914} INFO - Processing file /opt/airflow/dags/daily_inventory_pipeline.py for tasks to queue
[2026-08-23T02:11:51.199+0000] {logging_mixin.py:190} INFO - [2026-08-23T02:11:51.198+0000] {dagbag.py:588} INFO - Filling up the DagBag from /opt/airflow/dags/daily_inventory_pipeline.py
[2026-08-23T02:11:51.319+0000] {processor.py:925} INFO - DAG(s) 'daily_inventory_pipeline' retrieved from /opt/airflow/dags/daily_inventory_pipeline.py
[2026-08-23T02:11:51.342+0000] {logging_mixin.py:190} INFO - [2026-08-23T02:11:51.342+0000] {dag.py:3239} INFO - Sync 1 DAGs
[2026-08-23T02:11:51.363+0000] {logging_mixin.py:190} INFO - [2026-08-23T02:11:51.362+0000] {dag.py:4180} INFO - Setting next_dagrun for daily_inventory_pipeline to 2026-08-22 18:30:00+00:00, run_after=2026-08-23 18:30:00+00:00
[2026-08-23T02:11:51.378+0000] {processor.py:208} INFO - Processing /opt/airflow/dags/daily_inventory_pipeline.py took 0.189 seconds
[2026-08-23T02:12:21.477+0000] {processor.py:186} INFO - Started process (PID=1887) to work on /opt/airflow/dags/daily_inventory_pipeline.py
[2026-08-23T02:12:21.477+0000] {processor.py:914} INFO - Processing file /opt/airflow/dags/daily_inventory_pipeline.py for tasks to queue
[2026-08-23T02:12:21.479+0000] {logging_mixin.py:190} INFO - [2026-08-23T02:12:21.479+0000] {dagbag.py:588} INFO - Filling up the DagBag from /opt/airflow/dags/daily_inventory_pipeline.py
[2026-08-23T02:12:21.589+0000] {processor.py:925} INFO - DAG(s) 'daily_inventory_pipeline' retrieved from /opt/airflow/dags/daily_inventory_pipeline.py
[2026-08-23T02:12:21.611+0000] {logging_mixin.py:190} INFO - [2026-08-23T02:12:21.611+0000] {dag.py:3239} INFO - Sync 1 DAGs
[2026-08-23T02:12:21.629+0000] {logging_mixin.py:190} INFO - [2026-08-23T02:12:21.629+0000] {dag.py:4180} INFO - Setting next_dagrun for daily_inventory_pipeline to 2026-08-22 18:30:00+00:00, run_after=2026-08-23 18:30:00+00:00
[2026-08-23T02:12:21.650+0000] {processor.py:208} INFO - Processing /opt/airflow/dags/daily_inventory_pipeline.py took 0.181 seconds
[2026-08-23T02:12:51.873+0000] {processor.py:186} INFO - Started process (PID=1897) to work on /opt/airflow/dags/daily_inventory_pipeline.py
[2026-08-23T02:12:51.874+0000] {processor.py:914} INFO - Processing file /opt/airflow/dags/daily_inventory_pipeline.py for tasks to queue
[2026-08-23T02:12:51.876+0000] {logging_mixin.py:190} INFO - [2026-08-23T02:12:51.876+0000] {dagbag.py:588} INFO - Filling up the DagBag from /opt/airflow/dags/daily_inventory_pipeline.py
[2026-08-23T02:12:51.977+0000] {processor.py:925} INFO - DAG(s) 'daily_inventory_pipeline' retrieved from /opt/airflow/dags/daily_inventory_pipeline.py
[2026-08-23T02:12:51.996+0000] {logging_mixin.py:190} INFO - [2026-08-23T02:12:51.996+0000] {dag.py:3239} INFO - Sync 1 DAGs
[2026-08-23T02:12:52.014+0000] {logging_mixin.py:190} INFO - [2026-08-23T02:12:52.013+0000] {dag.py:4180} INFO - Setting next_dagrun for daily_inventory_pipeline to 2026-08-22 18:30:00+00:00, run_after=2026-08-23 18:30:00+00:00
[2026-08-23T02:12:52.032+0000] {processor.py:208} INFO - Processing /opt/airflow/dags/daily_inventory_pipeline.py took 0.165 seconds
[2026-08-23T02:13:22.189+0000] {processor.py:186} INFO - Started process (PID=1907) to work on /opt/airflow/dags/daily_inventory_pipeline.py
[2026-08-23T02:13:22.190+0000] {processor.py:914} INFO - Processing file /opt/airflow/dags/daily_inventory_pipeline.py for tasks to queue
[2026-08-23T02:13:22.192+0000] {logging_mixin.py:190} INFO - [2026-08-23T02:13:22.192+0000] {dagbag.py:588} INFO - Filling up the DagBag from /opt/airflow/dags/daily_inventory_pipeline.py
[2026-08-23T02:13:22.317+0000] {processor.py:925} INFO - DAG(s) 'daily_inventory_pipeline' retrieved from /opt/airflow/dags/daily_inventory_pipeline.py
[2026-08-23T02:13:22.337+0000] {logging_mixin.py:190} INFO - [2026-08-23T02:13:22.337+0000] {dag.py:3239} INFO - Sync 1 DAGs
[2026-08-23T02:13:22.354+0000] {logging_mixin.py:190} INFO - [2026-08-23T02:13:22.354+0000] {dag.py:4180} INFO - Setting next_dagrun for daily_inventory_pipeline to 2026-08-22 18:30:00+00:00, run_after=2026-08-23 18:30:00+00:00
[2026-08-23T02:13:22.369+0000] {processor.py:208} INFO - Processing /opt/airflow/dags/daily_inventory_pipeline.py took 0.186 seconds
[2026-08-23T02:13:52.546+0000] {processor.py:186} INFO - Started process (PID=1917) to work on /opt/airflow/dags/daily_inventory_pipeline.py
[2026-08-23T02:13:52.547+0000] {processor.py:914} INFO - Processing file /opt/airflow/dags/daily_inventory_pipeline.py for tasks to queue
[2026-08-23T02:13:52.549+0000] {logging_mixin.py:190} INFO - [2026-08-23T02:13:52.549+0000] {dagbag.py:588} INFO - Filling up the DagBag from /opt/airflow/dags/daily_inventory_pipeline.py
[2026-08-23T02:13:52.662+0000] {processor.py:925} INFO - DAG(s) 'daily_inventory_pipeline' retrieved from /opt/airflow/dags/daily_inventory_pipeline.py
[2026-08-23T02:13:52.684+0000] {logging_mixin.py:190} INFO - [2026-08-23T02:13:52.684+0000] {dag.py:3239} INFO - Sync 1 DAGs
[2026-08-23T02:13:52.701+0000] {logging_mixin.py:190} INFO - [2026-08-23T02:13:52.701+0000] {dag.py:4180} INFO - Setting next_dagrun for daily_inventory_pipeline to 2026-08-22 18:30:00+00:00, run_after=2026-08-23 18:30:00+00:00
[2026-08-23T02:13:52.716+0000] {processor.py:208} INFO - Processing /opt/airflow/dags/daily_inventory_pipeline.py took 0.176 seconds
[2026-08-23T02:14:22.874+0000] {processor.py:186} INFO - Started process (PID=1927) to work on /opt/airflow/dags/daily_inventory_pipeline.py
[2026-08-23T02:14:22.877+0000] {processor.py:914} INFO - Processing file /opt/airflow/dags/daily_inventory_pipeline.py for tasks to queue
[2026-08-23T02:14:22.879+0000] {logging_mixin.py:190} INFO - [2026-08-23T02:14:22.879+0000] {dagbag.py:588} INFO - Filling up the DagBag from /opt/airflow/dags/daily_inventory_pipeline.py
[2026-08-23T02:14:23.006+0000] {processor.py:925} INFO - DAG(s) 'daily_inventory_pipeline' retrieved from /opt/airflow/dags/daily_inventory_pipeline.py
[2026-08-23T02:14:23.028+0000] {logging_mixin.py:190} INFO - [2026-08-23T02:14:23.028+0000] {dag.py:3239} INFO - Sync 1 DAGs
[2026-08-23T02:14:23.046+0000] {logging_mixin.py:190} INFO - [2026-08-23T02:14:23.046+0000] {dag.py:4180} INFO - Setting next_dagrun for daily_inventory_pipeline to 2026-08-22 18:30:00+00:00, run_after=2026-08-23 18:30:00+00:00
[2026-08-23T02:14:23.061+0000] {processor.py:208} INFO - Processing /opt/airflow/dags/daily_inventory_pipeline.py took 0.194 seconds
[2026-08-23T02:14:53.147+0000] {processor.py:186} INFO - Started process (PID=1937) to work on /opt/airflow/dags/daily_inventory_pipeline.py
[2026-08-23T02:14:53.147+0000] {processor.py:914} INFO - Processing file /opt/airflow/dags/daily_inventory_pipeline.py for tasks to queue
[2026-08-23T02:14:53.150+0000] {logging_mixin.py:190} INFO - [2026-08-23T02:14:53.150+0000] {dagbag.py:588} INFO - Filling up the DagBag from /opt/airflow/dags/daily_inventory_pipeline.py
[2026-08-23T02:14:53.267+0000] {processor.py:925} INFO - DAG(s) 'daily_inventory_pipeline' retrieved from /opt/airflow/dags/daily_inventory_pipeline.py
[2026-08-23T02:14:53.289+0000] {logging_mixin.py:190} INFO - [2026-08-23T02:14:53.289+0000] {dag.py:3239} INFO - Sync 1 DAGs
[2026-08-23T02:14:53.308+0000] {logging_mixin.py:190} INFO - [2026-08-23T02:14:53.308+0000] {dag.py:4180} INFO - Setting next_dagrun for daily_inventory_pipeline to 2026-08-22 18:30:00+00:00, run_after=2026-08-23 18:30:00+00:00
[2026-08-23T02:14:53.328+0000] {processor.py:208} INFO - Processing /opt/airflow/dags/daily_inventory_pipeline.py took 0.189 seconds
[2026-08-23T02:15:23.484+0000] {processor.py:186} INFO - Started process (PID=1947) to work on /opt/airflow/dags/daily_inventory_pipeline.py
[2026-08-23T02:15:23.484+0000] {processor.py:914} INFO - Processing file /opt/airflow/dags/daily_inventory_pipeline.py for tasks to queue
[2026-08-23T02:15:23.487+0000] {logging_mixin.py:190} INFO - [2026-08-23T02:15:23.486+0000] {dagbag.py:588} INFO - Filling up the DagBag from /opt/airflow/dags/daily_inventory_pipeline.py
[2026-08-23T02:15:23.617+0000] {processor.py:925} INFO - DAG(s) 'daily_inventory_pipeline' retrieved from /opt/airflow/dags/daily_inventory_pipeline.py
[2026-08-23T02:15:23.642+0000] {logging_mixin.py:190} INFO - [2026-08-23T02:15:23.642+0000] {dag.py:3239} INFO - Sync 1 DAGs
[2026-08-23T02:15:23.663+0000] {logging_mixin.py:190} INFO - [2026-08-23T02:15:23.663+0000] {dag.py:4180} INFO - Setting next_dagrun for daily_inventory_pipeline to 2026-08-22 18:30:00+00:00, run_after=2026-08-23 18:30:00+00:00
[2026-08-23T02:15:23.685+0000] {processor.py:208} INFO - Processing /opt/airflow/dags/daily_inventory_pipeline.py took 0.210 seconds
[2026-08-23T02:15:53.735+0000] {processor.py:186} INFO - Started process (PID=1954) to work on /opt/airflow/dags/daily_inventory_pipeline.py
[2026-08-23T02:15:53.737+0000] {processor.py:914} INFO - Processing file /opt/airflow/dags/daily_inventory_pipeline.py for tasks to queue
[2026-08-23T02:15:53.739+0000] {logging_mixin.py:190} INFO - [2026-08-23T02:15:53.739+0000] {dagbag.py:588} INFO - Filling up the DagBag from /opt/airflow/dags/daily_inventory_pipeline.py
[2026-08-23T02:15:53.997+0000] {processor.py:925} INFO - DAG(s) 'daily_inventory_pipeline' retrieved from /opt/airflow/dags/daily_inventory_pipeline.py
[2026-08-23T02:15:54.023+0000] {logging_mixin.py:190} INFO - [2026-08-23T02:15:54.023+0000] {dag.py:3239} INFO - Sync 1 DAGs
[2026-08-23T02:15:54.046+0000] {logging_mixin.py:190} INFO - [2026-08-23T02:15:54.046+0000] {dag.py:4180} INFO - Setting next_dagrun for daily_inventory_pipeline to 2026-08-22 18:30:00+00:00, run_after=2026-08-23 18:30:00+00:00
[2026-08-23T02:15:54.062+0000] {processor.py:208} INFO - Processing /opt/airflow/dags/daily_inventory_pipeline.py took 0.334 seconds
[2026-08-23T02:16:24.331+0000] {processor.py:186} INFO - Started process (PID=1967) to work on /opt/airflow/dags/daily_inventory_pipeline.py
[2026-08-23T02:16:24.332+0000] {processor.py:914} INFO - Processing file /opt/airflow/dags/daily_inventory_pipeline.py for tasks to queue
[2026-08-23T02:16:24.334+0000] {logging_mixin.py:190} INFO - [2026-08-23T02:16:24.333+0000] {dagbag.py:588} INFO - Filling up the DagBag from /opt/airflow/dags/daily_inventory_pipeline.py
[2026-08-23T02:16:24.499+0000] {processor.py:925} INFO - DAG(s) 'daily_inventory_pipeline' retrieved from /opt/airflow/dags/daily_inventory_pipeline.py
[2026-08-23T02:16:24.526+0000] {logging_mixin.py:190} INFO - [2026-08-23T02:16:24.525+0000] {dag.py:3239} INFO - Sync 1 DAGs
[2026-08-23T02:16:24.545+0000] {logging_mixin.py:190} INFO - [2026-08-23T02:16:24.545+0000] {dag.py:4180} INFO - Setting next_dagrun for daily_inventory_pipeline to 2026-08-22 18:30:00+00:00, run_after=2026-08-23 18:30:00+00:00
[2026-08-23T02:16:24.562+0000] {processor.py:208} INFO - Processing /opt/airflow/dags/daily_inventory_pipeline.py took 0.238 seconds
[2026-08-23T02:16:54.617+0000] {processor.py:186} INFO - Started process (PID=1977) to work on /opt/airflow/dags/daily_inventory_pipeline.py
[2026-08-23T02:16:54.618+0000] {processor.py:914} INFO - Processing file /opt/airflow/dags/daily_inventory_pipeline.py for tasks to queue
[2026-08-23T02:16:54.620+0000] {logging_mixin.py:190} INFO - [2026-08-23T02:16:54.619+0000] {dagbag.py:588} INFO - Filling up the DagBag from /opt/airflow/dags/daily_inventory_pipeline.py
[2026-08-23T02:16:54.719+0000] {processor.py:925} INFO - DAG(s) 'daily_inventory_pipeline' retrieved from /opt/airflow/dags/daily_inventory_pipeline.py
[2026-08-23T02:16:54.740+0000] {logging_mixin.py:190} INFO - [2026-08-23T02:16:54.740+0000] {dag.py:3239} INFO - Sync 1 DAGs
[2026-08-23T02:16:54.755+0000] {logging_mixin.py:190} INFO - [2026-08-23T02:16:54.755+0000] {dag.py:4180} INFO - Setting next_dagrun for daily_inventory_pipeline to 2026-08-22 18:30:00+00:00, run_after=2026-08-23 18:30:00+00:00
[2026-08-23T02:16:54.769+0000] {processor.py:208} INFO - Processing /opt/airflow/dags/daily_inventory_pipeline.py took 0.157 seconds
[2026-08-23T02:17:24.988+0000] {processor.py:186} INFO - Started process (PID=1987) to work on /opt/airflow/dags/daily_inventory_pipeline.py
[2026-08-23T02:17:24.989+0000] {processor.py:914} INFO - Processing file /opt/airflow/dags/daily_inventory_pipeline.py for tasks to queue
[2026-08-23T02:17:24.990+0000] {logging_mixin.py:190} INFO - [2026-08-23T02:17:24.990+0000] {dagbag.py:588} INFO - Filling up the DagBag from /opt/airflow/dags/daily_inventory_pipeline.py
[2026-08-23T02:17:25.088+0000] {processor.py:925} INFO - DAG(s) 'daily_inventory_pipeline' retrieved from /opt/airflow/dags/daily_inventory_pipeline.py
[2026-08-23T02:17:25.111+0000] {logging_mixin.py:190} INFO - [2026-08-23T02:17:25.111+0000] {dag.py:3239} INFO - Sync 1 DAGs
[2026-08-23T02:17:25.129+0000] {logging_mixin.py:190} INFO - [2026-08-23T02:17:25.129+0000] {dag.py:4180} INFO - Setting next_dagrun for daily_inventory_pipeline to 2026-08-22 18:30:00+00:00, run_after=2026-08-23 18:30:00+00:00
[2026-08-23T02:17:25.144+0000] {processor.py:208} INFO - Processing /opt/airflow/dags/daily_inventory_pipeline.py took 0.161 seconds
[2026-08-23T02:17:55.192+0000] {processor.py:186} INFO - Started process (PID=1997) to work on /opt/airflow/dags/daily_inventory_pipeline.py
[2026-08-23T02:17:55.193+0000] {processor.py:914} INFO - Processing file /opt/airflow/dags/daily_inventory_pipeline.py for tasks to queue
[2026-08-23T02:17:55.195+0000] {logging_mixin.py:190} INFO - [2026-08-23T02:17:55.195+0000] {dagbag.py:588} INFO - Filling up the DagBag from /opt/airflow/dags/daily_inventory_pipeline.py
[2026-08-23T02:17:55.315+0000] {processor.py:925} INFO - DAG(s) 'daily_inventory_pipeline' retrieved from /opt/airflow/dags/daily_inventory_pipeline.py
[2026-08-23T02:17:55.341+0000] {logging_mixin.py:190} INFO - [2026-08-23T02:17:55.341+0000] {dag.py:3239} INFO - Sync 1 DAGs
[2026-08-23T02:17:55.362+0000] {logging_mixin.py:190} INFO - [2026-08-23T02:17:55.362+0000] {dag.py:4180} INFO - Setting next_dagrun for daily_inventory_pipeline to 2026-08-22 18:30:00+00:00, run_after=2026-08-23 18:30:00+00:00
[2026-08-23T02:17:55.384+0000] {processor.py:208} INFO - Processing /opt/airflow/dags/daily_inventory_pipeline.py took 0.200 seconds
[2026-08-23T02:18:25.525+0000] {processor.py:186} INFO - Started process (PID=2007) to work on /opt/airflow/dags/daily_inventory_pipeline.py
[2026-08-23T02:18:25.525+0000] {processor.py:914} INFO - Processing file /opt/airflow/dags/daily_inventory_pipeline.py for tasks to queue
[2026-08-23T02:18:25.528+0000] {logging_mixin.py:190} INFO - [2026-08-23T02:18:25.527+0000] {dagbag.py:588} INFO - Filling up the DagBag from /opt/airflow/dags/daily_inventory_pipeline.py
[2026-08-23T02:18:25.634+0000] {processor.py:925} INFO - DAG(s) 'daily_inventory_pipeline' retrieved from /opt/airflow/dags/daily_inventory_pipeline.py
[2026-08-23T02:18:25.655+0000] {logging_mixin.py:190} INFO - [2026-08-23T02:18:25.655+0000] {dag.py:3239} INFO - Sync 1 DAGs
[2026-08-23T02:18:25.674+0000] {logging_mixin.py:190} INFO - [2026-08-23T02:18:25.674+0000] {dag.py:4180} INFO - Setting next_dagrun for daily_inventory_pipeline to 2026-08-22 18:30:00+00:00, run_after=2026-08-23 18:30:00+00:00
[2026-08-23T02:18:25.689+0000] {processor.py:208} INFO - Processing /opt/airflow/dags/daily_inventory_pipeline.py took 0.170 seconds
[2026-08-23T02:18:55.833+0000] {processor.py:186} INFO - Started process (PID=2017) to work on /opt/airflow/dags/daily_inventory_pipeline.py
[2026-08-23T02:18:55.834+0000] {processor.py:914} INFO - Processing file /opt/airflow/dags/daily_inventory_pipeline.py for tasks to queue
[2026-08-23T02:18:55.836+0000] {logging_mixin.py:190} INFO - [2026-08-23T02:18:55.835+0000] {dagbag.py:588} INFO - Filling up the DagBag from /opt/airflow/dags/daily_inventory_pipeline.py
[2026-08-23T02:18:55.931+0000] {processor.py:925} INFO - DAG(s) 'daily_inventory_pipeline' retrieved from /opt/airflow/dags/daily_inventory_pipeline.py
[2026-08-23T02:18:55.952+0000] {logging_mixin.py:190} INFO - [2026-08-23T02:18:55.952+0000] {dag.py:3239} INFO - Sync 1 DAGs
[2026-08-23T02:18:55.968+0000] {logging_mixin.py:190} INFO - [2026-08-23T02:18:55.968+0000] {dag.py:4180} INFO - Setting next_dagrun for daily_inventory_pipeline to 2026-08-22 18:30:00+00:00, run_after=2026-08-23 18:30:00+00:00
[2026-08-23T02:18:55.981+0000] {processor.py:208} INFO - Processing /opt/airflow/dags/daily_inventory_pipeline.py took 0.153 seconds
[2026-08-23T02:19:26.170+0000] {processor.py:186} INFO - Started process (PID=2027) to work on /opt/airflow/dags/daily_inventory_pipeline.py
[2026-08-23T02:19:26.171+0000] {processor.py:914} INFO - Processing file /opt/airflow/dags/daily_inventory_pipeline.py for tasks to queue
[2026-08-23T02:19:26.174+0000] {logging_mixin.py:190} INFO - [2026-08-23T02:19:26.173+0000] {dagbag.py:588} INFO - Filling up the DagBag from /opt/airflow/dags/daily_inventory_pipeline.py
[2026-08-23T02:19:26.348+0000] {processor.py:925} INFO - DAG(s) 'daily_inventory_pipeline' retrieved from /opt/airflow/dags/daily_inventory_pipeline.py
[2026-08-23T02:19:26.373+0000] {logging_mixin.py:190} INFO - [2026-08-23T02:19:26.373+0000] {dag.py:3239} INFO - Sync 1 DAGs
[2026-08-23T02:19:26.396+0000] {logging_mixin.py:190} INFO - [2026-08-23T02:19:26.396+0000] {dag.py:4180} INFO - Setting next_dagrun for daily_inventory_pipeline to 2026-08-22 18:30:00+00:00, run_after=2026-08-23 18:30:00+00:00
[2026-08-23T02:19:26.416+0000] {processor.py:208} INFO - Processing /opt/airflow/dags/daily_inventory_pipeline.py took 0.253 seconds
[2026-08-23T02:19:56.704+0000] {processor.py:186} INFO - Started process (PID=2037) to work on /opt/airflow/dags/daily_inventory_pipeline.py
[2026-08-23T02:19:56.705+0000] {processor.py:914} INFO - Processing file /opt/airflow/dags/daily_inventory_pipeline.py for tasks to queue
[2026-08-23T02:19:56.706+0000] {logging_mixin.py:190} INFO - [2026-08-23T02:19:56.706+0000] {dagbag.py:588} INFO - Filling up the DagBag from /opt/airflow/dags/daily_inventory_pipeline.py
[2026-08-23T02:19:56.805+0000] {processor.py:925} INFO - DAG(s) 'daily_inventory_pipeline' retrieved from /opt/airflow/dags/daily_inventory_pipeline.py
[2026-08-23T02:19:56.836+0000] {logging_mixin.py:190} INFO - [2026-08-23T02:19:56.836+0000] {dag.py:3239} INFO - Sync 1 DAGs
[2026-08-23T02:19:56.855+0000] {logging_mixin.py:190} INFO - [2026-08-23T02:19:56.855+0000] {dag.py:4180} INFO - Setting next_dagrun for daily_inventory_pipeline to 2026-08-22 18:30:00+00:00, run_after=2026-08-23 18:30:00+00:00
[2026-08-23T02:19:56.874+0000] {processor.py:208} INFO - Processing /opt/airflow/dags/daily_inventory_pipeline.py took 0.176 seconds
[2026-08-23T02:20:26.928+0000] {processor.py:186} INFO - Started process (PID=2047) to work on /opt/airflow/dags/daily_inventory_pipeline.py
[2026-08-23T02:20:26.928+0000] {processor.py:914} INFO - Processing file /opt/airflow/dags/daily_inventory_pipeline.py for tasks to queue
[2026-08-23T02:20:26.930+0000] {logging_mixin.py:190} INFO - [2026-08-23T02:20:26.930+0000] {dagbag.py:588} INFO - Filling up the DagBag from /opt/airflow/dags/daily_inventory_pipeline.py
[2026-08-23T02:20:27.014+0000] {processor.py:925} INFO - DAG(s) 'daily_inventory_pipeline' retrieved from /opt/airflow/dags/daily_inventory_pipeline.py
[2026-08-23T02:20:27.035+0000] {logging_mixin.py:190} INFO - [2026-08-23T02:20:27.035+0000] {dag.py:3239} INFO - Sync 1 DAGs
[2026-08-23T02:20:27.050+0000] {logging_mixin.py:190} INFO - [2026-08-23T02:20:27.050+0000] {dag.py:4180} INFO - Setting next_dagrun for daily_inventory_pipeline to 2026-08-22 18:30:00+00:00, run_after=2026-08-23 18:30:00+00:00
[2026-08-23T02:20:27.067+0000] {processor.py:208} INFO - Processing /opt/airflow/dags/daily_inventory_pipeline.py took 0.144 seconds
[2026-08-23T02:20:57.309+0000] {processor.py:186} INFO - Started process (PID=2057) to work on /opt/airflow/dags/daily_inventory_pipeline.py
[2026-08-23T02:20:57.309+0000] {processor.py:914} INFO - Processing file /opt/airflow/dags/daily_inventory_pipeline.py for tasks to queue
[2026-08-23T02:20:57.311+0000] {logging_mixin.py:190} INFO - [2026-08-23T02:20:57.311+0000] {dagbag.py:588} INFO - Filling up the DagBag from /opt/airflow/dags/daily_inventory_pipeline.py
[2026-08-23T02:20:57.395+0000] {processor.py:925} INFO - DAG(s) 'daily_inventory_pipeline' retrieved from /opt/airflow/dags/daily_inventory_pipeline.py
[2026-08-23T02:20:57.416+0000] {logging_mixin.py:190} INFO - [2026-08-23T02:20:57.416+0000] {dag.py:3239} INFO - Sync 1 DAGs
[2026-08-23T02:20:57.433+0000] {logging_mixin.py:190} INFO - [2026-08-23T02:20:57.432+0000] {dag.py:4180} INFO - Setting next_dagrun for daily_inventory_pipeline to 2026-08-22 18:30:00+00:00, run_after=2026-08-23 18:30:00+00:00
[2026-08-23T02:20:57.453+0000] {processor.py:208} INFO - Processing /opt/airflow/dags/daily_inventory_pipeline.py took 0.150 seconds
[2026-08-23T02:21:27.557+0000] {processor.py:186} INFO - Started process (PID=2067) to work on /opt/airflow/dags/daily_inventory_pipeline.py
[2026-08-23T02:21:27.558+0000] {processor.py:914} INFO - Processing file /opt/airflow/dags/daily_inventory_pipeline.py for tasks to queue
[2026-08-23T02:21:27.561+0000] {logging_mixin.py:190} INFO - [2026-08-23T02:21:27.561+0000] {dagbag.py:588} INFO - Filling up the DagBag from /opt/airflow/dags/daily_inventory_pipeline.py
[2026-08-23T02:21:27.663+0000] {processor.py:925} INFO - DAG(s) 'daily_inventory_pipeline' retrieved from /opt/airflow/dags/daily_inventory_pipeline.py
[2026-08-23T02:21:27.685+0000] {logging_mixin.py:190} INFO - [2026-08-23T02:21:27.685+0000] {dag.py:3239} INFO - Sync 1 DAGs
[2026-08-23T02:21:27.703+0000] {logging_mixin.py:190} INFO - [2026-08-23T02:21:27.703+0000] {dag.py:4180} INFO - Setting next_dagrun for daily_inventory_pipeline to 2026-08-22 18:30:00+00:00, run_after=2026-08-23 18:30:00+00:00
[2026-08-23T02:21:27.718+0000] {processor.py:208} INFO - Processing /opt/airflow/dags/daily_inventory_pipeline.py took 0.167 seconds
[2026-08-23T02:21:57.920+0000] {processor.py:186} INFO - Started process (PID=2077) to work on /opt/airflow/dags/daily_inventory_pipeline.py
[2026-08-23T02:21:57.920+0000] {processor.py:914} INFO - Processing file /opt/airflow/dags/daily_inventory_pipeline.py for tasks to queue
[2026-08-23T02:21:57.922+0000] {logging_mixin.py:190} INFO - [2026-08-23T02:21:57.922+0000] {dagbag.py:588} INFO - Filling up the DagBag from /opt/airflow/dags/daily_inventory_pipeline.py
[2026-08-23T02:21:58.011+0000] {processor.py:925} INFO - DAG(s) 'daily_inventory_pipeline' retrieved from /opt/airflow/dags/daily_inventory_pipeline.py
[2026-08-23T02:21:58.034+0000] {logging_mixin.py:190} INFO - [2026-08-23T02:21:58.034+0000] {dag.py:3239} INFO - Sync 1 DAGs
[2026-08-23T02:21:58.050+0000] {logging_mixin.py:190} INFO - [2026-08-23T02:21:58.050+0000] {dag.py:4180} INFO - Setting next_dagrun for daily_inventory_pipeline to 2026-08-22 18:30:00+00:00, run_after=2026-08-23 18:30:00+00:00
[2026-08-23T02:21:58.068+0000] {processor.py:208} INFO - Processing /opt/airflow/dags/daily_inventory_pipeline.py took 0.153 seconds
[2026-08-23T02:22:28.224+0000] {processor.py:186} INFO - Started process (PID=2087) to work on /opt/airflow/dags/daily_inventory_pipeline.py
[2026-08-23T02:22:28.224+0000] {processor.py:914} INFO - Processing file /opt/airflow/dags/daily_inventory_pipeline.py for tasks to queue
[2026-08-23T02:22:28.226+0000] {logging_mixin.py:190} INFO - [2026-08-23T02:22:28.226+0000] {dagbag.py:588} INFO - Filling up the DagBag from /opt/airflow/dags/daily_inventory_pipeline.py
[2026-08-23T02:22:28.324+0000] {processor.py:925} INFO - DAG(s) 'daily_inventory_pipeline' retrieved from /opt/airflow/dags/daily_inventory_pipeline.py
[2026-08-23T02:22:28.346+0000] {logging_mixin.py:190} INFO - [2026-08-23T02:22:28.346+0000] {dag.py:3239} INFO - Sync 1 DAGs
[2026-08-23T02:22:28.363+0000] {logging_mixin.py:190} INFO - [2026-08-23T02:22:28.363+0000] {dag.py:4180} INFO - Setting next_dagrun for daily_inventory_pipeline to 2026-08-22 18:30:00+00:00, run_after=2026-08-23 18:30:00+00:00
[2026-08-23T02:22:28.378+0000] {processor.py:208} INFO - Processing /opt/airflow/dags/daily_inventory_pipeline.py took 0.160 seconds
[2026-08-23T02:22:58.491+0000] {processor.py:186} INFO - Started process (PID=2097) to work on /opt/airflow/dags/daily_inventory_pipeline.py
[2026-08-23T02:22:58.492+0000] {processor.py:914} INFO - Processing file /opt/airflow/dags/daily_inventory_pipeline.py for tasks to queue
[2026-08-23T02:22:58.493+0000] {logging_mixin.py:190} INFO - [2026-08-23T02:22:58.493+0000] {dagbag.py:588} INFO - Filling up the DagBag from /opt/airflow/dags/daily_inventory_pipeline.py
[2026-08-23T02:22:58.590+0000] {processor.py:925} INFO - DAG(s) 'daily_inventory_pipeline' retrieved from /opt/airflow/dags/daily_inventory_pipeline.py
[2026-08-23T02:22:58.611+0000] {logging_mixin.py:190} INFO - [2026-08-23T02:22:58.611+0000] {dag.py:3239} INFO - Sync 1 DAGs
[2026-08-23T02:22:58.628+0000] {logging_mixin.py:190} INFO - [2026-08-23T02:22:58.628+0000] {dag.py:4180} INFO - Setting next_dagrun for daily_inventory_pipeline to 2026-08-22 18:30:00+00:00, run_after=2026-08-23 18:30:00+00:00
[2026-08-23T02:22:58.642+0000] {processor.py:208} INFO - Processing /opt/airflow/dags/daily_inventory_pipeline.py took 0.157 seconds
[2026-08-23T02:23:28.796+0000] {processor.py:186} INFO - Started process (PID=2107) to work on /opt/airflow/dags/daily_inventory_pipeline.py
[2026-08-23T02:23:28.797+0000] {processor.py:914} INFO - Processing file /opt/airflow/dags/daily_inventory_pipeline.py for tasks to queue
[2026-08-23T02:23:28.799+0000] {logging_mixin.py:190} INFO - [2026-08-23T02:23:28.799+0000] {dagbag.py:588} INFO - Filling up the DagBag from /opt/airflow/dags/daily_inventory_pipeline.py
[2026-08-23T02:23:28.896+0000] {processor.py:925} INFO - DAG(s) 'daily_inventory_pipeline' retrieved from /opt/airflow/dags/daily_inventory_pipeline.py
[2026-08-23T02:23:28.918+0000] {logging_mixin.py:190} INFO - [2026-08-23T02:23:28.918+0000] {dag.py:3239} INFO - Sync 1 DAGs
[2026-08-23T02:23:28.934+0000] {logging_mixin.py:190} INFO - [2026-08-23T02:23:28.934+0000] {dag.py:4180} INFO - Setting next_dagrun for daily_inventory_pipeline to 2026-08-22 18:30:00+00:00, run_after=2026-08-23 18:30:00+00:00
[2026-08-23T02:23:28.955+0000] {processor.py:208} INFO - Processing /opt/airflow/dags/daily_inventory_pipeline.py took 0.165 seconds
[2026-08-23T02:23:59.040+0000] {processor.py:186} INFO - Started process (PID=2117) to work on /opt/airflow/dags/daily_inventory_pipeline.py
[2026-08-23T02:23:59.041+0000] {processor.py:914} INFO - Processing file /opt/airflow/dags/daily_inventory_pipeline.py for tasks to queue
[2026-08-23T02:23:59.043+0000] {logging_mixin.py:190} INFO - [2026-08-23T02:23:59.042+0000] {dagbag.py:588} INFO - Filling up the DagBag from /opt/airflow/dags/daily_inventory_pipeline.py
[2026-08-23T02:23:59.141+0000] {processor.py:925} INFO - DAG(s) 'daily_inventory_pipeline' retrieved from /opt/airflow/dags/daily_inventory_pipeline.py
[2026-08-23T02:23:59.163+0000] {logging_mixin.py:190} INFO - [2026-08-23T02:23:59.163+0000] {dag.py:3239} INFO - Sync 1 DAGs
[2026-08-23T02:23:59.182+0000] {logging_mixin.py:190} INFO - [2026-08-23T02:23:59.182+0000] {dag.py:4180} INFO - Setting next_dagrun for daily_inventory_pipeline to 2026-08-22 18:30:00+00:00, run_after=2026-08-23 18:30:00+00:00
[2026-08-23T02:23:59.198+0000] {processor.py:208} INFO - Processing /opt/airflow/dags/daily_inventory_pipeline.py took 0.164 seconds
[2026-08-23T02:24:29.315+0000] {processor.py:186} INFO - Started process (PID=2127) to work on /opt/airflow/dags/daily_inventory_pipeline.py
[2026-08-23T02:24:29.316+0000] {processor.py:914} INFO - Processing file /opt/airflow/dags/daily_inventory_pipeline.py for tasks to queue
[2026-08-23T02:24:29.318+0000] {logging_mixin.py:190} INFO - [2026-08-23T02:24:29.318+0000] {dagbag.py:588} INFO - Filling up the DagBag from /opt/airflow/dags/daily_inventory_pipeline.py
[2026-08-23T02:24:29.421+0000] {processor.py:925} INFO - DAG(s) 'daily_inventory_pipeline' retrieved from /opt/airflow/dags/daily_inventory_pipeline.py
[2026-08-23T02:24:29.442+0000] {logging_mixin.py:190} INFO - [2026-08-23T02:24:29.442+0000] {dag.py:3239} INFO - Sync 1 DAGs
[2026-08-23T02:24:29.460+0000] {logging_mixin.py:190} INFO - [2026-08-23T02:24:29.460+0000] {dag.py:4180} INFO - Setting next_dagrun for daily_inventory_pipeline to 2026-08-22 18:30:00+00:00, run_after=2026-08-23 18:30:00+00:00
[2026-08-23T02:24:29.474+0000] {processor.py:208} INFO - Processing /opt/airflow/dags/daily_inventory_pipeline.py took 0.165 seconds
[2026-08-23T02:24:59.665+0000] {processor.py:186} INFO - Started process (PID=2137) to work on /opt/airflow/dags/daily_inventory_pipeline.py
[2026-08-23T02:24:59.666+0000] {processor.py:914} INFO - Processing file /opt/airflow/dags/daily_inventory_pipeline.py for tasks to queue
[2026-08-23T02:24:59.668+0000] {logging_mixin.py:190} INFO - [2026-08-23T02:24:59.668+0000] {dagbag.py:588} INFO - Filling up the DagBag from /opt/airflow/dags/daily_inventory_pipeline.py
[2026-08-23T02:24:59.754+0000] {processor.py:925} INFO - DAG(s) 'daily_inventory_pipeline' retrieved from /opt/airflow/dags/daily_inventory_pipeline.py
[2026-08-23T02:24:59.774+0000] {logging_mixin.py:190} INFO - [2026-08-23T02:24:59.773+0000] {dag.py:3239} INFO - Sync 1 DAGs
[2026-08-23T02:24:59.788+0000] {logging_mixin.py:190} INFO - [2026-08-23T02:24:59.788+0000] {dag.py:4180} INFO - Setting next_dagrun for daily_inventory_pipeline to 2026-08-22 18:30:00+00:00, run_after=2026-08-23 18:30:00+00:00
[2026-08-23T02:24:59.802+0000] {processor.py:208} INFO - Processing /opt/airflow/dags/daily_inventory_pipeline.py took 0.141 seconds
[2026-08-23T02:25:29.954+0000] {processor.py:186} INFO - Started process (PID=2147) to work on /opt/airflow/dags/daily_inventory_pipeline.py
[2026-08-23T02:25:29.954+0000] {processor.py:914} INFO - Processing file /opt/airflow/dags/daily_inventory_pipeline.py for tasks to queue
[2026-08-23T02:25:29.956+0000] {logging_mixin.py:190} INFO - [2026-08-23T02:25:29.956+0000] {dagbag.py:588} INFO - Filling up the DagBag from /opt/airflow/dags/daily_inventory_pipeline.py
[2026-08-23T02:25:30.039+0000] {processor.py:925} INFO - DAG(s) 'daily_inventory_pipeline' retrieved from /opt/airflow/dags/daily_inventory_pipeline.py
[2026-08-23T02:25:30.059+0000] {logging_mixin.py:190} INFO - [2026-08-23T02:25:30.059+0000] {dag.py:3239} INFO - Sync 1 DAGs
[2026-08-23T02:25:30.075+0000] {logging_mixin.py:190} INFO - [2026-08-23T02:25:30.075+0000] {dag.py:4180} INFO - Setting next_dagrun for daily_inventory_pipeline to 2026-08-22 18:30:00+00:00, run_after=2026-08-23 18:30:00+00:00
[2026-08-23T02:25:30.088+0000] {processor.py:208} INFO - Processing /opt/airflow/dags/daily_inventory_pipeline.py took 0.139 seconds
[2026-08-23T02:26:00.207+0000] {processor.py:186} INFO - Started process (PID=2157) to work on /opt/airflow/dags/daily_inventory_pipeline.py
[2026-08-23T02:26:00.208+0000] {processor.py:914} INFO - Processing file /opt/airflow/dags/daily_inventory_pipeline.py for tasks to queue
[2026-08-23T02:26:00.209+0000] {logging_mixin.py:190} INFO - [2026-08-23T02:26:00.209+0000] {dagbag.py:588} INFO - Filling up the DagBag from /opt/airflow/dags/daily_inventory_pipeline.py
[2026-08-23T02:26:00.291+0000] {processor.py:925} INFO - DAG(s) 'daily_inventory_pipeline' retrieved from /opt/airflow/dags/daily_inventory_pipeline.py
[2026-08-23T02:26:00.312+0000] {logging_mixin.py:190} INFO - [2026-08-23T02:26:00.312+0000] {dag.py:3239} INFO - Sync 1 DAGs
[2026-08-23T02:26:00.329+0000] {logging_mixin.py:190} INFO - [2026-08-23T02:26:00.329+0000] {dag.py:4180} INFO - Setting next_dagrun for daily_inventory_pipeline to 2026-08-22 18:30:00+00:00, run_after=2026-08-23 18:30:00+00:00
[2026-08-23T02:26:00.342+0000] {processor.py:208} INFO - Processing /opt/airflow/dags/daily_inventory_pipeline.py took 0.140 seconds
[2026-08-23T02:26:30.501+0000] {processor.py:186} INFO - Started process (PID=2167) to work on /opt/airflow/dags/daily_inventory_pipeline.py
[2026-08-23T02:26:30.502+0000] {processor.py:914} INFO - Processing file /opt/airflow/dags/daily_inventory_pipeline.py for tasks to queue
[2026-08-23T02:26:30.505+0000] {logging_mixin.py:190} INFO - [2026-08-23T02:26:30.504+0000] {dagbag.py:588} INFO - Filling up the DagBag from /opt/airflow/dags/daily_inventory_pipeline.py
[2026-08-23T02:26:30.590+0000] {processor.py:925} INFO - DAG(s) 'daily_inventory_pipeline' retrieved from /opt/airflow/dags/daily_inventory_pipeline.py
[2026-08-23T02:26:30.612+0000] {logging_mixin.py:190} INFO - [2026-08-23T02:26:30.612+0000] {dag.py:3239} INFO - Sync 1 DAGs
[2026-08-23T02:26:30.627+0000] {logging_mixin.py:190} INFO - [2026-08-23T02:26:30.627+0000] {dag.py:4180} INFO - Setting next_dagrun for daily_inventory_pipeline to 2026-08-22 18:30:00+00:00, run_after=2026-08-23 18:30:00+00:00
[2026-08-23T02:26:30.641+0000] {processor.py:208} INFO - Processing /opt/airflow/dags/daily_inventory_pipeline.py took 0.148 seconds
[2026-08-23T02:27:00.903+0000] {processor.py:186} INFO - Started process (PID=2177) to work on /opt/airflow/dags/daily_inventory_pipeline.py
[2026-08-23T02:27:00.904+0000] {processor.py:914} INFO - Processing file /opt/airflow/dags/daily_inventory_pipeline.py for tasks to queue
[2026-08-23T02:27:00.906+0000] {logging_mixin.py:190} INFO - [2026-08-23T02:27:00.906+0000] {dagbag.py:588} INFO - Filling up the DagBag from /opt/airflow/dags/daily_inventory_pipeline.py
[2026-08-23T02:27:00.995+0000] {processor.py:925} INFO - DAG(s) 'daily_inventory_pipeline' retrieved from /opt/airflow/dags/daily_inventory_pipeline.py
[2026-08-23T02:27:01.018+0000] {logging_mixin.py:190} INFO - [2026-08-23T02:27:01.017+0000] {dag.py:3239} INFO - Sync 1 DAGs
[2026-08-23T02:27:01.036+0000] {logging_mixin.py:190} INFO - [2026-08-23T02:27:01.036+0000] {dag.py:4180} INFO - Setting next_dagrun for daily_inventory_pipeline to 2026-08-22 18:30:00+00:00, run_after=2026-08-23 18:30:00+00:00
[2026-08-23T02:27:01.052+0000] {processor.py:208} INFO - Processing /opt/airflow/dags/daily_inventory_pipeline.py took 0.154 seconds
[2026-08-23T02:27:31.242+0000] {processor.py:186} INFO - Started process (PID=2187) to work on /opt/airflow/dags/daily_inventory_pipeline.py
[2026-08-23T02:27:31.242+0000] {processor.py:914} INFO - Processing file /opt/airflow/dags/daily_inventory_pipeline.py for tasks to queue
[2026-08-23T02:27:31.244+0000] {logging_mixin.py:190} INFO - [2026-08-23T02:27:31.244+0000] {dagbag.py:588} INFO - Filling up the DagBag from /opt/airflow/dags/daily_inventory_pipeline.py
[2026-08-23T02:27:31.324+0000] {processor.py:925} INFO - DAG(s) 'daily_inventory_pipeline' retrieved from /opt/airflow/dags/daily_inventory_pipeline.py
[2026-08-23T02:27:31.345+0000] {logging_mixin.py:190} INFO - [2026-08-23T02:27:31.345+0000] {dag.py:3239} INFO - Sync 1 DAGs
[2026-08-23T02:27:31.360+0000] {logging_mixin.py:190} INFO - [2026-08-23T02:27:31.359+0000] {dag.py:4180} INFO - Setting next_dagrun for daily_inventory_pipeline to 2026-08-22 18:30:00+00:00, run_after=2026-08-23 18:30:00+00:00
[2026-08-23T02:27:31.377+0000] {processor.py:208} INFO - Processing /opt/airflow/dags/daily_inventory_pipeline.py took 0.140 seconds
[2026-08-23T02:28:01.634+0000] {processor.py:186} INFO - Started process (PID=2197) to work on /opt/airflow/dags/daily_inventory_pipeline.py
[2026-08-23T02:28:01.635+0000] {processor.py:914} INFO - Processing file /opt/airflow/dags/daily_inventory_pipeline.py for tasks to queue
[2026-08-23T02:28:01.637+0000] {logging_mixin.py:190} INFO - [2026-08-23T02:28:01.637+0000] {dagbag.py:588} INFO - Filling up the DagBag from /opt/airflow/dags/daily_inventory_pipeline.py
[2026-08-23T02:28:01.730+0000] {processor.py:925} INFO - DAG(s) 'daily_inventory_pipeline' retrieved from /opt/airflow/dags/daily_inventory_pipeline.py
[2026-08-23T02:28:01.755+0000] {logging_mixin.py:190} INFO - [2026-08-23T02:28:01.755+0000] {dag.py:3239} INFO - Sync 1 DAGs
[2026-08-23T02:28:01.772+0000] {logging_mixin.py:190} INFO - [2026-08-23T02:28:01.772+0000] {dag.py:4180} INFO - Setting next_dagrun for daily_inventory_pipeline to 2026-08-22 18:30:00+00:00, run_after=2026-08-23 18:30:00+00:00
[2026-08-23T02:28:01.785+0000] {processor.py:208} INFO - Processing /opt/airflow/dags/daily_inventory_pipeline.py took 0.160 seconds
[2026-08-23T02:28:31.966+0000] {processor.py:186} INFO - Started process (PID=2207) to work on /opt/airflow/dags/daily_inventory_pipeline.py
[2026-08-23T02:28:31.966+0000] {processor.py:914} INFO - Processing file /opt/airflow/dags/daily_inventory_pipeline.py for tasks to queue
[2026-08-23T02:28:31.968+0000] {logging_mixin.py:190} INFO - [2026-08-23T02:28:31.968+0000] {dagbag.py:588} INFO - Filling up the DagBag from /opt/airflow/dags/daily_inventory_pipeline.py
[2026-08-23T02:28:32.064+0000] {processor.py:925} INFO - DAG(s) 'daily_inventory_pipeline' retrieved from /opt/airflow/dags/daily_inventory_pipeline.py
[2026-08-23T02:28:32.085+0000] {logging_mixin.py:190} INFO - [2026-08-23T02:28:32.084+0000] {dag.py:3239} INFO - Sync 1 DAGs
[2026-08-23T02:28:32.101+0000] {logging_mixin.py:190} INFO - [2026-08-23T02:28:32.100+0000] {dag.py:4180} INFO - Setting next_dagrun for daily_inventory_pipeline to 2026-08-22 18:30:00+00:00, run_after=2026-08-23 18:30:00+00:00
[2026-08-23T02:28:32.113+0000] {processor.py:208} INFO - Processing /opt/airflow/dags/daily_inventory_pipeline.py took 0.153 seconds
[2026-08-23T02:29:02.228+0000] {processor.py:186} INFO - Started process (PID=2217) to work on /opt/airflow/dags/daily_inventory_pipeline.py
[2026-08-23T02:29:02.229+0000] {processor.py:914} INFO - Processing file /opt/airflow/dags/daily_inventory_pipeline.py for tasks to queue
[2026-08-23T02:29:02.231+0000] {logging_mixin.py:190} INFO - [2026-08-23T02:29:02.231+0000] {dagbag.py:588} INFO - Filling up the DagBag from /opt/airflow/dags/daily_inventory_pipeline.py
[2026-08-23T02:29:02.327+0000] {processor.py:925} INFO - DAG(s) 'daily_inventory_pipeline' retrieved from /opt/airflow/dags/daily_inventory_pipeline.py
[2026-08-23T02:29:02.349+0000] {logging_mixin.py:190} INFO - [2026-08-23T02:29:02.349+0000] {dag.py:3239} INFO - Sync 1 DAGs
[2026-08-23T02:29:02.367+0000] {logging_mixin.py:190} INFO - [2026-08-23T02:29:02.366+0000] {dag.py:4180} INFO - Setting next_dagrun for daily_inventory_pipeline to 2026-08-22 18:30:00+00:00, run_after=2026-08-23 18:30:00+00:00
[2026-08-23T02:29:02.382+0000] {processor.py:208} INFO - Processing /opt/airflow/dags/daily_inventory_pipeline.py took 0.160 seconds
[2026-08-23T02:29:32.567+0000] {processor.py:186} INFO - Started process (PID=2227) to work on /opt/airflow/dags/daily_inventory_pipeline.py
[2026-08-23T02:29:32.568+0000] {processor.py:914} INFO - Processing file /opt/airflow/dags/daily_inventory_pipeline.py for tasks to queue
[2026-08-23T02:29:32.570+0000] {logging_mixin.py:190} INFO - [2026-08-23T02:29:32.570+0000] {dagbag.py:588} INFO - Filling up the DagBag from /opt/airflow/dags/daily_inventory_pipeline.py
[2026-08-23T02:29:32.672+0000] {processor.py:925} INFO - DAG(s) 'daily_inventory_pipeline' retrieved from /opt/airflow/dags/daily_inventory_pipeline.py
[2026-08-23T02:29:32.693+0000] {logging_mixin.py:190} INFO - [2026-08-23T02:29:32.692+0000] {dag.py:3239} INFO - Sync 1 DAGs
[2026-08-23T02:29:32.710+0000] {logging_mixin.py:190} INFO - [2026-08-23T02:29:32.710+0000] {dag.py:4180} INFO - Setting next_dagrun for daily_inventory_pipeline to 2026-08-22 18:30:00+00:00, run_after=2026-08-23 18:30:00+00:00
[2026-08-23T02:29:32.724+0000] {processor.py:208} INFO - Processing /opt/airflow/dags/daily_inventory_pipeline.py took 0.163 seconds
[2026-08-23T02:30:02.909+0000] {processor.py:186} INFO - Started process (PID=2237) to work on /opt/airflow/dags/daily_inventory_pipeline.py
[2026-08-23T02:30:02.910+0000] {processor.py:914} INFO - Processing file /opt/airflow/dags/daily_inventory_pipeline.py for tasks to queue
[2026-08-23T02:30:02.911+0000] {logging_mixin.py:190} INFO - [2026-08-23T02:30:02.911+0000] {dagbag.py:588} INFO - Filling up the DagBag from /opt/airflow/dags/daily_inventory_pipeline.py
[2026-08-23T02:30:03.002+0000] {processor.py:925} INFO - DAG(s) 'daily_inventory_pipeline' retrieved from /opt/airflow/dags/daily_inventory_pipeline.py
[2026-08-23T02:30:03.023+0000] {logging_mixin.py:190} INFO - [2026-08-23T02:30:03.023+0000] {dag.py:3239} INFO - Sync 1 DAGs
[2026-08-23T02:30:03.043+0000] {logging_mixin.py:190} INFO - [2026-08-23T02:30:03.043+0000] {dag.py:4180} INFO - Setting next_dagrun for daily_inventory_pipeline to 2026-08-22 18:30:00+00:00, run_after=2026-08-23 18:30:00+00:00
[2026-08-23T02:30:03.058+0000] {processor.py:208} INFO - Processing /opt/airflow/dags/daily_inventory_pipeline.py took 0.156 seconds
[2026-08-23T02:30:33.285+0000] {processor.py:186} INFO - Started process (PID=2247) to work on /opt/airflow/dags/daily_inventory_pipeline.py
[2026-08-23T02:30:33.286+0000] {processor.py:914} INFO - Processing file /opt/airflow/dags/daily_inventory_pipeline.py for tasks to queue
[2026-08-23T02:30:33.287+0000] {logging_mixin.py:190} INFO - [2026-08-23T02:30:33.287+0000] {dagbag.py:588} INFO - Filling up the DagBag from /opt/airflow/dags/daily_inventory_pipeline.py
[2026-08-23T02:30:33.382+0000] {processor.py:925} INFO - DAG(s) 'daily_inventory_pipeline' retrieved from /opt/airflow/dags/daily_inventory_pipeline.py
[2026-08-23T02:30:33.405+0000] {logging_mixin.py:190} INFO - [2026-08-23T02:30:33.404+0000] {dag.py:3239} INFO - Sync 1 DAGs
[2026-08-23T02:30:33.421+0000] {logging_mixin.py:190} INFO - [2026-08-23T02:30:33.421+0000] {dag.py:4180} INFO - Setting next_dagrun for daily_inventory_pipeline to 2026-08-22 18:30:00+00:00, run_after=2026-08-23 18:30:00+00:00
[2026-08-23T02:30:33.435+0000] {processor.py:208} INFO - Processing /opt/airflow/dags/daily_inventory_pipeline.py took 0.157 seconds
[2026-08-23T02:31:03.538+0000] {processor.py:186} INFO - Started process (PID=2257) to work on /opt/airflow/dags/daily_inventory_pipeline.py
[2026-08-23T02:31:03.539+0000] {processor.py:914} INFO - Processing file /opt/airflow/dags/daily_inventory_pipeline.py for tasks to queue
[2026-08-23T02:31:03.541+0000] {logging_mixin.py:190} INFO - [2026-08-23T02:31:03.540+0000] {dagbag.py:588} INFO - Filling up the DagBag from /opt/airflow/dags/daily_inventory_pipeline.py
[2026-08-23T02:31:03.635+0000] {processor.py:925} INFO - DAG(s) 'daily_inventory_pipeline' retrieved from /opt/airflow/dags/daily_inventory_pipeline.py
[2026-08-23T02:31:03.654+0000] {logging_mixin.py:190} INFO - [2026-08-23T02:31:03.654+0000] {dag.py:3239} INFO - Sync 1 DAGs
[2026-08-23T02:31:03.670+0000] {logging_mixin.py:190} INFO - [2026-08-23T02:31:03.669+0000] {dag.py:4180} INFO - Setting next_dagrun for daily_inventory_pipeline to 2026-08-22 18:30:00+00:00, run_after=2026-08-23 18:30:00+00:00
[2026-08-23T02:31:03.682+0000] {processor.py:208} INFO - Processing /opt/airflow/dags/daily_inventory_pipeline.py took 0.150 seconds
[2026-08-23T02:31:33.899+0000] {processor.py:186} INFO - Started process (PID=2267) to work on /opt/airflow/dags/daily_inventory_pipeline.py
[2026-08-23T02:31:33.900+0000] {processor.py:914} INFO - Processing file /opt/airflow/dags/daily_inventory_pipeline.py for tasks to queue
[2026-08-23T02:31:33.902+0000] {logging_mixin.py:190} INFO - [2026-08-23T02:31:33.901+0000] {dagbag.py:588} INFO - Filling up the DagBag from /opt/airflow/dags/daily_inventory_pipeline.py
[2026-08-23T02:31:33.984+0000] {processor.py:925} INFO - DAG(s) 'daily_inventory_pipeline' retrieved from /opt/airflow/dags/daily_inventory_pipeline.py
[2026-08-23T02:31:34.003+0000] {logging_mixin.py:190} INFO - [2026-08-23T02:31:34.003+0000] {dag.py:3239} INFO - Sync 1 DAGs
[2026-08-23T02:31:34.018+0000] {logging_mixin.py:190} INFO - [2026-08-23T02:31:34.018+0000] {dag.py:4180} INFO - Setting next_dagrun for daily_inventory_pipeline to 2026-08-22 18:30:00+00:00, run_after=2026-08-23 18:30:00+00:00
[2026-08-23T02:31:34.031+0000] {processor.py:208} INFO - Processing /opt/airflow/dags/daily_inventory_pipeline.py took 0.137 seconds
[2026-08-23T02:32:04.334+0000] {processor.py:186} INFO - Started process (PID=2277) to work on /opt/airflow/dags/daily_inventory_pipeline.py
[2026-08-23T02:32:04.335+0000] {processor.py:914} INFO - Processing file /opt/airflow/dags/daily_inventory_pipeline.py for tasks to queue
[2026-08-23T02:32:04.338+0000] {logging_mixin.py:190} INFO - [2026-08-23T02:32:04.337+0000] {dagbag.py:588} INFO - Filling up the DagBag from /opt/airflow/dags/daily_inventory_pipeline.py
[2026-08-23T02:32:04.432+0000] {processor.py:925} INFO - DAG(s) 'daily_inventory_pipeline' retrieved from /opt/airflow/dags/daily_inventory_pipeline.py
[2026-08-23T02:32:04.453+0000] {logging_mixin.py:190} INFO - [2026-08-23T02:32:04.453+0000] {dag.py:3239} INFO - Sync 1 DAGs
[2026-08-23T02:32:04.470+0000] {logging_mixin.py:190} INFO - [2026-08-23T02:32:04.470+0000] {dag.py:4180} INFO - Setting next_dagrun for daily_inventory_pipeline to 2026-08-22 18:30:00+00:00, run_after=2026-08-23 18:30:00+00:00
[2026-08-23T02:32:04.485+0000] {processor.py:208} INFO - Processing /opt/airflow/dags/daily_inventory_pipeline.py took 0.157 seconds
[2026-08-23T02:32:34.589+0000] {processor.py:186} INFO - Started process (PID=2287) to work on /opt/airflow/dags/daily_inventory_pipeline.py
[2026-08-23T02:32:34.590+0000] {processor.py:914} INFO - Processing file /opt/airflow/dags/daily_inventory_pipeline.py for tasks to queue
[2026-08-23T02:32:34.592+0000] {logging_mixin.py:190} INFO - [2026-08-23T02:32:34.592+0000] {dagbag.py:588} INFO - Filling up the DagBag from /opt/airflow/dags/daily_inventory_pipeline.py
[2026-08-23T02:32:34.676+0000] {processor.py:925} INFO - DAG(s) 'daily_inventory_pipeline' retrieved from /opt/airflow/dags/daily_inventory_pipeline.py
[2026-08-23T02:32:34.698+0000] {logging_mixin.py:190} INFO - [2026-08-23T02:32:34.698+0000] {dag.py:3239} INFO - Sync 1 DAGs
[2026-08-23T02:32:34.716+0000] {logging_mixin.py:190} INFO - [2026-08-23T02:32:34.716+0000] {dag.py:4180} INFO - Setting next_dagrun for daily_inventory_pipeline to 2026-08-22 18:30:00+00:00, run_after=2026-08-23 18:30:00+00:00
[2026-08-23T02:32:34.729+0000] {processor.py:208} INFO - Processing /opt/airflow/dags/daily_inventory_pipeline.py took 0.145 seconds
[2026-08-23T02:33:04.945+0000] {processor.py:186} INFO - Started process (PID=2297) to work on /opt/airflow/dags/daily_inventory_pipeline.py
[2026-08-23T02:33:04.946+0000] {processor.py:914} INFO - Processing file /opt/airflow/dags/daily_inventory_pipeline.py for tasks to queue
[2026-08-23T02:33:04.947+0000] {logging_mixin.py:190} INFO - [2026-08-23T02:33:04.947+0000] {dagbag.py:588} INFO - Filling up the DagBag from /opt/airflow/dags/daily_inventory_pipeline.py
[2026-08-23T02:33:05.028+0000] {processor.py:925} INFO - DAG(s) 'daily_inventory_pipeline' retrieved from /opt/airflow/dags/daily_inventory_pipeline.py
[2026-08-23T02:33:05.047+0000] {logging_mixin.py:190} INFO - [2026-08-23T02:33:05.047+0000] {dag.py:3239} INFO - Sync 1 DAGs
[2026-08-23T02:33:05.063+0000] {logging_mixin.py:190} INFO - [2026-08-23T02:33:05.063+0000] {dag.py:4180} INFO - Setting next_dagrun for daily_inventory_pipeline to 2026-08-22 18:30:00+00:00, run_after=2026-08-23 18:30:00+00:00
[2026-08-23T02:33:05.079+0000] {processor.py:208} INFO - Processing /opt/airflow/dags/daily_inventory_pipeline.py took 0.138 seconds
[2026-08-23T02:33:35.401+0000] {processor.py:186} INFO - Started process (PID=2307) to work on /opt/airflow/dags/daily_inventory_pipeline.py
[2026-08-23T02:33:35.402+0000] {processor.py:914} INFO - Processing file /opt/airflow/dags/daily_inventory_pipeline.py for tasks to queue
[2026-08-23T02:33:35.404+0000] {logging_mixin.py:190} INFO - [2026-08-23T02:33:35.403+0000] {dagbag.py:588} INFO - Filling up the DagBag from /opt/airflow/dags/daily_inventory_pipeline.py
[2026-08-23T02:33:35.496+0000] {processor.py:925} INFO - DAG(s) 'daily_inventory_pipeline' retrieved from /opt/airflow/dags/daily_inventory_pipeline.py
[2026-08-23T02:33:35.519+0000] {logging_mixin.py:190} INFO - [2026-08-23T02:33:35.519+0000] {dag.py:3239} INFO - Sync 1 DAGs
[2026-08-23T02:33:35.537+0000] {logging_mixin.py:190} INFO - [2026-08-23T02:33:35.537+0000] {dag.py:4180} INFO - Setting next_dagrun for daily_inventory_pipeline to 2026-08-22 18:30:00+00:00, run_after=2026-08-23 18:30:00+00:00
[2026-08-23T02:33:35.555+0000] {processor.py:208} INFO - Processing /opt/airflow/dags/daily_inventory_pipeline.py took 0.160 seconds
[2026-08-23T02:34:05.765+0000] {processor.py:186} INFO - Started process (PID=2317) to work on /opt/airflow/dags/daily_inventory_pipeline.py
[2026-08-23T02:34:05.766+0000] {processor.py:914} INFO - Processing file /opt/airflow/dags/daily_inventory_pipeline.py for tasks to queue
[2026-08-23T02:34:05.768+0000] {logging_mixin.py:190} INFO - [2026-08-23T02:34:05.767+0000] {dagbag.py:588} INFO - Filling up the DagBag from /opt/airflow/dags/daily_inventory_pipeline.py
[2026-08-23T02:34:05.857+0000] {processor.py:925} INFO - DAG(s) 'daily_inventory_pipeline' retrieved from /opt/airflow/dags/daily_inventory_pipeline.py
[2026-08-23T02:34:05.877+0000] {logging_mixin.py:190} INFO - [2026-08-23T02:34:05.877+0000] {dag.py:3239} INFO - Sync 1 DAGs
[2026-08-23T02:34:05.893+0000] {logging_mixin.py:190} INFO - [2026-08-23T02:34:05.893+0000] {dag.py:4180} INFO - Setting next_dagrun for daily_inventory_pipeline to 2026-08-22 18:30:00+00:00, run_after=2026-08-23 18:30:00+00:00
[2026-08-23T02:34:05.907+0000] {processor.py:208} INFO - Processing /opt/airflow/dags/daily_inventory_pipeline.py took 0.147 seconds
[2026-08-23T02:34:35.992+0000] {processor.py:186} INFO - Started process (PID=2327) to work on /opt/airflow/dags/daily_inventory_pipeline.py
[2026-08-23T02:34:35.993+0000] {processor.py:914} INFO - Processing file /opt/airflow/dags/daily_inventory_pipeline.py for tasks to queue
[2026-08-23T02:34:35.995+0000] {logging_mixin.py:190} INFO - [2026-08-23T02:34:35.995+0000] {dagbag.py:588} INFO - Filling up the DagBag from /opt/airflow/dags/daily_inventory_pipeline.py
[2026-08-23T02:34:36.087+0000] {processor.py:925} INFO - DAG(s) 'daily_inventory_pipeline' retrieved from /opt/airflow/dags/daily_inventory_pipeline.py
[2026-08-23T02:34:36.110+0000] {logging_mixin.py:190} INFO - [2026-08-23T02:34:36.110+0000] {dag.py:3239} INFO - Sync 1 DAGs
[2026-08-23T02:34:36.129+0000] {logging_mixin.py:190} INFO - [2026-08-23T02:34:36.128+0000] {dag.py:4180} INFO - Setting next_dagrun for daily_inventory_pipeline to 2026-08-22 18:30:00+00:00, run_after=2026-08-23 18:30:00+00:00
[2026-08-23T02:34:36.146+0000] {processor.py:208} INFO - Processing /opt/airflow/dags/daily_inventory_pipeline.py took 0.160 seconds
[2026-08-23T02:35:06.354+0000] {processor.py:186} INFO - Started process (PID=2337) to work on /opt/airflow/dags/daily_inventory_pipeline.py
[2026-08-23T02:35:06.355+0000] {processor.py:914} INFO - Processing file /opt/airflow/dags/daily_inventory_pipeline.py for tasks to queue
[2026-08-23T02:35:06.357+0000] {logging_mixin.py:190} INFO - [2026-08-23T02:35:06.357+0000] {dagbag.py:588} INFO - Filling up the DagBag from /opt/airflow/dags/daily_inventory_pipeline.py
[2026-08-23T02:35:06.440+0000] {processor.py:925} INFO - DAG(s) 'daily_inventory_pipeline' retrieved from /opt/airflow/dags/daily_inventory_pipeline.py
[2026-08-23T02:35:06.462+0000] {logging_mixin.py:190} INFO - [2026-08-23T02:35:06.462+0000] {dag.py:3239} INFO - Sync 1 DAGs
[2026-08-23T02:35:06.479+0000] {logging_mixin.py:190} INFO - [2026-08-23T02:35:06.479+0000] {dag.py:4180} INFO - Setting next_dagrun for daily_inventory_pipeline to 2026-08-22 18:30:00+00:00, run_after=2026-08-23 18:30:00+00:00
[2026-08-23T02:35:06.492+0000] {processor.py:208} INFO - Processing /opt/airflow/dags/daily_inventory_pipeline.py took 0.145 seconds
[2026-08-23T02:35:36.747+0000] {processor.py:186} INFO - Started process (PID=2347) to work on /opt/airflow/dags/daily_inventory_pipeline.py
[2026-08-23T02:35:36.748+0000] {processor.py:914} INFO - Processing file /opt/airflow/dags/daily_inventory_pipeline.py for tasks to queue
[2026-08-23T02:35:36.749+0000] {logging_mixin.py:190} INFO - [2026-08-23T02:35:36.749+0000] {dagbag.py:588} INFO - Filling up the DagBag from /opt/airflow/dags/daily_inventory_pipeline.py
[2026-08-23T02:35:36.831+0000] {processor.py:925} INFO - DAG(s) 'daily_inventory_pipeline' retrieved from /opt/airflow/dags/daily_inventory_pipeline.py
[2026-08-23T02:35:36.849+0000] {logging_mixin.py:190} INFO - [2026-08-23T02:35:36.849+0000] {dag.py:3239} INFO - Sync 1 DAGs
[2026-08-23T02:35:36.865+0000] {logging_mixin.py:190} INFO - [2026-08-23T02:35:36.865+0000] {dag.py:4180} INFO - Setting next_dagrun for daily_inventory_pipeline to 2026-08-22 18:30:00+00:00, run_after=2026-08-23 18:30:00+00:00
[2026-08-23T02:35:36.881+0000] {processor.py:208} INFO - Processing /opt/airflow/dags/daily_inventory_pipeline.py took 0.140 seconds
[2026-08-23T02:36:07.103+0000] {processor.py:186} INFO - Started process (PID=2357) to work on /opt/airflow/dags/daily_inventory_pipeline.py
[2026-08-23T02:36:07.103+0000] {processor.py:914} INFO - Processing file /opt/airflow/dags/daily_inventory_pipeline.py for tasks to queue
[2026-08-23T02:36:07.105+0000] {logging_mixin.py:190} INFO - [2026-08-23T02:36:07.105+0000] {dagbag.py:588} INFO - Filling up the DagBag from /opt/airflow/dags/daily_inventory_pipeline.py
[2026-08-23T02:36:07.206+0000] {processor.py:925} INFO - DAG(s) 'daily_inventory_pipeline' retrieved from /opt/airflow/dags/daily_inventory_pipeline.py
[2026-08-23T02:36:07.227+0000] {logging_mixin.py:190} INFO - [2026-08-23T02:36:07.227+0000] {dag.py:3239} INFO - Sync 1 DAGs
[2026-08-23T02:36:07.244+0000] {logging_mixin.py:190} INFO - [2026-08-23T02:36:07.244+0000] {dag.py:4180} INFO - Setting next_dagrun for daily_inventory_pipeline to 2026-08-22 18:30:00+00:00, run_after=2026-08-23 18:30:00+00:00
[2026-08-23T02:36:07.263+0000] {processor.py:208} INFO - Processing /opt/airflow/dags/daily_inventory_pipeline.py took 0.166 seconds
[2026-08-23T02:36:37.354+0000] {processor.py:186} INFO - Started process (PID=2367) to work on /opt/airflow/dags/daily_inventory_pipeline.py
[2026-08-23T02:36:37.355+0000] {processor.py:914} INFO - Processing file /opt/airflow/dags/daily_inventory_pipeline.py for tasks to queue
[2026-08-23T02:36:37.357+0000] {logging_mixin.py:190} INFO - [2026-08-23T02:36:37.357+0000] {dagbag.py:588} INFO - Filling up the DagBag from /opt/airflow/dags/daily_inventory_pipeline.py
[2026-08-23T02:36:37.453+0000] {processor.py:925} INFO - DAG(s) 'daily_inventory_pipeline' retrieved from /opt/airflow/dags/daily_inventory_pipeline.py
[2026-08-23T02:36:37.476+0000] {logging_mixin.py:190} INFO - [2026-08-23T02:36:37.476+0000] {dag.py:3239} INFO - Sync 1 DAGs
[2026-08-23T02:36:37.492+0000] {logging_mixin.py:190} INFO - [2026-08-23T02:36:37.492+0000] {dag.py:4180} INFO - Setting next_dagrun for daily_inventory_pipeline to 2026-08-22 18:30:00+00:00, run_after=2026-08-23 18:30:00+00:00
[2026-08-23T02:36:37.506+0000] {processor.py:208} INFO - Processing /opt/airflow/dags/daily_inventory_pipeline.py took 0.157 seconds
[2026-08-23T02:37:07.581+0000] {processor.py:186} INFO - Started process (PID=2377) to work on /opt/airflow/dags/daily_inventory_pipeline.py
[2026-08-23T02:37:07.582+0000] {processor.py:914} INFO - Processing file /opt/airflow/dags/daily_inventory_pipeline.py for tasks to queue
[2026-08-23T02:37:07.584+0000] {logging_mixin.py:190} INFO - [2026-08-23T02:37:07.584+0000] {dagbag.py:588} INFO - Filling up the DagBag from /opt/airflow/dags/daily_inventory_pipeline.py
[2026-08-23T02:37:07.665+0000] {processor.py:925} INFO - DAG(s) 'daily_inventory_pipeline' retrieved from /opt/airflow/dags/daily_inventory_pipeline.py
[2026-08-23T02:37:07.684+0000] {logging_mixin.py:190} INFO - [2026-08-23T02:37:07.684+0000] {dag.py:3239} INFO - Sync 1 DAGs
[2026-08-23T02:37:07.700+0000] {logging_mixin.py:190} INFO - [2026-08-23T02:37:07.700+0000] {dag.py:4180} INFO - Setting next_dagrun for daily_inventory_pipeline to 2026-08-22 18:30:00+00:00, run_after=2026-08-23 18:30:00+00:00
[2026-08-23T02:37:07.718+0000] {processor.py:208} INFO - Processing /opt/airflow/dags/daily_inventory_pipeline.py took 0.142 seconds
[2026-08-23T02:37:37.948+0000] {processor.py:186} INFO - Started process (PID=2387) to work on /opt/airflow/dags/daily_inventory_pipeline.py
[2026-08-23T02:37:37.948+0000] {processor.py:914} INFO - Processing file /opt/airflow/dags/daily_inventory_pipeline.py for tasks to queue
[2026-08-23T02:37:37.950+0000] {logging_mixin.py:190} INFO - [2026-08-23T02:37:37.950+0000] {dagbag.py:588} INFO - Filling up the DagBag from /opt/airflow/dags/daily_inventory_pipeline.py
[2026-08-23T02:37:38.036+0000] {processor.py:925} INFO - DAG(s) 'daily_inventory_pipeline' retrieved from /opt/airflow/dags/daily_inventory_pipeline.py
[2026-08-23T02:37:38.056+0000] {logging_mixin.py:190} INFO - [2026-08-23T02:37:38.056+0000] {dag.py:3239} INFO - Sync 1 DAGs
[2026-08-23T02:37:38.072+0000] {logging_mixin.py:190} INFO - [2026-08-23T02:37:38.071+0000] {dag.py:4180} INFO - Setting next_dagrun for daily_inventory_pipeline to 2026-08-22 18:30:00+00:00, run_after=2026-08-23 18:30:00+00:00
[2026-08-23T02:37:38.090+0000] {processor.py:208} INFO - Processing /opt/airflow/dags/daily_inventory_pipeline.py took 0.148 seconds
[2026-08-23T02:38:08.192+0000] {processor.py:186} INFO - Started process (PID=2397) to work on /opt/airflow/dags/daily_inventory_pipeline.py
[2026-08-23T02:38:08.193+0000] {processor.py:914} INFO - Processing file /opt/airflow/dags/daily_inventory_pipeline.py for tasks to queue
[2026-08-23T02:38:08.195+0000] {logging_mixin.py:190} INFO - [2026-08-23T02:38:08.195+0000] {dagbag.py:588} INFO - Filling up the DagBag from /opt/airflow/dags/daily_inventory_pipeline.py
[2026-08-23T02:38:08.310+0000] {processor.py:925} INFO - DAG(s) 'daily_inventory_pipeline' retrieved from /opt/airflow/dags/daily_inventory_pipeline.py
[2026-08-23T02:38:08.333+0000] {logging_mixin.py:190} INFO - [2026-08-23T02:38:08.333+0000] {dag.py:3239} INFO - Sync 1 DAGs
[2026-08-23T02:38:08.352+0000] {logging_mixin.py:190} INFO - [2026-08-23T02:38:08.352+0000] {dag.py:4180} INFO - Setting next_dagrun for daily_inventory_pipeline to 2026-08-22 18:30:00+00:00, run_after=2026-08-23 18:30:00+00:00
[2026-08-23T02:38:08.367+0000] {processor.py:208} INFO - Processing /opt/airflow/dags/daily_inventory_pipeline.py took 0.185 seconds
[2026-08-23T02:38:38.512+0000] {processor.py:186} INFO - Started process (PID=2407) to work on /opt/airflow/dags/daily_inventory_pipeline.py
[2026-08-23T02:38:38.513+0000] {processor.py:914} INFO - Processing file /opt/airflow/dags/daily_inventory_pipeline.py for tasks to queue
[2026-08-23T02:38:38.516+0000] {logging_mixin.py:190} INFO - [2026-08-23T02:38:38.515+0000] {dagbag.py:588} INFO - Filling up the DagBag from /opt/airflow/dags/daily_inventory_pipeline.py
[2026-08-23T02:38:38.626+0000] {processor.py:925} INFO - DAG(s) 'daily_inventory_pipeline' retrieved from /opt/airflow/dags/daily_inventory_pipeline.py
[2026-08-23T02:38:38.650+0000] {logging_mixin.py:190} INFO - [2026-08-23T02:38:38.650+0000] {dag.py:3239} INFO - Sync 1 DAGs
[2026-08-23T02:38:38.668+0000] {logging_mixin.py:190} INFO - [2026-08-23T02:38:38.668+0000] {dag.py:4180} INFO - Setting next_dagrun for daily_inventory_pipeline to 2026-08-22 18:30:00+00:00, run_after=2026-08-23 18:30:00+00:00
[2026-08-23T02:38:38.682+0000] {processor.py:208} INFO - Processing /opt/airflow/dags/daily_inventory_pipeline.py took 0.176 seconds
[2026-08-23T02:39:08.835+0000] {processor.py:186} INFO - Started process (PID=2417) to work on /opt/airflow/dags/daily_inventory_pipeline.py
[2026-08-23T02:39:08.836+0000] {processor.py:914} INFO - Processing file /opt/airflow/dags/daily_inventory_pipeline.py for tasks to queue
[2026-08-23T02:39:08.838+0000] {logging_mixin.py:190} INFO - [2026-08-23T02:39:08.838+0000] {dagbag.py:588} INFO - Filling up the DagBag from /opt/airflow/dags/daily_inventory_pipeline.py
[2026-08-23T02:39:08.932+0000] {processor.py:925} INFO - DAG(s) 'daily_inventory_pipeline' retrieved from /opt/airflow/dags/daily_inventory_pipeline.py
[2026-08-23T02:39:08.957+0000] {logging_mixin.py:190} INFO - [2026-08-23T02:39:08.957+0000] {dag.py:3239} INFO - Sync 1 DAGs
[2026-08-23T02:39:08.976+0000] {logging_mixin.py:190} INFO - [2026-08-23T02:39:08.976+0000] {dag.py:4180} INFO - Setting next_dagrun for daily_inventory_pipeline to 2026-08-22 18:30:00+00:00, run_after=2026-08-23 18:30:00+00:00
[2026-08-23T02:39:08.995+0000] {processor.py:208} INFO - Processing /opt/airflow/dags/daily_inventory_pipeline.py took 0.165 seconds
[2026-08-23T02:39:39.167+0000] {processor.py:186} INFO - Started process (PID=2427) to work on /opt/airflow/dags/daily_inventory_pipeline.py
[2026-08-23T02:39:39.168+0000] {processor.py:914} INFO - Processing file /opt/airflow/dags/daily_inventory_pipeline.py for tasks to queue
[2026-08-23T02:39:39.170+0000] {logging_mixin.py:190} INFO - [2026-08-23T02:39:39.170+0000] {dagbag.py:588} INFO - Filling up the DagBag from /opt/airflow/dags/daily_inventory_pipeline.py
[2026-08-23T02:39:39.267+0000] {processor.py:925} INFO - DAG(s) 'daily_inventory_pipeline' retrieved from /opt/airflow/dags/daily_inventory_pipeline.py
[2026-08-23T02:39:39.288+0000] {logging_mixin.py:190} INFO - [2026-08-23T02:39:39.288+0000] {dag.py:3239} INFO - Sync 1 DAGs
[2026-08-23T02:39:39.307+0000] {logging_mixin.py:190} INFO - [2026-08-23T02:39:39.307+0000] {dag.py:4180} INFO - Setting next_dagrun for daily_inventory_pipeline to 2026-08-22 18:30:00+00:00, run_after=2026-08-23 18:30:00+00:00
[2026-08-23T02:39:39.321+0000] {processor.py:208} INFO - Processing /opt/airflow/dags/daily_inventory_pipeline.py took 0.159 seconds
[2026-08-23T02:40:09.411+0000] {processor.py:186} INFO - Started process (PID=2437) to work on /opt/airflow/dags/daily_inventory_pipeline.py
[2026-08-23T02:40:09.411+0000] {processor.py:914} INFO - Processing file /opt/airflow/dags/daily_inventory_pipeline.py for tasks to queue
[2026-08-23T02:40:09.413+0000] {logging_mixin.py:190} INFO - [2026-08-23T02:40:09.413+0000] {dagbag.py:588} INFO - Filling up the DagBag from /opt/airflow/dags/daily_inventory_pipeline.py
[2026-08-23T02:40:09.502+0000] {processor.py:925} INFO - DAG(s) 'daily_inventory_pipeline' retrieved from /opt/airflow/dags/daily_inventory_pipeline.py
[2026-08-23T02:40:09.523+0000] {logging_mixin.py:190} INFO - [2026-08-23T02:40:09.523+0000] {dag.py:3239} INFO - Sync 1 DAGs
[2026-08-23T02:40:09.540+0000] {logging_mixin.py:190} INFO - [2026-08-23T02:40:09.539+0000] {dag.py:4180} INFO - Setting next_dagrun for daily_inventory_pipeline to 2026-08-22 18:30:00+00:00, run_after=2026-08-23 18:30:00+00:00
[2026-08-23T02:40:09.557+0000] {processor.py:208} INFO - Processing /opt/airflow/dags/daily_inventory_pipeline.py took 0.152 seconds
[2026-08-23T02:40:39.766+0000] {processor.py:186} INFO - Started process (PID=2447) to work on /opt/airflow/dags/daily_inventory_pipeline.py
[2026-08-23T02:40:39.766+0000] {processor.py:914} INFO - Processing file /opt/airflow/dags/daily_inventory_pipeline.py for tasks to queue
[2026-08-23T02:40:39.768+0000] {logging_mixin.py:190} INFO - [2026-08-23T02:40:39.768+0000] {dagbag.py:588} INFO - Filling up the DagBag from /opt/airflow/dags/daily_inventory_pipeline.py
[2026-08-23T02:40:39.855+0000] {processor.py:925} INFO - DAG(s) 'daily_inventory_pipeline' retrieved from /opt/airflow/dags/daily_inventory_pipeline.py
[2026-08-23T02:40:39.877+0000] {logging_mixin.py:190} INFO - [2026-08-23T02:40:39.877+0000] {dag.py:3239} INFO - Sync 1 DAGs
[2026-08-23T02:40:39.895+0000] {logging_mixin.py:190} INFO - [2026-08-23T02:40:39.895+0000] {dag.py:4180} INFO - Setting next_dagrun for daily_inventory_pipeline to 2026-08-22 18:30:00+00:00, run_after=2026-08-23 18:30:00+00:00
[2026-08-23T02:40:39.910+0000] {processor.py:208} INFO - Processing /opt/airflow/dags/daily_inventory_pipeline.py took 0.150 seconds
[2026-08-23T02:41:10.005+0000] {processor.py:186} INFO - Started process (PID=2457) to work on /opt/airflow/dags/daily_inventory_pipeline.py
[2026-08-23T02:41:10.006+0000] {processor.py:914} INFO - Processing file /opt/airflow/dags/daily_inventory_pipeline.py for tasks to queue
[2026-08-23T02:41:10.007+0000] {logging_mixin.py:190} INFO - [2026-08-23T02:41:10.007+0000] {dagbag.py:588} INFO - Filling up the DagBag from /opt/airflow/dags/daily_inventory_pipeline.py
[2026-08-23T02:41:10.099+0000] {processor.py:925} INFO - DAG(s) 'daily_inventory_pipeline' retrieved from /opt/airflow/dags/daily_inventory_pipeline.py
[2026-08-23T02:41:10.118+0000] {logging_mixin.py:190} INFO - [2026-08-23T02:41:10.118+0000] {dag.py:3239} INFO - Sync 1 DAGs
[2026-08-23T02:41:10.135+0000] {logging_mixin.py:190} INFO - [2026-08-23T02:41:10.135+0000] {dag.py:4180} INFO - Setting next_dagrun for daily_inventory_pipeline to 2026-08-22 18:30:00+00:00, run_after=2026-08-23 18:30:00+00:00
[2026-08-23T02:41:10.151+0000] {processor.py:208} INFO - Processing /opt/airflow/dags/daily_inventory_pipeline.py took 0.152 seconds
[2026-08-23T02:41:40.386+0000] {processor.py:186} INFO - Started process (PID=2467) to work on /opt/airflow/dags/daily_inventory_pipeline.py
[2026-08-23T02:41:40.386+0000] {processor.py:914} INFO - Processing file /opt/airflow/dags/daily_inventory_pipeline.py for tasks to queue
[2026-08-23T02:41:40.388+0000] {logging_mixin.py:190} INFO - [2026-08-23T02:41:40.388+0000] {dagbag.py:588} INFO - Filling up the DagBag from /opt/airflow/dags/daily_inventory_pipeline.py
[2026-08-23T02:41:40.481+0000] {processor.py:925} INFO - DAG(s) 'daily_inventory_pipeline' retrieved from /opt/airflow/dags/daily_inventory_pipeline.py
[2026-08-23T02:41:40.503+0000] {logging_mixin.py:190} INFO - [2026-08-23T02:41:40.503+0000] {dag.py:3239} INFO - Sync 1 DAGs
[2026-08-23T02:41:40.520+0000] {logging_mixin.py:190} INFO - [2026-08-23T02:41:40.519+0000] {dag.py:4180} INFO - Setting next_dagrun for daily_inventory_pipeline to 2026-08-22 18:30:00+00:00, run_after=2026-08-23 18:30:00+00:00
[2026-08-23T02:41:40.534+0000] {processor.py:208} INFO - Processing /opt/airflow/dags/daily_inventory_pipeline.py took 0.153 seconds
[2026-08-23T02:42:10.632+0000] {processor.py:186} INFO - Started process (PID=2477) to work on /opt/airflow/dags/daily_inventory_pipeline.py
[2026-08-23T02:42:10.632+0000] {processor.py:914} INFO - Processing file /opt/airflow/dags/daily_inventory_pipeline.py for tasks to queue
[2026-08-23T02:42:10.634+0000] {logging_mixin.py:190} INFO - [2026-08-23T02:42:10.634+0000] {dagbag.py:588} INFO - Filling up the DagBag from /opt/airflow/dags/daily_inventory_pipeline.py
[2026-08-23T02:42:10.730+0000] {processor.py:925} INFO - DAG(s) 'daily_inventory_pipeline' retrieved from /opt/airflow/dags/daily_inventory_pipeline.py
[2026-08-23T02:42:10.750+0000] {logging_mixin.py:190} INFO - [2026-08-23T02:42:10.750+0000] {dag.py:3239} INFO - Sync 1 DAGs
[2026-08-23T02:42:10.765+0000] {logging_mixin.py:190} INFO - [2026-08-23T02:42:10.765+0000] {dag.py:4180} INFO - Setting next_dagrun for daily_inventory_pipeline to 2026-08-22 18:30:00+00:00, run_after=2026-08-23 18:30:00+00:00
[2026-08-23T02:42:10.778+0000] {processor.py:208} INFO - Processing /opt/airflow/dags/daily_inventory_pipeline.py took 0.152 seconds
[2026-08-23T02:42:41.102+0000] {processor.py:186} INFO - Started process (PID=2487) to work on /opt/airflow/dags/daily_inventory_pipeline.py
[2026-08-23T02:42:41.103+0000] {processor.py:914} INFO - Processing file /opt/airflow/dags/daily_inventory_pipeline.py for tasks to queue
[2026-08-23T02:42:41.104+0000] {logging_mixin.py:190} INFO - [2026-08-23T02:42:41.104+0000] {dagbag.py:588} INFO - Filling up the DagBag from /opt/airflow/dags/daily_inventory_pipeline.py
[2026-08-23T02:42:41.192+0000] {processor.py:925} INFO - DAG(s) 'daily_inventory_pipeline' retrieved from /opt/airflow/dags/daily_inventory_pipeline.py
[2026-08-23T02:42:41.212+0000] {logging_mixin.py:190} INFO - [2026-08-23T02:42:41.212+0000] {dag.py:3239} INFO - Sync 1 DAGs
[2026-08-23T02:42:41.229+0000] {logging_mixin.py:190} INFO - [2026-08-23T02:42:41.228+0000] {dag.py:4180} INFO - Setting next_dagrun for daily_inventory_pipeline to 2026-08-22 18:30:00+00:00, run_after=2026-08-23 18:30:00+00:00
[2026-08-23T02:42:41.241+0000] {processor.py:208} INFO - Processing /opt/airflow/dags/daily_inventory_pipeline.py took 0.144 seconds
[2026-08-23T02:43:11.320+0000] {processor.py:186} INFO - Started process (PID=2497) to work on /opt/airflow/dags/daily_inventory_pipeline.py
[2026-08-23T02:43:11.321+0000] {processor.py:914} INFO - Processing file /opt/airflow/dags/daily_inventory_pipeline.py for tasks to queue
[2026-08-23T02:43:11.323+0000] {logging_mixin.py:190} INFO - [2026-08-23T02:43:11.323+0000] {dagbag.py:588} INFO - Filling up the DagBag from /opt/airflow/dags/daily_inventory_pipeline.py
[2026-08-23T02:43:11.433+0000] {processor.py:925} INFO - DAG(s) 'daily_inventory_pipeline' retrieved from /opt/airflow/dags/daily_inventory_pipeline.py
[2026-08-23T02:43:11.454+0000] {logging_mixin.py:190} INFO - [2026-08-23T02:43:11.454+0000] {dag.py:3239} INFO - Sync 1 DAGs
[2026-08-23T02:43:11.471+0000] {logging_mixin.py:190} INFO - [2026-08-23T02:43:11.471+0000] {dag.py:4180} INFO - Setting next_dagrun for daily_inventory_pipeline to 2026-08-22 18:30:00+00:00, run_after=2026-08-23 18:30:00+00:00
[2026-08-23T02:43:11.489+0000] {processor.py:208} INFO - Processing /opt/airflow/dags/daily_inventory_pipeline.py took 0.176 seconds
[2026-08-23T02:43:41.650+0000] {processor.py:186} INFO - Started process (PID=2507) to work on /opt/airflow/dags/daily_inventory_pipeline.py
[2026-08-23T02:43:41.650+0000] {processor.py:914} INFO - Processing file /opt/airflow/dags/daily_inventory_pipeline.py for tasks to queue
[2026-08-23T02:43:41.652+0000] {logging_mixin.py:190} INFO - [2026-08-23T02:43:41.652+0000] {dagbag.py:588} INFO - Filling up the DagBag from /opt/airflow/dags/daily_inventory_pipeline.py
[2026-08-23T02:43:41.744+0000] {processor.py:925} INFO - DAG(s) 'daily_inventory_pipeline' retrieved from /opt/airflow/dags/daily_inventory_pipeline.py
[2026-08-23T02:43:41.767+0000] {logging_mixin.py:190} INFO - [2026-08-23T02:43:41.767+0000] {dag.py:3239} INFO - Sync 1 DAGs
[2026-08-23T02:43:41.786+0000] {logging_mixin.py:190} INFO - [2026-08-23T02:43:41.786+0000] {dag.py:4180} INFO - Setting next_dagrun for daily_inventory_pipeline to 2026-08-22 18:30:00+00:00, run_after=2026-08-23 18:30:00+00:00
[2026-08-23T02:43:41.801+0000] {processor.py:208} INFO - Processing /opt/airflow/dags/daily_inventory_pipeline.py took 0.157 seconds
[2026-08-23T02:44:11.889+0000] {processor.py:186} INFO - Started process (PID=2517) to work on /opt/airflow/dags/daily_inventory_pipeline.py
[2026-08-23T02:44:11.890+0000] {processor.py:914} INFO - Processing file /opt/airflow/dags/daily_inventory_pipeline.py for tasks to queue
[2026-08-23T02:44:11.892+0000] {logging_mixin.py:190} INFO - [2026-08-23T02:44:11.891+0000] {dagbag.py:588} INFO - Filling up the DagBag from /opt/airflow/dags/daily_inventory_pipeline.py
[2026-08-23T02:44:11.984+0000] {processor.py:925} INFO - DAG(s) 'daily_inventory_pipeline' retrieved from /opt/airflow/dags/daily_inventory_pipeline.py
[2026-08-23T02:44:12.006+0000] {logging_mixin.py:190} INFO - [2026-08-23T02:44:12.006+0000] {dag.py:3239} INFO - Sync 1 DAGs
[2026-08-23T02:44:12.023+0000] {logging_mixin.py:190} INFO - [2026-08-23T02:44:12.023+0000] {dag.py:4180} INFO - Setting next_dagrun for daily_inventory_pipeline to 2026-08-22 18:30:00+00:00, run_after=2026-08-23 18:30:00+00:00
[2026-08-23T02:44:12.035+0000] {processor.py:208} INFO - Processing /opt/airflow/dags/daily_inventory_pipeline.py took 0.151 seconds
[2026-08-23T02:44:42.206+0000] {processor.py:186} INFO - Started process (PID=2527) to work on /opt/airflow/dags/daily_inventory_pipeline.py
[2026-08-23T02:44:42.206+0000] {processor.py:914} INFO - Processing file /opt/airflow/dags/daily_inventory_pipeline.py for tasks to queue
[2026-08-23T02:44:42.208+0000] {logging_mixin.py:190} INFO - [2026-08-23T02:44:42.208+0000] {dagbag.py:588} INFO - Filling up the DagBag from /opt/airflow/dags/daily_inventory_pipeline.py
[2026-08-23T02:44:42.301+0000] {processor.py:925} INFO - DAG(s) 'daily_inventory_pipeline' retrieved from /opt/airflow/dags/daily_inventory_pipeline.py
[2026-08-23T02:44:42.324+0000] {logging_mixin.py:190} INFO - [2026-08-23T02:44:42.324+0000] {dag.py:3239} INFO - Sync 1 DAGs
[2026-08-23T02:44:42.343+0000] {logging_mixin.py:190} INFO - [2026-08-23T02:44:42.343+0000] {dag.py:4180} INFO - Setting next_dagrun for daily_inventory_pipeline to 2026-08-22 18:30:00+00:00, run_after=2026-08-23 18:30:00+00:00
[2026-08-23T02:44:42.362+0000] {processor.py:208} INFO - Processing /opt/airflow/dags/daily_inventory_pipeline.py took 0.163 seconds
[2026-08-23T02:45:12.564+0000] {processor.py:186} INFO - Started process (PID=2537) to work on /opt/airflow/dags/daily_inventory_pipeline.py
[2026-08-23T02:45:12.565+0000] {processor.py:914} INFO - Processing file /opt/airflow/dags/daily_inventory_pipeline.py for tasks to queue
[2026-08-23T02:45:12.567+0000] {logging_mixin.py:190} INFO - [2026-08-23T02:45:12.567+0000] {dagbag.py:588} INFO - Filling up the DagBag from /opt/airflow/dags/daily_inventory_pipeline.py
[2026-08-23T02:45:12.663+0000] {processor.py:925} INFO - DAG(s) 'daily_inventory_pipeline' retrieved from /opt/airflow/dags/daily_inventory_pipeline.py
[2026-08-23T02:45:12.685+0000] {logging_mixin.py:190} INFO - [2026-08-23T02:45:12.684+0000] {dag.py:3239} INFO - Sync 1 DAGs
[2026-08-23T02:45:12.702+0000] {logging_mixin.py:190} INFO - [2026-08-23T02:45:12.702+0000] {dag.py:4180} INFO - Setting next_dagrun for daily_inventory_pipeline to 2026-08-22 18:30:00+00:00, run_after=2026-08-23 18:30:00+00:00
[2026-08-23T02:45:12.716+0000] {processor.py:208} INFO - Processing /opt/airflow/dags/daily_inventory_pipeline.py took 0.158 seconds
[2026-08-23T02:45:42.787+0000] {processor.py:186} INFO - Started process (PID=2547) to work on /opt/airflow/dags/daily_inventory_pipeline.py
[2026-08-23T02:45:42.787+0000] {processor.py:914} INFO - Processing file /opt/airflow/dags/daily_inventory_pipeline.py for tasks to queue
[2026-08-23T02:45:42.789+0000] {logging_mixin.py:190} INFO - [2026-08-23T02:45:42.789+0000] {dagbag.py:588} INFO - Filling up the DagBag from /opt/airflow/dags/daily_inventory_pipeline.py
[2026-08-23T02:45:42.889+0000] {processor.py:925} INFO - DAG(s) 'daily_inventory_pipeline' retrieved from /opt/airflow/dags/daily_inventory_pipeline.py
[2026-08-23T02:45:42.909+0000] {logging_mixin.py:190} INFO - [2026-08-23T02:45:42.909+0000] {dag.py:3239} INFO - Sync 1 DAGs
[2026-08-23T02:45:42.926+0000] {logging_mixin.py:190} INFO - [2026-08-23T02:45:42.926+0000] {dag.py:4180} INFO - Setting next_dagrun for daily_inventory_pipeline to 2026-08-22 18:30:00+00:00, run_after=2026-08-23 18:30:00+00:00
[2026-08-23T02:45:42.945+0000] {processor.py:208} INFO - Processing /opt/airflow/dags/daily_inventory_pipeline.py took 0.164 seconds
[2026-08-23T02:46:13.095+0000] {processor.py:186} INFO - Started process (PID=2557) to work on /opt/airflow/dags/daily_inventory_pipeline.py
[2026-08-23T02:46:13.096+0000] {processor.py:914} INFO - Processing file /opt/airflow/dags/daily_inventory_pipeline.py for tasks to queue
[2026-08-23T02:46:13.098+0000] {logging_mixin.py:190} INFO - [2026-08-23T02:46:13.098+0000] {dagbag.py:588} INFO - Filling up the DagBag from /opt/airflow/dags/daily_inventory_pipeline.py
[2026-08-23T02:46:13.188+0000] {processor.py:925} INFO - DAG(s) 'daily_inventory_pipeline' retrieved from /opt/airflow/dags/daily_inventory_pipeline.py
[2026-08-23T02:46:13.210+0000] {logging_mixin.py:190} INFO - [2026-08-23T02:46:13.210+0000] {dag.py:3239} INFO - Sync 1 DAGs
[2026-08-23T02:46:13.230+0000] {logging_mixin.py:190} INFO - [2026-08-23T02:46:13.230+0000] {dag.py:4180} INFO - Setting next_dagrun for daily_inventory_pipeline to 2026-08-22 18:30:00+00:00, run_after=2026-08-23 18:30:00+00:00
[2026-08-23T02:46:13.244+0000] {processor.py:208} INFO - Processing /opt/airflow/dags/daily_inventory_pipeline.py took 0.156 seconds
[2026-08-23T02:46:43.305+0000] {processor.py:186} INFO - Started process (PID=2567) to work on /opt/airflow/dags/daily_inventory_pipeline.py
[2026-08-23T02:46:43.306+0000] {processor.py:914} INFO - Processing file /opt/airflow/dags/daily_inventory_pipeline.py for tasks to queue
[2026-08-23T02:46:43.309+0000] {logging_mixin.py:190} INFO - [2026-08-23T02:46:43.308+0000] {dagbag.py:588} INFO - Filling up the DagBag from /opt/airflow/dags/daily_inventory_pipeline.py
[2026-08-23T02:46:43.405+0000] {processor.py:925} INFO - DAG(s) 'daily_inventory_pipeline' retrieved from /opt/airflow/dags/daily_inventory_pipeline.py
[2026-08-23T02:46:43.427+0000] {logging_mixin.py:190} INFO - [2026-08-23T02:46:43.426+0000] {dag.py:3239} INFO - Sync 1 DAGs
[2026-08-23T02:46:43.445+0000] {logging_mixin.py:190} INFO - [2026-08-23T02:46:43.444+0000] {dag.py:4180} INFO - Setting next_dagrun for daily_inventory_pipeline to 2026-08-22 18:30:00+00:00, run_after=2026-08-23 18:30:00+00:00
[2026-08-23T02:46:43.467+0000] {processor.py:208} INFO - Processing /opt/airflow/dags/daily_inventory_pipeline.py took 0.169 seconds
[2026-08-23T02:47:13.632+0000] {processor.py:186} INFO - Started process (PID=2577) to work on /opt/airflow/dags/daily_inventory_pipeline.py
[2026-08-23T02:47:13.633+0000] {processor.py:914} INFO - Processing file /opt/airflow/dags/daily_inventory_pipeline.py for tasks to queue
[2026-08-23T02:47:13.635+0000] {logging_mixin.py:190} INFO - [2026-08-23T02:47:13.634+0000] {dagbag.py:588} INFO - Filling up the DagBag from /opt/airflow/dags/daily_inventory_pipeline.py
[2026-08-23T02:47:13.719+0000] {processor.py:925} INFO - DAG(s) 'daily_inventory_pipeline' retrieved from /opt/airflow/dags/daily_inventory_pipeline.py
[2026-08-23T02:47:13.741+0000] {logging_mixin.py:190} INFO - [2026-08-23T02:47:13.741+0000] {dag.py:3239} INFO - Sync 1 DAGs
[2026-08-23T02:47:13.758+0000] {logging_mixin.py:190} INFO - [2026-08-23T02:47:13.758+0000] {dag.py:4180} INFO - Setting next_dagrun for daily_inventory_pipeline to 2026-08-22 18:30:00+00:00, run_after=2026-08-23 18:30:00+00:00
[2026-08-23T02:47:13.775+0000] {processor.py:208} INFO - Processing /opt/airflow/dags/daily_inventory_pipeline.py took 0.148 seconds
[2026-08-23T02:47:43.888+0000] {processor.py:186} INFO - Started process (PID=2587) to work on /opt/airflow/dags/daily_inventory_pipeline.py
[2026-08-23T02:47:43.889+0000] {processor.py:914} INFO - Processing file /opt/airflow/dags/daily_inventory_pipeline.py for tasks to queue
[2026-08-23T02:47:43.891+0000] {logging_mixin.py:190} INFO - [2026-08-23T02:47:43.891+0000] {dagbag.py:588} INFO - Filling up the DagBag from /opt/airflow/dags/daily_inventory_pipeline.py
[2026-08-23T02:47:43.995+0000] {processor.py:925} INFO - DAG(s) 'daily_inventory_pipeline' retrieved from /opt/airflow/dags/daily_inventory_pipeline.py
[2026-08-23T02:47:44.016+0000] {logging_mixin.py:190} INFO - [2026-08-23T02:47:44.016+0000] {dag.py:3239} INFO - Sync 1 DAGs
[2026-08-23T02:47:44.033+0000] {logging_mixin.py:190} INFO - [2026-08-23T02:47:44.033+0000] {dag.py:4180} INFO - Setting next_dagrun for daily_inventory_pipeline to 2026-08-22 18:30:00+00:00, run_after=2026-08-23 18:30:00+00:00
[2026-08-23T02:47:44.047+0000] {processor.py:208} INFO - Processing /opt/airflow/dags/daily_inventory_pipeline.py took 0.165 seconds
[2026-08-23T02:48:14.138+0000] {processor.py:186} INFO - Started process (PID=2597) to work on /opt/airflow/dags/daily_inventory_pipeline.py
[2026-08-23T02:48:14.139+0000] {processor.py:914} INFO - Processing file /opt/airflow/dags/daily_inventory_pipeline.py for tasks to queue
[2026-08-23T02:48:14.141+0000] {logging_mixin.py:190} INFO - [2026-08-23T02:48:14.140+0000] {dagbag.py:588} INFO - Filling up the DagBag from /opt/airflow/dags/daily_inventory_pipeline.py
[2026-08-23T02:48:14.232+0000] {processor.py:925} INFO - DAG(s) 'daily_inventory_pipeline' retrieved from /opt/airflow/dags/daily_inventory_pipeline.py
[2026-08-23T02:48:14.254+0000] {logging_mixin.py:190} INFO - [2026-08-23T02:48:14.254+0000] {dag.py:3239} INFO - Sync 1 DAGs
[2026-08-23T02:48:14.271+0000] {logging_mixin.py:190} INFO - [2026-08-23T02:48:14.270+0000] {dag.py:4180} INFO - Setting next_dagrun for daily_inventory_pipeline to 2026-08-22 18:30:00+00:00, run_after=2026-08-23 18:30:00+00:00
[2026-08-23T02:48:14.291+0000] {processor.py:208} INFO - Processing /opt/airflow/dags/daily_inventory_pipeline.py took 0.159 seconds
[2026-08-23T02:48:44.547+0000] {processor.py:186} INFO - Started process (PID=2607) to work on /opt/airflow/dags/daily_inventory_pipeline.py
[2026-08-23T02:48:44.549+0000] {processor.py:914} INFO - Processing file /opt/airflow/dags/daily_inventory_pipeline.py for tasks to queue
[2026-08-23T02:48:44.551+0000] {logging_mixin.py:190} INFO - [2026-08-23T02:48:44.551+0000] {dagbag.py:588} INFO - Filling up the DagBag from /opt/airflow/dags/daily_inventory_pipeline.py
[2026-08-23T02:48:44.807+0000] {processor.py:925} INFO - DAG(s) 'daily_inventory_pipeline' retrieved from /opt/airflow/dags/daily_inventory_pipeline.py
[2026-08-23T02:48:44.830+0000] {logging_mixin.py:190} INFO - [2026-08-23T02:48:44.830+0000] {dag.py:3239} INFO - Sync 1 DAGs
[2026-08-23T02:48:44.850+0000] {logging_mixin.py:190} INFO - [2026-08-23T02:48:44.850+0000] {dag.py:4180} INFO - Setting next_dagrun for daily_inventory_pipeline to 2026-08-22 18:30:00+00:00, run_after=2026-08-23 18:30:00+00:00
[2026-08-23T02:48:44.867+0000] {processor.py:208} INFO - Processing /opt/airflow/dags/daily_inventory_pipeline.py took 0.336 seconds
[2026-08-23T02:49:15.107+0000] {processor.py:186} INFO - Started process (PID=2617) to work on /opt/airflow/dags/daily_inventory_pipeline.py
[2026-08-23T02:49:15.108+0000] {processor.py:914} INFO - Processing file /opt/airflow/dags/daily_inventory_pipeline.py for tasks to queue
[2026-08-23T02:49:15.109+0000] {logging_mixin.py:190} INFO - [2026-08-23T02:49:15.109+0000] {dagbag.py:588} INFO - Filling up the DagBag from /opt/airflow/dags/daily_inventory_pipeline.py
[2026-08-23T02:49:15.208+0000] {processor.py:925} INFO - DAG(s) 'daily_inventory_pipeline' retrieved from /opt/airflow/dags/daily_inventory_pipeline.py
[2026-08-23T02:49:15.230+0000] {logging_mixin.py:190} INFO - [2026-08-23T02:49:15.230+0000] {dag.py:3239} INFO - Sync 1 DAGs
[2026-08-23T02:49:15.248+0000] {logging_mixin.py:190} INFO - [2026-08-23T02:49:15.248+0000] {dag.py:4180} INFO - Setting next_dagrun for daily_inventory_pipeline to 2026-08-22 18:30:00+00:00, run_after=2026-08-23 18:30:00+00:00
[2026-08-23T02:49:15.266+0000] {processor.py:208} INFO - Processing /opt/airflow/dags/daily_inventory_pipeline.py took 0.166 seconds
[2026-08-23T02:49:45.365+0000] {processor.py:186} INFO - Started process (PID=2627) to work on /opt/airflow/dags/daily_inventory_pipeline.py
[2026-08-23T02:49:45.366+0000] {processor.py:914} INFO - Processing file /opt/airflow/dags/daily_inventory_pipeline.py for tasks to queue
[2026-08-23T02:49:45.368+0000] {logging_mixin.py:190} INFO - [2026-08-23T02:49:45.368+0000] {dagbag.py:588} INFO - Filling up the DagBag from /opt/airflow/dags/daily_inventory_pipeline.py
[2026-08-23T02:49:45.469+0000] {processor.py:925} INFO - DAG(s) 'daily_inventory_pipeline' retrieved from /opt/airflow/dags/daily_inventory_pipeline.py
[2026-08-23T02:49:45.489+0000] {logging_mixin.py:190} INFO - [2026-08-23T02:49:45.489+0000] {dag.py:3239} INFO - Sync 1 DAGs
[2026-08-23T02:49:45.508+0000] {logging_mixin.py:190} INFO - [2026-08-23T02:49:45.507+0000] {dag.py:4180} INFO - Setting next_dagrun for daily_inventory_pipeline to 2026-08-22 18:30:00+00:00, run_after=2026-08-23 18:30:00+00:00
[2026-08-23T02:49:45.519+0000] {processor.py:208} INFO - Processing /opt/airflow/dags/daily_inventory_pipeline.py took 0.159 seconds
[2026-08-23T02:50:15.737+0000] {processor.py:186} INFO - Started process (PID=2637) to work on /opt/airflow/dags/daily_inventory_pipeline.py
[2026-08-23T02:50:15.738+0000] {processor.py:914} INFO - Processing file /opt/airflow/dags/daily_inventory_pipeline.py for tasks to queue
[2026-08-23T02:50:15.740+0000] {logging_mixin.py:190} INFO - [2026-08-23T02:50:15.740+0000] {dagbag.py:588} INFO - Filling up the DagBag from /opt/airflow/dags/daily_inventory_pipeline.py
[2026-08-23T02:50:15.827+0000] {processor.py:925} INFO - DAG(s) 'daily_inventory_pipeline' retrieved from /opt/airflow/dags/daily_inventory_pipeline.py
[2026-08-23T02:50:15.849+0000] {logging_mixin.py:190} INFO - [2026-08-23T02:50:15.849+0000] {dag.py:3239} INFO - Sync 1 DAGs
[2026-08-23T02:50:15.866+0000] {logging_mixin.py:190} INFO - [2026-08-23T02:50:15.866+0000] {dag.py:4180} INFO - Setting next_dagrun for daily_inventory_pipeline to 2026-08-22 18:30:00+00:00, run_after=2026-08-23 18:30:00+00:00
[2026-08-23T02:50:15.886+0000] {processor.py:208} INFO - Processing /opt/airflow/dags/daily_inventory_pipeline.py took 0.154 seconds
[2026-08-23T02:50:45.981+0000] {processor.py:186} INFO - Started process (PID=2647) to work on /opt/airflow/dags/daily_inventory_pipeline.py
[2026-08-23T02:50:45.982+0000] {processor.py:914} INFO - Processing file /opt/airflow/dags/daily_inventory_pipeline.py for tasks to queue
[2026-08-23T02:50:45.985+0000] {logging_mixin.py:190} INFO - [2026-08-23T02:50:45.984+0000] {dagbag.py:588} INFO - Filling up the DagBag from /opt/airflow/dags/daily_inventory_pipeline.py
[2026-08-23T02:50:46.103+0000] {processor.py:925} INFO - DAG(s) 'daily_inventory_pipeline' retrieved from /opt/airflow/dags/daily_inventory_pipeline.py
[2026-08-23T02:50:46.124+0000] {logging_mixin.py:190} INFO - [2026-08-23T02:50:46.124+0000] {dag.py:3239} INFO - Sync 1 DAGs
[2026-08-23T02:50:46.142+0000] {logging_mixin.py:190} INFO - [2026-08-23T02:50:46.142+0000] {dag.py:4180} INFO - Setting next_dagrun for daily_inventory_pipeline to 2026-08-22 18:30:00+00:00, run_after=2026-08-23 18:30:00+00:00
[2026-08-23T02:50:46.158+0000] {processor.py:208} INFO - Processing /opt/airflow/dags/daily_inventory_pipeline.py took 0.184 seconds
[2026-08-23T02:51:16.309+0000] {processor.py:186} INFO - Started process (PID=2657) to work on /opt/airflow/dags/daily_inventory_pipeline.py
[2026-08-23T02:51:16.310+0000] {processor.py:914} INFO - Processing file /opt/airflow/dags/daily_inventory_pipeline.py for tasks to queue
[2026-08-23T02:51:16.313+0000] {logging_mixin.py:190} INFO - [2026-08-23T02:51:16.313+0000] {dagbag.py:588} INFO - Filling up the DagBag from /opt/airflow/dags/daily_inventory_pipeline.py
[2026-08-23T02:51:16.437+0000] {processor.py:925} INFO - DAG(s) 'daily_inventory_pipeline' retrieved from /opt/airflow/dags/daily_inventory_pipeline.py
[2026-08-23T02:51:16.463+0000] {logging_mixin.py:190} INFO - [2026-08-23T02:51:16.463+0000] {dag.py:3239} INFO - Sync 1 DAGs
[2026-08-23T02:51:16.483+0000] {logging_mixin.py:190} INFO - [2026-08-23T02:51:16.483+0000] {dag.py:4180} INFO - Setting next_dagrun for daily_inventory_pipeline to 2026-08-22 18:30:00+00:00, run_after=2026-08-23 18:30:00+00:00
[2026-08-23T02:51:16.500+0000] {processor.py:208} INFO - Processing /opt/airflow/dags/daily_inventory_pipeline.py took 0.198 seconds
[2026-08-23T02:51:46.711+0000] {processor.py:186} INFO - Started process (PID=2667) to work on /opt/airflow/dags/daily_inventory_pipeline.py
[2026-08-23T02:51:46.713+0000] {processor.py:914} INFO - Processing file /opt/airflow/dags/daily_inventory_pipeline.py for tasks to queue
[2026-08-23T02:51:46.716+0000] {logging_mixin.py:190} INFO - [2026-08-23T02:51:46.716+0000] {dagbag.py:588} INFO - Filling up the DagBag from /opt/airflow/dags/daily_inventory_pipeline.py
[2026-08-23T02:51:46.850+0000] {processor.py:925} INFO - DAG(s) 'daily_inventory_pipeline' retrieved from /opt/airflow/dags/daily_inventory_pipeline.py
[2026-08-23T02:51:46.874+0000] {logging_mixin.py:190} INFO - [2026-08-23T02:51:46.874+0000] {dag.py:3239} INFO - Sync 1 DAGs
[2026-08-23T02:51:46.895+0000] {logging_mixin.py:190} INFO - [2026-08-23T02:51:46.894+0000] {dag.py:4180} INFO - Setting next_dagrun for daily_inventory_pipeline to 2026-08-22 18:30:00+00:00, run_after=2026-08-23 18:30:00+00:00
[2026-08-23T02:51:46.911+0000] {processor.py:208} INFO - Processing /opt/airflow/dags/daily_inventory_pipeline.py took 0.207 seconds
[2026-08-23T02:52:17.122+0000] {processor.py:186} INFO - Started process (PID=2677) to work on /opt/airflow/dags/daily_inventory_pipeline.py
[2026-08-23T02:52:17.123+0000] {processor.py:914} INFO - Processing file /opt/airflow/dags/daily_inventory_pipeline.py for tasks to queue
[2026-08-23T02:52:17.126+0000] {logging_mixin.py:190} INFO - [2026-08-23T02:52:17.126+0000] {dagbag.py:588} INFO - Filling up the DagBag from /opt/airflow/dags/daily_inventory_pipeline.py
[2026-08-23T02:52:17.271+0000] {processor.py:925} INFO - DAG(s) 'daily_inventory_pipeline' retrieved from /opt/airflow/dags/daily_inventory_pipeline.py
[2026-08-23T02:52:17.298+0000] {logging_mixin.py:190} INFO - [2026-08-23T02:52:17.298+0000] {dag.py:3239} INFO - Sync 1 DAGs
[2026-08-23T02:52:17.319+0000] {logging_mixin.py:190} INFO - [2026-08-23T02:52:17.319+0000] {dag.py:4180} INFO - Setting next_dagrun for daily_inventory_pipeline to 2026-08-22 18:30:00+00:00, run_after=2026-08-23 18:30:00+00:00
[2026-08-23T02:52:17.339+0000] {processor.py:208} INFO - Processing /opt/airflow/dags/daily_inventory_pipeline.py took 0.225 seconds
[2026-08-23T02:52:47.550+0000] {processor.py:186} INFO - Started process (PID=2687) to work on /opt/airflow/dags/daily_inventory_pipeline.py
[2026-08-23T02:52:47.551+0000] {processor.py:914} INFO - Processing file /opt/airflow/dags/daily_inventory_pipeline.py for tasks to queue
[2026-08-23T02:52:47.553+0000] {logging_mixin.py:190} INFO - [2026-08-23T02:52:47.553+0000] {dagbag.py:588} INFO - Filling up the DagBag from /opt/airflow/dags/daily_inventory_pipeline.py
[2026-08-23T02:52:47.650+0000] {processor.py:925} INFO - DAG(s) 'daily_inventory_pipeline' retrieved from /opt/airflow/dags/daily_inventory_pipeline.py
[2026-08-23T02:52:47.676+0000] {logging_mixin.py:190} INFO - [2026-08-23T02:52:47.675+0000] {dag.py:3239} INFO - Sync 1 DAGs
[2026-08-23T02:52:47.696+0000] {logging_mixin.py:190} INFO - [2026-08-23T02:52:47.696+0000] {dag.py:4180} INFO - Setting next_dagrun for daily_inventory_pipeline to 2026-08-22 18:30:00+00:00, run_after=2026-08-23 18:30:00+00:00
[2026-08-23T02:52:47.711+0000] {processor.py:208} INFO - Processing /opt/airflow/dags/daily_inventory_pipeline.py took 0.168 seconds
[2026-08-23T02:53:17.890+0000] {processor.py:186} INFO - Started process (PID=2697) to work on /opt/airflow/dags/daily_inventory_pipeline.py
[2026-08-23T02:53:17.890+0000] {processor.py:914} INFO - Processing file /opt/airflow/dags/daily_inventory_pipeline.py for tasks to queue
[2026-08-23T02:53:17.893+0000] {logging_mixin.py:190} INFO - [2026-08-23T02:53:17.892+0000] {dagbag.py:588} INFO - Filling up the DagBag from /opt/airflow/dags/daily_inventory_pipeline.py
[2026-08-23T02:53:17.986+0000] {processor.py:925} INFO - DAG(s) 'daily_inventory_pipeline' retrieved from /opt/airflow/dags/daily_inventory_pipeline.py
[2026-08-23T02:53:18.006+0000] {logging_mixin.py:190} INFO - [2026-08-23T02:53:18.005+0000] {dag.py:3239} INFO - Sync 1 DAGs
[2026-08-23T02:53:18.022+0000] {logging_mixin.py:190} INFO - [2026-08-23T02:53:18.022+0000] {dag.py:4180} INFO - Setting next_dagrun for daily_inventory_pipeline to 2026-08-22 18:30:00+00:00, run_after=2026-08-23 18:30:00+00:00
[2026-08-23T02:53:18.036+0000] {processor.py:208} INFO - Processing /opt/airflow/dags/daily_inventory_pipeline.py took 0.152 seconds
[2026-08-23T02:53:48.227+0000] {processor.py:186} INFO - Started process (PID=2707) to work on /opt/airflow/dags/daily_inventory_pipeline.py
[2026-08-23T02:53:48.228+0000] {processor.py:914} INFO - Processing file /opt/airflow/dags/daily_inventory_pipeline.py for tasks to queue
[2026-08-23T02:53:48.231+0000] {logging_mixin.py:190} INFO - [2026-08-23T02:53:48.230+0000] {dagbag.py:588} INFO - Filling up the DagBag from /opt/airflow/dags/daily_inventory_pipeline.py
[2026-08-23T02:53:48.348+0000] {processor.py:925} INFO - DAG(s) 'daily_inventory_pipeline' retrieved from /opt/airflow/dags/daily_inventory_pipeline.py
[2026-08-23T02:53:48.370+0000] {logging_mixin.py:190} INFO - [2026-08-23T02:53:48.370+0000] {dag.py:3239} INFO - Sync 1 DAGs
[2026-08-23T02:53:48.387+0000] {logging_mixin.py:190} INFO - [2026-08-23T02:53:48.387+0000] {dag.py:4180} INFO - Setting next_dagrun for daily_inventory_pipeline to 2026-08-22 18:30:00+00:00, run_after=2026-08-23 18:30:00+00:00
[2026-08-23T02:53:48.401+0000] {processor.py:208} INFO - Processing /opt/airflow/dags/daily_inventory_pipeline.py took 0.182 seconds
[2026-08-23T02:54:18.653+0000] {processor.py:186} INFO - Started process (PID=2717) to work on /opt/airflow/dags/daily_inventory_pipeline.py
[2026-08-23T02:54:18.654+0000] {processor.py:914} INFO - Processing file /opt/airflow/dags/daily_inventory_pipeline.py for tasks to queue
[2026-08-23T02:54:18.657+0000] {logging_mixin.py:190} INFO - [2026-08-23T02:54:18.656+0000] {dagbag.py:588} INFO - Filling up the DagBag from /opt/airflow/dags/daily_inventory_pipeline.py
[2026-08-23T02:54:18.791+0000] {processor.py:925} INFO - DAG(s) 'daily_inventory_pipeline' retrieved from /opt/airflow/dags/daily_inventory_pipeline.py
[2026-08-23T02:54:18.816+0000] {logging_mixin.py:190} INFO - [2026-08-23T02:54:18.816+0000] {dag.py:3239} INFO - Sync 1 DAGs
[2026-08-23T02:54:18.838+0000] {logging_mixin.py:190} INFO - [2026-08-23T02:54:18.838+0000] {dag.py:4180} INFO - Setting next_dagrun for daily_inventory_pipeline to 2026-08-22 18:30:00+00:00, run_after=2026-08-23 18:30:00+00:00
[2026-08-23T02:54:18.857+0000] {processor.py:208} INFO - Processing /opt/airflow/dags/daily_inventory_pipeline.py took 0.212 seconds
[2026-08-23T02:54:49.114+0000] {processor.py:186} INFO - Started process (PID=2727) to work on /opt/airflow/dags/daily_inventory_pipeline.py
[2026-08-23T02:54:49.115+0000] {processor.py:914} INFO - Processing file /opt/airflow/dags/daily_inventory_pipeline.py for tasks to queue
[2026-08-23T02:54:49.117+0000] {logging_mixin.py:190} INFO - [2026-08-23T02:54:49.117+0000] {dagbag.py:588} INFO - Filling up the DagBag from /opt/airflow/dags/daily_inventory_pipeline.py
[2026-08-23T02:54:49.251+0000] {processor.py:925} INFO - DAG(s) 'daily_inventory_pipeline' retrieved from /opt/airflow/dags/daily_inventory_pipeline.py
[2026-08-23T02:54:49.275+0000] {logging_mixin.py:190} INFO - [2026-08-23T02:54:49.274+0000] {dag.py:3239} INFO - Sync 1 DAGs
[2026-08-23T02:54:49.293+0000] {logging_mixin.py:190} INFO - [2026-08-23T02:54:49.293+0000] {dag.py:4180} INFO - Setting next_dagrun for daily_inventory_pipeline to 2026-08-22 18:30:00+00:00, run_after=2026-08-23 18:30:00+00:00
[2026-08-23T02:54:49.308+0000] {processor.py:208} INFO - Processing /opt/airflow/dags/daily_inventory_pipeline.py took 0.200 seconds
[2026-08-23T02:55:19.393+0000] {processor.py:186} INFO - Started process (PID=2737) to work on /opt/airflow/dags/daily_inventory_pipeline.py
[2026-08-23T02:55:19.394+0000] {processor.py:914} INFO - Processing file /opt/airflow/dags/daily_inventory_pipeline.py for tasks to queue
[2026-08-23T02:55:19.396+0000] {logging_mixin.py:190} INFO - [2026-08-23T02:55:19.396+0000] {dagbag.py:588} INFO - Filling up the DagBag from /opt/airflow/dags/daily_inventory_pipeline.py
[2026-08-23T02:55:19.534+0000] {processor.py:925} INFO - DAG(s) 'daily_inventory_pipeline' retrieved from /opt/airflow/dags/daily_inventory_pipeline.py
[2026-08-23T02:55:19.559+0000] {logging_mixin.py:190} INFO - [2026-08-23T02:55:19.559+0000] {dag.py:3239} INFO - Sync 1 DAGs
[2026-08-23T02:55:19.576+0000] {logging_mixin.py:190} INFO - [2026-08-23T02:55:19.576+0000] {dag.py:4180} INFO - Setting next_dagrun for daily_inventory_pipeline to 2026-08-22 18:30:00+00:00, run_after=2026-08-23 18:30:00+00:00
[2026-08-23T02:55:19.589+0000] {processor.py:208} INFO - Processing /opt/airflow/dags/daily_inventory_pipeline.py took 0.201 seconds
[2026-08-23T02:55:49.877+0000] {processor.py:186} INFO - Started process (PID=2747) to work on /opt/airflow/dags/daily_inventory_pipeline.py
[2026-08-23T02:55:49.878+0000] {processor.py:914} INFO - Processing file /opt/airflow/dags/daily_inventory_pipeline.py for tasks to queue
[2026-08-23T02:55:49.881+0000] {logging_mixin.py:190} INFO - [2026-08-23T02:55:49.880+0000] {dagbag.py:588} INFO - Filling up the DagBag from /opt/airflow/dags/daily_inventory_pipeline.py
[2026-08-23T02:55:50.013+0000] {processor.py:925} INFO - DAG(s) 'daily_inventory_pipeline' retrieved from /opt/airflow/dags/daily_inventory_pipeline.py
[2026-08-23T02:55:50.037+0000] {logging_mixin.py:190} INFO - [2026-08-23T02:55:50.037+0000] {dag.py:3239} INFO - Sync 1 DAGs
[2026-08-23T02:55:50.057+0000] {logging_mixin.py:190} INFO - [2026-08-23T02:55:50.056+0000] {dag.py:4180} INFO - Setting next_dagrun for daily_inventory_pipeline to 2026-08-22 18:30:00+00:00, run_after=2026-08-23 18:30:00+00:00
[2026-08-23T02:55:50.073+0000] {processor.py:208} INFO - Processing /opt/airflow/dags/daily_inventory_pipeline.py took 0.203 seconds
[2026-08-23T02:56:20.289+0000] {processor.py:186} INFO - Started process (PID=2757) to work on /opt/airflow/dags/daily_inventory_pipeline.py
[2026-08-23T02:56:20.291+0000] {processor.py:914} INFO - Processing file /opt/airflow/dags/daily_inventory_pipeline.py for tasks to queue
[2026-08-23T02:56:20.294+0000] {logging_mixin.py:190} INFO - [2026-08-23T02:56:20.294+0000] {dagbag.py:588} INFO - Filling up the DagBag from /opt/airflow/dags/daily_inventory_pipeline.py
[2026-08-23T02:56:20.443+0000] {processor.py:925} INFO - DAG(s) 'daily_inventory_pipeline' retrieved from /opt/airflow/dags/daily_inventory_pipeline.py
[2026-08-23T02:56:20.466+0000] {logging_mixin.py:190} INFO - [2026-08-23T02:56:20.466+0000] {dag.py:3239} INFO - Sync 1 DAGs
[2026-08-23T02:56:20.484+0000] {logging_mixin.py:190} INFO - [2026-08-23T02:56:20.484+0000] {dag.py:4180} INFO - Setting next_dagrun for daily_inventory_pipeline to 2026-08-22 18:30:00+00:00, run_after=2026-08-23 18:30:00+00:00
[2026-08-23T02:56:20.500+0000] {processor.py:208} INFO - Processing /opt/airflow/dags/daily_inventory_pipeline.py took 0.222 seconds
[2026-08-23T02:56:50.595+0000] {processor.py:186} INFO - Started process (PID=2767) to work on /opt/airflow/dags/daily_inventory_pipeline.py
[2026-08-23T02:56:50.596+0000] {processor.py:914} INFO - Processing file /opt/airflow/dags/daily_inventory_pipeline.py for tasks to queue
[2026-08-23T02:56:50.598+0000] {logging_mixin.py:190} INFO - [2026-08-23T02:56:50.598+0000] {dagbag.py:588} INFO - Filling up the DagBag from /opt/airflow/dags/daily_inventory_pipeline.py
[2026-08-23T02:56:50.743+0000] {processor.py:925} INFO - DAG(s) 'daily_inventory_pipeline' retrieved from /opt/airflow/dags/daily_inventory_pipeline.py
[2026-08-23T02:56:50.768+0000] {logging_mixin.py:190} INFO - [2026-08-23T02:56:50.767+0000] {dag.py:3239} INFO - Sync 1 DAGs
[2026-08-23T02:56:50.787+0000] {logging_mixin.py:190} INFO - [2026-08-23T02:56:50.787+0000] {dag.py:4180} INFO - Setting next_dagrun for daily_inventory_pipeline to 2026-08-22 18:30:00+00:00, run_after=2026-08-23 18:30:00+00:00
[2026-08-23T02:56:50.804+0000] {processor.py:208} INFO - Processing /opt/airflow/dags/daily_inventory_pipeline.py took 0.215 seconds
[2026-08-23T02:57:20.885+0000] {processor.py:186} INFO - Started process (PID=2777) to work on /opt/airflow/dags/daily_inventory_pipeline.py
[2026-08-23T02:57:20.886+0000] {processor.py:914} INFO - Processing file /opt/airflow/dags/daily_inventory_pipeline.py for tasks to queue
[2026-08-23T02:57:20.888+0000] {logging_mixin.py:190} INFO - [2026-08-23T02:57:20.887+0000] {dagbag.py:588} INFO - Filling up the DagBag from /opt/airflow/dags/daily_inventory_pipeline.py
[2026-08-23T02:57:20.996+0000] {processor.py:925} INFO - DAG(s) 'daily_inventory_pipeline' retrieved from /opt/airflow/dags/daily_inventory_pipeline.py
[2026-08-23T02:57:21.016+0000] {logging_mixin.py:190} INFO - [2026-08-23T02:57:21.016+0000] {dag.py:3239} INFO - Sync 1 DAGs
[2026-08-23T02:57:21.032+0000] {logging_mixin.py:190} INFO - [2026-08-23T02:57:21.032+0000] {dag.py:4180} INFO - Setting next_dagrun for daily_inventory_pipeline to 2026-08-22 18:30:00+00:00, run_after=2026-08-23 18:30:00+00:00
[2026-08-23T02:57:21.052+0000] {processor.py:208} INFO - Processing /opt/airflow/dags/daily_inventory_pipeline.py took 0.174 seconds
[2026-08-23T02:57:51.185+0000] {processor.py:186} INFO - Started process (PID=2787) to work on /opt/airflow/dags/daily_inventory_pipeline.py
[2026-08-23T02:57:51.186+0000] {processor.py:914} INFO - Processing file /opt/airflow/dags/daily_inventory_pipeline.py for tasks to queue
[2026-08-23T02:57:51.188+0000] {logging_mixin.py:190} INFO - [2026-08-23T02:57:51.188+0000] {dagbag.py:588} INFO - Filling up the DagBag from /opt/airflow/dags/daily_inventory_pipeline.py
[2026-08-23T02:57:51.302+0000] {processor.py:925} INFO - DAG(s) 'daily_inventory_pipeline' retrieved from /opt/airflow/dags/daily_inventory_pipeline.py
[2026-08-23T02:57:51.326+0000] {logging_mixin.py:190} INFO - [2026-08-23T02:57:51.326+0000] {dag.py:3239} INFO - Sync 1 DAGs
[2026-08-23T02:57:51.344+0000] {logging_mixin.py:190} INFO - [2026-08-23T02:57:51.344+0000] {dag.py:4180} INFO - Setting next_dagrun for daily_inventory_pipeline to 2026-08-22 18:30:00+00:00, run_after=2026-08-23 18:30:00+00:00
[2026-08-23T02:57:51.361+0000] {processor.py:208} INFO - Processing /opt/airflow/dags/daily_inventory_pipeline.py took 0.183 seconds
[2026-08-23T02:58:21.446+0000] {processor.py:186} INFO - Started process (PID=2797) to work on /opt/airflow/dags/daily_inventory_pipeline.py
[2026-08-23T02:58:21.446+0000] {processor.py:914} INFO - Processing file /opt/airflow/dags/daily_inventory_pipeline.py for tasks to queue
[2026-08-23T02:58:21.448+0000] {logging_mixin.py:190} INFO - [2026-08-23T02:58:21.448+0000] {dagbag.py:588} INFO - Filling up the DagBag from /opt/airflow/dags/daily_inventory_pipeline.py
[2026-08-23T02:58:21.536+0000] {processor.py:925} INFO - DAG(s) 'daily_inventory_pipeline' retrieved from /opt/airflow/dags/daily_inventory_pipeline.py
[2026-08-23T02:58:21.556+0000] {logging_mixin.py:190} INFO - [2026-08-23T02:58:21.556+0000] {dag.py:3239} INFO - Sync 1 DAGs
[2026-08-23T02:58:21.572+0000] {logging_mixin.py:190} INFO - [2026-08-23T02:58:21.572+0000] {dag.py:4180} INFO - Setting next_dagrun for daily_inventory_pipeline to 2026-08-22 18:30:00+00:00, run_after=2026-08-23 18:30:00+00:00
[2026-08-23T02:58:21.584+0000] {processor.py:208} INFO - Processing /opt/airflow/dags/daily_inventory_pipeline.py took 0.144 seconds
[2026-08-23T02:58:51.815+0000] {processor.py:186} INFO - Started process (PID=2807) to work on /opt/airflow/dags/daily_inventory_pipeline.py
[2026-08-23T02:58:51.816+0000] {processor.py:914} INFO - Processing file /opt/airflow/dags/daily_inventory_pipeline.py for tasks to queue
[2026-08-23T02:58:51.818+0000] {logging_mixin.py:190} INFO - [2026-08-23T02:58:51.818+0000] {dagbag.py:588} INFO - Filling up the DagBag from /opt/airflow/dags/daily_inventory_pipeline.py
[2026-08-23T02:58:51.921+0000] {processor.py:925} INFO - DAG(s) 'daily_inventory_pipeline' retrieved from /opt/airflow/dags/daily_inventory_pipeline.py
[2026-08-23T02:58:51.942+0000] {logging_mixin.py:190} INFO - [2026-08-23T02:58:51.942+0000] {dag.py:3239} INFO - Sync 1 DAGs
[2026-08-23T02:58:51.957+0000] {logging_mixin.py:190} INFO - [2026-08-23T02:58:51.957+0000] {dag.py:4180} INFO - Setting next_dagrun for daily_inventory_pipeline to 2026-08-22 18:30:00+00:00, run_after=2026-08-23 18:30:00+00:00
[2026-08-23T02:58:51.973+0000] {processor.py:208} INFO - Processing /opt/airflow/dags/daily_inventory_pipeline.py took 0.164 seconds
[2026-08-23T02:59:22.033+0000] {processor.py:186} INFO - Started process (PID=2817) to work on /opt/airflow/dags/daily_inventory_pipeline.py
[2026-08-23T02:59:22.034+0000] {processor.py:914} INFO - Processing file /opt/airflow/dags/daily_inventory_pipeline.py for tasks to queue
[2026-08-23T02:59:22.036+0000] {logging_mixin.py:190} INFO - [2026-08-23T02:59:22.036+0000] {dagbag.py:588} INFO - Filling up the DagBag from /opt/airflow/dags/daily_inventory_pipeline.py
[2026-08-23T02:59:22.129+0000] {processor.py:925} INFO - DAG(s) 'daily_inventory_pipeline' retrieved from /opt/airflow/dags/daily_inventory_pipeline.py
[2026-08-23T02:59:22.151+0000] {logging_mixin.py:190} INFO - [2026-08-23T02:59:22.151+0000] {dag.py:3239} INFO - Sync 1 DAGs
[2026-08-23T02:59:22.168+0000] {logging_mixin.py:190} INFO - [2026-08-23T02:59:22.168+0000] {dag.py:4180} INFO - Setting next_dagrun for daily_inventory_pipeline to 2026-08-22 18:30:00+00:00, run_after=2026-08-23 18:30:00+00:00
[2026-08-23T02:59:22.190+0000] {processor.py:208} INFO - Processing /opt/airflow/dags/daily_inventory_pipeline.py took 0.163 seconds
[2026-08-23T02:59:52.376+0000] {processor.py:186} INFO - Started process (PID=2827) to work on /opt/airflow/dags/daily_inventory_pipeline.py
[2026-08-23T02:59:52.377+0000] {processor.py:914} INFO - Processing file /opt/airflow/dags/daily_inventory_pipeline.py for tasks to queue
[2026-08-23T02:59:52.379+0000] {logging_mixin.py:190} INFO - [2026-08-23T02:59:52.379+0000] {dagbag.py:588} INFO - Filling up the DagBag from /opt/airflow/dags/daily_inventory_pipeline.py
[2026-08-23T02:59:52.470+0000] {processor.py:925} INFO - DAG(s) 'daily_inventory_pipeline' retrieved from /opt/airflow/dags/daily_inventory_pipeline.py
[2026-08-23T02:59:52.491+0000] {logging_mixin.py:190} INFO - [2026-08-23T02:59:52.490+0000] {dag.py:3239} INFO - Sync 1 DAGs
[2026-08-23T02:59:52.507+0000] {logging_mixin.py:190} INFO - [2026-08-23T02:59:52.507+0000] {dag.py:4180} INFO - Setting next_dagrun for daily_inventory_pipeline to 2026-08-22 18:30:00+00:00, run_after=2026-08-23 18:30:00+00:00
[2026-08-23T02:59:52.527+0000] {processor.py:208} INFO - Processing /opt/airflow/dags/daily_inventory_pipeline.py took 0.157 seconds
[2026-08-23T03:00:22.716+0000] {processor.py:186} INFO - Started process (PID=2837) to work on /opt/airflow/dags/daily_inventory_pipeline.py
[2026-08-23T03:00:22.717+0000] {processor.py:914} INFO - Processing file /opt/airflow/dags/daily_inventory_pipeline.py for tasks to queue
[2026-08-23T03:00:22.719+0000] {logging_mixin.py:190} INFO - [2026-08-23T03:00:22.718+0000] {dagbag.py:588} INFO - Filling up the DagBag from /opt/airflow/dags/daily_inventory_pipeline.py
[2026-08-23T03:00:22.810+0000] {processor.py:925} INFO - DAG(s) 'daily_inventory_pipeline' retrieved from /opt/airflow/dags/daily_inventory_pipeline.py
[2026-08-23T03:00:22.831+0000] {logging_mixin.py:190} INFO - [2026-08-23T03:00:22.831+0000] {dag.py:3239} INFO - Sync 1 DAGs
[2026-08-23T03:00:22.849+0000] {logging_mixin.py:190} INFO - [2026-08-23T03:00:22.849+0000] {dag.py:4180} INFO - Setting next_dagrun for daily_inventory_pipeline to 2026-08-22 18:30:00+00:00, run_after=2026-08-23 18:30:00+00:00
[2026-08-23T03:00:22.862+0000] {processor.py:208} INFO - Processing /opt/airflow/dags/daily_inventory_pipeline.py took 0.151 seconds
[2026-08-23T03:00:53.063+0000] {processor.py:186} INFO - Started process (PID=2847) to work on /opt/airflow/dags/daily_inventory_pipeline.py
[2026-08-23T03:00:53.064+0000] {processor.py:914} INFO - Processing file /opt/airflow/dags/daily_inventory_pipeline.py for tasks to queue
[2026-08-23T03:00:53.065+0000] {logging_mixin.py:190} INFO - [2026-08-23T03:00:53.065+0000] {dagbag.py:588} INFO - Filling up the DagBag from /opt/airflow/dags/daily_inventory_pipeline.py
[2026-08-23T03:00:53.156+0000] {processor.py:925} INFO - DAG(s) 'daily_inventory_pipeline' retrieved from /opt/airflow/dags/daily_inventory_pipeline.py
[2026-08-23T03:00:53.177+0000] {logging_mixin.py:190} INFO - [2026-08-23T03:00:53.177+0000] {dag.py:3239} INFO - Sync 1 DAGs
[2026-08-23T03:00:53.203+0000] {logging_mixin.py:190} INFO - [2026-08-23T03:00:53.202+0000] {dag.py:4180} INFO - Setting next_dagrun for daily_inventory_pipeline to 2026-08-22 18:30:00+00:00, run_after=2026-08-23 18:30:00+00:00
[2026-08-23T03:00:53.220+0000] {processor.py:208} INFO - Processing /opt/airflow/dags/daily_inventory_pipeline.py took 0.164 seconds
[2026-08-23T03:01:23.277+0000] {processor.py:186} INFO - Started process (PID=2857) to work on /opt/airflow/dags/daily_inventory_pipeline.py
[2026-08-23T03:01:23.278+0000] {processor.py:914} INFO - Processing file /opt/airflow/dags/daily_inventory_pipeline.py for tasks to queue
[2026-08-23T03:01:23.280+0000] {logging_mixin.py:190} INFO - [2026-08-23T03:01:23.280+0000] {dagbag.py:588} INFO - Filling up the DagBag from /opt/airflow/dags/daily_inventory_pipeline.py
[2026-08-23T03:01:23.399+0000] {processor.py:925} INFO - DAG(s) 'daily_inventory_pipeline' retrieved from /opt/airflow/dags/daily_inventory_pipeline.py
[2026-08-23T03:01:23.423+0000] {logging_mixin.py:190} INFO - [2026-08-23T03:01:23.423+0000] {dag.py:3239} INFO - Sync 1 DAGs
[2026-08-23T03:01:23.442+0000] {logging_mixin.py:190} INFO - [2026-08-23T03:01:23.442+0000] {dag.py:4180} INFO - Setting next_dagrun for daily_inventory_pipeline to 2026-08-22 18:30:00+00:00, run_after=2026-08-23 18:30:00+00:00
[2026-08-23T03:01:23.461+0000] {processor.py:208} INFO - Processing /opt/airflow/dags/daily_inventory_pipeline.py took 0.192 seconds
[2026-08-23T03:01:53.585+0000] {processor.py:186} INFO - Started process (PID=2867) to work on /opt/airflow/dags/daily_inventory_pipeline.py
[2026-08-23T03:01:53.585+0000] {processor.py:914} INFO - Processing file /opt/airflow/dags/daily_inventory_pipeline.py for tasks to queue
[2026-08-23T03:01:53.588+0000] {logging_mixin.py:190} INFO - [2026-08-23T03:01:53.587+0000] {dagbag.py:588} INFO - Filling up the DagBag from /opt/airflow/dags/daily_inventory_pipeline.py
[2026-08-23T03:01:53.707+0000] {processor.py:925} INFO - DAG(s) 'daily_inventory_pipeline' retrieved from /opt/airflow/dags/daily_inventory_pipeline.py
[2026-08-23T03:01:53.730+0000] {logging_mixin.py:190} INFO - [2026-08-23T03:01:53.730+0000] {dag.py:3239} INFO - Sync 1 DAGs
[2026-08-23T03:01:53.749+0000] {logging_mixin.py:190} INFO - [2026-08-23T03:01:53.749+0000] {dag.py:4180} INFO - Setting next_dagrun for daily_inventory_pipeline to 2026-08-22 18:30:00+00:00, run_after=2026-08-23 18:30:00+00:00
[2026-08-23T03:01:53.770+0000] {processor.py:208} INFO - Processing /opt/airflow/dags/daily_inventory_pipeline.py took 0.192 seconds
[2026-08-23T03:02:23.853+0000] {processor.py:186} INFO - Started process (PID=2877) to work on /opt/airflow/dags/daily_inventory_pipeline.py
[2026-08-23T03:02:23.855+0000] {processor.py:914} INFO - Processing file /opt/airflow/dags/daily_inventory_pipeline.py for tasks to queue
[2026-08-23T03:02:23.857+0000] {logging_mixin.py:190} INFO - [2026-08-23T03:02:23.857+0000] {dagbag.py:588} INFO - Filling up the DagBag from /opt/airflow/dags/daily_inventory_pipeline.py
[2026-08-23T03:02:23.957+0000] {processor.py:925} INFO - DAG(s) 'daily_inventory_pipeline' retrieved from /opt/airflow/dags/daily_inventory_pipeline.py
[2026-08-23T03:02:23.980+0000] {logging_mixin.py:190} INFO - [2026-08-23T03:02:23.980+0000] {dag.py:3239} INFO - Sync 1 DAGs
[2026-08-23T03:02:23.999+0000] {logging_mixin.py:190} INFO - [2026-08-23T03:02:23.999+0000] {dag.py:4180} INFO - Setting next_dagrun for daily_inventory_pipeline to 2026-08-22 18:30:00+00:00, run_after=2026-08-23 18:30:00+00:00
[2026-08-23T03:02:24.015+0000] {processor.py:208} INFO - Processing /opt/airflow/dags/daily_inventory_pipeline.py took 0.168 seconds
[2026-08-23T03:02:54.143+0000] {processor.py:186} INFO - Started process (PID=2887) to work on /opt/airflow/dags/daily_inventory_pipeline.py
[2026-08-23T03:02:54.144+0000] {processor.py:914} INFO - Processing file /opt/airflow/dags/daily_inventory_pipeline.py for tasks to queue
[2026-08-23T03:02:54.145+0000] {logging_mixin.py:190} INFO - [2026-08-23T03:02:54.145+0000] {dagbag.py:588} INFO - Filling up the DagBag from /opt/airflow/dags/daily_inventory_pipeline.py
[2026-08-23T03:02:54.255+0000] {processor.py:925} INFO - DAG(s) 'daily_inventory_pipeline' retrieved from /opt/airflow/dags/daily_inventory_pipeline.py
[2026-08-23T03:02:54.277+0000] {logging_mixin.py:190} INFO - [2026-08-23T03:02:54.277+0000] {dag.py:3239} INFO - Sync 1 DAGs
[2026-08-23T03:02:54.295+0000] {logging_mixin.py:190} INFO - [2026-08-23T03:02:54.295+0000] {dag.py:4180} INFO - Setting next_dagrun for daily_inventory_pipeline to 2026-08-22 18:30:00+00:00, run_after=2026-08-23 18:30:00+00:00
[2026-08-23T03:02:54.311+0000] {processor.py:208} INFO - Processing /opt/airflow/dags/daily_inventory_pipeline.py took 0.174 seconds
[2026-08-23T03:03:24.453+0000] {processor.py:186} INFO - Started process (PID=2897) to work on /opt/airflow/dags/daily_inventory_pipeline.py
[2026-08-23T03:03:24.455+0000] {processor.py:914} INFO - Processing file /opt/airflow/dags/daily_inventory_pipeline.py for tasks to queue
[2026-08-23T03:03:24.458+0000] {logging_mixin.py:190} INFO - [2026-08-23T03:03:24.458+0000] {dagbag.py:588} INFO - Filling up the DagBag from /opt/airflow/dags/daily_inventory_pipeline.py
[2026-08-23T03:03:24.621+0000] {processor.py:925} INFO - DAG(s) 'daily_inventory_pipeline' retrieved from /opt/airflow/dags/daily_inventory_pipeline.py
[2026-08-23T03:03:24.644+0000] {logging_mixin.py:190} INFO - [2026-08-23T03:03:24.644+0000] {dag.py:3239} INFO - Sync 1 DAGs
[2026-08-23T03:03:24.665+0000] {logging_mixin.py:190} INFO - [2026-08-23T03:03:24.664+0000] {dag.py:4180} INFO - Setting next_dagrun for daily_inventory_pipeline to 2026-08-22 18:30:00+00:00, run_after=2026-08-23 18:30:00+00:00
[2026-08-23T03:03:24.680+0000] {processor.py:208} INFO - Processing /opt/airflow/dags/daily_inventory_pipeline.py took 0.234 seconds
[2026-08-23T03:03:54.782+0000] {processor.py:186} INFO - Started process (PID=2907) to work on /opt/airflow/dags/daily_inventory_pipeline.py
[2026-08-23T03:03:54.784+0000] {processor.py:914} INFO - Processing file /opt/airflow/dags/daily_inventory_pipeline.py for tasks to queue
[2026-08-23T03:03:54.785+0000] {logging_mixin.py:190} INFO - [2026-08-23T03:03:54.785+0000] {dagbag.py:588} INFO - Filling up the DagBag from /opt/airflow/dags/daily_inventory_pipeline.py
[2026-08-23T03:03:54.907+0000] {processor.py:925} INFO - DAG(s) 'daily_inventory_pipeline' retrieved from /opt/airflow/dags/daily_inventory_pipeline.py
[2026-08-23T03:03:54.932+0000] {logging_mixin.py:190} INFO - [2026-08-23T03:03:54.932+0000] {dag.py:3239} INFO - Sync 1 DAGs
[2026-08-23T03:03:54.952+0000] {logging_mixin.py:190} INFO - [2026-08-23T03:03:54.952+0000] {dag.py:4180} INFO - Setting next_dagrun for daily_inventory_pipeline to 2026-08-22 18:30:00+00:00, run_after=2026-08-23 18:30:00+00:00
[2026-08-23T03:03:54.970+0000] {processor.py:208} INFO - Processing /opt/airflow/dags/daily_inventory_pipeline.py took 0.194 seconds
[2026-08-23T03:04:25.078+0000] {processor.py:186} INFO - Started process (PID=2917) to work on /opt/airflow/dags/daily_inventory_pipeline.py
[2026-08-23T03:04:25.079+0000] {processor.py:914} INFO - Processing file /opt/airflow/dags/daily_inventory_pipeline.py for tasks to queue
[2026-08-23T03:04:25.082+0000] {logging_mixin.py:190} INFO - [2026-08-23T03:04:25.082+0000] {dagbag.py:588} INFO - Filling up the DagBag from /opt/airflow/dags/daily_inventory_pipeline.py
[2026-08-23T03:04:25.236+0000] {processor.py:925} INFO - DAG(s) 'daily_inventory_pipeline' retrieved from /opt/airflow/dags/daily_inventory_pipeline.py
[2026-08-23T03:04:25.268+0000] {logging_mixin.py:190} INFO - [2026-08-23T03:04:25.268+0000] {dag.py:3239} INFO - Sync 1 DAGs
[2026-08-23T03:04:25.292+0000] {logging_mixin.py:190} INFO - [2026-08-23T03:04:25.292+0000] {dag.py:4180} INFO - Setting next_dagrun for daily_inventory_pipeline to 2026-08-22 18:30:00+00:00, run_after=2026-08-23 18:30:00+00:00
[2026-08-23T03:04:25.311+0000] {processor.py:208} INFO - Processing /opt/airflow/dags/daily_inventory_pipeline.py took 0.240 seconds
[2026-08-23T03:04:55.539+0000] {processor.py:186} INFO - Started process (PID=2927) to work on /opt/airflow/dags/daily_inventory_pipeline.py
[2026-08-23T03:04:55.541+0000] {processor.py:914} INFO - Processing file /opt/airflow/dags/daily_inventory_pipeline.py for tasks to queue
[2026-08-23T03:04:55.543+0000] {logging_mixin.py:190} INFO - [2026-08-23T03:04:55.543+0000] {dagbag.py:588} INFO - Filling up the DagBag from /opt/airflow/dags/daily_inventory_pipeline.py
[2026-08-23T03:04:55.677+0000] {processor.py:925} INFO - DAG(s) 'daily_inventory_pipeline' retrieved from /opt/airflow/dags/daily_inventory_pipeline.py
[2026-08-23T03:04:55.703+0000] {logging_mixin.py:190} INFO - [2026-08-23T03:04:55.702+0000] {dag.py:3239} INFO - Sync 1 DAGs
[2026-08-23T03:04:55.723+0000] {logging_mixin.py:190} INFO - [2026-08-23T03:04:55.722+0000] {dag.py:4180} INFO - Setting next_dagrun for daily_inventory_pipeline to 2026-08-22 18:30:00+00:00, run_after=2026-08-23 18:30:00+00:00
[2026-08-23T03:04:55.739+0000] {processor.py:208} INFO - Processing /opt/airflow/dags/daily_inventory_pipeline.py took 0.208 seconds
[2026-08-23T03:05:25.947+0000] {processor.py:186} INFO - Started process (PID=2937) to work on /opt/airflow/dags/daily_inventory_pipeline.py
[2026-08-23T03:05:25.948+0000] {processor.py:914} INFO - Processing file /opt/airflow/dags/daily_inventory_pipeline.py for tasks to queue
[2026-08-23T03:05:25.950+0000] {logging_mixin.py:190} INFO - [2026-08-23T03:05:25.950+0000] {dagbag.py:588} INFO - Filling up the DagBag from /opt/airflow/dags/daily_inventory_pipeline.py
[2026-08-23T03:05:26.056+0000] {processor.py:925} INFO - DAG(s) 'daily_inventory_pipeline' retrieved from /opt/airflow/dags/daily_inventory_pipeline.py
[2026-08-23T03:05:26.080+0000] {logging_mixin.py:190} INFO - [2026-08-23T03:05:26.080+0000] {dag.py:3239} INFO - Sync 1 DAGs
[2026-08-23T03:05:26.100+0000] {logging_mixin.py:190} INFO - [2026-08-23T03:05:26.100+0000] {dag.py:4180} INFO - Setting next_dagrun for daily_inventory_pipeline to 2026-08-22 18:30:00+00:00, run_after=2026-08-23 18:30:00+00:00
[2026-08-23T03:05:26.117+0000] {processor.py:208} INFO - Processing /opt/airflow/dags/daily_inventory_pipeline.py took 0.176 seconds
[2026-08-23T03:05:56.350+0000] {processor.py:186} INFO - Started process (PID=2947) to work on /opt/airflow/dags/daily_inventory_pipeline.py
[2026-08-23T03:05:56.351+0000] {processor.py:914} INFO - Processing file /opt/airflow/dags/daily_inventory_pipeline.py for tasks to queue
[2026-08-23T03:05:56.355+0000] {logging_mixin.py:190} INFO - [2026-08-23T03:05:56.354+0000] {dagbag.py:588} INFO - Filling up the DagBag from /opt/airflow/dags/daily_inventory_pipeline.py
[2026-08-23T03:05:56.525+0000] {processor.py:925} INFO - DAG(s) 'daily_inventory_pipeline' retrieved from /opt/airflow/dags/daily_inventory_pipeline.py
[2026-08-23T03:05:56.552+0000] {logging_mixin.py:190} INFO - [2026-08-23T03:05:56.551+0000] {dag.py:3239} INFO - Sync 1 DAGs
[2026-08-23T03:05:56.576+0000] {logging_mixin.py:190} INFO - [2026-08-23T03:05:56.575+0000] {dag.py:4180} INFO - Setting next_dagrun for daily_inventory_pipeline to 2026-08-22 18:30:00+00:00, run_after=2026-08-23 18:30:00+00:00
[2026-08-23T03:05:56.600+0000] {processor.py:208} INFO - Processing /opt/airflow/dags/daily_inventory_pipeline.py took 0.259 seconds
[2026-08-23T03:06:26.838+0000] {processor.py:186} INFO - Started process (PID=2957) to work on /opt/airflow/dags/daily_inventory_pipeline.py
[2026-08-23T03:06:26.839+0000] {processor.py:914} INFO - Processing file /opt/airflow/dags/daily_inventory_pipeline.py for tasks to queue
[2026-08-23T03:06:26.842+0000] {logging_mixin.py:190} INFO - [2026-08-23T03:06:26.842+0000] {dagbag.py:588} INFO - Filling up the DagBag from /opt/airflow/dags/daily_inventory_pipeline.py
[2026-08-23T03:06:26.986+0000] {processor.py:925} INFO - DAG(s) 'daily_inventory_pipeline' retrieved from /opt/airflow/dags/daily_inventory_pipeline.py
[2026-08-23T03:06:27.011+0000] {logging_mixin.py:190} INFO - [2026-08-23T03:06:27.010+0000] {dag.py:3239} INFO - Sync 1 DAGs
[2026-08-23T03:06:27.031+0000] {logging_mixin.py:190} INFO - [2026-08-23T03:06:27.030+0000] {dag.py:4180} INFO - Setting next_dagrun for daily_inventory_pipeline to 2026-08-22 18:30:00+00:00, run_after=2026-08-23 18:30:00+00:00
[2026-08-23T03:06:27.047+0000] {processor.py:208} INFO - Processing /opt/airflow/dags/daily_inventory_pipeline.py took 0.216 seconds
[2026-08-23T03:06:57.286+0000] {processor.py:186} INFO - Started process (PID=2967) to work on /opt/airflow/dags/daily_inventory_pipeline.py
[2026-08-23T03:06:57.287+0000] {processor.py:914} INFO - Processing file /opt/airflow/dags/daily_inventory_pipeline.py for tasks to queue
[2026-08-23T03:06:57.291+0000] {logging_mixin.py:190} INFO - [2026-08-23T03:06:57.291+0000] {dagbag.py:588} INFO - Filling up the DagBag from /opt/airflow/dags/daily_inventory_pipeline.py
[2026-08-23T03:06:57.455+0000] {processor.py:925} INFO - DAG(s) 'daily_inventory_pipeline' retrieved from /opt/airflow/dags/daily_inventory_pipeline.py
[2026-08-23T03:06:57.490+0000] {logging_mixin.py:190} INFO - [2026-08-23T03:06:57.490+0000] {dag.py:3239} INFO - Sync 1 DAGs
[2026-08-23T03:06:57.514+0000] {logging_mixin.py:190} INFO - [2026-08-23T03:06:57.514+0000] {dag.py:4180} INFO - Setting next_dagrun for daily_inventory_pipeline to 2026-08-22 18:30:00+00:00, run_after=2026-08-23 18:30:00+00:00
[2026-08-23T03:06:57.533+0000] {processor.py:208} INFO - Processing /opt/airflow/dags/daily_inventory_pipeline.py took 0.256 seconds
[2026-08-23T03:07:27.816+0000] {processor.py:186} INFO - Started process (PID=2977) to work on /opt/airflow/dags/daily_inventory_pipeline.py
[2026-08-23T03:07:27.818+0000] {processor.py:914} INFO - Processing file /opt/airflow/dags/daily_inventory_pipeline.py for tasks to queue
[2026-08-23T03:07:27.821+0000] {logging_mixin.py:190} INFO - [2026-08-23T03:07:27.821+0000] {dagbag.py:588} INFO - Filling up the DagBag from /opt/airflow/dags/daily_inventory_pipeline.py
[2026-08-23T03:07:27.966+0000] {processor.py:925} INFO - DAG(s) 'daily_inventory_pipeline' retrieved from /opt/airflow/dags/daily_inventory_pipeline.py
[2026-08-23T03:07:27.994+0000] {logging_mixin.py:190} INFO - [2026-08-23T03:07:27.993+0000] {dag.py:3239} INFO - Sync 1 DAGs
[2026-08-23T03:07:28.015+0000] {logging_mixin.py:190} INFO - [2026-08-23T03:07:28.014+0000] {dag.py:4180} INFO - Setting next_dagrun for daily_inventory_pipeline to 2026-08-22 18:30:00+00:00, run_after=2026-08-23 18:30:00+00:00
[2026-08-23T03:07:28.035+0000] {processor.py:208} INFO - Processing /opt/airflow/dags/daily_inventory_pipeline.py took 0.228 seconds
[2026-08-23T03:07:58.277+0000] {processor.py:186} INFO - Started process (PID=2987) to work on /opt/airflow/dags/daily_inventory_pipeline.py
[2026-08-23T03:07:58.278+0000] {processor.py:914} INFO - Processing file /opt/airflow/dags/daily_inventory_pipeline.py for tasks to queue
[2026-08-23T03:07:58.280+0000] {logging_mixin.py:190} INFO - [2026-08-23T03:07:58.279+0000] {dagbag.py:588} INFO - Filling up the DagBag from /opt/airflow/dags/daily_inventory_pipeline.py
[2026-08-23T03:07:58.417+0000] {processor.py:925} INFO - DAG(s) 'daily_inventory_pipeline' retrieved from /opt/airflow/dags/daily_inventory_pipeline.py
[2026-08-23T03:07:58.442+0000] {logging_mixin.py:190} INFO - [2026-08-23T03:07:58.442+0000] {dag.py:3239} INFO - Sync 1 DAGs
[2026-08-23T03:07:58.462+0000] {logging_mixin.py:190} INFO - [2026-08-23T03:07:58.462+0000] {dag.py:4180} INFO - Setting next_dagrun for daily_inventory_pipeline to 2026-08-22 18:30:00+00:00, run_after=2026-08-23 18:30:00+00:00
[2026-08-23T03:07:58.481+0000] {processor.py:208} INFO - Processing /opt/airflow/dags/daily_inventory_pipeline.py took 0.211 seconds
[2026-08-23T03:08:28.746+0000] {processor.py:186} INFO - Started process (PID=2997) to work on /opt/airflow/dags/daily_inventory_pipeline.py
[2026-08-23T03:08:28.747+0000] {processor.py:914} INFO - Processing file /opt/airflow/dags/daily_inventory_pipeline.py for tasks to queue
[2026-08-23T03:08:28.749+0000] {logging_mixin.py:190} INFO - [2026-08-23T03:08:28.749+0000] {dagbag.py:588} INFO - Filling up the DagBag from /opt/airflow/dags/daily_inventory_pipeline.py
[2026-08-23T03:08:28.900+0000] {processor.py:925} INFO - DAG(s) 'daily_inventory_pipeline' retrieved from /opt/airflow/dags/daily_inventory_pipeline.py
[2026-08-23T03:08:28.928+0000] {logging_mixin.py:190} INFO - [2026-08-23T03:08:28.927+0000] {dag.py:3239} INFO - Sync 1 DAGs
[2026-08-23T03:08:28.948+0000] {logging_mixin.py:190} INFO - [2026-08-23T03:08:28.948+0000] {dag.py:4180} INFO - Setting next_dagrun for daily_inventory_pipeline to 2026-08-22 18:30:00+00:00, run_after=2026-08-23 18:30:00+00:00
[2026-08-23T03:08:28.968+0000] {processor.py:208} INFO - Processing /opt/airflow/dags/daily_inventory_pipeline.py took 0.230 seconds
[2026-08-23T03:08:59.223+0000] {processor.py:186} INFO - Started process (PID=3007) to work on /opt/airflow/dags/daily_inventory_pipeline.py
[2026-08-23T03:08:59.224+0000] {processor.py:914} INFO - Processing file /opt/airflow/dags/daily_inventory_pipeline.py for tasks to queue
[2026-08-23T03:08:59.226+0000] {logging_mixin.py:190} INFO - [2026-08-23T03:08:59.226+0000] {dagbag.py:588} INFO - Filling up the DagBag from /opt/airflow/dags/daily_inventory_pipeline.py
[2026-08-23T03:08:59.372+0000] {processor.py:925} INFO - DAG(s) 'daily_inventory_pipeline' retrieved from /opt/airflow/dags/daily_inventory_pipeline.py
[2026-08-23T03:08:59.397+0000] {logging_mixin.py:190} INFO - [2026-08-23T03:08:59.397+0000] {dag.py:3239} INFO - Sync 1 DAGs
[2026-08-23T03:08:59.418+0000] {logging_mixin.py:190} INFO - [2026-08-23T03:08:59.418+0000] {dag.py:4180} INFO - Setting next_dagrun for daily_inventory_pipeline to 2026-08-22 18:30:00+00:00, run_after=2026-08-23 18:30:00+00:00
[2026-08-23T03:08:59.437+0000] {processor.py:208} INFO - Processing /opt/airflow/dags/daily_inventory_pipeline.py took 0.223 seconds
[2026-08-23T03:09:29.677+0000] {processor.py:186} INFO - Started process (PID=3017) to work on /opt/airflow/dags/daily_inventory_pipeline.py
[2026-08-23T03:09:29.678+0000] {processor.py:914} INFO - Processing file /opt/airflow/dags/daily_inventory_pipeline.py for tasks to queue
[2026-08-23T03:09:29.680+0000] {logging_mixin.py:190} INFO - [2026-08-23T03:09:29.679+0000] {dagbag.py:588} INFO - Filling up the DagBag from /opt/airflow/dags/daily_inventory_pipeline.py
[2026-08-23T03:09:29.793+0000] {processor.py:925} INFO - DAG(s) 'daily_inventory_pipeline' retrieved from /opt/airflow/dags/daily_inventory_pipeline.py
[2026-08-23T03:09:29.816+0000] {logging_mixin.py:190} INFO - [2026-08-23T03:09:29.816+0000] {dag.py:3239} INFO - Sync 1 DAGs
[2026-08-23T03:09:29.836+0000] {logging_mixin.py:190} INFO - [2026-08-23T03:09:29.836+0000] {dag.py:4180} INFO - Setting next_dagrun for daily_inventory_pipeline to 2026-08-22 18:30:00+00:00, run_after=2026-08-23 18:30:00+00:00
[2026-08-23T03:09:29.854+0000] {processor.py:208} INFO - Processing /opt/airflow/dags/daily_inventory_pipeline.py took 0.182 seconds
[2026-08-23T03:09:59.916+0000] {processor.py:186} INFO - Started process (PID=3024) to work on /opt/airflow/dags/daily_inventory_pipeline.py
[2026-08-23T03:09:59.917+0000] {processor.py:914} INFO - Processing file /opt/airflow/dags/daily_inventory_pipeline.py for tasks to queue
[2026-08-23T03:09:59.919+0000] {logging_mixin.py:190} INFO - [2026-08-23T03:09:59.919+0000] {dagbag.py:588} INFO - Filling up the DagBag from /opt/airflow/dags/daily_inventory_pipeline.py
[2026-08-23T03:10:00.132+0000] {processor.py:925} INFO - DAG(s) 'daily_inventory_pipeline' retrieved from /opt/airflow/dags/daily_inventory_pipeline.py
[2026-08-23T03:10:00.155+0000] {logging_mixin.py:190} INFO - [2026-08-23T03:10:00.155+0000] {dag.py:3239} INFO - Sync 1 DAGs
[2026-08-23T03:10:00.171+0000] {logging_mixin.py:190} INFO - [2026-08-23T03:10:00.171+0000] {dag.py:4180} INFO - Setting next_dagrun for daily_inventory_pipeline to 2026-08-22 18:30:00+00:00, run_after=2026-08-23 18:30:00+00:00
[2026-08-23T03:10:00.185+0000] {processor.py:208} INFO - Processing /opt/airflow/dags/daily_inventory_pipeline.py took 0.279 seconds
[2026-08-23T03:10:30.500+0000] {processor.py:186} INFO - Started process (PID=3037) to work on /opt/airflow/dags/daily_inventory_pipeline.py
[2026-08-23T03:10:30.506+0000] {processor.py:914} INFO - Processing file /opt/airflow/dags/daily_inventory_pipeline.py for tasks to queue
[2026-08-23T03:10:30.512+0000] {logging_mixin.py:190} INFO - [2026-08-23T03:10:30.512+0000] {dagbag.py:588} INFO - Filling up the DagBag from /opt/airflow/dags/daily_inventory_pipeline.py
[2026-08-23T03:10:30.632+0000] {processor.py:925} INFO - DAG(s) 'daily_inventory_pipeline' retrieved from /opt/airflow/dags/daily_inventory_pipeline.py
[2026-08-23T03:10:30.653+0000] {logging_mixin.py:190} INFO - [2026-08-23T03:10:30.653+0000] {dag.py:3239} INFO - Sync 1 DAGs
[2026-08-23T03:10:30.672+0000] {logging_mixin.py:190} INFO - [2026-08-23T03:10:30.671+0000] {dag.py:4180} INFO - Setting next_dagrun for daily_inventory_pipeline to 2026-08-22 18:30:00+00:00, run_after=2026-08-23 18:30:00+00:00
[2026-08-23T03:10:30.691+0000] {processor.py:208} INFO - Processing /opt/airflow/dags/daily_inventory_pipeline.py took 0.203 seconds
[2026-08-23T03:11:01.163+0000] {processor.py:186} INFO - Started process (PID=3047) to work on /opt/airflow/dags/daily_inventory_pipeline.py
[2026-08-23T03:11:01.163+0000] {processor.py:914} INFO - Processing file /opt/airflow/dags/daily_inventory_pipeline.py for tasks to queue
[2026-08-23T03:11:01.166+0000] {logging_mixin.py:190} INFO - [2026-08-23T03:11:01.166+0000] {dagbag.py:588} INFO - Filling up the DagBag from /opt/airflow/dags/daily_inventory_pipeline.py
[2026-08-23T03:11:01.328+0000] {processor.py:925} INFO - DAG(s) 'daily_inventory_pipeline' retrieved from /opt/airflow/dags/daily_inventory_pipeline.py
[2026-08-23T03:11:01.349+0000] {logging_mixin.py:190} INFO - [2026-08-23T03:11:01.349+0000] {dag.py:3239} INFO - Sync 1 DAGs
[2026-08-23T03:11:01.367+0000] {logging_mixin.py:190} INFO - [2026-08-23T03:11:01.367+0000] {dag.py:4180} INFO - Setting next_dagrun for daily_inventory_pipeline to 2026-08-22 18:30:00+00:00, run_after=2026-08-23 18:30:00+00:00
[2026-08-23T03:11:01.383+0000] {processor.py:208} INFO - Processing /opt/airflow/dags/daily_inventory_pipeline.py took 0.226 seconds
[2026-08-23T03:11:31.560+0000] {processor.py:186} INFO - Started process (PID=3057) to work on /opt/airflow/dags/daily_inventory_pipeline.py
[2026-08-23T03:11:31.561+0000] {processor.py:914} INFO - Processing file /opt/airflow/dags/daily_inventory_pipeline.py for tasks to queue
[2026-08-23T03:11:31.565+0000] {logging_mixin.py:190} INFO - [2026-08-23T03:11:31.565+0000] {dagbag.py:588} INFO - Filling up the DagBag from /opt/airflow/dags/daily_inventory_pipeline.py
[2026-08-23T03:11:31.968+0000] {processor.py:925} INFO - DAG(s) 'daily_inventory_pipeline' retrieved from /opt/airflow/dags/daily_inventory_pipeline.py
[2026-08-23T03:11:31.993+0000] {logging_mixin.py:190} INFO - [2026-08-23T03:11:31.992+0000] {dag.py:3239} INFO - Sync 1 DAGs
[2026-08-23T03:11:32.012+0000] {logging_mixin.py:190} INFO - [2026-08-23T03:11:32.012+0000] {dag.py:4180} INFO - Setting next_dagrun for daily_inventory_pipeline to 2026-08-22 18:30:00+00:00, run_after=2026-08-23 18:30:00+00:00
[2026-08-23T03:11:32.030+0000] {processor.py:208} INFO - Processing /opt/airflow/dags/daily_inventory_pipeline.py took 0.480 seconds
[2026-08-23T03:12:02.388+0000] {processor.py:186} INFO - Started process (PID=3067) to work on /opt/airflow/dags/daily_inventory_pipeline.py
[2026-08-23T03:12:02.389+0000] {processor.py:914} INFO - Processing file /opt/airflow/dags/daily_inventory_pipeline.py for tasks to queue
[2026-08-23T03:12:02.391+0000] {logging_mixin.py:190} INFO - [2026-08-23T03:12:02.391+0000] {dagbag.py:588} INFO - Filling up the DagBag from /opt/airflow/dags/daily_inventory_pipeline.py
[2026-08-23T03:12:02.502+0000] {processor.py:925} INFO - DAG(s) 'daily_inventory_pipeline' retrieved from /opt/airflow/dags/daily_inventory_pipeline.py
[2026-08-23T03:12:02.525+0000] {logging_mixin.py:190} INFO - [2026-08-23T03:12:02.525+0000] {dag.py:3239} INFO - Sync 1 DAGs
[2026-08-23T03:12:02.544+0000] {logging_mixin.py:190} INFO - [2026-08-23T03:12:02.544+0000] {dag.py:4180} INFO - Setting next_dagrun for daily_inventory_pipeline to 2026-08-22 18:30:00+00:00, run_after=2026-08-23 18:30:00+00:00
[2026-08-23T03:12:02.564+0000] {processor.py:208} INFO - Processing /opt/airflow/dags/daily_inventory_pipeline.py took 0.182 seconds
[2026-08-23T03:12:32.680+0000] {processor.py:186} INFO - Started process (PID=3077) to work on /opt/airflow/dags/daily_inventory_pipeline.py
[2026-08-23T03:12:32.681+0000] {processor.py:914} INFO - Processing file /opt/airflow/dags/daily_inventory_pipeline.py for tasks to queue
[2026-08-23T03:12:32.683+0000] {logging_mixin.py:190} INFO - [2026-08-23T03:12:32.682+0000] {dagbag.py:588} INFO - Filling up the DagBag from /opt/airflow/dags/daily_inventory_pipeline.py
[2026-08-23T03:12:32.785+0000] {processor.py:925} INFO - DAG(s) 'daily_inventory_pipeline' retrieved from /opt/airflow/dags/daily_inventory_pipeline.py
[2026-08-23T03:12:32.808+0000] {logging_mixin.py:190} INFO - [2026-08-23T03:12:32.808+0000] {dag.py:3239} INFO - Sync 1 DAGs
[2026-08-23T03:12:32.825+0000] {logging_mixin.py:190} INFO - [2026-08-23T03:12:32.825+0000] {dag.py:4180} INFO - Setting next_dagrun for daily_inventory_pipeline to 2026-08-22 18:30:00+00:00, run_after=2026-08-23 18:30:00+00:00
[2026-08-23T03:12:32.841+0000] {processor.py:208} INFO - Processing /opt/airflow/dags/daily_inventory_pipeline.py took 0.167 seconds
[2026-08-23T03:13:03.038+0000] {processor.py:186} INFO - Started process (PID=3087) to work on /opt/airflow/dags/daily_inventory_pipeline.py
[2026-08-23T03:13:03.039+0000] {processor.py:914} INFO - Processing file /opt/airflow/dags/daily_inventory_pipeline.py for tasks to queue
[2026-08-23T03:13:03.041+0000] {logging_mixin.py:190} INFO - [2026-08-23T03:13:03.041+0000] {dagbag.py:588} INFO - Filling up the DagBag from /opt/airflow/dags/daily_inventory_pipeline.py
[2026-08-23T03:13:03.131+0000] {processor.py:925} INFO - DAG(s) 'daily_inventory_pipeline' retrieved from /opt/airflow/dags/daily_inventory_pipeline.py
[2026-08-23T03:13:03.152+0000] {logging_mixin.py:190} INFO - [2026-08-23T03:13:03.152+0000] {dag.py:3239} INFO - Sync 1 DAGs
[2026-08-23T03:13:03.169+0000] {logging_mixin.py:190} INFO - [2026-08-23T03:13:03.169+0000] {dag.py:4180} INFO - Setting next_dagrun for daily_inventory_pipeline to 2026-08-22 18:30:00+00:00, run_after=2026-08-23 18:30:00+00:00
[2026-08-23T03:13:03.184+0000] {processor.py:208} INFO - Processing /opt/airflow/dags/daily_inventory_pipeline.py took 0.152 seconds
[2026-08-23T03:13:33.261+0000] {processor.py:186} INFO - Started process (PID=3097) to work on /opt/airflow/dags/daily_inventory_pipeline.py
[2026-08-23T03:13:33.262+0000] {processor.py:914} INFO - Processing file /opt/airflow/dags/daily_inventory_pipeline.py for tasks to queue
[2026-08-23T03:13:33.264+0000] {logging_mixin.py:190} INFO - [2026-08-23T03:13:33.264+0000] {dagbag.py:588} INFO - Filling up the DagBag from /opt/airflow/dags/daily_inventory_pipeline.py
[2026-08-23T03:13:33.365+0000] {processor.py:925} INFO - DAG(s) 'daily_inventory_pipeline' retrieved from /opt/airflow/dags/daily_inventory_pipeline.py
[2026-08-23T03:13:33.388+0000] {logging_mixin.py:190} INFO - [2026-08-23T03:13:33.388+0000] {dag.py:3239} INFO - Sync 1 DAGs
[2026-08-23T03:13:33.405+0000] {logging_mixin.py:190} INFO - [2026-08-23T03:13:33.405+0000] {dag.py:4180} INFO - Setting next_dagrun for daily_inventory_pipeline to 2026-08-22 18:30:00+00:00, run_after=2026-08-23 18:30:00+00:00
[2026-08-23T03:13:33.421+0000] {processor.py:208} INFO - Processing /opt/airflow/dags/daily_inventory_pipeline.py took 0.166 seconds
[2026-08-23T03:14:03.631+0000] {processor.py:186} INFO - Started process (PID=3107) to work on /opt/airflow/dags/daily_inventory_pipeline.py
[2026-08-23T03:14:03.632+0000] {processor.py:914} INFO - Processing file /opt/airflow/dags/daily_inventory_pipeline.py for tasks to queue
[2026-08-23T03:14:03.635+0000] {logging_mixin.py:190} INFO - [2026-08-23T03:14:03.635+0000] {dagbag.py:588} INFO - Filling up the DagBag from /opt/airflow/dags/daily_inventory_pipeline.py
[2026-08-23T03:14:03.797+0000] {processor.py:925} INFO - DAG(s) 'daily_inventory_pipeline' retrieved from /opt/airflow/dags/daily_inventory_pipeline.py
[2026-08-23T03:14:03.823+0000] {logging_mixin.py:190} INFO - [2026-08-23T03:14:03.822+0000] {dag.py:3239} INFO - Sync 1 DAGs
[2026-08-23T03:14:03.844+0000] {logging_mixin.py:190} INFO - [2026-08-23T03:14:03.844+0000] {dag.py:4180} INFO - Setting next_dagrun for daily_inventory_pipeline to 2026-08-22 18:30:00+00:00, run_after=2026-08-23 18:30:00+00:00
[2026-08-23T03:14:03.874+0000] {processor.py:208} INFO - Processing /opt/airflow/dags/daily_inventory_pipeline.py took 0.251 seconds
[2026-08-23T03:14:34.081+0000] {processor.py:186} INFO - Started process (PID=3117) to work on /opt/airflow/dags/daily_inventory_pipeline.py
[2026-08-23T03:14:34.082+0000] {processor.py:914} INFO - Processing file /opt/airflow/dags/daily_inventory_pipeline.py for tasks to queue
[2026-08-23T03:14:34.084+0000] {logging_mixin.py:190} INFO - [2026-08-23T03:14:34.084+0000] {dagbag.py:588} INFO - Filling up the DagBag from /opt/airflow/dags/daily_inventory_pipeline.py
[2026-08-23T03:14:34.178+0000] {processor.py:925} INFO - DAG(s) 'daily_inventory_pipeline' retrieved from /opt/airflow/dags/daily_inventory_pipeline.py
[2026-08-23T03:14:34.199+0000] {logging_mixin.py:190} INFO - [2026-08-23T03:14:34.199+0000] {dag.py:3239} INFO - Sync 1 DAGs
[2026-08-23T03:14:34.217+0000] {logging_mixin.py:190} INFO - [2026-08-23T03:14:34.217+0000] {dag.py:4180} INFO - Setting next_dagrun for daily_inventory_pipeline to 2026-08-22 18:30:00+00:00, run_after=2026-08-23 18:30:00+00:00
[2026-08-23T03:14:34.231+0000] {processor.py:208} INFO - Processing /opt/airflow/dags/daily_inventory_pipeline.py took 0.156 seconds
[2026-08-23T03:15:04.283+0000] {processor.py:186} INFO - Started process (PID=3127) to work on /opt/airflow/dags/daily_inventory_pipeline.py
[2026-08-23T03:15:04.284+0000] {processor.py:914} INFO - Processing file /opt/airflow/dags/daily_inventory_pipeline.py for tasks to queue
[2026-08-23T03:15:04.286+0000] {logging_mixin.py:190} INFO - [2026-08-23T03:15:04.285+0000] {dagbag.py:588} INFO - Filling up the DagBag from /opt/airflow/dags/daily_inventory_pipeline.py
[2026-08-23T03:15:04.370+0000] {processor.py:925} INFO - DAG(s) 'daily_inventory_pipeline' retrieved from /opt/airflow/dags/daily_inventory_pipeline.py
[2026-08-23T03:15:04.391+0000] {logging_mixin.py:190} INFO - [2026-08-23T03:15:04.391+0000] {dag.py:3239} INFO - Sync 1 DAGs
[2026-08-23T03:15:04.409+0000] {logging_mixin.py:190} INFO - [2026-08-23T03:15:04.409+0000] {dag.py:4180} INFO - Setting next_dagrun for daily_inventory_pipeline to 2026-08-22 18:30:00+00:00, run_after=2026-08-23 18:30:00+00:00
[2026-08-23T03:15:04.427+0000] {processor.py:208} INFO - Processing /opt/airflow/dags/daily_inventory_pipeline.py took 0.149 seconds
[2026-08-23T03:15:34.641+0000] {processor.py:186} INFO - Started process (PID=3137) to work on /opt/airflow/dags/daily_inventory_pipeline.py
[2026-08-23T03:15:34.642+0000] {processor.py:914} INFO - Processing file /opt/airflow/dags/daily_inventory_pipeline.py for tasks to queue
[2026-08-23T03:15:34.644+0000] {logging_mixin.py:190} INFO - [2026-08-23T03:15:34.644+0000] {dagbag.py:588} INFO - Filling up the DagBag from /opt/airflow/dags/daily_inventory_pipeline.py
[2026-08-23T03:15:34.741+0000] {processor.py:925} INFO - DAG(s) 'daily_inventory_pipeline' retrieved from /opt/airflow/dags/daily_inventory_pipeline.py
[2026-08-23T03:15:34.762+0000] {logging_mixin.py:190} INFO - [2026-08-23T03:15:34.762+0000] {dag.py:3239} INFO - Sync 1 DAGs
[2026-08-23T03:15:34.781+0000] {logging_mixin.py:190} INFO - [2026-08-23T03:15:34.780+0000] {dag.py:4180} INFO - Setting next_dagrun for daily_inventory_pipeline to 2026-08-22 18:30:00+00:00, run_after=2026-08-23 18:30:00+00:00
[2026-08-23T03:15:34.793+0000] {processor.py:208} INFO - Processing /opt/airflow/dags/daily_inventory_pipeline.py took 0.156 seconds
[2026-08-23T03:16:04.901+0000] {processor.py:186} INFO - Started process (PID=3147) to work on /opt/airflow/dags/daily_inventory_pipeline.py
[2026-08-23T03:16:04.902+0000] {processor.py:914} INFO - Processing file /opt/airflow/dags/daily_inventory_pipeline.py for tasks to queue
[2026-08-23T03:16:04.904+0000] {logging_mixin.py:190} INFO - [2026-08-23T03:16:04.903+0000] {dagbag.py:588} INFO - Filling up the DagBag from /opt/airflow/dags/daily_inventory_pipeline.py
[2026-08-23T03:16:04.989+0000] {processor.py:925} INFO - DAG(s) 'daily_inventory_pipeline' retrieved from /opt/airflow/dags/daily_inventory_pipeline.py
[2026-08-23T03:16:05.011+0000] {logging_mixin.py:190} INFO - [2026-08-23T03:16:05.011+0000] {dag.py:3239} INFO - Sync 1 DAGs
[2026-08-23T03:16:05.026+0000] {logging_mixin.py:190} INFO - [2026-08-23T03:16:05.026+0000] {dag.py:4180} INFO - Setting next_dagrun for daily_inventory_pipeline to 2026-08-22 18:30:00+00:00, run_after=2026-08-23 18:30:00+00:00
[2026-08-23T03:16:05.043+0000] {processor.py:208} INFO - Processing /opt/airflow/dags/daily_inventory_pipeline.py took 0.147 seconds
[2026-08-23T03:16:35.240+0000] {processor.py:186} INFO - Started process (PID=3157) to work on /opt/airflow/dags/daily_inventory_pipeline.py
[2026-08-23T03:16:35.241+0000] {processor.py:914} INFO - Processing file /opt/airflow/dags/daily_inventory_pipeline.py for tasks to queue
[2026-08-23T03:16:35.243+0000] {logging_mixin.py:190} INFO - [2026-08-23T03:16:35.242+0000] {dagbag.py:588} INFO - Filling up the DagBag from /opt/airflow/dags/daily_inventory_pipeline.py
[2026-08-23T03:16:35.372+0000] {processor.py:925} INFO - DAG(s) 'daily_inventory_pipeline' retrieved from /opt/airflow/dags/daily_inventory_pipeline.py
[2026-08-23T03:16:35.390+0000] {logging_mixin.py:190} INFO - [2026-08-23T03:16:35.390+0000] {dag.py:3239} INFO - Sync 1 DAGs
[2026-08-23T03:16:35.405+0000] {logging_mixin.py:190} INFO - [2026-08-23T03:16:35.405+0000] {dag.py:4180} INFO - Setting next_dagrun for daily_inventory_pipeline to 2026-08-22 18:30:00+00:00, run_after=2026-08-23 18:30:00+00:00
[2026-08-23T03:16:35.417+0000] {processor.py:208} INFO - Processing /opt/airflow/dags/daily_inventory_pipeline.py took 0.182 seconds
[2026-08-23T03:17:05.567+0000] {processor.py:186} INFO - Started process (PID=3167) to work on /opt/airflow/dags/daily_inventory_pipeline.py
[2026-08-23T03:17:05.568+0000] {processor.py:914} INFO - Processing file /opt/airflow/dags/daily_inventory_pipeline.py for tasks to queue
[2026-08-23T03:17:05.570+0000] {logging_mixin.py:190} INFO - [2026-08-23T03:17:05.569+0000] {dagbag.py:588} INFO - Filling up the DagBag from /opt/airflow/dags/daily_inventory_pipeline.py
[2026-08-23T03:17:05.669+0000] {processor.py:925} INFO - DAG(s) 'daily_inventory_pipeline' retrieved from /opt/airflow/dags/daily_inventory_pipeline.py
[2026-08-23T03:17:05.690+0000] {logging_mixin.py:190} INFO - [2026-08-23T03:17:05.690+0000] {dag.py:3239} INFO - Sync 1 DAGs
[2026-08-23T03:17:05.709+0000] {logging_mixin.py:190} INFO - [2026-08-23T03:17:05.709+0000] {dag.py:4180} INFO - Setting next_dagrun for daily_inventory_pipeline to 2026-08-22 18:30:00+00:00, run_after=2026-08-23 18:30:00+00:00
[2026-08-23T03:17:05.725+0000] {processor.py:208} INFO - Processing /opt/airflow/dags/daily_inventory_pipeline.py took 0.163 seconds
[2026-08-23T03:17:36.009+0000] {processor.py:186} INFO - Started process (PID=3177) to work on /opt/airflow/dags/daily_inventory_pipeline.py
[2026-08-23T03:17:36.010+0000] {processor.py:914} INFO - Processing file /opt/airflow/dags/daily_inventory_pipeline.py for tasks to queue
[2026-08-23T03:17:36.013+0000] {logging_mixin.py:190} INFO - [2026-08-23T03:17:36.012+0000] {dagbag.py:588} INFO - Filling up the DagBag from /opt/airflow/dags/daily_inventory_pipeline.py
[2026-08-23T03:17:36.122+0000] {processor.py:925} INFO - DAG(s) 'daily_inventory_pipeline' retrieved from /opt/airflow/dags/daily_inventory_pipeline.py
[2026-08-23T03:17:36.144+0000] {logging_mixin.py:190} INFO - [2026-08-23T03:17:36.143+0000] {dag.py:3239} INFO - Sync 1 DAGs
[2026-08-23T03:17:36.162+0000] {logging_mixin.py:190} INFO - [2026-08-23T03:17:36.162+0000] {dag.py:4180} INFO - Setting next_dagrun for daily_inventory_pipeline to 2026-08-22 18:30:00+00:00, run_after=2026-08-23 18:30:00+00:00
[2026-08-23T03:17:36.175+0000] {processor.py:208} INFO - Processing /opt/airflow/dags/daily_inventory_pipeline.py took 0.186 seconds
[2026-08-23T03:18:06.263+0000] {processor.py:186} INFO - Started process (PID=3187) to work on /opt/airflow/dags/daily_inventory_pipeline.py
[2026-08-23T03:18:06.263+0000] {processor.py:914} INFO - Processing file /opt/airflow/dags/daily_inventory_pipeline.py for tasks to queue
[2026-08-23T03:18:06.265+0000] {logging_mixin.py:190} INFO - [2026-08-23T03:18:06.265+0000] {dagbag.py:588} INFO - Filling up the DagBag from /opt/airflow/dags/daily_inventory_pipeline.py
[2026-08-23T03:18:06.367+0000] {processor.py:925} INFO - DAG(s) 'daily_inventory_pipeline' retrieved from /opt/airflow/dags/daily_inventory_pipeline.py
[2026-08-23T03:18:06.389+0000] {logging_mixin.py:190} INFO - [2026-08-23T03:18:06.389+0000] {dag.py:3239} INFO - Sync 1 DAGs
[2026-08-23T03:18:06.405+0000] {logging_mixin.py:190} INFO - [2026-08-23T03:18:06.405+0000] {dag.py:4180} INFO - Setting next_dagrun for daily_inventory_pipeline to 2026-08-22 18:30:00+00:00, run_after=2026-08-23 18:30:00+00:00
[2026-08-23T03:18:06.423+0000] {processor.py:208} INFO - Processing /opt/airflow/dags/daily_inventory_pipeline.py took 0.166 seconds
[2026-08-23T03:18:36.722+0000] {processor.py:186} INFO - Started process (PID=3197) to work on /opt/airflow/dags/daily_inventory_pipeline.py
[2026-08-23T03:18:36.723+0000] {processor.py:914} INFO - Processing file /opt/airflow/dags/daily_inventory_pipeline.py for tasks to queue
[2026-08-23T03:18:36.725+0000] {logging_mixin.py:190} INFO - [2026-08-23T03:18:36.725+0000] {dagbag.py:588} INFO - Filling up the DagBag from /opt/airflow/dags/daily_inventory_pipeline.py
[2026-08-23T03:18:36.867+0000] {processor.py:925} INFO - DAG(s) 'daily_inventory_pipeline' retrieved from /opt/airflow/dags/daily_inventory_pipeline.py
[2026-08-23T03:18:36.890+0000] {logging_mixin.py:190} INFO - [2026-08-23T03:18:36.890+0000] {dag.py:3239} INFO - Sync 1 DAGs
[2026-08-23T03:18:36.909+0000] {logging_mixin.py:190} INFO - [2026-08-23T03:18:36.908+0000] {dag.py:4180} INFO - Setting next_dagrun for daily_inventory_pipeline to 2026-08-22 18:30:00+00:00, run_after=2026-08-23 18:30:00+00:00
[2026-08-23T03:18:36.924+0000] {processor.py:208} INFO - Processing /opt/airflow/dags/daily_inventory_pipeline.py took 0.207 seconds
[2026-08-23T03:19:07.048+0000] {processor.py:186} INFO - Started process (PID=3207) to work on /opt/airflow/dags/daily_inventory_pipeline.py
[2026-08-23T03:19:07.052+0000] {processor.py:914} INFO - Processing file /opt/airflow/dags/daily_inventory_pipeline.py for tasks to queue
[2026-08-23T03:19:07.054+0000] {logging_mixin.py:190} INFO - [2026-08-23T03:19:07.054+0000] {dagbag.py:588} INFO - Filling up the DagBag from /opt/airflow/dags/daily_inventory_pipeline.py
[2026-08-23T03:19:07.171+0000] {processor.py:925} INFO - DAG(s) 'daily_inventory_pipeline' retrieved from /opt/airflow/dags/daily_inventory_pipeline.py
[2026-08-23T03:19:07.191+0000] {logging_mixin.py:190} INFO - [2026-08-23T03:19:07.191+0000] {dag.py:3239} INFO - Sync 1 DAGs
[2026-08-23T03:19:07.208+0000] {logging_mixin.py:190} INFO - [2026-08-23T03:19:07.208+0000] {dag.py:4180} INFO - Setting next_dagrun for daily_inventory_pipeline to 2026-08-22 18:30:00+00:00, run_after=2026-08-23 18:30:00+00:00
[2026-08-23T03:19:07.222+0000] {processor.py:208} INFO - Processing /opt/airflow/dags/daily_inventory_pipeline.py took 0.181 seconds
[2026-08-23T03:19:37.489+0000] {processor.py:186} INFO - Started process (PID=3217) to work on /opt/airflow/dags/daily_inventory_pipeline.py
[2026-08-23T03:19:37.490+0000] {processor.py:914} INFO - Processing file /opt/airflow/dags/daily_inventory_pipeline.py for tasks to queue
[2026-08-23T03:19:37.492+0000] {logging_mixin.py:190} INFO - [2026-08-23T03:19:37.491+0000] {dagbag.py:588} INFO - Filling up the DagBag from /opt/airflow/dags/daily_inventory_pipeline.py
[2026-08-23T03:19:37.581+0000] {processor.py:925} INFO - DAG(s) 'daily_inventory_pipeline' retrieved from /opt/airflow/dags/daily_inventory_pipeline.py
[2026-08-23T03:19:37.601+0000] {logging_mixin.py:190} INFO - [2026-08-23T03:19:37.600+0000] {dag.py:3239} INFO - Sync 1 DAGs
[2026-08-23T03:19:37.617+0000] {logging_mixin.py:190} INFO - [2026-08-23T03:19:37.616+0000] {dag.py:4180} INFO - Setting next_dagrun for daily_inventory_pipeline to 2026-08-22 18:30:00+00:00, run_after=2026-08-23 18:30:00+00:00
[2026-08-23T03:19:37.631+0000] {processor.py:208} INFO - Processing /opt/airflow/dags/daily_inventory_pipeline.py took 0.148 seconds
[2026-08-23T03:20:07.809+0000] {processor.py:186} INFO - Started process (PID=3227) to work on /opt/airflow/dags/daily_inventory_pipeline.py
[2026-08-23T03:20:07.810+0000] {processor.py:914} INFO - Processing file /opt/airflow/dags/daily_inventory_pipeline.py for tasks to queue
[2026-08-23T03:20:07.812+0000] {logging_mixin.py:190} INFO - [2026-08-23T03:20:07.812+0000] {dagbag.py:588} INFO - Filling up the DagBag from /opt/airflow/dags/daily_inventory_pipeline.py
[2026-08-23T03:20:07.922+0000] {processor.py:925} INFO - DAG(s) 'daily_inventory_pipeline' retrieved from /opt/airflow/dags/daily_inventory_pipeline.py
[2026-08-23T03:20:07.944+0000] {logging_mixin.py:190} INFO - [2026-08-23T03:20:07.944+0000] {dag.py:3239} INFO - Sync 1 DAGs
[2026-08-23T03:20:07.962+0000] {logging_mixin.py:190} INFO - [2026-08-23T03:20:07.962+0000] {dag.py:4180} INFO - Setting next_dagrun for daily_inventory_pipeline to 2026-08-22 18:30:00+00:00, run_after=2026-08-23 18:30:00+00:00
[2026-08-23T03:20:07.978+0000] {processor.py:208} INFO - Processing /opt/airflow/dags/daily_inventory_pipeline.py took 0.176 seconds
[2026-08-23T03:20:38.043+0000] {processor.py:186} INFO - Started process (PID=3237) to work on /opt/airflow/dags/daily_inventory_pipeline.py
[2026-08-23T03:20:38.045+0000] {processor.py:914} INFO - Processing file /opt/airflow/dags/daily_inventory_pipeline.py for tasks to queue
[2026-08-23T03:20:38.048+0000] {logging_mixin.py:190} INFO - [2026-08-23T03:20:38.048+0000] {dagbag.py:588} INFO - Filling up the DagBag from /opt/airflow/dags/daily_inventory_pipeline.py
[2026-08-23T03:20:38.219+0000] {processor.py:925} INFO - DAG(s) 'daily_inventory_pipeline' retrieved from /opt/airflow/dags/daily_inventory_pipeline.py
[2026-08-23T03:20:38.239+0000] {logging_mixin.py:190} INFO - [2026-08-23T03:20:38.239+0000] {dag.py:3239} INFO - Sync 1 DAGs
[2026-08-23T03:20:38.257+0000] {logging_mixin.py:190} INFO - [2026-08-23T03:20:38.257+0000] {dag.py:4180} INFO - Setting next_dagrun for daily_inventory_pipeline to 2026-08-22 18:30:00+00:00, run_after=2026-08-23 18:30:00+00:00
[2026-08-23T03:20:38.271+0000] {processor.py:208} INFO - Processing /opt/airflow/dags/daily_inventory_pipeline.py took 0.235 seconds
[2026-08-23T03:21:08.523+0000] {processor.py:186} INFO - Started process (PID=3247) to work on /opt/airflow/dags/daily_inventory_pipeline.py
[2026-08-23T03:21:08.525+0000] {processor.py:914} INFO - Processing file /opt/airflow/dags/daily_inventory_pipeline.py for tasks to queue
[2026-08-23T03:21:08.529+0000] {logging_mixin.py:190} INFO - [2026-08-23T03:21:08.528+0000] {dagbag.py:588} INFO - Filling up the DagBag from /opt/airflow/dags/daily_inventory_pipeline.py
[2026-08-23T03:21:08.748+0000] {processor.py:925} INFO - DAG(s) 'daily_inventory_pipeline' retrieved from /opt/airflow/dags/daily_inventory_pipeline.py
[2026-08-23T03:21:08.781+0000] {logging_mixin.py:190} INFO - [2026-08-23T03:21:08.780+0000] {dag.py:3239} INFO - Sync 1 DAGs
[2026-08-23T03:21:08.821+0000] {logging_mixin.py:190} INFO - [2026-08-23T03:21:08.821+0000] {dag.py:4180} INFO - Setting next_dagrun for daily_inventory_pipeline to 2026-08-22 18:30:00+00:00, run_after=2026-08-23 18:30:00+00:00
[2026-08-23T03:21:08.853+0000] {processor.py:208} INFO - Processing /opt/airflow/dags/daily_inventory_pipeline.py took 0.346 seconds
[2026-08-23T03:21:39.070+0000] {processor.py:186} INFO - Started process (PID=3257) to work on /opt/airflow/dags/daily_inventory_pipeline.py
[2026-08-23T03:21:39.071+0000] {processor.py:914} INFO - Processing file /opt/airflow/dags/daily_inventory_pipeline.py for tasks to queue
[2026-08-23T03:21:39.073+0000] {logging_mixin.py:190} INFO - [2026-08-23T03:21:39.073+0000] {dagbag.py:588} INFO - Filling up the DagBag from /opt/airflow/dags/daily_inventory_pipeline.py
[2026-08-23T03:21:39.174+0000] {processor.py:925} INFO - DAG(s) 'daily_inventory_pipeline' retrieved from /opt/airflow/dags/daily_inventory_pipeline.py
[2026-08-23T03:21:39.198+0000] {logging_mixin.py:190} INFO - [2026-08-23T03:21:39.198+0000] {dag.py:3239} INFO - Sync 1 DAGs
[2026-08-23T03:21:39.218+0000] {logging_mixin.py:190} INFO - [2026-08-23T03:21:39.218+0000] {dag.py:4180} INFO - Setting next_dagrun for daily_inventory_pipeline to 2026-08-22 18:30:00+00:00, run_after=2026-08-23 18:30:00+00:00
[2026-08-23T03:21:39.236+0000] {processor.py:208} INFO - Processing /opt/airflow/dags/daily_inventory_pipeline.py took 0.172 seconds
[2026-08-23T03:22:09.473+0000] {processor.py:186} INFO - Started process (PID=3267) to work on /opt/airflow/dags/daily_inventory_pipeline.py
[2026-08-23T03:22:09.473+0000] {processor.py:914} INFO - Processing file /opt/airflow/dags/daily_inventory_pipeline.py for tasks to queue
[2026-08-23T03:22:09.475+0000] {logging_mixin.py:190} INFO - [2026-08-23T03:22:09.475+0000] {dagbag.py:588} INFO - Filling up the DagBag from /opt/airflow/dags/daily_inventory_pipeline.py
[2026-08-23T03:22:09.581+0000] {processor.py:925} INFO - DAG(s) 'daily_inventory_pipeline' retrieved from /opt/airflow/dags/daily_inventory_pipeline.py
[2026-08-23T03:22:09.604+0000] {logging_mixin.py:190} INFO - [2026-08-23T03:22:09.604+0000] {dag.py:3239} INFO - Sync 1 DAGs
[2026-08-23T03:22:09.621+0000] {logging_mixin.py:190} INFO - [2026-08-23T03:22:09.621+0000] {dag.py:4180} INFO - Setting next_dagrun for daily_inventory_pipeline to 2026-08-22 18:30:00+00:00, run_after=2026-08-23 18:30:00+00:00
[2026-08-23T03:22:09.634+0000] {processor.py:208} INFO - Processing /opt/airflow/dags/daily_inventory_pipeline.py took 0.168 seconds
[2026-08-23T03:22:39.816+0000] {processor.py:186} INFO - Started process (PID=3277) to work on /opt/airflow/dags/daily_inventory_pipeline.py
[2026-08-23T03:22:39.817+0000] {processor.py:914} INFO - Processing file /opt/airflow/dags/daily_inventory_pipeline.py for tasks to queue
[2026-08-23T03:22:39.819+0000] {logging_mixin.py:190} INFO - [2026-08-23T03:22:39.819+0000] {dagbag.py:588} INFO - Filling up the DagBag from /opt/airflow/dags/daily_inventory_pipeline.py
[2026-08-23T03:22:39.913+0000] {processor.py:925} INFO - DAG(s) 'daily_inventory_pipeline' retrieved from /opt/airflow/dags/daily_inventory_pipeline.py
[2026-08-23T03:22:39.935+0000] {logging_mixin.py:190} INFO - [2026-08-23T03:22:39.934+0000] {dag.py:3239} INFO - Sync 1 DAGs
[2026-08-23T03:22:39.952+0000] {logging_mixin.py:190} INFO - [2026-08-23T03:22:39.952+0000] {dag.py:4180} INFO - Setting next_dagrun for daily_inventory_pipeline to 2026-08-22 18:30:00+00:00, run_after=2026-08-23 18:30:00+00:00
[2026-08-23T03:22:39.968+0000] {processor.py:208} INFO - Processing /opt/airflow/dags/daily_inventory_pipeline.py took 0.158 seconds
[2026-08-23T03:23:10.144+0000] {processor.py:186} INFO - Started process (PID=3287) to work on /opt/airflow/dags/daily_inventory_pipeline.py
[2026-08-23T03:23:10.145+0000] {processor.py:914} INFO - Processing file /opt/airflow/dags/daily_inventory_pipeline.py for tasks to queue
[2026-08-23T03:23:10.148+0000] {logging_mixin.py:190} INFO - [2026-08-23T03:23:10.148+0000] {dagbag.py:588} INFO - Filling up the DagBag from /opt/airflow/dags/daily_inventory_pipeline.py
[2026-08-23T03:23:10.240+0000] {processor.py:925} INFO - DAG(s) 'daily_inventory_pipeline' retrieved from /opt/airflow/dags/daily_inventory_pipeline.py
[2026-08-23T03:23:10.261+0000] {logging_mixin.py:190} INFO - [2026-08-23T03:23:10.260+0000] {dag.py:3239} INFO - Sync 1 DAGs
[2026-08-23T03:23:10.279+0000] {logging_mixin.py:190} INFO - [2026-08-23T03:23:10.279+0000] {dag.py:4180} INFO - Setting next_dagrun for daily_inventory_pipeline to 2026-08-22 18:30:00+00:00, run_after=2026-08-23 18:30:00+00:00
[2026-08-23T03:23:10.293+0000] {processor.py:208} INFO - Processing /opt/airflow/dags/daily_inventory_pipeline.py took 0.155 seconds
[2026-08-23T03:23:40.372+0000] {processor.py:186} INFO - Started process (PID=3297) to work on /opt/airflow/dags/daily_inventory_pipeline.py
[2026-08-23T03:23:40.373+0000] {processor.py:914} INFO - Processing file /opt/airflow/dags/daily_inventory_pipeline.py for tasks to queue
[2026-08-23T03:23:40.376+0000] {logging_mixin.py:190} INFO - [2026-08-23T03:23:40.376+0000] {dagbag.py:588} INFO - Filling up the DagBag from /opt/airflow/dags/daily_inventory_pipeline.py
[2026-08-23T03:23:40.726+0000] {processor.py:925} INFO - DAG(s) 'daily_inventory_pipeline' retrieved from /opt/airflow/dags/daily_inventory_pipeline.py
[2026-08-23T03:23:40.751+0000] {logging_mixin.py:190} INFO - [2026-08-23T03:23:40.751+0000] {dag.py:3239} INFO - Sync 1 DAGs
[2026-08-23T03:23:40.770+0000] {logging_mixin.py:190} INFO - [2026-08-23T03:23:40.770+0000] {dag.py:4180} INFO - Setting next_dagrun for daily_inventory_pipeline to 2026-08-22 18:30:00+00:00, run_after=2026-08-23 18:30:00+00:00
[2026-08-23T03:23:40.786+0000] {processor.py:208} INFO - Processing /opt/airflow/dags/daily_inventory_pipeline.py took 0.420 seconds
[2026-08-23T03:24:11.084+0000] {processor.py:186} INFO - Started process (PID=3307) to work on /opt/airflow/dags/daily_inventory_pipeline.py
[2026-08-23T03:24:11.085+0000] {processor.py:914} INFO - Processing file /opt/airflow/dags/daily_inventory_pipeline.py for tasks to queue
[2026-08-23T03:24:11.087+0000] {logging_mixin.py:190} INFO - [2026-08-23T03:24:11.087+0000] {dagbag.py:588} INFO - Filling up the DagBag from /opt/airflow/dags/daily_inventory_pipeline.py
[2026-08-23T03:24:11.200+0000] {processor.py:925} INFO - DAG(s) 'daily_inventory_pipeline' retrieved from /opt/airflow/dags/daily_inventory_pipeline.py
[2026-08-23T03:24:11.223+0000] {logging_mixin.py:190} INFO - [2026-08-23T03:24:11.223+0000] {dag.py:3239} INFO - Sync 1 DAGs
[2026-08-23T03:24:11.240+0000] {logging_mixin.py:190} INFO - [2026-08-23T03:24:11.240+0000] {dag.py:4180} INFO - Setting next_dagrun for daily_inventory_pipeline to 2026-08-22 18:30:00+00:00, run_after=2026-08-23 18:30:00+00:00
[2026-08-23T03:24:11.255+0000] {processor.py:208} INFO - Processing /opt/airflow/dags/daily_inventory_pipeline.py took 0.177 seconds
[2026-08-23T03:24:41.360+0000] {processor.py:186} INFO - Started process (PID=3317) to work on /opt/airflow/dags/daily_inventory_pipeline.py
[2026-08-23T03:24:41.361+0000] {processor.py:914} INFO - Processing file /opt/airflow/dags/daily_inventory_pipeline.py for tasks to queue
[2026-08-23T03:24:41.362+0000] {logging_mixin.py:190} INFO - [2026-08-23T03:24:41.362+0000] {dagbag.py:588} INFO - Filling up the DagBag from /opt/airflow/dags/daily_inventory_pipeline.py
[2026-08-23T03:24:41.457+0000] {processor.py:925} INFO - DAG(s) 'daily_inventory_pipeline' retrieved from /opt/airflow/dags/daily_inventory_pipeline.py
[2026-08-23T03:24:41.478+0000] {logging_mixin.py:190} INFO - [2026-08-23T03:24:41.478+0000] {dag.py:3239} INFO - Sync 1 DAGs
[2026-08-23T03:24:41.495+0000] {logging_mixin.py:190} INFO - [2026-08-23T03:24:41.495+0000] {dag.py:4180} INFO - Setting next_dagrun for daily_inventory_pipeline to 2026-08-22 18:30:00+00:00, run_after=2026-08-23 18:30:00+00:00
[2026-08-23T03:24:41.509+0000] {processor.py:208} INFO - Processing /opt/airflow/dags/daily_inventory_pipeline.py took 0.155 seconds
[2026-08-23T03:25:11.708+0000] {processor.py:186} INFO - Started process (PID=3327) to work on /opt/airflow/dags/daily_inventory_pipeline.py
[2026-08-23T03:25:11.709+0000] {processor.py:914} INFO - Processing file /opt/airflow/dags/daily_inventory_pipeline.py for tasks to queue
[2026-08-23T03:25:11.712+0000] {logging_mixin.py:190} INFO - [2026-08-23T03:25:11.711+0000] {dagbag.py:588} INFO - Filling up the DagBag from /opt/airflow/dags/daily_inventory_pipeline.py
[2026-08-23T03:25:11.832+0000] {processor.py:925} INFO - DAG(s) 'daily_inventory_pipeline' retrieved from /opt/airflow/dags/daily_inventory_pipeline.py
[2026-08-23T03:25:11.854+0000] {logging_mixin.py:190} INFO - [2026-08-23T03:25:11.854+0000] {dag.py:3239} INFO - Sync 1 DAGs
[2026-08-23T03:25:11.874+0000] {logging_mixin.py:190} INFO - [2026-08-23T03:25:11.874+0000] {dag.py:4180} INFO - Setting next_dagrun for daily_inventory_pipeline to 2026-08-22 18:30:00+00:00, run_after=2026-08-23 18:30:00+00:00
[2026-08-23T03:25:11.892+0000] {processor.py:208} INFO - Processing /opt/airflow/dags/daily_inventory_pipeline.py took 0.189 seconds
[2026-08-23T03:25:42.086+0000] {processor.py:186} INFO - Started process (PID=3337) to work on /opt/airflow/dags/daily_inventory_pipeline.py
[2026-08-23T03:25:42.087+0000] {processor.py:914} INFO - Processing file /opt/airflow/dags/daily_inventory_pipeline.py for tasks to queue
[2026-08-23T03:25:42.089+0000] {logging_mixin.py:190} INFO - [2026-08-23T03:25:42.089+0000] {dagbag.py:588} INFO - Filling up the DagBag from /opt/airflow/dags/daily_inventory_pipeline.py
[2026-08-23T03:25:42.218+0000] {processor.py:925} INFO - DAG(s) 'daily_inventory_pipeline' retrieved from /opt/airflow/dags/daily_inventory_pipeline.py
[2026-08-23T03:25:42.240+0000] {logging_mixin.py:190} INFO - [2026-08-23T03:25:42.239+0000] {dag.py:3239} INFO - Sync 1 DAGs
[2026-08-23T03:25:42.257+0000] {logging_mixin.py:190} INFO - [2026-08-23T03:25:42.256+0000] {dag.py:4180} INFO - Setting next_dagrun for daily_inventory_pipeline to 2026-08-22 18:30:00+00:00, run_after=2026-08-23 18:30:00+00:00
[2026-08-23T03:25:42.269+0000] {processor.py:208} INFO - Processing /opt/airflow/dags/daily_inventory_pipeline.py took 0.190 seconds
[2026-08-23T03:26:12.526+0000] {processor.py:186} INFO - Started process (PID=3347) to work on /opt/airflow/dags/daily_inventory_pipeline.py
[2026-08-23T03:26:12.527+0000] {processor.py:914} INFO - Processing file /opt/airflow/dags/daily_inventory_pipeline.py for tasks to queue
[2026-08-23T03:26:12.529+0000] {logging_mixin.py:190} INFO - [2026-08-23T03:26:12.529+0000] {dagbag.py:588} INFO - Filling up the DagBag from /opt/airflow/dags/daily_inventory_pipeline.py
[2026-08-23T03:26:12.706+0000] {processor.py:925} INFO - DAG(s) 'daily_inventory_pipeline' retrieved from /opt/airflow/dags/daily_inventory_pipeline.py
[2026-08-23T03:26:12.728+0000] {logging_mixin.py:190} INFO - [2026-08-23T03:26:12.728+0000] {dag.py:3239} INFO - Sync 1 DAGs
[2026-08-23T03:26:12.747+0000] {logging_mixin.py:190} INFO - [2026-08-23T03:26:12.747+0000] {dag.py:4180} INFO - Setting next_dagrun for daily_inventory_pipeline to 2026-08-22 18:30:00+00:00, run_after=2026-08-23 18:30:00+00:00
[2026-08-23T03:26:12.760+0000] {processor.py:208} INFO - Processing /opt/airflow/dags/daily_inventory_pipeline.py took 0.240 seconds
[2026-08-23T03:26:42.965+0000] {processor.py:186} INFO - Started process (PID=3357) to work on /opt/airflow/dags/daily_inventory_pipeline.py
[2026-08-23T03:26:42.966+0000] {processor.py:914} INFO - Processing file /opt/airflow/dags/daily_inventory_pipeline.py for tasks to queue
[2026-08-23T03:26:42.968+0000] {logging_mixin.py:190} INFO - [2026-08-23T03:26:42.968+0000] {dagbag.py:588} INFO - Filling up the DagBag from /opt/airflow/dags/daily_inventory_pipeline.py
[2026-08-23T03:26:43.084+0000] {processor.py:925} INFO - DAG(s) 'daily_inventory_pipeline' retrieved from /opt/airflow/dags/daily_inventory_pipeline.py
[2026-08-23T03:26:43.106+0000] {logging_mixin.py:190} INFO - [2026-08-23T03:26:43.106+0000] {dag.py:3239} INFO - Sync 1 DAGs
[2026-08-23T03:26:43.124+0000] {logging_mixin.py:190} INFO - [2026-08-23T03:26:43.123+0000] {dag.py:4180} INFO - Setting next_dagrun for daily_inventory_pipeline to 2026-08-22 18:30:00+00:00, run_after=2026-08-23 18:30:00+00:00
[2026-08-23T03:26:43.140+0000] {processor.py:208} INFO - Processing /opt/airflow/dags/daily_inventory_pipeline.py took 0.181 seconds
[2026-08-23T03:27:13.334+0000] {processor.py:186} INFO - Started process (PID=3367) to work on /opt/airflow/dags/daily_inventory_pipeline.py
[2026-08-23T03:27:13.335+0000] {processor.py:914} INFO - Processing file /opt/airflow/dags/daily_inventory_pipeline.py for tasks to queue
[2026-08-23T03:27:13.336+0000] {logging_mixin.py:190} INFO - [2026-08-23T03:27:13.336+0000] {dagbag.py:588} INFO - Filling up the DagBag from /opt/airflow/dags/daily_inventory_pipeline.py
[2026-08-23T03:27:13.423+0000] {processor.py:925} INFO - DAG(s) 'daily_inventory_pipeline' retrieved from /opt/airflow/dags/daily_inventory_pipeline.py
[2026-08-23T03:27:13.443+0000] {logging_mixin.py:190} INFO - [2026-08-23T03:27:13.442+0000] {dag.py:3239} INFO - Sync 1 DAGs
[2026-08-23T03:27:13.458+0000] {logging_mixin.py:190} INFO - [2026-08-23T03:27:13.458+0000] {dag.py:4180} INFO - Setting next_dagrun for daily_inventory_pipeline to 2026-08-22 18:30:00+00:00, run_after=2026-08-23 18:30:00+00:00
[2026-08-23T03:27:13.470+0000] {processor.py:208} INFO - Processing /opt/airflow/dags/daily_inventory_pipeline.py took 0.141 seconds
[2026-08-23T03:27:43.508+0000] {processor.py:186} INFO - Started process (PID=3374) to work on /opt/airflow/dags/daily_inventory_pipeline.py
[2026-08-23T03:27:43.509+0000] {processor.py:914} INFO - Processing file /opt/airflow/dags/daily_inventory_pipeline.py for tasks to queue
[2026-08-23T03:27:43.511+0000] {logging_mixin.py:190} INFO - [2026-08-23T03:27:43.511+0000] {dagbag.py:588} INFO - Filling up the DagBag from /opt/airflow/dags/daily_inventory_pipeline.py
[2026-08-23T03:27:43.642+0000] {processor.py:925} INFO - DAG(s) 'daily_inventory_pipeline' retrieved from /opt/airflow/dags/daily_inventory_pipeline.py
[2026-08-23T03:27:43.664+0000] {logging_mixin.py:190} INFO - [2026-08-23T03:27:43.664+0000] {dag.py:3239} INFO - Sync 1 DAGs
[2026-08-23T03:27:43.683+0000] {logging_mixin.py:190} INFO - [2026-08-23T03:27:43.682+0000] {dag.py:4180} INFO - Setting next_dagrun for daily_inventory_pipeline to 2026-08-22 18:30:00+00:00, run_after=2026-08-23 18:30:00+00:00
[2026-08-23T03:27:43.697+0000] {processor.py:208} INFO - Processing /opt/airflow/dags/daily_inventory_pipeline.py took 0.194 seconds
[2026-08-23T03:28:13.925+0000] {processor.py:186} INFO - Started process (PID=3387) to work on /opt/airflow/dags/daily_inventory_pipeline.py
[2026-08-23T03:28:13.927+0000] {processor.py:914} INFO - Processing file /opt/airflow/dags/daily_inventory_pipeline.py for tasks to queue
[2026-08-23T03:28:13.929+0000] {logging_mixin.py:190} INFO - [2026-08-23T03:28:13.929+0000] {dagbag.py:588} INFO - Filling up the DagBag from /opt/airflow/dags/daily_inventory_pipeline.py
[2026-08-23T03:28:14.050+0000] {processor.py:925} INFO - DAG(s) 'daily_inventory_pipeline' retrieved from /opt/airflow/dags/daily_inventory_pipeline.py
[2026-08-23T03:28:14.073+0000] {logging_mixin.py:190} INFO - [2026-08-23T03:28:14.073+0000] {dag.py:3239} INFO - Sync 1 DAGs
[2026-08-23T03:28:14.092+0000] {logging_mixin.py:190} INFO - [2026-08-23T03:28:14.092+0000] {dag.py:4180} INFO - Setting next_dagrun for daily_inventory_pipeline to 2026-08-22 18:30:00+00:00, run_after=2026-08-23 18:30:00+00:00
[2026-08-23T03:28:14.109+0000] {processor.py:208} INFO - Processing /opt/airflow/dags/daily_inventory_pipeline.py took 0.191 seconds
[2026-08-23T03:28:44.294+0000] {processor.py:186} INFO - Started process (PID=3397) to work on /opt/airflow/dags/daily_inventory_pipeline.py
[2026-08-23T03:28:44.295+0000] {processor.py:914} INFO - Processing file /opt/airflow/dags/daily_inventory_pipeline.py for tasks to queue
[2026-08-23T03:28:44.297+0000] {logging_mixin.py:190} INFO - [2026-08-23T03:28:44.297+0000] {dagbag.py:588} INFO - Filling up the DagBag from /opt/airflow/dags/daily_inventory_pipeline.py
[2026-08-23T03:28:44.402+0000] {processor.py:925} INFO - DAG(s) 'daily_inventory_pipeline' retrieved from /opt/airflow/dags/daily_inventory_pipeline.py
[2026-08-23T03:28:44.422+0000] {logging_mixin.py:190} INFO - [2026-08-23T03:28:44.422+0000] {dag.py:3239} INFO - Sync 1 DAGs
[2026-08-23T03:28:44.440+0000] {logging_mixin.py:190} INFO - [2026-08-23T03:28:44.440+0000] {dag.py:4180} INFO - Setting next_dagrun for daily_inventory_pipeline to 2026-08-22 18:30:00+00:00, run_after=2026-08-23 18:30:00+00:00
[2026-08-23T03:28:44.459+0000] {processor.py:208} INFO - Processing /opt/airflow/dags/daily_inventory_pipeline.py took 0.171 seconds
[2026-08-23T03:29:14.648+0000] {processor.py:186} INFO - Started process (PID=3407) to work on /opt/airflow/dags/daily_inventory_pipeline.py
[2026-08-23T03:29:14.649+0000] {processor.py:914} INFO - Processing file /opt/airflow/dags/daily_inventory_pipeline.py for tasks to queue
[2026-08-23T03:29:14.651+0000] {logging_mixin.py:190} INFO - [2026-08-23T03:29:14.651+0000] {dagbag.py:588} INFO - Filling up the DagBag from /opt/airflow/dags/daily_inventory_pipeline.py
[2026-08-23T03:29:14.753+0000] {processor.py:925} INFO - DAG(s) 'daily_inventory_pipeline' retrieved from /opt/airflow/dags/daily_inventory_pipeline.py
[2026-08-23T03:29:14.776+0000] {logging_mixin.py:190} INFO - [2026-08-23T03:29:14.776+0000] {dag.py:3239} INFO - Sync 1 DAGs
[2026-08-23T03:29:14.794+0000] {logging_mixin.py:190} INFO - [2026-08-23T03:29:14.794+0000] {dag.py:4180} INFO - Setting next_dagrun for daily_inventory_pipeline to 2026-08-22 18:30:00+00:00, run_after=2026-08-23 18:30:00+00:00
[2026-08-23T03:29:14.813+0000] {processor.py:208} INFO - Processing /opt/airflow/dags/daily_inventory_pipeline.py took 0.173 seconds
[2026-08-23T03:29:45.026+0000] {processor.py:186} INFO - Started process (PID=3417) to work on /opt/airflow/dags/daily_inventory_pipeline.py
[2026-08-23T03:29:45.027+0000] {processor.py:914} INFO - Processing file /opt/airflow/dags/daily_inventory_pipeline.py for tasks to queue
[2026-08-23T03:29:45.030+0000] {logging_mixin.py:190} INFO - [2026-08-23T03:29:45.030+0000] {dagbag.py:588} INFO - Filling up the DagBag from /opt/airflow/dags/daily_inventory_pipeline.py
[2026-08-23T03:29:45.193+0000] {processor.py:925} INFO - DAG(s) 'daily_inventory_pipeline' retrieved from /opt/airflow/dags/daily_inventory_pipeline.py
[2026-08-23T03:29:45.217+0000] {logging_mixin.py:190} INFO - [2026-08-23T03:29:45.217+0000] {dag.py:3239} INFO - Sync 1 DAGs
[2026-08-23T03:29:45.235+0000] {logging_mixin.py:190} INFO - [2026-08-23T03:29:45.235+0000] {dag.py:4180} INFO - Setting next_dagrun for daily_inventory_pipeline to 2026-08-22 18:30:00+00:00, run_after=2026-08-23 18:30:00+00:00
[2026-08-23T03:29:45.252+0000] {processor.py:208} INFO - Processing /opt/airflow/dags/daily_inventory_pipeline.py took 0.232 seconds
[2026-08-23T03:30:15.516+0000] {processor.py:186} INFO - Started process (PID=3439) to work on /opt/airflow/dags/daily_inventory_pipeline.py
[2026-08-23T03:30:15.517+0000] {processor.py:914} INFO - Processing file /opt/airflow/dags/daily_inventory_pipeline.py for tasks to queue
[2026-08-23T03:30:15.520+0000] {logging_mixin.py:190} INFO - [2026-08-23T03:30:15.519+0000] {dagbag.py:588} INFO - Filling up the DagBag from /opt/airflow/dags/daily_inventory_pipeline.py
[2026-08-23T03:30:15.663+0000] {processor.py:925} INFO - DAG(s) 'daily_inventory_pipeline' retrieved from /opt/airflow/dags/daily_inventory_pipeline.py
[2026-08-23T03:30:15.688+0000] {logging_mixin.py:190} INFO - [2026-08-23T03:30:15.688+0000] {dag.py:3239} INFO - Sync 1 DAGs
[2026-08-23T03:30:15.707+0000] {logging_mixin.py:190} INFO - [2026-08-23T03:30:15.707+0000] {dag.py:4180} INFO - Setting next_dagrun for daily_inventory_pipeline to 2026-08-22 18:30:00+00:00, run_after=2026-08-23 18:30:00+00:00
[2026-08-23T03:30:15.726+0000] {processor.py:208} INFO - Processing /opt/airflow/dags/daily_inventory_pipeline.py took 0.218 seconds
[2026-08-23T03:30:45.935+0000] {processor.py:186} INFO - Started process (PID=3449) to work on /opt/airflow/dags/daily_inventory_pipeline.py
[2026-08-23T03:30:45.936+0000] {processor.py:914} INFO - Processing file /opt/airflow/dags/daily_inventory_pipeline.py for tasks to queue
[2026-08-23T03:30:45.938+0000] {logging_mixin.py:190} INFO - [2026-08-23T03:30:45.937+0000] {dagbag.py:588} INFO - Filling up the DagBag from /opt/airflow/dags/daily_inventory_pipeline.py
[2026-08-23T03:30:46.050+0000] {processor.py:925} INFO - DAG(s) 'daily_inventory_pipeline' retrieved from /opt/airflow/dags/daily_inventory_pipeline.py
[2026-08-23T03:30:46.076+0000] {logging_mixin.py:190} INFO - [2026-08-23T03:30:46.075+0000] {dag.py:3239} INFO - Sync 1 DAGs
[2026-08-23T03:30:46.093+0000] {logging_mixin.py:190} INFO - [2026-08-23T03:30:46.093+0000] {dag.py:4180} INFO - Setting next_dagrun for daily_inventory_pipeline to 2026-08-22 18:30:00+00:00, run_after=2026-08-23 18:30:00+00:00
[2026-08-23T03:30:46.110+0000] {processor.py:208} INFO - Processing /opt/airflow/dags/daily_inventory_pipeline.py took 0.182 seconds
[2026-08-23T03:31:16.301+0000] {processor.py:186} INFO - Started process (PID=3459) to work on /opt/airflow/dags/daily_inventory_pipeline.py
[2026-08-23T03:31:16.302+0000] {processor.py:914} INFO - Processing file /opt/airflow/dags/daily_inventory_pipeline.py for tasks to queue
[2026-08-23T03:31:16.304+0000] {logging_mixin.py:190} INFO - [2026-08-23T03:31:16.304+0000] {dagbag.py:588} INFO - Filling up the DagBag from /opt/airflow/dags/daily_inventory_pipeline.py
[2026-08-23T03:31:16.402+0000] {processor.py:925} INFO - DAG(s) 'daily_inventory_pipeline' retrieved from /opt/airflow/dags/daily_inventory_pipeline.py
[2026-08-23T03:31:16.424+0000] {logging_mixin.py:190} INFO - [2026-08-23T03:31:16.424+0000] {dag.py:3239} INFO - Sync 1 DAGs
[2026-08-23T03:31:16.445+0000] {logging_mixin.py:190} INFO - [2026-08-23T03:31:16.445+0000] {dag.py:4180} INFO - Setting next_dagrun for daily_inventory_pipeline to 2026-08-22 18:30:00+00:00, run_after=2026-08-23 18:30:00+00:00
[2026-08-23T03:31:16.462+0000] {processor.py:208} INFO - Processing /opt/airflow/dags/daily_inventory_pipeline.py took 0.168 seconds
[2026-08-23T03:31:46.658+0000] {processor.py:186} INFO - Started process (PID=3469) to work on /opt/airflow/dags/daily_inventory_pipeline.py
[2026-08-23T03:31:46.659+0000] {processor.py:914} INFO - Processing file /opt/airflow/dags/daily_inventory_pipeline.py for tasks to queue
[2026-08-23T03:31:46.662+0000] {logging_mixin.py:190} INFO - [2026-08-23T03:31:46.661+0000] {dagbag.py:588} INFO - Filling up the DagBag from /opt/airflow/dags/daily_inventory_pipeline.py
[2026-08-23T03:31:46.780+0000] {processor.py:925} INFO - DAG(s) 'daily_inventory_pipeline' retrieved from /opt/airflow/dags/daily_inventory_pipeline.py
[2026-08-23T03:31:46.804+0000] {logging_mixin.py:190} INFO - [2026-08-23T03:31:46.804+0000] {dag.py:3239} INFO - Sync 1 DAGs
[2026-08-23T03:31:46.825+0000] {logging_mixin.py:190} INFO - [2026-08-23T03:31:46.825+0000] {dag.py:4180} INFO - Setting next_dagrun for daily_inventory_pipeline to 2026-08-22 18:30:00+00:00, run_after=2026-08-23 18:30:00+00:00
[2026-08-23T03:31:46.841+0000] {processor.py:208} INFO - Processing /opt/airflow/dags/daily_inventory_pipeline.py took 0.190 seconds
[2026-08-23T03:32:17.039+0000] {processor.py:186} INFO - Started process (PID=3479) to work on /opt/airflow/dags/daily_inventory_pipeline.py
[2026-08-23T03:32:17.040+0000] {processor.py:914} INFO - Processing file /opt/airflow/dags/daily_inventory_pipeline.py for tasks to queue
[2026-08-23T03:32:17.043+0000] {logging_mixin.py:190} INFO - [2026-08-23T03:32:17.042+0000] {dagbag.py:588} INFO - Filling up the DagBag from /opt/airflow/dags/daily_inventory_pipeline.py
[2026-08-23T03:32:17.171+0000] {processor.py:925} INFO - DAG(s) 'daily_inventory_pipeline' retrieved from /opt/airflow/dags/daily_inventory_pipeline.py
[2026-08-23T03:32:17.196+0000] {logging_mixin.py:190} INFO - [2026-08-23T03:32:17.196+0000] {dag.py:3239} INFO - Sync 1 DAGs
[2026-08-23T03:32:17.215+0000] {logging_mixin.py:190} INFO - [2026-08-23T03:32:17.215+0000] {dag.py:4180} INFO - Setting next_dagrun for daily_inventory_pipeline to 2026-08-22 18:30:00+00:00, run_after=2026-08-23 18:30:00+00:00
[2026-08-23T03:32:17.233+0000] {processor.py:208} INFO - Processing /opt/airflow/dags/daily_inventory_pipeline.py took 0.201 seconds
[2026-08-23T03:32:47.424+0000] {processor.py:186} INFO - Started process (PID=3489) to work on /opt/airflow/dags/daily_inventory_pipeline.py
[2026-08-23T03:32:47.425+0000] {processor.py:914} INFO - Processing file /opt/airflow/dags/daily_inventory_pipeline.py for tasks to queue
[2026-08-23T03:32:47.427+0000] {logging_mixin.py:190} INFO - [2026-08-23T03:32:47.427+0000] {dagbag.py:588} INFO - Filling up the DagBag from /opt/airflow/dags/daily_inventory_pipeline.py
[2026-08-23T03:32:47.532+0000] {processor.py:925} INFO - DAG(s) 'daily_inventory_pipeline' retrieved from /opt/airflow/dags/daily_inventory_pipeline.py
[2026-08-23T03:32:47.555+0000] {logging_mixin.py:190} INFO - [2026-08-23T03:32:47.554+0000] {dag.py:3239} INFO - Sync 1 DAGs
[2026-08-23T03:32:47.572+0000] {logging_mixin.py:190} INFO - [2026-08-23T03:32:47.571+0000] {dag.py:4180} INFO - Setting next_dagrun for daily_inventory_pipeline to 2026-08-22 18:30:00+00:00, run_after=2026-08-23 18:30:00+00:00
[2026-08-23T03:32:47.587+0000] {processor.py:208} INFO - Processing /opt/airflow/dags/daily_inventory_pipeline.py took 0.170 seconds
[2026-08-23T03:33:17.781+0000] {processor.py:186} INFO - Started process (PID=3499) to work on /opt/airflow/dags/daily_inventory_pipeline.py
[2026-08-23T03:33:17.782+0000] {processor.py:914} INFO - Processing file /opt/airflow/dags/daily_inventory_pipeline.py for tasks to queue
[2026-08-23T03:33:17.784+0000] {logging_mixin.py:190} INFO - [2026-08-23T03:33:17.783+0000] {dagbag.py:588} INFO - Filling up the DagBag from /opt/airflow/dags/daily_inventory_pipeline.py
[2026-08-23T03:33:17.885+0000] {processor.py:925} INFO - DAG(s) 'daily_inventory_pipeline' retrieved from /opt/airflow/dags/daily_inventory_pipeline.py
[2026-08-23T03:33:17.909+0000] {logging_mixin.py:190} INFO - [2026-08-23T03:33:17.908+0000] {dag.py:3239} INFO - Sync 1 DAGs
[2026-08-23T03:33:17.926+0000] {logging_mixin.py:190} INFO - [2026-08-23T03:33:17.926+0000] {dag.py:4180} INFO - Setting next_dagrun for daily_inventory_pipeline to 2026-08-22 18:30:00+00:00, run_after=2026-08-23 18:30:00+00:00
[2026-08-23T03:33:17.942+0000] {processor.py:208} INFO - Processing /opt/airflow/dags/daily_inventory_pipeline.py took 0.167 seconds
[2026-08-23T03:33:48.126+0000] {processor.py:186} INFO - Started process (PID=3509) to work on /opt/airflow/dags/daily_inventory_pipeline.py
[2026-08-23T03:33:48.127+0000] {processor.py:914} INFO - Processing file /opt/airflow/dags/daily_inventory_pipeline.py for tasks to queue
[2026-08-23T03:33:48.129+0000] {logging_mixin.py:190} INFO - [2026-08-23T03:33:48.129+0000] {dagbag.py:588} INFO - Filling up the DagBag from /opt/airflow/dags/daily_inventory_pipeline.py
[2026-08-23T03:33:48.225+0000] {processor.py:925} INFO - DAG(s) 'daily_inventory_pipeline' retrieved from /opt/airflow/dags/daily_inventory_pipeline.py
[2026-08-23T03:33:48.247+0000] {logging_mixin.py:190} INFO - [2026-08-23T03:33:48.247+0000] {dag.py:3239} INFO - Sync 1 DAGs
[2026-08-23T03:33:48.268+0000] {logging_mixin.py:190} INFO - [2026-08-23T03:33:48.267+0000] {dag.py:4180} INFO - Setting next_dagrun for daily_inventory_pipeline to 2026-08-22 18:30:00+00:00, run_after=2026-08-23 18:30:00+00:00
[2026-08-23T03:33:48.284+0000] {processor.py:208} INFO - Processing /opt/airflow/dags/daily_inventory_pipeline.py took 0.164 seconds
[2026-08-23T03:34:18.493+0000] {processor.py:186} INFO - Started process (PID=3519) to work on /opt/airflow/dags/daily_inventory_pipeline.py
[2026-08-23T03:34:18.494+0000] {processor.py:914} INFO - Processing file /opt/airflow/dags/daily_inventory_pipeline.py for tasks to queue
[2026-08-23T03:34:18.496+0000] {logging_mixin.py:190} INFO - [2026-08-23T03:34:18.496+0000] {dagbag.py:588} INFO - Filling up the DagBag from /opt/airflow/dags/daily_inventory_pipeline.py
[2026-08-23T03:34:18.628+0000] {processor.py:925} INFO - DAG(s) 'daily_inventory_pipeline' retrieved from /opt/airflow/dags/daily_inventory_pipeline.py
[2026-08-23T03:34:18.653+0000] {logging_mixin.py:190} INFO - [2026-08-23T03:34:18.653+0000] {dag.py:3239} INFO - Sync 1 DAGs
[2026-08-23T03:34:18.677+0000] {logging_mixin.py:190} INFO - [2026-08-23T03:34:18.677+0000] {dag.py:4180} INFO - Setting next_dagrun for daily_inventory_pipeline to 2026-08-22 18:30:00+00:00, run_after=2026-08-23 18:30:00+00:00
[2026-08-23T03:34:18.696+0000] {processor.py:208} INFO - Processing /opt/airflow/dags/daily_inventory_pipeline.py took 0.210 seconds
[2026-08-23T03:34:48.929+0000] {processor.py:186} INFO - Started process (PID=3529) to work on /opt/airflow/dags/daily_inventory_pipeline.py
[2026-08-23T03:34:48.931+0000] {processor.py:914} INFO - Processing file /opt/airflow/dags/daily_inventory_pipeline.py for tasks to queue
[2026-08-23T03:34:48.936+0000] {logging_mixin.py:190} INFO - [2026-08-23T03:34:48.935+0000] {dagbag.py:588} INFO - Filling up the DagBag from /opt/airflow/dags/daily_inventory_pipeline.py
[2026-08-23T03:34:49.084+0000] {processor.py:925} INFO - DAG(s) 'daily_inventory_pipeline' retrieved from /opt/airflow/dags/daily_inventory_pipeline.py
[2026-08-23T03:34:49.107+0000] {logging_mixin.py:190} INFO - [2026-08-23T03:34:49.107+0000] {dag.py:3239} INFO - Sync 1 DAGs
[2026-08-23T03:34:49.125+0000] {logging_mixin.py:190} INFO - [2026-08-23T03:34:49.125+0000] {dag.py:4180} INFO - Setting next_dagrun for daily_inventory_pipeline to 2026-08-22 18:30:00+00:00, run_after=2026-08-23 18:30:00+00:00
[2026-08-23T03:34:49.140+0000] {processor.py:208} INFO - Processing /opt/airflow/dags/daily_inventory_pipeline.py took 0.221 seconds
[2026-08-23T03:35:19.318+0000] {processor.py:186} INFO - Started process (PID=3539) to work on /opt/airflow/dags/daily_inventory_pipeline.py
[2026-08-23T03:35:19.319+0000] {processor.py:914} INFO - Processing file /opt/airflow/dags/daily_inventory_pipeline.py for tasks to queue
[2026-08-23T03:35:19.321+0000] {logging_mixin.py:190} INFO - [2026-08-23T03:35:19.321+0000] {dagbag.py:588} INFO - Filling up the DagBag from /opt/airflow/dags/daily_inventory_pipeline.py
[2026-08-23T03:35:19.418+0000] {processor.py:925} INFO - DAG(s) 'daily_inventory_pipeline' retrieved from /opt/airflow/dags/daily_inventory_pipeline.py
[2026-08-23T03:35:19.441+0000] {logging_mixin.py:190} INFO - [2026-08-23T03:35:19.441+0000] {dag.py:3239} INFO - Sync 1 DAGs
[2026-08-23T03:35:19.459+0000] {logging_mixin.py:190} INFO - [2026-08-23T03:35:19.459+0000] {dag.py:4180} INFO - Setting next_dagrun for daily_inventory_pipeline to 2026-08-22 18:30:00+00:00, run_after=2026-08-23 18:30:00+00:00
[2026-08-23T03:35:19.474+0000] {processor.py:208} INFO - Processing /opt/airflow/dags/daily_inventory_pipeline.py took 0.163 seconds
[2026-08-23T03:35:49.559+0000] {processor.py:186} INFO - Started process (PID=3549) to work on /opt/airflow/dags/daily_inventory_pipeline.py
[2026-08-23T03:35:49.559+0000] {processor.py:914} INFO - Processing file /opt/airflow/dags/daily_inventory_pipeline.py for tasks to queue
[2026-08-23T03:35:49.561+0000] {logging_mixin.py:190} INFO - [2026-08-23T03:35:49.561+0000] {dagbag.py:588} INFO - Filling up the DagBag from /opt/airflow/dags/daily_inventory_pipeline.py
[2026-08-23T03:35:49.656+0000] {processor.py:925} INFO - DAG(s) 'daily_inventory_pipeline' retrieved from /opt/airflow/dags/daily_inventory_pipeline.py
[2026-08-23T03:35:49.676+0000] {logging_mixin.py:190} INFO - [2026-08-23T03:35:49.676+0000] {dag.py:3239} INFO - Sync 1 DAGs
[2026-08-23T03:35:49.692+0000] {logging_mixin.py:190} INFO - [2026-08-23T03:35:49.692+0000] {dag.py:4180} INFO - Setting next_dagrun for daily_inventory_pipeline to 2026-08-22 18:30:00+00:00, run_after=2026-08-23 18:30:00+00:00
[2026-08-23T03:35:49.705+0000] {processor.py:208} INFO - Processing /opt/airflow/dags/daily_inventory_pipeline.py took 0.152 seconds
[2026-08-23T03:36:19.947+0000] {processor.py:186} INFO - Started process (PID=3559) to work on /opt/airflow/dags/daily_inventory_pipeline.py
[2026-08-23T03:36:19.948+0000] {processor.py:914} INFO - Processing file /opt/airflow/dags/daily_inventory_pipeline.py for tasks to queue
[2026-08-23T03:36:19.950+0000] {logging_mixin.py:190} INFO - [2026-08-23T03:36:19.949+0000] {dagbag.py:588} INFO - Filling up the DagBag from /opt/airflow/dags/daily_inventory_pipeline.py
[2026-08-23T03:36:20.044+0000] {processor.py:925} INFO - DAG(s) 'daily_inventory_pipeline' retrieved from /opt/airflow/dags/daily_inventory_pipeline.py
[2026-08-23T03:36:20.064+0000] {logging_mixin.py:190} INFO - [2026-08-23T03:36:20.064+0000] {dag.py:3239} INFO - Sync 1 DAGs
[2026-08-23T03:36:20.081+0000] {logging_mixin.py:190} INFO - [2026-08-23T03:36:20.080+0000] {dag.py:4180} INFO - Setting next_dagrun for daily_inventory_pipeline to 2026-08-22 18:30:00+00:00, run_after=2026-08-23 18:30:00+00:00
[2026-08-23T03:36:20.094+0000] {processor.py:208} INFO - Processing /opt/airflow/dags/daily_inventory_pipeline.py took 0.153 seconds
[2026-08-23T03:36:50.216+0000] {processor.py:186} INFO - Started process (PID=3569) to work on /opt/airflow/dags/daily_inventory_pipeline.py
[2026-08-23T03:36:50.217+0000] {processor.py:914} INFO - Processing file /opt/airflow/dags/daily_inventory_pipeline.py for tasks to queue
[2026-08-23T03:36:50.219+0000] {logging_mixin.py:190} INFO - [2026-08-23T03:36:50.219+0000] {dagbag.py:588} INFO - Filling up the DagBag from /opt/airflow/dags/daily_inventory_pipeline.py
[2026-08-23T03:36:50.322+0000] {processor.py:925} INFO - DAG(s) 'daily_inventory_pipeline' retrieved from /opt/airflow/dags/daily_inventory_pipeline.py
[2026-08-23T03:36:50.342+0000] {logging_mixin.py:190} INFO - [2026-08-23T03:36:50.342+0000] {dag.py:3239} INFO - Sync 1 DAGs
[2026-08-23T03:36:50.359+0000] {logging_mixin.py:190} INFO - [2026-08-23T03:36:50.359+0000] {dag.py:4180} INFO - Setting next_dagrun for daily_inventory_pipeline to 2026-08-22 18:30:00+00:00, run_after=2026-08-23 18:30:00+00:00
[2026-08-23T03:36:50.372+0000] {processor.py:208} INFO - Processing /opt/airflow/dags/daily_inventory_pipeline.py took 0.161 seconds
[2026-08-23T03:37:20.541+0000] {processor.py:186} INFO - Started process (PID=3579) to work on /opt/airflow/dags/daily_inventory_pipeline.py
[2026-08-23T03:37:20.542+0000] {processor.py:914} INFO - Processing file /opt/airflow/dags/daily_inventory_pipeline.py for tasks to queue
[2026-08-23T03:37:20.544+0000] {logging_mixin.py:190} INFO - [2026-08-23T03:37:20.544+0000] {dagbag.py:588} INFO - Filling up the DagBag from /opt/airflow/dags/daily_inventory_pipeline.py
[2026-08-23T03:37:20.633+0000] {processor.py:925} INFO - DAG(s) 'daily_inventory_pipeline' retrieved from /opt/airflow/dags/daily_inventory_pipeline.py
[2026-08-23T03:37:20.654+0000] {logging_mixin.py:190} INFO - [2026-08-23T03:37:20.654+0000] {dag.py:3239} INFO - Sync 1 DAGs
[2026-08-23T03:37:20.672+0000] {logging_mixin.py:190} INFO - [2026-08-23T03:37:20.672+0000] {dag.py:4180} INFO - Setting next_dagrun for daily_inventory_pipeline to 2026-08-22 18:30:00+00:00, run_after=2026-08-23 18:30:00+00:00
[2026-08-23T03:37:20.687+0000] {processor.py:208} INFO - Processing /opt/airflow/dags/daily_inventory_pipeline.py took 0.152 seconds
[2026-08-23T03:37:51.010+0000] {processor.py:186} INFO - Started process (PID=3589) to work on /opt/airflow/dags/daily_inventory_pipeline.py
[2026-08-23T03:37:51.011+0000] {processor.py:914} INFO - Processing file /opt/airflow/dags/daily_inventory_pipeline.py for tasks to queue
[2026-08-23T03:37:51.012+0000] {logging_mixin.py:190} INFO - [2026-08-23T03:37:51.012+0000] {dagbag.py:588} INFO - Filling up the DagBag from /opt/airflow/dags/daily_inventory_pipeline.py
[2026-08-23T03:37:51.109+0000] {processor.py:925} INFO - DAG(s) 'daily_inventory_pipeline' retrieved from /opt/airflow/dags/daily_inventory_pipeline.py
[2026-08-23T03:37:51.132+0000] {logging_mixin.py:190} INFO - [2026-08-23T03:37:51.132+0000] {dag.py:3239} INFO - Sync 1 DAGs
[2026-08-23T03:37:51.152+0000] {logging_mixin.py:190} INFO - [2026-08-23T03:37:51.151+0000] {dag.py:4180} INFO - Setting next_dagrun for daily_inventory_pipeline to 2026-08-22 18:30:00+00:00, run_after=2026-08-23 18:30:00+00:00
[2026-08-23T03:37:51.170+0000] {processor.py:208} INFO - Processing /opt/airflow/dags/daily_inventory_pipeline.py took 0.167 seconds
[2026-08-23T03:38:21.303+0000] {processor.py:186} INFO - Started process (PID=3599) to work on /opt/airflow/dags/daily_inventory_pipeline.py
[2026-08-23T03:38:21.304+0000] {processor.py:914} INFO - Processing file /opt/airflow/dags/daily_inventory_pipeline.py for tasks to queue
[2026-08-23T03:38:21.305+0000] {logging_mixin.py:190} INFO - [2026-08-23T03:38:21.305+0000] {dagbag.py:588} INFO - Filling up the DagBag from /opt/airflow/dags/daily_inventory_pipeline.py
[2026-08-23T03:38:21.396+0000] {processor.py:925} INFO - DAG(s) 'daily_inventory_pipeline' retrieved from /opt/airflow/dags/daily_inventory_pipeline.py
[2026-08-23T03:38:21.417+0000] {logging_mixin.py:190} INFO - [2026-08-23T03:38:21.416+0000] {dag.py:3239} INFO - Sync 1 DAGs
[2026-08-23T03:38:21.433+0000] {logging_mixin.py:190} INFO - [2026-08-23T03:38:21.433+0000] {dag.py:4180} INFO - Setting next_dagrun for daily_inventory_pipeline to 2026-08-22 18:30:00+00:00, run_after=2026-08-23 18:30:00+00:00
[2026-08-23T03:38:21.446+0000] {processor.py:208} INFO - Processing /opt/airflow/dags/daily_inventory_pipeline.py took 0.148 seconds
[2026-08-23T03:38:51.715+0000] {processor.py:186} INFO - Started process (PID=3609) to work on /opt/airflow/dags/daily_inventory_pipeline.py
[2026-08-23T03:38:51.716+0000] {processor.py:914} INFO - Processing file /opt/airflow/dags/daily_inventory_pipeline.py for tasks to queue
[2026-08-23T03:38:51.718+0000] {logging_mixin.py:190} INFO - [2026-08-23T03:38:51.718+0000] {dagbag.py:588} INFO - Filling up the DagBag from /opt/airflow/dags/daily_inventory_pipeline.py
[2026-08-23T03:38:51.812+0000] {processor.py:925} INFO - DAG(s) 'daily_inventory_pipeline' retrieved from /opt/airflow/dags/daily_inventory_pipeline.py
[2026-08-23T03:38:51.832+0000] {logging_mixin.py:190} INFO - [2026-08-23T03:38:51.832+0000] {dag.py:3239} INFO - Sync 1 DAGs
[2026-08-23T03:38:51.849+0000] {logging_mixin.py:190} INFO - [2026-08-23T03:38:51.849+0000] {dag.py:4180} INFO - Setting next_dagrun for daily_inventory_pipeline to 2026-08-22 18:30:00+00:00, run_after=2026-08-23 18:30:00+00:00
[2026-08-23T03:38:51.867+0000] {processor.py:208} INFO - Processing /opt/airflow/dags/daily_inventory_pipeline.py took 0.157 seconds
[2026-08-23T03:39:22.027+0000] {processor.py:186} INFO - Started process (PID=3619) to work on /opt/airflow/dags/daily_inventory_pipeline.py
[2026-08-23T03:39:22.028+0000] {processor.py:914} INFO - Processing file /opt/airflow/dags/daily_inventory_pipeline.py for tasks to queue
[2026-08-23T03:39:22.030+0000] {logging_mixin.py:190} INFO - [2026-08-23T03:39:22.030+0000] {dagbag.py:588} INFO - Filling up the DagBag from /opt/airflow/dags/daily_inventory_pipeline.py
[2026-08-23T03:39:22.126+0000] {processor.py:925} INFO - DAG(s) 'daily_inventory_pipeline' retrieved from /opt/airflow/dags/daily_inventory_pipeline.py
[2026-08-23T03:39:22.147+0000] {logging_mixin.py:190} INFO - [2026-08-23T03:39:22.147+0000] {dag.py:3239} INFO - Sync 1 DAGs
[2026-08-23T03:39:22.163+0000] {logging_mixin.py:190} INFO - [2026-08-23T03:39:22.163+0000] {dag.py:4180} INFO - Setting next_dagrun for daily_inventory_pipeline to 2026-08-22 18:30:00+00:00, run_after=2026-08-23 18:30:00+00:00
[2026-08-23T03:39:22.177+0000] {processor.py:208} INFO - Processing /opt/airflow/dags/daily_inventory_pipeline.py took 0.155 seconds
[2026-08-23T03:39:52.432+0000] {processor.py:186} INFO - Started process (PID=3629) to work on /opt/airflow/dags/daily_inventory_pipeline.py
[2026-08-23T03:39:52.433+0000] {processor.py:914} INFO - Processing file /opt/airflow/dags/daily_inventory_pipeline.py for tasks to queue
[2026-08-23T03:39:52.435+0000] {logging_mixin.py:190} INFO - [2026-08-23T03:39:52.435+0000] {dagbag.py:588} INFO - Filling up the DagBag from /opt/airflow/dags/daily_inventory_pipeline.py
[2026-08-23T03:39:52.519+0000] {processor.py:925} INFO - DAG(s) 'daily_inventory_pipeline' retrieved from /opt/airflow/dags/daily_inventory_pipeline.py
[2026-08-23T03:39:52.539+0000] {logging_mixin.py:190} INFO - [2026-08-23T03:39:52.539+0000] {dag.py:3239} INFO - Sync 1 DAGs
[2026-08-23T03:39:52.556+0000] {logging_mixin.py:190} INFO - [2026-08-23T03:39:52.556+0000] {dag.py:4180} INFO - Setting next_dagrun for daily_inventory_pipeline to 2026-08-22 18:30:00+00:00, run_after=2026-08-23 18:30:00+00:00
[2026-08-23T03:39:52.568+0000] {processor.py:208} INFO - Processing /opt/airflow/dags/daily_inventory_pipeline.py took 0.142 seconds
[2026-08-23T03:40:22.688+0000] {processor.py:186} INFO - Started process (PID=3639) to work on /opt/airflow/dags/daily_inventory_pipeline.py
[2026-08-23T03:40:22.689+0000] {processor.py:914} INFO - Processing file /opt/airflow/dags/daily_inventory_pipeline.py for tasks to queue
[2026-08-23T03:40:22.691+0000] {logging_mixin.py:190} INFO - [2026-08-23T03:40:22.691+0000] {dagbag.py:588} INFO - Filling up the DagBag from /opt/airflow/dags/daily_inventory_pipeline.py
[2026-08-23T03:40:22.803+0000] {processor.py:925} INFO - DAG(s) 'daily_inventory_pipeline' retrieved from /opt/airflow/dags/daily_inventory_pipeline.py
[2026-08-23T03:40:22.825+0000] {logging_mixin.py:190} INFO - [2026-08-23T03:40:22.825+0000] {dag.py:3239} INFO - Sync 1 DAGs
[2026-08-23T03:40:22.843+0000] {logging_mixin.py:190} INFO - [2026-08-23T03:40:22.843+0000] {dag.py:4180} INFO - Setting next_dagrun for daily_inventory_pipeline to 2026-08-22 18:30:00+00:00, run_after=2026-08-23 18:30:00+00:00
[2026-08-23T03:40:22.858+0000] {processor.py:208} INFO - Processing /opt/airflow/dags/daily_inventory_pipeline.py took 0.176 seconds
[2026-08-23T03:40:53.138+0000] {processor.py:186} INFO - Started process (PID=3649) to work on /opt/airflow/dags/daily_inventory_pipeline.py
[2026-08-23T03:40:53.139+0000] {processor.py:914} INFO - Processing file /opt/airflow/dags/daily_inventory_pipeline.py for tasks to queue
[2026-08-23T03:40:53.141+0000] {logging_mixin.py:190} INFO - [2026-08-23T03:40:53.141+0000] {dagbag.py:588} INFO - Filling up the DagBag from /opt/airflow/dags/daily_inventory_pipeline.py
[2026-08-23T03:40:53.227+0000] {processor.py:925} INFO - DAG(s) 'daily_inventory_pipeline' retrieved from /opt/airflow/dags/daily_inventory_pipeline.py
[2026-08-23T03:40:53.248+0000] {logging_mixin.py:190} INFO - [2026-08-23T03:40:53.248+0000] {dag.py:3239} INFO - Sync 1 DAGs
[2026-08-23T03:40:53.265+0000] {logging_mixin.py:190} INFO - [2026-08-23T03:40:53.264+0000] {dag.py:4180} INFO - Setting next_dagrun for daily_inventory_pipeline to 2026-08-22 18:30:00+00:00, run_after=2026-08-23 18:30:00+00:00
[2026-08-23T03:40:53.278+0000] {processor.py:208} INFO - Processing /opt/airflow/dags/daily_inventory_pipeline.py took 0.146 seconds
[2026-08-23T03:41:23.492+0000] {processor.py:186} INFO - Started process (PID=3659) to work on /opt/airflow/dags/daily_inventory_pipeline.py
[2026-08-23T03:41:23.493+0000] {processor.py:914} INFO - Processing file /opt/airflow/dags/daily_inventory_pipeline.py for tasks to queue
[2026-08-23T03:41:23.495+0000] {logging_mixin.py:190} INFO - [2026-08-23T03:41:23.495+0000] {dagbag.py:588} INFO - Filling up the DagBag from /opt/airflow/dags/daily_inventory_pipeline.py
[2026-08-23T03:41:23.579+0000] {processor.py:925} INFO - DAG(s) 'daily_inventory_pipeline' retrieved from /opt/airflow/dags/daily_inventory_pipeline.py
[2026-08-23T03:41:23.600+0000] {logging_mixin.py:190} INFO - [2026-08-23T03:41:23.600+0000] {dag.py:3239} INFO - Sync 1 DAGs
[2026-08-23T03:41:23.616+0000] {logging_mixin.py:190} INFO - [2026-08-23T03:41:23.616+0000] {dag.py:4180} INFO - Setting next_dagrun for daily_inventory_pipeline to 2026-08-22 18:30:00+00:00, run_after=2026-08-23 18:30:00+00:00
[2026-08-23T03:41:23.629+0000] {processor.py:208} INFO - Processing /opt/airflow/dags/daily_inventory_pipeline.py took 0.145 seconds
[2026-08-23T03:41:53.884+0000] {processor.py:186} INFO - Started process (PID=3669) to work on /opt/airflow/dags/daily_inventory_pipeline.py
[2026-08-23T03:41:53.885+0000] {processor.py:914} INFO - Processing file /opt/airflow/dags/daily_inventory_pipeline.py for tasks to queue
[2026-08-23T03:41:53.887+0000] {logging_mixin.py:190} INFO - [2026-08-23T03:41:53.887+0000] {dagbag.py:588} INFO - Filling up the DagBag from /opt/airflow/dags/daily_inventory_pipeline.py
[2026-08-23T03:41:53.977+0000] {processor.py:925} INFO - DAG(s) 'daily_inventory_pipeline' retrieved from /opt/airflow/dags/daily_inventory_pipeline.py
[2026-08-23T03:41:53.997+0000] {logging_mixin.py:190} INFO - [2026-08-23T03:41:53.997+0000] {dag.py:3239} INFO - Sync 1 DAGs
[2026-08-23T03:41:54.014+0000] {logging_mixin.py:190} INFO - [2026-08-23T03:41:54.013+0000] {dag.py:4180} INFO - Setting next_dagrun for daily_inventory_pipeline to 2026-08-22 18:30:00+00:00, run_after=2026-08-23 18:30:00+00:00
[2026-08-23T03:41:54.029+0000] {processor.py:208} INFO - Processing /opt/airflow/dags/daily_inventory_pipeline.py took 0.152 seconds
[2026-08-23T03:42:24.097+0000] {processor.py:186} INFO - Started process (PID=3679) to work on /opt/airflow/dags/daily_inventory_pipeline.py
[2026-08-23T03:42:24.098+0000] {processor.py:914} INFO - Processing file /opt/airflow/dags/daily_inventory_pipeline.py for tasks to queue
[2026-08-23T03:42:24.100+0000] {logging_mixin.py:190} INFO - [2026-08-23T03:42:24.100+0000] {dagbag.py:588} INFO - Filling up the DagBag from /opt/airflow/dags/daily_inventory_pipeline.py
[2026-08-23T03:42:24.204+0000] {processor.py:925} INFO - DAG(s) 'daily_inventory_pipeline' retrieved from /opt/airflow/dags/daily_inventory_pipeline.py
[2026-08-23T03:42:24.228+0000] {logging_mixin.py:190} INFO - [2026-08-23T03:42:24.227+0000] {dag.py:3239} INFO - Sync 1 DAGs
[2026-08-23T03:42:24.247+0000] {logging_mixin.py:190} INFO - [2026-08-23T03:42:24.247+0000] {dag.py:4180} INFO - Setting next_dagrun for daily_inventory_pipeline to 2026-08-22 18:30:00+00:00, run_after=2026-08-23 18:30:00+00:00
[2026-08-23T03:42:24.270+0000] {processor.py:208} INFO - Processing /opt/airflow/dags/daily_inventory_pipeline.py took 0.179 seconds
[2026-08-23T03:42:54.450+0000] {processor.py:186} INFO - Started process (PID=3689) to work on /opt/airflow/dags/daily_inventory_pipeline.py
[2026-08-23T03:42:54.451+0000] {processor.py:914} INFO - Processing file /opt/airflow/dags/daily_inventory_pipeline.py for tasks to queue
[2026-08-23T03:42:54.454+0000] {logging_mixin.py:190} INFO - [2026-08-23T03:42:54.453+0000] {dagbag.py:588} INFO - Filling up the DagBag from /opt/airflow/dags/daily_inventory_pipeline.py
[2026-08-23T03:42:54.592+0000] {processor.py:925} INFO - DAG(s) 'daily_inventory_pipeline' retrieved from /opt/airflow/dags/daily_inventory_pipeline.py
[2026-08-23T03:42:54.618+0000] {logging_mixin.py:190} INFO - [2026-08-23T03:42:54.617+0000] {dag.py:3239} INFO - Sync 1 DAGs
[2026-08-23T03:42:54.640+0000] {logging_mixin.py:190} INFO - [2026-08-23T03:42:54.639+0000] {dag.py:4180} INFO - Setting next_dagrun for daily_inventory_pipeline to 2026-08-22 18:30:00+00:00, run_after=2026-08-23 18:30:00+00:00
[2026-08-23T03:42:54.657+0000] {processor.py:208} INFO - Processing /opt/airflow/dags/daily_inventory_pipeline.py took 0.214 seconds
[2026-08-23T03:43:24.737+0000] {processor.py:186} INFO - Started process (PID=3699) to work on /opt/airflow/dags/daily_inventory_pipeline.py
[2026-08-23T03:43:24.738+0000] {processor.py:914} INFO - Processing file /opt/airflow/dags/daily_inventory_pipeline.py for tasks to queue
[2026-08-23T03:43:24.740+0000] {logging_mixin.py:190} INFO - [2026-08-23T03:43:24.740+0000] {dagbag.py:588} INFO - Filling up the DagBag from /opt/airflow/dags/daily_inventory_pipeline.py
[2026-08-23T03:43:24.873+0000] {processor.py:925} INFO - DAG(s) 'daily_inventory_pipeline' retrieved from /opt/airflow/dags/daily_inventory_pipeline.py
[2026-08-23T03:43:24.898+0000] {logging_mixin.py:190} INFO - [2026-08-23T03:43:24.898+0000] {dag.py:3239} INFO - Sync 1 DAGs
[2026-08-23T03:43:24.919+0000] {logging_mixin.py:190} INFO - [2026-08-23T03:43:24.918+0000] {dag.py:4180} INFO - Setting next_dagrun for daily_inventory_pipeline to 2026-08-22 18:30:00+00:00, run_after=2026-08-23 18:30:00+00:00
[2026-08-23T03:43:24.937+0000] {processor.py:208} INFO - Processing /opt/airflow/dags/daily_inventory_pipeline.py took 0.208 seconds
[2026-08-23T03:43:55.245+0000] {processor.py:186} INFO - Started process (PID=3709) to work on /opt/airflow/dags/daily_inventory_pipeline.py
[2026-08-23T03:43:55.249+0000] {processor.py:914} INFO - Processing file /opt/airflow/dags/daily_inventory_pipeline.py for tasks to queue
[2026-08-23T03:43:55.251+0000] {logging_mixin.py:190} INFO - [2026-08-23T03:43:55.251+0000] {dagbag.py:588} INFO - Filling up the DagBag from /opt/airflow/dags/daily_inventory_pipeline.py
[2026-08-23T03:43:55.381+0000] {processor.py:925} INFO - DAG(s) 'daily_inventory_pipeline' retrieved from /opt/airflow/dags/daily_inventory_pipeline.py
[2026-08-23T03:43:55.402+0000] {logging_mixin.py:190} INFO - [2026-08-23T03:43:55.402+0000] {dag.py:3239} INFO - Sync 1 DAGs
[2026-08-23T03:43:55.420+0000] {logging_mixin.py:190} INFO - [2026-08-23T03:43:55.419+0000] {dag.py:4180} INFO - Setting next_dagrun for daily_inventory_pipeline to 2026-08-22 18:30:00+00:00, run_after=2026-08-23 18:30:00+00:00
[2026-08-23T03:43:55.433+0000] {processor.py:208} INFO - Processing /opt/airflow/dags/daily_inventory_pipeline.py took 0.196 seconds
[2026-08-23T03:44:25.519+0000] {processor.py:186} INFO - Started process (PID=3719) to work on /opt/airflow/dags/daily_inventory_pipeline.py
[2026-08-23T03:44:25.522+0000] {processor.py:914} INFO - Processing file /opt/airflow/dags/daily_inventory_pipeline.py for tasks to queue
[2026-08-23T03:44:25.525+0000] {logging_mixin.py:190} INFO - [2026-08-23T03:44:25.524+0000] {dagbag.py:588} INFO - Filling up the DagBag from /opt/airflow/dags/daily_inventory_pipeline.py
[2026-08-23T03:44:25.711+0000] {processor.py:925} INFO - DAG(s) 'daily_inventory_pipeline' retrieved from /opt/airflow/dags/daily_inventory_pipeline.py
[2026-08-23T03:44:25.735+0000] {logging_mixin.py:190} INFO - [2026-08-23T03:44:25.735+0000] {dag.py:3239} INFO - Sync 1 DAGs
[2026-08-23T03:44:25.754+0000] {logging_mixin.py:190} INFO - [2026-08-23T03:44:25.754+0000] {dag.py:4180} INFO - Setting next_dagrun for daily_inventory_pipeline to 2026-08-22 18:30:00+00:00, run_after=2026-08-23 18:30:00+00:00
[2026-08-23T03:44:25.773+0000] {processor.py:208} INFO - Processing /opt/airflow/dags/daily_inventory_pipeline.py took 0.264 seconds
[2026-08-23T03:44:55.958+0000] {processor.py:186} INFO - Started process (PID=3729) to work on /opt/airflow/dags/daily_inventory_pipeline.py
[2026-08-23T03:44:55.959+0000] {processor.py:914} INFO - Processing file /opt/airflow/dags/daily_inventory_pipeline.py for tasks to queue
[2026-08-23T03:44:55.962+0000] {logging_mixin.py:190} INFO - [2026-08-23T03:44:55.962+0000] {dagbag.py:588} INFO - Filling up the DagBag from /opt/airflow/dags/daily_inventory_pipeline.py
[2026-08-23T03:44:56.074+0000] {processor.py:925} INFO - DAG(s) 'daily_inventory_pipeline' retrieved from /opt/airflow/dags/daily_inventory_pipeline.py
[2026-08-23T03:44:56.099+0000] {logging_mixin.py:190} INFO - [2026-08-23T03:44:56.099+0000] {dag.py:3239} INFO - Sync 1 DAGs
[2026-08-23T03:44:56.117+0000] {logging_mixin.py:190} INFO - [2026-08-23T03:44:56.117+0000] {dag.py:4180} INFO - Setting next_dagrun for daily_inventory_pipeline to 2026-08-22 18:30:00+00:00, run_after=2026-08-23 18:30:00+00:00
[2026-08-23T03:44:56.134+0000] {processor.py:208} INFO - Processing /opt/airflow/dags/daily_inventory_pipeline.py took 0.183 seconds
[2026-08-23T03:45:26.265+0000] {processor.py:186} INFO - Started process (PID=3739) to work on /opt/airflow/dags/daily_inventory_pipeline.py
[2026-08-23T03:45:26.266+0000] {processor.py:914} INFO - Processing file /opt/airflow/dags/daily_inventory_pipeline.py for tasks to queue
[2026-08-23T03:45:26.268+0000] {logging_mixin.py:190} INFO - [2026-08-23T03:45:26.268+0000] {dagbag.py:588} INFO - Filling up the DagBag from /opt/airflow/dags/daily_inventory_pipeline.py
[2026-08-23T03:45:26.422+0000] {processor.py:925} INFO - DAG(s) 'daily_inventory_pipeline' retrieved from /opt/airflow/dags/daily_inventory_pipeline.py
[2026-08-23T03:45:26.444+0000] {logging_mixin.py:190} INFO - [2026-08-23T03:45:26.444+0000] {dag.py:3239} INFO - Sync 1 DAGs
[2026-08-23T03:45:26.461+0000] {logging_mixin.py:190} INFO - [2026-08-23T03:45:26.461+0000] {dag.py:4180} INFO - Setting next_dagrun for daily_inventory_pipeline to 2026-08-22 18:30:00+00:00, run_after=2026-08-23 18:30:00+00:00
[2026-08-23T03:45:26.476+0000] {processor.py:208} INFO - Processing /opt/airflow/dags/daily_inventory_pipeline.py took 0.216 seconds
[2026-08-23T03:45:56.627+0000] {processor.py:186} INFO - Started process (PID=3749) to work on /opt/airflow/dags/daily_inventory_pipeline.py
[2026-08-23T03:45:56.628+0000] {processor.py:914} INFO - Processing file /opt/airflow/dags/daily_inventory_pipeline.py for tasks to queue
[2026-08-23T03:45:56.630+0000] {logging_mixin.py:190} INFO - [2026-08-23T03:45:56.630+0000] {dagbag.py:588} INFO - Filling up the DagBag from /opt/airflow/dags/daily_inventory_pipeline.py
[2026-08-23T03:45:56.734+0000] {processor.py:925} INFO - DAG(s) 'daily_inventory_pipeline' retrieved from /opt/airflow/dags/daily_inventory_pipeline.py
[2026-08-23T03:45:56.756+0000] {logging_mixin.py:190} INFO - [2026-08-23T03:45:56.756+0000] {dag.py:3239} INFO - Sync 1 DAGs
[2026-08-23T03:45:56.773+0000] {logging_mixin.py:190} INFO - [2026-08-23T03:45:56.773+0000] {dag.py:4180} INFO - Setting next_dagrun for daily_inventory_pipeline to 2026-08-22 18:30:00+00:00, run_after=2026-08-23 18:30:00+00:00
[2026-08-23T03:45:56.787+0000] {processor.py:208} INFO - Processing /opt/airflow/dags/daily_inventory_pipeline.py took 0.166 seconds
[2026-08-23T03:46:26.983+0000] {processor.py:186} INFO - Started process (PID=3759) to work on /opt/airflow/dags/daily_inventory_pipeline.py
[2026-08-23T03:46:26.984+0000] {processor.py:914} INFO - Processing file /opt/airflow/dags/daily_inventory_pipeline.py for tasks to queue
[2026-08-23T03:46:26.986+0000] {logging_mixin.py:190} INFO - [2026-08-23T03:46:26.986+0000] {dagbag.py:588} INFO - Filling up the DagBag from /opt/airflow/dags/daily_inventory_pipeline.py
[2026-08-23T03:46:27.099+0000] {processor.py:925} INFO - DAG(s) 'daily_inventory_pipeline' retrieved from /opt/airflow/dags/daily_inventory_pipeline.py
[2026-08-23T03:46:27.119+0000] {logging_mixin.py:190} INFO - [2026-08-23T03:46:27.119+0000] {dag.py:3239} INFO - Sync 1 DAGs
[2026-08-23T03:46:27.136+0000] {logging_mixin.py:190} INFO - [2026-08-23T03:46:27.136+0000] {dag.py:4180} INFO - Setting next_dagrun for daily_inventory_pipeline to 2026-08-22 18:30:00+00:00, run_after=2026-08-23 18:30:00+00:00
[2026-08-23T03:46:27.150+0000] {processor.py:208} INFO - Processing /opt/airflow/dags/daily_inventory_pipeline.py took 0.173 seconds
[2026-08-23T03:46:57.278+0000] {processor.py:186} INFO - Started process (PID=3769) to work on /opt/airflow/dags/daily_inventory_pipeline.py
[2026-08-23T03:46:57.279+0000] {processor.py:914} INFO - Processing file /opt/airflow/dags/daily_inventory_pipeline.py for tasks to queue
[2026-08-23T03:46:57.281+0000] {logging_mixin.py:190} INFO - [2026-08-23T03:46:57.281+0000] {dagbag.py:588} INFO - Filling up the DagBag from /opt/airflow/dags/daily_inventory_pipeline.py
[2026-08-23T03:46:57.425+0000] {processor.py:925} INFO - DAG(s) 'daily_inventory_pipeline' retrieved from /opt/airflow/dags/daily_inventory_pipeline.py
[2026-08-23T03:46:57.448+0000] {logging_mixin.py:190} INFO - [2026-08-23T03:46:57.448+0000] {dag.py:3239} INFO - Sync 1 DAGs
[2026-08-23T03:46:57.467+0000] {logging_mixin.py:190} INFO - [2026-08-23T03:46:57.467+0000] {dag.py:4180} INFO - Setting next_dagrun for daily_inventory_pipeline to 2026-08-22 18:30:00+00:00, run_after=2026-08-23 18:30:00+00:00
[2026-08-23T03:46:57.486+0000] {processor.py:208} INFO - Processing /opt/airflow/dags/daily_inventory_pipeline.py took 0.214 seconds
[2026-08-23T03:47:27.677+0000] {processor.py:186} INFO - Started process (PID=3779) to work on /opt/airflow/dags/daily_inventory_pipeline.py
[2026-08-23T03:47:27.678+0000] {processor.py:914} INFO - Processing file /opt/airflow/dags/daily_inventory_pipeline.py for tasks to queue
[2026-08-23T03:47:27.680+0000] {logging_mixin.py:190} INFO - [2026-08-23T03:47:27.679+0000] {dagbag.py:588} INFO - Filling up the DagBag from /opt/airflow/dags/daily_inventory_pipeline.py
[2026-08-23T03:47:27.780+0000] {processor.py:925} INFO - DAG(s) 'daily_inventory_pipeline' retrieved from /opt/airflow/dags/daily_inventory_pipeline.py
[2026-08-23T03:47:27.801+0000] {logging_mixin.py:190} INFO - [2026-08-23T03:47:27.801+0000] {dag.py:3239} INFO - Sync 1 DAGs
[2026-08-23T03:47:27.819+0000] {logging_mixin.py:190} INFO - [2026-08-23T03:47:27.818+0000] {dag.py:4180} INFO - Setting next_dagrun for daily_inventory_pipeline to 2026-08-22 18:30:00+00:00, run_after=2026-08-23 18:30:00+00:00
[2026-08-23T03:47:27.837+0000] {processor.py:208} INFO - Processing /opt/airflow/dags/daily_inventory_pipeline.py took 0.165 seconds
[2026-08-23T03:47:58.097+0000] {processor.py:186} INFO - Started process (PID=3789) to work on /opt/airflow/dags/daily_inventory_pipeline.py
[2026-08-23T03:47:58.098+0000] {processor.py:914} INFO - Processing file /opt/airflow/dags/daily_inventory_pipeline.py for tasks to queue
[2026-08-23T03:47:58.100+0000] {logging_mixin.py:190} INFO - [2026-08-23T03:47:58.100+0000] {dagbag.py:588} INFO - Filling up the DagBag from /opt/airflow/dags/daily_inventory_pipeline.py
[2026-08-23T03:47:58.205+0000] {processor.py:925} INFO - DAG(s) 'daily_inventory_pipeline' retrieved from /opt/airflow/dags/daily_inventory_pipeline.py
[2026-08-23T03:47:58.227+0000] {logging_mixin.py:190} INFO - [2026-08-23T03:47:58.227+0000] {dag.py:3239} INFO - Sync 1 DAGs
[2026-08-23T03:47:58.246+0000] {logging_mixin.py:190} INFO - [2026-08-23T03:47:58.245+0000] {dag.py:4180} INFO - Setting next_dagrun for daily_inventory_pipeline to 2026-08-22 18:30:00+00:00, run_after=2026-08-23 18:30:00+00:00
[2026-08-23T03:47:58.265+0000] {processor.py:208} INFO - Processing /opt/airflow/dags/daily_inventory_pipeline.py took 0.174 seconds
[2026-08-23T03:48:28.474+0000] {processor.py:186} INFO - Started process (PID=3799) to work on /opt/airflow/dags/daily_inventory_pipeline.py
[2026-08-23T03:48:28.475+0000] {processor.py:914} INFO - Processing file /opt/airflow/dags/daily_inventory_pipeline.py for tasks to queue
[2026-08-23T03:48:28.477+0000] {logging_mixin.py:190} INFO - [2026-08-23T03:48:28.477+0000] {dagbag.py:588} INFO - Filling up the DagBag from /opt/airflow/dags/daily_inventory_pipeline.py
[2026-08-23T03:48:28.572+0000] {processor.py:925} INFO - DAG(s) 'daily_inventory_pipeline' retrieved from /opt/airflow/dags/daily_inventory_pipeline.py
[2026-08-23T03:48:28.595+0000] {logging_mixin.py:190} INFO - [2026-08-23T03:48:28.594+0000] {dag.py:3239} INFO - Sync 1 DAGs
[2026-08-23T03:48:28.613+0000] {logging_mixin.py:190} INFO - [2026-08-23T03:48:28.612+0000] {dag.py:4180} INFO - Setting next_dagrun for daily_inventory_pipeline to 2026-08-22 18:30:00+00:00, run_after=2026-08-23 18:30:00+00:00
[2026-08-23T03:48:28.627+0000] {processor.py:208} INFO - Processing /opt/airflow/dags/daily_inventory_pipeline.py took 0.158 seconds
[2026-08-23T03:48:58.692+0000] {processor.py:186} INFO - Started process (PID=3809) to work on /opt/airflow/dags/daily_inventory_pipeline.py
[2026-08-23T03:48:58.693+0000] {processor.py:914} INFO - Processing file /opt/airflow/dags/daily_inventory_pipeline.py for tasks to queue
[2026-08-23T03:48:58.695+0000] {logging_mixin.py:190} INFO - [2026-08-23T03:48:58.695+0000] {dagbag.py:588} INFO - Filling up the DagBag from /opt/airflow/dags/daily_inventory_pipeline.py
[2026-08-23T03:48:58.779+0000] {processor.py:925} INFO - DAG(s) 'daily_inventory_pipeline' retrieved from /opt/airflow/dags/daily_inventory_pipeline.py
[2026-08-23T03:48:58.801+0000] {logging_mixin.py:190} INFO - [2026-08-23T03:48:58.800+0000] {dag.py:3239} INFO - Sync 1 DAGs
[2026-08-23T03:48:58.817+0000] {logging_mixin.py:190} INFO - [2026-08-23T03:48:58.817+0000] {dag.py:4180} INFO - Setting next_dagrun for daily_inventory_pipeline to 2026-08-22 18:30:00+00:00, run_after=2026-08-23 18:30:00+00:00
[2026-08-23T03:48:58.834+0000] {processor.py:208} INFO - Processing /opt/airflow/dags/daily_inventory_pipeline.py took 0.147 seconds
[2026-08-23T03:49:28.955+0000] {processor.py:186} INFO - Started process (PID=3819) to work on /opt/airflow/dags/daily_inventory_pipeline.py
[2026-08-23T03:49:28.956+0000] {processor.py:914} INFO - Processing file /opt/airflow/dags/daily_inventory_pipeline.py for tasks to queue
[2026-08-23T03:49:28.958+0000] {logging_mixin.py:190} INFO - [2026-08-23T03:49:28.957+0000] {dagbag.py:588} INFO - Filling up the DagBag from /opt/airflow/dags/daily_inventory_pipeline.py
[2026-08-23T03:49:29.092+0000] {processor.py:925} INFO - DAG(s) 'daily_inventory_pipeline' retrieved from /opt/airflow/dags/daily_inventory_pipeline.py
[2026-08-23T03:49:29.122+0000] {logging_mixin.py:190} INFO - [2026-08-23T03:49:29.122+0000] {dag.py:3239} INFO - Sync 1 DAGs
[2026-08-23T03:49:29.141+0000] {logging_mixin.py:190} INFO - [2026-08-23T03:49:29.141+0000] {dag.py:4180} INFO - Setting next_dagrun for daily_inventory_pipeline to 2026-08-22 18:30:00+00:00, run_after=2026-08-23 18:30:00+00:00
[2026-08-23T03:49:29.155+0000] {processor.py:208} INFO - Processing /opt/airflow/dags/daily_inventory_pipeline.py took 0.206 seconds
[2026-08-23T03:49:59.348+0000] {processor.py:186} INFO - Started process (PID=3829) to work on /opt/airflow/dags/daily_inventory_pipeline.py
[2026-08-23T03:49:59.350+0000] {processor.py:914} INFO - Processing file /opt/airflow/dags/daily_inventory_pipeline.py for tasks to queue
[2026-08-23T03:49:59.352+0000] {logging_mixin.py:190} INFO - [2026-08-23T03:49:59.352+0000] {dagbag.py:588} INFO - Filling up the DagBag from /opt/airflow/dags/daily_inventory_pipeline.py
[2026-08-23T03:49:59.489+0000] {processor.py:925} INFO - DAG(s) 'daily_inventory_pipeline' retrieved from /opt/airflow/dags/daily_inventory_pipeline.py
[2026-08-23T03:49:59.510+0000] {logging_mixin.py:190} INFO - [2026-08-23T03:49:59.509+0000] {dag.py:3239} INFO - Sync 1 DAGs
[2026-08-23T03:49:59.526+0000] {logging_mixin.py:190} INFO - [2026-08-23T03:49:59.526+0000] {dag.py:4180} INFO - Setting next_dagrun for daily_inventory_pipeline to 2026-08-22 18:30:00+00:00, run_after=2026-08-23 18:30:00+00:00
[2026-08-23T03:49:59.546+0000] {processor.py:208} INFO - Processing /opt/airflow/dags/daily_inventory_pipeline.py took 0.205 seconds
[2026-08-23T03:50:29.704+0000] {processor.py:186} INFO - Started process (PID=3839) to work on /opt/airflow/dags/daily_inventory_pipeline.py
[2026-08-23T03:50:29.705+0000] {processor.py:914} INFO - Processing file /opt/airflow/dags/daily_inventory_pipeline.py for tasks to queue
[2026-08-23T03:50:29.708+0000] {logging_mixin.py:190} INFO - [2026-08-23T03:50:29.707+0000] {dagbag.py:588} INFO - Filling up the DagBag from /opt/airflow/dags/daily_inventory_pipeline.py
[2026-08-23T03:50:29.829+0000] {processor.py:925} INFO - DAG(s) 'daily_inventory_pipeline' retrieved from /opt/airflow/dags/daily_inventory_pipeline.py
[2026-08-23T03:50:29.849+0000] {logging_mixin.py:190} INFO - [2026-08-23T03:50:29.848+0000] {dag.py:3239} INFO - Sync 1 DAGs
[2026-08-23T03:50:29.865+0000] {logging_mixin.py:190} INFO - [2026-08-23T03:50:29.864+0000] {dag.py:4180} INFO - Setting next_dagrun for daily_inventory_pipeline to 2026-08-22 18:30:00+00:00, run_after=2026-08-23 18:30:00+00:00
[2026-08-23T03:50:29.878+0000] {processor.py:208} INFO - Processing /opt/airflow/dags/daily_inventory_pipeline.py took 0.181 seconds
[2026-08-23T03:51:00.105+0000] {processor.py:186} INFO - Started process (PID=3849) to work on /opt/airflow/dags/daily_inventory_pipeline.py
[2026-08-23T03:51:00.106+0000] {processor.py:914} INFO - Processing file /opt/airflow/dags/daily_inventory_pipeline.py for tasks to queue
[2026-08-23T03:51:00.108+0000] {logging_mixin.py:190} INFO - [2026-08-23T03:51:00.108+0000] {dagbag.py:588} INFO - Filling up the DagBag from /opt/airflow/dags/daily_inventory_pipeline.py
[2026-08-23T03:51:00.228+0000] {processor.py:925} INFO - DAG(s) 'daily_inventory_pipeline' retrieved from /opt/airflow/dags/daily_inventory_pipeline.py
[2026-08-23T03:51:00.251+0000] {logging_mixin.py:190} INFO - [2026-08-23T03:51:00.251+0000] {dag.py:3239} INFO - Sync 1 DAGs
[2026-08-23T03:51:00.269+0000] {logging_mixin.py:190} INFO - [2026-08-23T03:51:00.269+0000] {dag.py:4180} INFO - Setting next_dagrun for daily_inventory_pipeline to 2026-08-22 18:30:00+00:00, run_after=2026-08-23 18:30:00+00:00
[2026-08-23T03:51:00.283+0000] {processor.py:208} INFO - Processing /opt/airflow/dags/daily_inventory_pipeline.py took 0.184 seconds
[2026-08-23T03:51:30.469+0000] {processor.py:186} INFO - Started process (PID=3859) to work on /opt/airflow/dags/daily_inventory_pipeline.py
[2026-08-23T03:51:30.470+0000] {processor.py:914} INFO - Processing file /opt/airflow/dags/daily_inventory_pipeline.py for tasks to queue
[2026-08-23T03:51:30.472+0000] {logging_mixin.py:190} INFO - [2026-08-23T03:51:30.472+0000] {dagbag.py:588} INFO - Filling up the DagBag from /opt/airflow/dags/daily_inventory_pipeline.py
[2026-08-23T03:51:30.566+0000] {processor.py:925} INFO - DAG(s) 'daily_inventory_pipeline' retrieved from /opt/airflow/dags/daily_inventory_pipeline.py
[2026-08-23T03:51:30.588+0000] {logging_mixin.py:190} INFO - [2026-08-23T03:51:30.588+0000] {dag.py:3239} INFO - Sync 1 DAGs
[2026-08-23T03:51:30.607+0000] {logging_mixin.py:190} INFO - [2026-08-23T03:51:30.607+0000] {dag.py:4180} INFO - Setting next_dagrun for daily_inventory_pipeline to 2026-08-22 18:30:00+00:00, run_after=2026-08-23 18:30:00+00:00
[2026-08-23T03:51:30.622+0000] {processor.py:208} INFO - Processing /opt/airflow/dags/daily_inventory_pipeline.py took 0.159 seconds
[2026-08-23T03:52:00.754+0000] {processor.py:186} INFO - Started process (PID=3869) to work on /opt/airflow/dags/daily_inventory_pipeline.py
[2026-08-23T03:52:00.755+0000] {processor.py:914} INFO - Processing file /opt/airflow/dags/daily_inventory_pipeline.py for tasks to queue
[2026-08-23T03:52:00.758+0000] {logging_mixin.py:190} INFO - [2026-08-23T03:52:00.757+0000] {dagbag.py:588} INFO - Filling up the DagBag from /opt/airflow/dags/daily_inventory_pipeline.py
[2026-08-23T03:52:00.846+0000] {processor.py:925} INFO - DAG(s) 'daily_inventory_pipeline' retrieved from /opt/airflow/dags/daily_inventory_pipeline.py
[2026-08-23T03:52:00.868+0000] {logging_mixin.py:190} INFO - [2026-08-23T03:52:00.868+0000] {dag.py:3239} INFO - Sync 1 DAGs
[2026-08-23T03:52:00.885+0000] {logging_mixin.py:190} INFO - [2026-08-23T03:52:00.884+0000] {dag.py:4180} INFO - Setting next_dagrun for daily_inventory_pipeline to 2026-08-22 18:30:00+00:00, run_after=2026-08-23 18:30:00+00:00
[2026-08-23T03:52:00.898+0000] {processor.py:208} INFO - Processing /opt/airflow/dags/daily_inventory_pipeline.py took 0.149 seconds
[2026-08-23T03:52:31.131+0000] {processor.py:186} INFO - Started process (PID=3879) to work on /opt/airflow/dags/daily_inventory_pipeline.py
[2026-08-23T03:52:31.132+0000] {processor.py:914} INFO - Processing file /opt/airflow/dags/daily_inventory_pipeline.py for tasks to queue
[2026-08-23T03:52:31.133+0000] {logging_mixin.py:190} INFO - [2026-08-23T03:52:31.133+0000] {dagbag.py:588} INFO - Filling up the DagBag from /opt/airflow/dags/daily_inventory_pipeline.py
[2026-08-23T03:52:31.233+0000] {processor.py:925} INFO - DAG(s) 'daily_inventory_pipeline' retrieved from /opt/airflow/dags/daily_inventory_pipeline.py
[2026-08-23T03:52:31.259+0000] {logging_mixin.py:190} INFO - [2026-08-23T03:52:31.259+0000] {dag.py:3239} INFO - Sync 1 DAGs
[2026-08-23T03:52:31.278+0000] {logging_mixin.py:190} INFO - [2026-08-23T03:52:31.278+0000] {dag.py:4180} INFO - Setting next_dagrun for daily_inventory_pipeline to 2026-08-22 18:30:00+00:00, run_after=2026-08-23 18:30:00+00:00
[2026-08-23T03:52:31.295+0000] {processor.py:208} INFO - Processing /opt/airflow/dags/daily_inventory_pipeline.py took 0.170 seconds
[2026-08-23T03:53:01.461+0000] {processor.py:186} INFO - Started process (PID=3889) to work on /opt/airflow/dags/daily_inventory_pipeline.py
[2026-08-23T03:53:01.462+0000] {processor.py:914} INFO - Processing file /opt/airflow/dags/daily_inventory_pipeline.py for tasks to queue
[2026-08-23T03:53:01.464+0000] {logging_mixin.py:190} INFO - [2026-08-23T03:53:01.463+0000] {dagbag.py:588} INFO - Filling up the DagBag from /opt/airflow/dags/daily_inventory_pipeline.py
[2026-08-23T03:53:01.556+0000] {processor.py:925} INFO - DAG(s) 'daily_inventory_pipeline' retrieved from /opt/airflow/dags/daily_inventory_pipeline.py
[2026-08-23T03:53:01.574+0000] {logging_mixin.py:190} INFO - [2026-08-23T03:53:01.574+0000] {dag.py:3239} INFO - Sync 1 DAGs
[2026-08-23T03:53:01.589+0000] {logging_mixin.py:190} INFO - [2026-08-23T03:53:01.589+0000] {dag.py:4180} INFO - Setting next_dagrun for daily_inventory_pipeline to 2026-08-22 18:30:00+00:00, run_after=2026-08-23 18:30:00+00:00
[2026-08-23T03:53:01.601+0000] {processor.py:208} INFO - Processing /opt/airflow/dags/daily_inventory_pipeline.py took 0.145 seconds
[2026-08-23T03:53:31.773+0000] {processor.py:186} INFO - Started process (PID=3899) to work on /opt/airflow/dags/daily_inventory_pipeline.py
[2026-08-23T03:53:31.774+0000] {processor.py:914} INFO - Processing file /opt/airflow/dags/daily_inventory_pipeline.py for tasks to queue
[2026-08-23T03:53:31.776+0000] {logging_mixin.py:190} INFO - [2026-08-23T03:53:31.776+0000] {dagbag.py:588} INFO - Filling up the DagBag from /opt/airflow/dags/daily_inventory_pipeline.py
[2026-08-23T03:53:31.868+0000] {processor.py:925} INFO - DAG(s) 'daily_inventory_pipeline' retrieved from /opt/airflow/dags/daily_inventory_pipeline.py
[2026-08-23T03:53:31.888+0000] {logging_mixin.py:190} INFO - [2026-08-23T03:53:31.888+0000] {dag.py:3239} INFO - Sync 1 DAGs
[2026-08-23T03:53:31.906+0000] {logging_mixin.py:190} INFO - [2026-08-23T03:53:31.906+0000] {dag.py:4180} INFO - Setting next_dagrun for daily_inventory_pipeline to 2026-08-22 18:30:00+00:00, run_after=2026-08-23 18:30:00+00:00
[2026-08-23T03:53:32.214+0000] {processor.py:208} INFO - Processing /opt/airflow/dags/daily_inventory_pipeline.py took 0.447 seconds
[2026-08-23T03:54:02.555+0000] {processor.py:186} INFO - Started process (PID=3909) to work on /opt/airflow/dags/daily_inventory_pipeline.py
[2026-08-23T03:54:02.556+0000] {processor.py:914} INFO - Processing file /opt/airflow/dags/daily_inventory_pipeline.py for tasks to queue
[2026-08-23T03:54:02.558+0000] {logging_mixin.py:190} INFO - [2026-08-23T03:54:02.557+0000] {dagbag.py:588} INFO - Filling up the DagBag from /opt/airflow/dags/daily_inventory_pipeline.py
[2026-08-23T03:54:02.643+0000] {processor.py:925} INFO - DAG(s) 'daily_inventory_pipeline' retrieved from /opt/airflow/dags/daily_inventory_pipeline.py
[2026-08-23T03:54:02.664+0000] {logging_mixin.py:190} INFO - [2026-08-23T03:54:02.664+0000] {dag.py:3239} INFO - Sync 1 DAGs
[2026-08-23T03:54:02.682+0000] {logging_mixin.py:190} INFO - [2026-08-23T03:54:02.682+0000] {dag.py:4180} INFO - Setting next_dagrun for daily_inventory_pipeline to 2026-08-22 18:30:00+00:00, run_after=2026-08-23 18:30:00+00:00
[2026-08-23T03:54:02.695+0000] {processor.py:208} INFO - Processing /opt/airflow/dags/daily_inventory_pipeline.py took 0.146 seconds
[2026-08-23T03:54:32.850+0000] {processor.py:186} INFO - Started process (PID=3919) to work on /opt/airflow/dags/daily_inventory_pipeline.py
[2026-08-23T03:54:32.851+0000] {processor.py:914} INFO - Processing file /opt/airflow/dags/daily_inventory_pipeline.py for tasks to queue
[2026-08-23T03:54:32.853+0000] {logging_mixin.py:190} INFO - [2026-08-23T03:54:32.853+0000] {dagbag.py:588} INFO - Filling up the DagBag from /opt/airflow/dags/daily_inventory_pipeline.py
[2026-08-23T03:54:32.945+0000] {processor.py:925} INFO - DAG(s) 'daily_inventory_pipeline' retrieved from /opt/airflow/dags/daily_inventory_pipeline.py
[2026-08-23T03:54:32.966+0000] {logging_mixin.py:190} INFO - [2026-08-23T03:54:32.966+0000] {dag.py:3239} INFO - Sync 1 DAGs
[2026-08-23T03:54:32.982+0000] {logging_mixin.py:190} INFO - [2026-08-23T03:54:32.982+0000] {dag.py:4180} INFO - Setting next_dagrun for daily_inventory_pipeline to 2026-08-22 18:30:00+00:00, run_after=2026-08-23 18:30:00+00:00
[2026-08-23T03:54:32.994+0000] {processor.py:208} INFO - Processing /opt/airflow/dags/daily_inventory_pipeline.py took 0.149 seconds
[2026-08-23T03:55:03.173+0000] {processor.py:186} INFO - Started process (PID=3929) to work on /opt/airflow/dags/daily_inventory_pipeline.py
[2026-08-23T03:55:03.173+0000] {processor.py:914} INFO - Processing file /opt/airflow/dags/daily_inventory_pipeline.py for tasks to queue
[2026-08-23T03:55:03.175+0000] {logging_mixin.py:190} INFO - [2026-08-23T03:55:03.175+0000] {dagbag.py:588} INFO - Filling up the DagBag from /opt/airflow/dags/daily_inventory_pipeline.py
[2026-08-23T03:55:03.261+0000] {processor.py:925} INFO - DAG(s) 'daily_inventory_pipeline' retrieved from /opt/airflow/dags/daily_inventory_pipeline.py
[2026-08-23T03:55:03.282+0000] {logging_mixin.py:190} INFO - [2026-08-23T03:55:03.282+0000] {dag.py:3239} INFO - Sync 1 DAGs
[2026-08-23T03:55:03.299+0000] {logging_mixin.py:190} INFO - [2026-08-23T03:55:03.298+0000] {dag.py:4180} INFO - Setting next_dagrun for daily_inventory_pipeline to 2026-08-22 18:30:00+00:00, run_after=2026-08-23 18:30:00+00:00
[2026-08-23T03:55:03.312+0000] {processor.py:208} INFO - Processing /opt/airflow/dags/daily_inventory_pipeline.py took 0.145 seconds
[2026-08-23T03:55:33.512+0000] {processor.py:186} INFO - Started process (PID=3939) to work on /opt/airflow/dags/daily_inventory_pipeline.py
[2026-08-23T03:55:33.512+0000] {processor.py:914} INFO - Processing file /opt/airflow/dags/daily_inventory_pipeline.py for tasks to queue
[2026-08-23T03:55:33.514+0000] {logging_mixin.py:190} INFO - [2026-08-23T03:55:33.514+0000] {dagbag.py:588} INFO - Filling up the DagBag from /opt/airflow/dags/daily_inventory_pipeline.py
[2026-08-23T03:55:33.604+0000] {processor.py:925} INFO - DAG(s) 'daily_inventory_pipeline' retrieved from /opt/airflow/dags/daily_inventory_pipeline.py
[2026-08-23T03:55:33.624+0000] {logging_mixin.py:190} INFO - [2026-08-23T03:55:33.624+0000] {dag.py:3239} INFO - Sync 1 DAGs
[2026-08-23T03:55:33.639+0000] {logging_mixin.py:190} INFO - [2026-08-23T03:55:33.639+0000] {dag.py:4180} INFO - Setting next_dagrun for daily_inventory_pipeline to 2026-08-22 18:30:00+00:00, run_after=2026-08-23 18:30:00+00:00
[2026-08-23T03:55:33.652+0000] {processor.py:208} INFO - Processing /opt/airflow/dags/daily_inventory_pipeline.py took 0.145 seconds
[2026-08-23T03:56:03.813+0000] {processor.py:186} INFO - Started process (PID=3949) to work on /opt/airflow/dags/daily_inventory_pipeline.py
[2026-08-23T03:56:03.814+0000] {processor.py:914} INFO - Processing file /opt/airflow/dags/daily_inventory_pipeline.py for tasks to queue
[2026-08-23T03:56:03.815+0000] {logging_mixin.py:190} INFO - [2026-08-23T03:56:03.815+0000] {dagbag.py:588} INFO - Filling up the DagBag from /opt/airflow/dags/daily_inventory_pipeline.py
[2026-08-23T03:56:03.907+0000] {processor.py:925} INFO - DAG(s) 'daily_inventory_pipeline' retrieved from /opt/airflow/dags/daily_inventory_pipeline.py
[2026-08-23T03:56:03.927+0000] {logging_mixin.py:190} INFO - [2026-08-23T03:56:03.927+0000] {dag.py:3239} INFO - Sync 1 DAGs
[2026-08-23T03:56:03.943+0000] {logging_mixin.py:190} INFO - [2026-08-23T03:56:03.943+0000] {dag.py:4180} INFO - Setting next_dagrun for daily_inventory_pipeline to 2026-08-22 18:30:00+00:00, run_after=2026-08-23 18:30:00+00:00
[2026-08-23T03:56:03.958+0000] {processor.py:208} INFO - Processing /opt/airflow/dags/daily_inventory_pipeline.py took 0.150 seconds
[2026-08-23T03:56:34.184+0000] {processor.py:186} INFO - Started process (PID=3959) to work on /opt/airflow/dags/daily_inventory_pipeline.py
[2026-08-23T03:56:34.185+0000] {processor.py:914} INFO - Processing file /opt/airflow/dags/daily_inventory_pipeline.py for tasks to queue
[2026-08-23T03:56:34.187+0000] {logging_mixin.py:190} INFO - [2026-08-23T03:56:34.187+0000] {dagbag.py:588} INFO - Filling up the DagBag from /opt/airflow/dags/daily_inventory_pipeline.py
[2026-08-23T03:56:34.284+0000] {processor.py:925} INFO - DAG(s) 'daily_inventory_pipeline' retrieved from /opt/airflow/dags/daily_inventory_pipeline.py
[2026-08-23T03:56:34.306+0000] {logging_mixin.py:190} INFO - [2026-08-23T03:56:34.306+0000] {dag.py:3239} INFO - Sync 1 DAGs
[2026-08-23T03:56:34.324+0000] {logging_mixin.py:190} INFO - [2026-08-23T03:56:34.324+0000] {dag.py:4180} INFO - Setting next_dagrun for daily_inventory_pipeline to 2026-08-22 18:30:00+00:00, run_after=2026-08-23 18:30:00+00:00
[2026-08-23T03:56:34.339+0000] {processor.py:208} INFO - Processing /opt/airflow/dags/daily_inventory_pipeline.py took 0.161 seconds
[2026-08-23T03:57:04.435+0000] {processor.py:186} INFO - Started process (PID=3969) to work on /opt/airflow/dags/daily_inventory_pipeline.py
[2026-08-23T03:57:04.436+0000] {processor.py:914} INFO - Processing file /opt/airflow/dags/daily_inventory_pipeline.py for tasks to queue
[2026-08-23T03:57:04.438+0000] {logging_mixin.py:190} INFO - [2026-08-23T03:57:04.438+0000] {dagbag.py:588} INFO - Filling up the DagBag from /opt/airflow/dags/daily_inventory_pipeline.py
[2026-08-23T03:57:04.559+0000] {processor.py:925} INFO - DAG(s) 'daily_inventory_pipeline' retrieved from /opt/airflow/dags/daily_inventory_pipeline.py
[2026-08-23T03:57:04.583+0000] {logging_mixin.py:190} INFO - [2026-08-23T03:57:04.583+0000] {dag.py:3239} INFO - Sync 1 DAGs
[2026-08-23T03:57:04.603+0000] {logging_mixin.py:190} INFO - [2026-08-23T03:57:04.603+0000] {dag.py:4180} INFO - Setting next_dagrun for daily_inventory_pipeline to 2026-08-22 18:30:00+00:00, run_after=2026-08-23 18:30:00+00:00
[2026-08-23T03:57:04.620+0000] {processor.py:208} INFO - Processing /opt/airflow/dags/daily_inventory_pipeline.py took 0.191 seconds
[2026-08-23T03:57:34.815+0000] {processor.py:186} INFO - Started process (PID=3979) to work on /opt/airflow/dags/daily_inventory_pipeline.py
[2026-08-23T03:57:34.815+0000] {processor.py:914} INFO - Processing file /opt/airflow/dags/daily_inventory_pipeline.py for tasks to queue
[2026-08-23T03:57:34.817+0000] {logging_mixin.py:190} INFO - [2026-08-23T03:57:34.817+0000] {dagbag.py:588} INFO - Filling up the DagBag from /opt/airflow/dags/daily_inventory_pipeline.py
[2026-08-23T03:57:34.904+0000] {processor.py:925} INFO - DAG(s) 'daily_inventory_pipeline' retrieved from /opt/airflow/dags/daily_inventory_pipeline.py
[2026-08-23T03:57:34.926+0000] {logging_mixin.py:190} INFO - [2026-08-23T03:57:34.926+0000] {dag.py:3239} INFO - Sync 1 DAGs
[2026-08-23T03:57:34.941+0000] {logging_mixin.py:190} INFO - [2026-08-23T03:57:34.940+0000] {dag.py:4180} INFO - Setting next_dagrun for daily_inventory_pipeline to 2026-08-22 18:30:00+00:00, run_after=2026-08-23 18:30:00+00:00
[2026-08-23T03:57:34.958+0000] {processor.py:208} INFO - Processing /opt/airflow/dags/daily_inventory_pipeline.py took 0.149 seconds
[2026-08-23T03:58:05.182+0000] {processor.py:186} INFO - Started process (PID=3989) to work on /opt/airflow/dags/daily_inventory_pipeline.py
[2026-08-23T03:58:05.183+0000] {processor.py:914} INFO - Processing file /opt/airflow/dags/daily_inventory_pipeline.py for tasks to queue
[2026-08-23T03:58:05.185+0000] {logging_mixin.py:190} INFO - [2026-08-23T03:58:05.184+0000] {dagbag.py:588} INFO - Filling up the DagBag from /opt/airflow/dags/daily_inventory_pipeline.py
[2026-08-23T03:58:05.289+0000] {processor.py:925} INFO - DAG(s) 'daily_inventory_pipeline' retrieved from /opt/airflow/dags/daily_inventory_pipeline.py
[2026-08-23T03:58:05.310+0000] {logging_mixin.py:190} INFO - [2026-08-23T03:58:05.310+0000] {dag.py:3239} INFO - Sync 1 DAGs
[2026-08-23T03:58:05.327+0000] {logging_mixin.py:190} INFO - [2026-08-23T03:58:05.327+0000] {dag.py:4180} INFO - Setting next_dagrun for daily_inventory_pipeline to 2026-08-22 18:30:00+00:00, run_after=2026-08-23 18:30:00+00:00
[2026-08-23T03:58:05.340+0000] {processor.py:208} INFO - Processing /opt/airflow/dags/daily_inventory_pipeline.py took 0.165 seconds
[2026-08-23T03:58:35.603+0000] {processor.py:186} INFO - Started process (PID=3999) to work on /opt/airflow/dags/daily_inventory_pipeline.py
[2026-08-23T03:58:35.604+0000] {processor.py:914} INFO - Processing file /opt/airflow/dags/daily_inventory_pipeline.py for tasks to queue
[2026-08-23T03:58:35.606+0000] {logging_mixin.py:190} INFO - [2026-08-23T03:58:35.605+0000] {dagbag.py:588} INFO - Filling up the DagBag from /opt/airflow/dags/daily_inventory_pipeline.py
[2026-08-23T03:58:35.693+0000] {processor.py:925} INFO - DAG(s) 'daily_inventory_pipeline' retrieved from /opt/airflow/dags/daily_inventory_pipeline.py
[2026-08-23T03:58:35.712+0000] {logging_mixin.py:190} INFO - [2026-08-23T03:58:35.712+0000] {dag.py:3239} INFO - Sync 1 DAGs
[2026-08-23T03:58:35.728+0000] {logging_mixin.py:190} INFO - [2026-08-23T03:58:35.728+0000] {dag.py:4180} INFO - Setting next_dagrun for daily_inventory_pipeline to 2026-08-22 18:30:00+00:00, run_after=2026-08-23 18:30:00+00:00
[2026-08-23T03:58:35.744+0000] {processor.py:208} INFO - Processing /opt/airflow/dags/daily_inventory_pipeline.py took 0.146 seconds
[2026-08-23T03:59:05.880+0000] {processor.py:186} INFO - Started process (PID=4009) to work on /opt/airflow/dags/daily_inventory_pipeline.py
[2026-08-23T03:59:05.881+0000] {processor.py:914} INFO - Processing file /opt/airflow/dags/daily_inventory_pipeline.py for tasks to queue
[2026-08-23T03:59:05.883+0000] {logging_mixin.py:190} INFO - [2026-08-23T03:59:05.883+0000] {dagbag.py:588} INFO - Filling up the DagBag from /opt/airflow/dags/daily_inventory_pipeline.py
[2026-08-23T03:59:05.975+0000] {processor.py:925} INFO - DAG(s) 'daily_inventory_pipeline' retrieved from /opt/airflow/dags/daily_inventory_pipeline.py
[2026-08-23T03:59:05.996+0000] {logging_mixin.py:190} INFO - [2026-08-23T03:59:05.996+0000] {dag.py:3239} INFO - Sync 1 DAGs
[2026-08-23T03:59:06.013+0000] {logging_mixin.py:190} INFO - [2026-08-23T03:59:06.013+0000] {dag.py:4180} INFO - Setting next_dagrun for daily_inventory_pipeline to 2026-08-22 18:30:00+00:00, run_after=2026-08-23 18:30:00+00:00
[2026-08-23T03:59:06.145+0000] {processor.py:208} INFO - Processing /opt/airflow/dags/daily_inventory_pipeline.py took 0.270 seconds
[2026-08-23T03:59:36.274+0000] {processor.py:186} INFO - Started process (PID=4019) to work on /opt/airflow/dags/daily_inventory_pipeline.py
[2026-08-23T03:59:36.275+0000] {processor.py:914} INFO - Processing file /opt/airflow/dags/daily_inventory_pipeline.py for tasks to queue
[2026-08-23T03:59:36.277+0000] {logging_mixin.py:190} INFO - [2026-08-23T03:59:36.276+0000] {dagbag.py:588} INFO - Filling up the DagBag from /opt/airflow/dags/daily_inventory_pipeline.py
[2026-08-23T03:59:36.376+0000] {processor.py:925} INFO - DAG(s) 'daily_inventory_pipeline' retrieved from /opt/airflow/dags/daily_inventory_pipeline.py
[2026-08-23T03:59:36.397+0000] {logging_mixin.py:190} INFO - [2026-08-23T03:59:36.397+0000] {dag.py:3239} INFO - Sync 1 DAGs
[2026-08-23T03:59:36.415+0000] {logging_mixin.py:190} INFO - [2026-08-23T03:59:36.415+0000] {dag.py:4180} INFO - Setting next_dagrun for daily_inventory_pipeline to 2026-08-22 18:30:00+00:00, run_after=2026-08-23 18:30:00+00:00
[2026-08-23T03:59:36.429+0000] {processor.py:208} INFO - Processing /opt/airflow/dags/daily_inventory_pipeline.py took 0.161 seconds
[2026-08-23T04:00:06.676+0000] {processor.py:186} INFO - Started process (PID=4029) to work on /opt/airflow/dags/daily_inventory_pipeline.py
[2026-08-23T04:00:06.677+0000] {processor.py:914} INFO - Processing file /opt/airflow/dags/daily_inventory_pipeline.py for tasks to queue
[2026-08-23T04:00:06.679+0000] {logging_mixin.py:190} INFO - [2026-08-23T04:00:06.679+0000] {dagbag.py:588} INFO - Filling up the DagBag from /opt/airflow/dags/daily_inventory_pipeline.py
[2026-08-23T04:00:06.769+0000] {processor.py:925} INFO - DAG(s) 'daily_inventory_pipeline' retrieved from /opt/airflow/dags/daily_inventory_pipeline.py
[2026-08-23T04:00:06.790+0000] {logging_mixin.py:190} INFO - [2026-08-23T04:00:06.789+0000] {dag.py:3239} INFO - Sync 1 DAGs
[2026-08-23T04:00:06.808+0000] {logging_mixin.py:190} INFO - [2026-08-23T04:00:06.808+0000] {dag.py:4180} INFO - Setting next_dagrun for daily_inventory_pipeline to 2026-08-22 18:30:00+00:00, run_after=2026-08-23 18:30:00+00:00
[2026-08-23T04:00:06.827+0000] {processor.py:208} INFO - Processing /opt/airflow/dags/daily_inventory_pipeline.py took 0.157 seconds
[2026-08-23T04:00:37.062+0000] {processor.py:186} INFO - Started process (PID=4039) to work on /opt/airflow/dags/daily_inventory_pipeline.py
[2026-08-23T04:00:37.062+0000] {processor.py:914} INFO - Processing file /opt/airflow/dags/daily_inventory_pipeline.py for tasks to queue
[2026-08-23T04:00:37.065+0000] {logging_mixin.py:190} INFO - [2026-08-23T04:00:37.064+0000] {dagbag.py:588} INFO - Filling up the DagBag from /opt/airflow/dags/daily_inventory_pipeline.py
[2026-08-23T04:00:37.153+0000] {processor.py:925} INFO - DAG(s) 'daily_inventory_pipeline' retrieved from /opt/airflow/dags/daily_inventory_pipeline.py
[2026-08-23T04:00:37.174+0000] {logging_mixin.py:190} INFO - [2026-08-23T04:00:37.174+0000] {dag.py:3239} INFO - Sync 1 DAGs
[2026-08-23T04:00:37.189+0000] {logging_mixin.py:190} INFO - [2026-08-23T04:00:37.188+0000] {dag.py:4180} INFO - Setting next_dagrun for daily_inventory_pipeline to 2026-08-22 18:30:00+00:00, run_after=2026-08-23 18:30:00+00:00
[2026-08-23T04:00:37.201+0000] {processor.py:208} INFO - Processing /opt/airflow/dags/daily_inventory_pipeline.py took 0.145 seconds
[2026-08-23T04:01:07.483+0000] {processor.py:186} INFO - Started process (PID=4049) to work on /opt/airflow/dags/daily_inventory_pipeline.py
[2026-08-23T04:01:07.484+0000] {processor.py:914} INFO - Processing file /opt/airflow/dags/daily_inventory_pipeline.py for tasks to queue
[2026-08-23T04:01:07.486+0000] {logging_mixin.py:190} INFO - [2026-08-23T04:01:07.485+0000] {dagbag.py:588} INFO - Filling up the DagBag from /opt/airflow/dags/daily_inventory_pipeline.py
[2026-08-23T04:01:07.582+0000] {processor.py:925} INFO - DAG(s) 'daily_inventory_pipeline' retrieved from /opt/airflow/dags/daily_inventory_pipeline.py
[2026-08-23T04:01:07.602+0000] {logging_mixin.py:190} INFO - [2026-08-23T04:01:07.602+0000] {dag.py:3239} INFO - Sync 1 DAGs
[2026-08-23T04:01:07.617+0000] {logging_mixin.py:190} INFO - [2026-08-23T04:01:07.617+0000] {dag.py:4180} INFO - Setting next_dagrun for daily_inventory_pipeline to 2026-08-22 18:30:00+00:00, run_after=2026-08-23 18:30:00+00:00
[2026-08-23T04:01:07.629+0000] {processor.py:208} INFO - Processing /opt/airflow/dags/daily_inventory_pipeline.py took 0.153 seconds
[2026-08-23T04:01:37.920+0000] {processor.py:186} INFO - Started process (PID=4059) to work on /opt/airflow/dags/daily_inventory_pipeline.py
[2026-08-23T04:01:37.921+0000] {processor.py:914} INFO - Processing file /opt/airflow/dags/daily_inventory_pipeline.py for tasks to queue
[2026-08-23T04:01:37.924+0000] {logging_mixin.py:190} INFO - [2026-08-23T04:01:37.923+0000] {dagbag.py:588} INFO - Filling up the DagBag from /opt/airflow/dags/daily_inventory_pipeline.py
[2026-08-23T04:01:38.033+0000] {processor.py:925} INFO - DAG(s) 'daily_inventory_pipeline' retrieved from /opt/airflow/dags/daily_inventory_pipeline.py
[2026-08-23T04:01:38.055+0000] {logging_mixin.py:190} INFO - [2026-08-23T04:01:38.055+0000] {dag.py:3239} INFO - Sync 1 DAGs
[2026-08-23T04:01:38.073+0000] {logging_mixin.py:190} INFO - [2026-08-23T04:01:38.073+0000] {dag.py:4180} INFO - Setting next_dagrun for daily_inventory_pipeline to 2026-08-22 18:30:00+00:00, run_after=2026-08-23 18:30:00+00:00
[2026-08-23T04:01:38.090+0000] {processor.py:208} INFO - Processing /opt/airflow/dags/daily_inventory_pipeline.py took 0.175 seconds
[2026-08-23T04:02:08.199+0000] {processor.py:186} INFO - Started process (PID=4069) to work on /opt/airflow/dags/daily_inventory_pipeline.py
[2026-08-23T04:02:08.200+0000] {processor.py:914} INFO - Processing file /opt/airflow/dags/daily_inventory_pipeline.py for tasks to queue
[2026-08-23T04:02:08.202+0000] {logging_mixin.py:190} INFO - [2026-08-23T04:02:08.202+0000] {dagbag.py:588} INFO - Filling up the DagBag from /opt/airflow/dags/daily_inventory_pipeline.py
[2026-08-23T04:02:08.299+0000] {processor.py:925} INFO - DAG(s) 'daily_inventory_pipeline' retrieved from /opt/airflow/dags/daily_inventory_pipeline.py
[2026-08-23T04:02:08.321+0000] {logging_mixin.py:190} INFO - [2026-08-23T04:02:08.320+0000] {dag.py:3239} INFO - Sync 1 DAGs
[2026-08-23T04:02:08.339+0000] {logging_mixin.py:190} INFO - [2026-08-23T04:02:08.339+0000] {dag.py:4180} INFO - Setting next_dagrun for daily_inventory_pipeline to 2026-08-22 18:30:00+00:00, run_after=2026-08-23 18:30:00+00:00
[2026-08-23T04:02:08.463+0000] {processor.py:208} INFO - Processing /opt/airflow/dags/daily_inventory_pipeline.py took 0.269 seconds
[2026-08-23T04:02:38.596+0000] {processor.py:186} INFO - Started process (PID=4079) to work on /opt/airflow/dags/daily_inventory_pipeline.py
[2026-08-23T04:02:38.597+0000] {processor.py:914} INFO - Processing file /opt/airflow/dags/daily_inventory_pipeline.py for tasks to queue
[2026-08-23T04:02:38.598+0000] {logging_mixin.py:190} INFO - [2026-08-23T04:02:38.598+0000] {dagbag.py:588} INFO - Filling up the DagBag from /opt/airflow/dags/daily_inventory_pipeline.py
[2026-08-23T04:02:38.685+0000] {processor.py:925} INFO - DAG(s) 'daily_inventory_pipeline' retrieved from /opt/airflow/dags/daily_inventory_pipeline.py
[2026-08-23T04:02:38.705+0000] {logging_mixin.py:190} INFO - [2026-08-23T04:02:38.705+0000] {dag.py:3239} INFO - Sync 1 DAGs
[2026-08-23T04:02:38.727+0000] {logging_mixin.py:190} INFO - [2026-08-23T04:02:38.727+0000] {dag.py:4180} INFO - Setting next_dagrun for daily_inventory_pipeline to 2026-08-22 18:30:00+00:00, run_after=2026-08-23 18:30:00+00:00
[2026-08-23T04:02:38.743+0000] {processor.py:208} INFO - Processing /opt/airflow/dags/daily_inventory_pipeline.py took 0.152 seconds
[2026-08-23T04:03:08.880+0000] {processor.py:186} INFO - Started process (PID=4089) to work on /opt/airflow/dags/daily_inventory_pipeline.py
[2026-08-23T04:03:08.881+0000] {processor.py:914} INFO - Processing file /opt/airflow/dags/daily_inventory_pipeline.py for tasks to queue
[2026-08-23T04:03:08.882+0000] {logging_mixin.py:190} INFO - [2026-08-23T04:03:08.882+0000] {dagbag.py:588} INFO - Filling up the DagBag from /opt/airflow/dags/daily_inventory_pipeline.py
[2026-08-23T04:03:08.975+0000] {processor.py:925} INFO - DAG(s) 'daily_inventory_pipeline' retrieved from /opt/airflow/dags/daily_inventory_pipeline.py
[2026-08-23T04:03:08.995+0000] {logging_mixin.py:190} INFO - [2026-08-23T04:03:08.995+0000] {dag.py:3239} INFO - Sync 1 DAGs
[2026-08-23T04:03:09.011+0000] {logging_mixin.py:190} INFO - [2026-08-23T04:03:09.011+0000] {dag.py:4180} INFO - Setting next_dagrun for daily_inventory_pipeline to 2026-08-22 18:30:00+00:00, run_after=2026-08-23 18:30:00+00:00
[2026-08-23T04:03:09.027+0000] {processor.py:208} INFO - Processing /opt/airflow/dags/daily_inventory_pipeline.py took 0.153 seconds
[2026-08-23T04:03:39.063+0000] {processor.py:186} INFO - Started process (PID=4096) to work on /opt/airflow/dags/daily_inventory_pipeline.py
[2026-08-23T04:03:39.064+0000] {processor.py:914} INFO - Processing file /opt/airflow/dags/daily_inventory_pipeline.py for tasks to queue
[2026-08-23T04:03:39.066+0000] {logging_mixin.py:190} INFO - [2026-08-23T04:03:39.066+0000] {dagbag.py:588} INFO - Filling up the DagBag from /opt/airflow/dags/daily_inventory_pipeline.py
[2026-08-23T04:03:39.195+0000] {processor.py:925} INFO - DAG(s) 'daily_inventory_pipeline' retrieved from /opt/airflow/dags/daily_inventory_pipeline.py
[2026-08-23T04:03:39.217+0000] {logging_mixin.py:190} INFO - [2026-08-23T04:03:39.217+0000] {dag.py:3239} INFO - Sync 1 DAGs
[2026-08-23T04:03:39.234+0000] {logging_mixin.py:190} INFO - [2026-08-23T04:03:39.234+0000] {dag.py:4180} INFO - Setting next_dagrun for daily_inventory_pipeline to 2026-08-22 18:30:00+00:00, run_after=2026-08-23 18:30:00+00:00
[2026-08-23T04:03:39.249+0000] {processor.py:208} INFO - Processing /opt/airflow/dags/daily_inventory_pipeline.py took 0.191 seconds
[2026-08-23T04:04:09.529+0000] {processor.py:186} INFO - Started process (PID=4109) to work on /opt/airflow/dags/daily_inventory_pipeline.py
[2026-08-23T04:04:09.530+0000] {processor.py:914} INFO - Processing file /opt/airflow/dags/daily_inventory_pipeline.py for tasks to queue
[2026-08-23T04:04:09.532+0000] {logging_mixin.py:190} INFO - [2026-08-23T04:04:09.531+0000] {dagbag.py:588} INFO - Filling up the DagBag from /opt/airflow/dags/daily_inventory_pipeline.py
[2026-08-23T04:04:09.631+0000] {processor.py:925} INFO - DAG(s) 'daily_inventory_pipeline' retrieved from /opt/airflow/dags/daily_inventory_pipeline.py
[2026-08-23T04:04:09.651+0000] {logging_mixin.py:190} INFO - [2026-08-23T04:04:09.651+0000] {dag.py:3239} INFO - Sync 1 DAGs
[2026-08-23T04:04:09.668+0000] {logging_mixin.py:190} INFO - [2026-08-23T04:04:09.668+0000] {dag.py:4180} INFO - Setting next_dagrun for daily_inventory_pipeline to 2026-08-22 18:30:00+00:00, run_after=2026-08-23 18:30:00+00:00
[2026-08-23T04:04:09.687+0000] {processor.py:208} INFO - Processing /opt/airflow/dags/daily_inventory_pipeline.py took 0.163 seconds
[2026-08-23T04:04:39.980+0000] {processor.py:186} INFO - Started process (PID=4119) to work on /opt/airflow/dags/daily_inventory_pipeline.py
[2026-08-23T04:04:39.980+0000] {processor.py:914} INFO - Processing file /opt/airflow/dags/daily_inventory_pipeline.py for tasks to queue
[2026-08-23T04:04:39.982+0000] {logging_mixin.py:190} INFO - [2026-08-23T04:04:39.982+0000] {dagbag.py:588} INFO - Filling up the DagBag from /opt/airflow/dags/daily_inventory_pipeline.py
[2026-08-23T04:04:40.072+0000] {processor.py:925} INFO - DAG(s) 'daily_inventory_pipeline' retrieved from /opt/airflow/dags/daily_inventory_pipeline.py
[2026-08-23T04:04:40.092+0000] {logging_mixin.py:190} INFO - [2026-08-23T04:04:40.092+0000] {dag.py:3239} INFO - Sync 1 DAGs
[2026-08-23T04:04:40.108+0000] {logging_mixin.py:190} INFO - [2026-08-23T04:04:40.108+0000] {dag.py:4180} INFO - Setting next_dagrun for daily_inventory_pipeline to 2026-08-22 18:30:00+00:00, run_after=2026-08-23 18:30:00+00:00
[2026-08-23T04:04:40.215+0000] {processor.py:208} INFO - Processing /opt/airflow/dags/daily_inventory_pipeline.py took 0.241 seconds
[2026-08-23T04:05:10.421+0000] {processor.py:186} INFO - Started process (PID=4129) to work on /opt/airflow/dags/daily_inventory_pipeline.py
[2026-08-23T04:05:10.422+0000] {processor.py:914} INFO - Processing file /opt/airflow/dags/daily_inventory_pipeline.py for tasks to queue
[2026-08-23T04:05:10.424+0000] {logging_mixin.py:190} INFO - [2026-08-23T04:05:10.423+0000] {dagbag.py:588} INFO - Filling up the DagBag from /opt/airflow/dags/daily_inventory_pipeline.py
[2026-08-23T04:05:10.538+0000] {processor.py:925} INFO - DAG(s) 'daily_inventory_pipeline' retrieved from /opt/airflow/dags/daily_inventory_pipeline.py
[2026-08-23T04:05:10.559+0000] {logging_mixin.py:190} INFO - [2026-08-23T04:05:10.559+0000] {dag.py:3239} INFO - Sync 1 DAGs
[2026-08-23T04:05:10.577+0000] {logging_mixin.py:190} INFO - [2026-08-23T04:05:10.577+0000] {dag.py:4180} INFO - Setting next_dagrun for daily_inventory_pipeline to 2026-08-22 18:30:00+00:00, run_after=2026-08-23 18:30:00+00:00
[2026-08-23T04:05:10.590+0000] {processor.py:208} INFO - Processing /opt/airflow/dags/daily_inventory_pipeline.py took 0.174 seconds
[2026-08-23T04:05:40.844+0000] {processor.py:186} INFO - Started process (PID=4139) to work on /opt/airflow/dags/daily_inventory_pipeline.py
[2026-08-23T04:05:40.845+0000] {processor.py:914} INFO - Processing file /opt/airflow/dags/daily_inventory_pipeline.py for tasks to queue
[2026-08-23T04:05:40.846+0000] {logging_mixin.py:190} INFO - [2026-08-23T04:05:40.846+0000] {dagbag.py:588} INFO - Filling up the DagBag from /opt/airflow/dags/daily_inventory_pipeline.py
[2026-08-23T04:05:40.939+0000] {processor.py:925} INFO - DAG(s) 'daily_inventory_pipeline' retrieved from /opt/airflow/dags/daily_inventory_pipeline.py
[2026-08-23T04:05:40.960+0000] {logging_mixin.py:190} INFO - [2026-08-23T04:05:40.959+0000] {dag.py:3239} INFO - Sync 1 DAGs
[2026-08-23T04:05:40.976+0000] {logging_mixin.py:190} INFO - [2026-08-23T04:05:40.976+0000] {dag.py:4180} INFO - Setting next_dagrun for daily_inventory_pipeline to 2026-08-22 18:30:00+00:00, run_after=2026-08-23 18:30:00+00:00
[2026-08-23T04:05:40.989+0000] {processor.py:208} INFO - Processing /opt/airflow/dags/daily_inventory_pipeline.py took 0.150 seconds
[2026-08-23T04:06:11.080+0000] {processor.py:186} INFO - Started process (PID=4149) to work on /opt/airflow/dags/daily_inventory_pipeline.py
[2026-08-23T04:06:11.081+0000] {processor.py:914} INFO - Processing file /opt/airflow/dags/daily_inventory_pipeline.py for tasks to queue
[2026-08-23T04:06:11.083+0000] {logging_mixin.py:190} INFO - [2026-08-23T04:06:11.083+0000] {dagbag.py:588} INFO - Filling up the DagBag from /opt/airflow/dags/daily_inventory_pipeline.py
[2026-08-23T04:06:11.185+0000] {processor.py:925} INFO - DAG(s) 'daily_inventory_pipeline' retrieved from /opt/airflow/dags/daily_inventory_pipeline.py
[2026-08-23T04:06:11.208+0000] {logging_mixin.py:190} INFO - [2026-08-23T04:06:11.208+0000] {dag.py:3239} INFO - Sync 1 DAGs
[2026-08-23T04:06:11.226+0000] {logging_mixin.py:190} INFO - [2026-08-23T04:06:11.225+0000] {dag.py:4180} INFO - Setting next_dagrun for daily_inventory_pipeline to 2026-08-22 18:30:00+00:00, run_after=2026-08-23 18:30:00+00:00
[2026-08-23T04:06:11.240+0000] {processor.py:208} INFO - Processing /opt/airflow/dags/daily_inventory_pipeline.py took 0.166 seconds
[2026-08-23T04:06:41.427+0000] {processor.py:186} INFO - Started process (PID=4159) to work on /opt/airflow/dags/daily_inventory_pipeline.py
[2026-08-23T04:06:41.428+0000] {processor.py:914} INFO - Processing file /opt/airflow/dags/daily_inventory_pipeline.py for tasks to queue
[2026-08-23T04:06:41.430+0000] {logging_mixin.py:190} INFO - [2026-08-23T04:06:41.430+0000] {dagbag.py:588} INFO - Filling up the DagBag from /opt/airflow/dags/daily_inventory_pipeline.py
[2026-08-23T04:06:41.535+0000] {processor.py:925} INFO - DAG(s) 'daily_inventory_pipeline' retrieved from /opt/airflow/dags/daily_inventory_pipeline.py
[2026-08-23T04:06:41.555+0000] {logging_mixin.py:190} INFO - [2026-08-23T04:06:41.555+0000] {dag.py:3239} INFO - Sync 1 DAGs
[2026-08-23T04:06:41.572+0000] {logging_mixin.py:190} INFO - [2026-08-23T04:06:41.572+0000] {dag.py:4180} INFO - Setting next_dagrun for daily_inventory_pipeline to 2026-08-22 18:30:00+00:00, run_after=2026-08-23 18:30:00+00:00
[2026-08-23T04:06:41.587+0000] {processor.py:208} INFO - Processing /opt/airflow/dags/daily_inventory_pipeline.py took 0.166 seconds
[2026-08-23T04:07:11.707+0000] {processor.py:186} INFO - Started process (PID=4169) to work on /opt/airflow/dags/daily_inventory_pipeline.py
[2026-08-23T04:07:11.708+0000] {processor.py:914} INFO - Processing file /opt/airflow/dags/daily_inventory_pipeline.py for tasks to queue
[2026-08-23T04:07:11.710+0000] {logging_mixin.py:190} INFO - [2026-08-23T04:07:11.710+0000] {dagbag.py:588} INFO - Filling up the DagBag from /opt/airflow/dags/daily_inventory_pipeline.py
[2026-08-23T04:07:11.835+0000] {processor.py:925} INFO - DAG(s) 'daily_inventory_pipeline' retrieved from /opt/airflow/dags/daily_inventory_pipeline.py
[2026-08-23T04:07:11.855+0000] {logging_mixin.py:190} INFO - [2026-08-23T04:07:11.855+0000] {dag.py:3239} INFO - Sync 1 DAGs
[2026-08-23T04:07:11.873+0000] {logging_mixin.py:190} INFO - [2026-08-23T04:07:11.873+0000] {dag.py:4180} INFO - Setting next_dagrun for daily_inventory_pipeline to 2026-08-22 18:30:00+00:00, run_after=2026-08-23 18:30:00+00:00
[2026-08-23T04:07:11.888+0000] {processor.py:208} INFO - Processing /opt/airflow/dags/daily_inventory_pipeline.py took 0.186 seconds
[2026-08-23T04:07:42.103+0000] {processor.py:186} INFO - Started process (PID=4179) to work on /opt/airflow/dags/daily_inventory_pipeline.py
[2026-08-23T04:07:42.103+0000] {processor.py:914} INFO - Processing file /opt/airflow/dags/daily_inventory_pipeline.py for tasks to queue
[2026-08-23T04:07:42.105+0000] {logging_mixin.py:190} INFO - [2026-08-23T04:07:42.105+0000] {dagbag.py:588} INFO - Filling up the DagBag from /opt/airflow/dags/daily_inventory_pipeline.py
[2026-08-23T04:07:42.202+0000] {processor.py:925} INFO - DAG(s) 'daily_inventory_pipeline' retrieved from /opt/airflow/dags/daily_inventory_pipeline.py
[2026-08-23T04:07:42.224+0000] {logging_mixin.py:190} INFO - [2026-08-23T04:07:42.224+0000] {dag.py:3239} INFO - Sync 1 DAGs
[2026-08-23T04:07:42.242+0000] {logging_mixin.py:190} INFO - [2026-08-23T04:07:42.242+0000] {dag.py:4180} INFO - Setting next_dagrun for daily_inventory_pipeline to 2026-08-22 18:30:00+00:00, run_after=2026-08-23 18:30:00+00:00
[2026-08-23T04:07:42.378+0000] {processor.py:208} INFO - Processing /opt/airflow/dags/daily_inventory_pipeline.py took 0.281 seconds
[2026-08-23T04:08:12.453+0000] {processor.py:186} INFO - Started process (PID=4189) to work on /opt/airflow/dags/daily_inventory_pipeline.py
[2026-08-23T04:08:12.453+0000] {processor.py:914} INFO - Processing file /opt/airflow/dags/daily_inventory_pipeline.py for tasks to queue
[2026-08-23T04:08:12.455+0000] {logging_mixin.py:190} INFO - [2026-08-23T04:08:12.455+0000] {dagbag.py:588} INFO - Filling up the DagBag from /opt/airflow/dags/daily_inventory_pipeline.py
[2026-08-23T04:08:12.556+0000] {processor.py:925} INFO - DAG(s) 'daily_inventory_pipeline' retrieved from /opt/airflow/dags/daily_inventory_pipeline.py
[2026-08-23T04:08:12.580+0000] {logging_mixin.py:190} INFO - [2026-08-23T04:08:12.579+0000] {dag.py:3239} INFO - Sync 1 DAGs
[2026-08-23T04:08:12.599+0000] {logging_mixin.py:190} INFO - [2026-08-23T04:08:12.599+0000] {dag.py:4180} INFO - Setting next_dagrun for daily_inventory_pipeline to 2026-08-22 18:30:00+00:00, run_after=2026-08-23 18:30:00+00:00
[2026-08-23T04:08:12.614+0000] {processor.py:208} INFO - Processing /opt/airflow/dags/daily_inventory_pipeline.py took 0.168 seconds
[2026-08-23T04:08:42.827+0000] {processor.py:186} INFO - Started process (PID=4199) to work on /opt/airflow/dags/daily_inventory_pipeline.py
[2026-08-23T04:08:42.828+0000] {processor.py:914} INFO - Processing file /opt/airflow/dags/daily_inventory_pipeline.py for tasks to queue
[2026-08-23T04:08:42.831+0000] {logging_mixin.py:190} INFO - [2026-08-23T04:08:42.831+0000] {dagbag.py:588} INFO - Filling up the DagBag from /opt/airflow/dags/daily_inventory_pipeline.py
[2026-08-23T04:08:42.924+0000] {processor.py:925} INFO - DAG(s) 'daily_inventory_pipeline' retrieved from /opt/airflow/dags/daily_inventory_pipeline.py
[2026-08-23T04:08:42.951+0000] {logging_mixin.py:190} INFO - [2026-08-23T04:08:42.951+0000] {dag.py:3239} INFO - Sync 1 DAGs
[2026-08-23T04:08:42.967+0000] {logging_mixin.py:190} INFO - [2026-08-23T04:08:42.966+0000] {dag.py:4180} INFO - Setting next_dagrun for daily_inventory_pipeline to 2026-08-22 18:30:00+00:00, run_after=2026-08-23 18:30:00+00:00
[2026-08-23T04:08:42.985+0000] {processor.py:208} INFO - Processing /opt/airflow/dags/daily_inventory_pipeline.py took 0.165 seconds
[2026-08-23T04:09:13.134+0000] {processor.py:186} INFO - Started process (PID=4209) to work on /opt/airflow/dags/daily_inventory_pipeline.py
[2026-08-23T04:09:13.134+0000] {processor.py:914} INFO - Processing file /opt/airflow/dags/daily_inventory_pipeline.py for tasks to queue
[2026-08-23T04:09:13.136+0000] {logging_mixin.py:190} INFO - [2026-08-23T04:09:13.136+0000] {dagbag.py:588} INFO - Filling up the DagBag from /opt/airflow/dags/daily_inventory_pipeline.py
[2026-08-23T04:09:13.239+0000] {processor.py:925} INFO - DAG(s) 'daily_inventory_pipeline' retrieved from /opt/airflow/dags/daily_inventory_pipeline.py
[2026-08-23T04:09:13.265+0000] {logging_mixin.py:190} INFO - [2026-08-23T04:09:13.265+0000] {dag.py:3239} INFO - Sync 1 DAGs
[2026-08-23T04:09:13.282+0000] {logging_mixin.py:190} INFO - [2026-08-23T04:09:13.282+0000] {dag.py:4180} INFO - Setting next_dagrun for daily_inventory_pipeline to 2026-08-22 18:30:00+00:00, run_after=2026-08-23 18:30:00+00:00
[2026-08-23T04:09:13.297+0000] {processor.py:208} INFO - Processing /opt/airflow/dags/daily_inventory_pipeline.py took 0.169 seconds
[2026-08-23T04:09:43.501+0000] {processor.py:186} INFO - Started process (PID=4219) to work on /opt/airflow/dags/daily_inventory_pipeline.py
[2026-08-23T04:09:43.502+0000] {processor.py:914} INFO - Processing file /opt/airflow/dags/daily_inventory_pipeline.py for tasks to queue
[2026-08-23T04:09:43.503+0000] {logging_mixin.py:190} INFO - [2026-08-23T04:09:43.503+0000] {dagbag.py:588} INFO - Filling up the DagBag from /opt/airflow/dags/daily_inventory_pipeline.py
[2026-08-23T04:09:43.589+0000] {processor.py:925} INFO - DAG(s) 'daily_inventory_pipeline' retrieved from /opt/airflow/dags/daily_inventory_pipeline.py
[2026-08-23T04:09:43.612+0000] {logging_mixin.py:190} INFO - [2026-08-23T04:09:43.612+0000] {dag.py:3239} INFO - Sync 1 DAGs
[2026-08-23T04:09:43.627+0000] {logging_mixin.py:190} INFO - [2026-08-23T04:09:43.627+0000] {dag.py:4180} INFO - Setting next_dagrun for daily_inventory_pipeline to 2026-08-22 18:30:00+00:00, run_after=2026-08-23 18:30:00+00:00
[2026-08-23T04:09:43.641+0000] {processor.py:208} INFO - Processing /opt/airflow/dags/daily_inventory_pipeline.py took 0.145 seconds
[2026-08-23T04:10:13.811+0000] {processor.py:186} INFO - Started process (PID=4229) to work on /opt/airflow/dags/daily_inventory_pipeline.py
[2026-08-23T04:10:13.812+0000] {processor.py:914} INFO - Processing file /opt/airflow/dags/daily_inventory_pipeline.py for tasks to queue
[2026-08-23T04:10:13.814+0000] {logging_mixin.py:190} INFO - [2026-08-23T04:10:13.813+0000] {dagbag.py:588} INFO - Filling up the DagBag from /opt/airflow/dags/daily_inventory_pipeline.py
[2026-08-23T04:10:13.904+0000] {processor.py:925} INFO - DAG(s) 'daily_inventory_pipeline' retrieved from /opt/airflow/dags/daily_inventory_pipeline.py
[2026-08-23T04:10:13.932+0000] {logging_mixin.py:190} INFO - [2026-08-23T04:10:13.932+0000] {dag.py:3239} INFO - Sync 1 DAGs
[2026-08-23T04:10:13.949+0000] {logging_mixin.py:190} INFO - [2026-08-23T04:10:13.948+0000] {dag.py:4180} INFO - Setting next_dagrun for daily_inventory_pipeline to 2026-08-22 18:30:00+00:00, run_after=2026-08-23 18:30:00+00:00
[2026-08-23T04:10:13.963+0000] {processor.py:208} INFO - Processing /opt/airflow/dags/daily_inventory_pipeline.py took 0.157 seconds
[2026-08-23T04:10:44.205+0000] {processor.py:186} INFO - Started process (PID=4239) to work on /opt/airflow/dags/daily_inventory_pipeline.py
[2026-08-23T04:10:44.205+0000] {processor.py:914} INFO - Processing file /opt/airflow/dags/daily_inventory_pipeline.py for tasks to queue
[2026-08-23T04:10:44.207+0000] {logging_mixin.py:190} INFO - [2026-08-23T04:10:44.207+0000] {dagbag.py:588} INFO - Filling up the DagBag from /opt/airflow/dags/daily_inventory_pipeline.py
[2026-08-23T04:10:44.305+0000] {processor.py:925} INFO - DAG(s) 'daily_inventory_pipeline' retrieved from /opt/airflow/dags/daily_inventory_pipeline.py
[2026-08-23T04:10:44.330+0000] {logging_mixin.py:190} INFO - [2026-08-23T04:10:44.330+0000] {dag.py:3239} INFO - Sync 1 DAGs
[2026-08-23T04:10:44.448+0000] {logging_mixin.py:190} INFO - [2026-08-23T04:10:44.447+0000] {dag.py:4180} INFO - Setting next_dagrun for daily_inventory_pipeline to 2026-08-22 18:30:00+00:00, run_after=2026-08-23 18:30:00+00:00
[2026-08-23T04:10:44.460+0000] {processor.py:208} INFO - Processing /opt/airflow/dags/daily_inventory_pipeline.py took 0.260 seconds
[2026-08-23T04:11:14.641+0000] {processor.py:186} INFO - Started process (PID=4249) to work on /opt/airflow/dags/daily_inventory_pipeline.py
[2026-08-23T04:11:14.642+0000] {processor.py:914} INFO - Processing file /opt/airflow/dags/daily_inventory_pipeline.py for tasks to queue
[2026-08-23T04:11:14.644+0000] {logging_mixin.py:190} INFO - [2026-08-23T04:11:14.643+0000] {dagbag.py:588} INFO - Filling up the DagBag from /opt/airflow/dags/daily_inventory_pipeline.py
[2026-08-23T04:11:14.750+0000] {processor.py:925} INFO - DAG(s) 'daily_inventory_pipeline' retrieved from /opt/airflow/dags/daily_inventory_pipeline.py
[2026-08-23T04:11:14.775+0000] {logging_mixin.py:190} INFO - [2026-08-23T04:11:14.775+0000] {dag.py:3239} INFO - Sync 1 DAGs
[2026-08-23T04:11:14.792+0000] {logging_mixin.py:190} INFO - [2026-08-23T04:11:14.792+0000] {dag.py:4180} INFO - Setting next_dagrun for daily_inventory_pipeline to 2026-08-22 18:30:00+00:00, run_after=2026-08-23 18:30:00+00:00
[2026-08-23T04:11:14.806+0000] {processor.py:208} INFO - Processing /opt/airflow/dags/daily_inventory_pipeline.py took 0.171 seconds
[2026-08-23T04:11:44.873+0000] {processor.py:186} INFO - Started process (PID=4259) to work on /opt/airflow/dags/daily_inventory_pipeline.py
[2026-08-23T04:11:44.874+0000] {processor.py:914} INFO - Processing file /opt/airflow/dags/daily_inventory_pipeline.py for tasks to queue
[2026-08-23T04:11:44.876+0000] {logging_mixin.py:190} INFO - [2026-08-23T04:11:44.876+0000] {dagbag.py:588} INFO - Filling up the DagBag from /opt/airflow/dags/daily_inventory_pipeline.py
[2026-08-23T04:11:44.962+0000] {processor.py:925} INFO - DAG(s) 'daily_inventory_pipeline' retrieved from /opt/airflow/dags/daily_inventory_pipeline.py
[2026-08-23T04:11:44.988+0000] {logging_mixin.py:190} INFO - [2026-08-23T04:11:44.988+0000] {dag.py:3239} INFO - Sync 1 DAGs
[2026-08-23T04:11:45.005+0000] {logging_mixin.py:190} INFO - [2026-08-23T04:11:45.005+0000] {dag.py:4180} INFO - Setting next_dagrun for daily_inventory_pipeline to 2026-08-22 18:30:00+00:00, run_after=2026-08-23 18:30:00+00:00
[2026-08-23T04:11:45.018+0000] {processor.py:208} INFO - Processing /opt/airflow/dags/daily_inventory_pipeline.py took 0.152 seconds
[2026-08-23T04:12:15.261+0000] {processor.py:186} INFO - Started process (PID=4269) to work on /opt/airflow/dags/daily_inventory_pipeline.py
[2026-08-23T04:12:15.262+0000] {processor.py:914} INFO - Processing file /opt/airflow/dags/daily_inventory_pipeline.py for tasks to queue
[2026-08-23T04:12:15.263+0000] {logging_mixin.py:190} INFO - [2026-08-23T04:12:15.263+0000] {dagbag.py:588} INFO - Filling up the DagBag from /opt/airflow/dags/daily_inventory_pipeline.py
[2026-08-23T04:12:15.352+0000] {processor.py:925} INFO - DAG(s) 'daily_inventory_pipeline' retrieved from /opt/airflow/dags/daily_inventory_pipeline.py
[2026-08-23T04:12:15.376+0000] {logging_mixin.py:190} INFO - [2026-08-23T04:12:15.375+0000] {dag.py:3239} INFO - Sync 1 DAGs
[2026-08-23T04:12:15.391+0000] {logging_mixin.py:190} INFO - [2026-08-23T04:12:15.391+0000] {dag.py:4180} INFO - Setting next_dagrun for daily_inventory_pipeline to 2026-08-22 18:30:00+00:00, run_after=2026-08-23 18:30:00+00:00
[2026-08-23T04:12:15.410+0000] {processor.py:208} INFO - Processing /opt/airflow/dags/daily_inventory_pipeline.py took 0.155 seconds
[2026-08-23T04:12:45.553+0000] {processor.py:186} INFO - Started process (PID=4279) to work on /opt/airflow/dags/daily_inventory_pipeline.py
[2026-08-23T04:12:45.556+0000] {processor.py:914} INFO - Processing file /opt/airflow/dags/daily_inventory_pipeline.py for tasks to queue
[2026-08-23T04:12:45.560+0000] {logging_mixin.py:190} INFO - [2026-08-23T04:12:45.559+0000] {dagbag.py:588} INFO - Filling up the DagBag from /opt/airflow/dags/daily_inventory_pipeline.py
[2026-08-23T04:12:45.708+0000] {processor.py:925} INFO - DAG(s) 'daily_inventory_pipeline' retrieved from /opt/airflow/dags/daily_inventory_pipeline.py
[2026-08-23T04:12:45.735+0000] {logging_mixin.py:190} INFO - [2026-08-23T04:12:45.735+0000] {dag.py:3239} INFO - Sync 1 DAGs
[2026-08-23T04:12:45.753+0000] {logging_mixin.py:190} INFO - [2026-08-23T04:12:45.753+0000] {dag.py:4180} INFO - Setting next_dagrun for daily_inventory_pipeline to 2026-08-22 18:30:00+00:00, run_after=2026-08-23 18:30:00+00:00
[2026-08-23T04:12:45.768+0000] {processor.py:208} INFO - Processing /opt/airflow/dags/daily_inventory_pipeline.py took 0.225 seconds
[2026-08-23T04:13:15.939+0000] {processor.py:186} INFO - Started process (PID=4289) to work on /opt/airflow/dags/daily_inventory_pipeline.py
[2026-08-23T04:13:15.940+0000] {processor.py:914} INFO - Processing file /opt/airflow/dags/daily_inventory_pipeline.py for tasks to queue
[2026-08-23T04:13:15.942+0000] {logging_mixin.py:190} INFO - [2026-08-23T04:13:15.941+0000] {dagbag.py:588} INFO - Filling up the DagBag from /opt/airflow/dags/daily_inventory_pipeline.py
[2026-08-23T04:13:16.029+0000] {processor.py:925} INFO - DAG(s) 'daily_inventory_pipeline' retrieved from /opt/airflow/dags/daily_inventory_pipeline.py
[2026-08-23T04:13:16.052+0000] {logging_mixin.py:190} INFO - [2026-08-23T04:13:16.052+0000] {dag.py:3239} INFO - Sync 1 DAGs
[2026-08-23T04:13:16.067+0000] {logging_mixin.py:190} INFO - [2026-08-23T04:13:16.067+0000] {dag.py:4180} INFO - Setting next_dagrun for daily_inventory_pipeline to 2026-08-22 18:30:00+00:00, run_after=2026-08-23 18:30:00+00:00
[2026-08-23T04:13:16.174+0000] {processor.py:208} INFO - Processing /opt/airflow/dags/daily_inventory_pipeline.py took 0.240 seconds
[2026-08-23T04:13:46.249+0000] {processor.py:186} INFO - Started process (PID=4299) to work on /opt/airflow/dags/daily_inventory_pipeline.py
[2026-08-23T04:13:46.250+0000] {processor.py:914} INFO - Processing file /opt/airflow/dags/daily_inventory_pipeline.py for tasks to queue
[2026-08-23T04:13:46.252+0000] {logging_mixin.py:190} INFO - [2026-08-23T04:13:46.252+0000] {dagbag.py:588} INFO - Filling up the DagBag from /opt/airflow/dags/daily_inventory_pipeline.py
[2026-08-23T04:13:46.340+0000] {processor.py:925} INFO - DAG(s) 'daily_inventory_pipeline' retrieved from /opt/airflow/dags/daily_inventory_pipeline.py
[2026-08-23T04:13:46.363+0000] {logging_mixin.py:190} INFO - [2026-08-23T04:13:46.363+0000] {dag.py:3239} INFO - Sync 1 DAGs
[2026-08-23T04:13:46.380+0000] {logging_mixin.py:190} INFO - [2026-08-23T04:13:46.380+0000] {dag.py:4180} INFO - Setting next_dagrun for daily_inventory_pipeline to 2026-08-22 18:30:00+00:00, run_after=2026-08-23 18:30:00+00:00
[2026-08-23T04:13:46.393+0000] {processor.py:208} INFO - Processing /opt/airflow/dags/daily_inventory_pipeline.py took 0.149 seconds
[2026-08-23T04:14:16.580+0000] {processor.py:186} INFO - Started process (PID=4309) to work on /opt/airflow/dags/daily_inventory_pipeline.py
[2026-08-23T04:14:16.581+0000] {processor.py:914} INFO - Processing file /opt/airflow/dags/daily_inventory_pipeline.py for tasks to queue
[2026-08-23T04:14:16.583+0000] {logging_mixin.py:190} INFO - [2026-08-23T04:14:16.583+0000] {dagbag.py:588} INFO - Filling up the DagBag from /opt/airflow/dags/daily_inventory_pipeline.py
[2026-08-23T04:14:16.696+0000] {processor.py:925} INFO - DAG(s) 'daily_inventory_pipeline' retrieved from /opt/airflow/dags/daily_inventory_pipeline.py
[2026-08-23T04:14:16.721+0000] {logging_mixin.py:190} INFO - [2026-08-23T04:14:16.720+0000] {dag.py:3239} INFO - Sync 1 DAGs
[2026-08-23T04:14:16.737+0000] {logging_mixin.py:190} INFO - [2026-08-23T04:14:16.737+0000] {dag.py:4180} INFO - Setting next_dagrun for daily_inventory_pipeline to 2026-08-22 18:30:00+00:00, run_after=2026-08-23 18:30:00+00:00
[2026-08-23T04:14:16.751+0000] {processor.py:208} INFO - Processing /opt/airflow/dags/daily_inventory_pipeline.py took 0.176 seconds
[2026-08-23T04:14:46.999+0000] {processor.py:186} INFO - Started process (PID=4319) to work on /opt/airflow/dags/daily_inventory_pipeline.py
[2026-08-23T04:14:47.000+0000] {processor.py:914} INFO - Processing file /opt/airflow/dags/daily_inventory_pipeline.py for tasks to queue
[2026-08-23T04:14:47.001+0000] {logging_mixin.py:190} INFO - [2026-08-23T04:14:47.001+0000] {dagbag.py:588} INFO - Filling up the DagBag from /opt/airflow/dags/daily_inventory_pipeline.py
[2026-08-23T04:14:47.090+0000] {processor.py:925} INFO - DAG(s) 'daily_inventory_pipeline' retrieved from /opt/airflow/dags/daily_inventory_pipeline.py
[2026-08-23T04:14:47.109+0000] {logging_mixin.py:190} INFO - [2026-08-23T04:14:47.109+0000] {dag.py:3239} INFO - Sync 1 DAGs
[2026-08-23T04:14:47.124+0000] {logging_mixin.py:190} INFO - [2026-08-23T04:14:47.124+0000] {dag.py:4180} INFO - Setting next_dagrun for daily_inventory_pipeline to 2026-08-22 18:30:00+00:00, run_after=2026-08-23 18:30:00+00:00
[2026-08-23T04:14:47.138+0000] {processor.py:208} INFO - Processing /opt/airflow/dags/daily_inventory_pipeline.py took 0.145 seconds
[2026-08-23T04:15:17.350+0000] {processor.py:186} INFO - Started process (PID=4329) to work on /opt/airflow/dags/daily_inventory_pipeline.py
[2026-08-23T04:15:17.351+0000] {processor.py:914} INFO - Processing file /opt/airflow/dags/daily_inventory_pipeline.py for tasks to queue
[2026-08-23T04:15:17.353+0000] {logging_mixin.py:190} INFO - [2026-08-23T04:15:17.353+0000] {dagbag.py:588} INFO - Filling up the DagBag from /opt/airflow/dags/daily_inventory_pipeline.py
[2026-08-23T04:15:17.444+0000] {processor.py:925} INFO - DAG(s) 'daily_inventory_pipeline' retrieved from /opt/airflow/dags/daily_inventory_pipeline.py
[2026-08-23T04:15:17.463+0000] {logging_mixin.py:190} INFO - [2026-08-23T04:15:17.463+0000] {dag.py:3239} INFO - Sync 1 DAGs
[2026-08-23T04:15:17.480+0000] {logging_mixin.py:190} INFO - [2026-08-23T04:15:17.480+0000] {dag.py:4180} INFO - Setting next_dagrun for daily_inventory_pipeline to 2026-08-22 18:30:00+00:00, run_after=2026-08-23 18:30:00+00:00
[2026-08-23T04:15:17.492+0000] {processor.py:208} INFO - Processing /opt/airflow/dags/daily_inventory_pipeline.py took 0.147 seconds
[2026-08-23T04:15:47.778+0000] {processor.py:186} INFO - Started process (PID=4339) to work on /opt/airflow/dags/daily_inventory_pipeline.py
[2026-08-23T04:15:47.779+0000] {processor.py:914} INFO - Processing file /opt/airflow/dags/daily_inventory_pipeline.py for tasks to queue
[2026-08-23T04:15:47.781+0000] {logging_mixin.py:190} INFO - [2026-08-23T04:15:47.780+0000] {dagbag.py:588} INFO - Filling up the DagBag from /opt/airflow/dags/daily_inventory_pipeline.py
[2026-08-23T04:15:47.867+0000] {processor.py:925} INFO - DAG(s) 'daily_inventory_pipeline' retrieved from /opt/airflow/dags/daily_inventory_pipeline.py
[2026-08-23T04:15:47.885+0000] {logging_mixin.py:190} INFO - [2026-08-23T04:15:47.885+0000] {dag.py:3239} INFO - Sync 1 DAGs
[2026-08-23T04:15:47.901+0000] {logging_mixin.py:190} INFO - [2026-08-23T04:15:47.901+0000] {dag.py:4180} INFO - Setting next_dagrun for daily_inventory_pipeline to 2026-08-22 18:30:00+00:00, run_after=2026-08-23 18:30:00+00:00
[2026-08-23T04:15:47.919+0000] {processor.py:208} INFO - Processing /opt/airflow/dags/daily_inventory_pipeline.py took 0.146 seconds
[2026-08-23T04:16:18.056+0000] {processor.py:186} INFO - Started process (PID=4349) to work on /opt/airflow/dags/daily_inventory_pipeline.py
[2026-08-23T04:16:18.057+0000] {processor.py:914} INFO - Processing file /opt/airflow/dags/daily_inventory_pipeline.py for tasks to queue
[2026-08-23T04:16:18.059+0000] {logging_mixin.py:190} INFO - [2026-08-23T04:16:18.059+0000] {dagbag.py:588} INFO - Filling up the DagBag from /opt/airflow/dags/daily_inventory_pipeline.py
[2026-08-23T04:16:18.165+0000] {processor.py:925} INFO - DAG(s) 'daily_inventory_pipeline' retrieved from /opt/airflow/dags/daily_inventory_pipeline.py
[2026-08-23T04:16:18.187+0000] {logging_mixin.py:190} INFO - [2026-08-23T04:16:18.187+0000] {dag.py:3239} INFO - Sync 1 DAGs
[2026-08-23T04:16:18.316+0000] {logging_mixin.py:190} INFO - [2026-08-23T04:16:18.316+0000] {dag.py:4180} INFO - Setting next_dagrun for daily_inventory_pipeline to 2026-08-22 18:30:00+00:00, run_after=2026-08-23 18:30:00+00:00
[2026-08-23T04:16:18.329+0000] {processor.py:208} INFO - Processing /opt/airflow/dags/daily_inventory_pipeline.py took 0.280 seconds
[2026-08-23T04:16:48.544+0000] {processor.py:186} INFO - Started process (PID=4359) to work on /opt/airflow/dags/daily_inventory_pipeline.py
[2026-08-23T04:16:48.545+0000] {processor.py:914} INFO - Processing file /opt/airflow/dags/daily_inventory_pipeline.py for tasks to queue
[2026-08-23T04:16:48.547+0000] {logging_mixin.py:190} INFO - [2026-08-23T04:16:48.547+0000] {dagbag.py:588} INFO - Filling up the DagBag from /opt/airflow/dags/daily_inventory_pipeline.py
[2026-08-23T04:16:48.634+0000] {processor.py:925} INFO - DAG(s) 'daily_inventory_pipeline' retrieved from /opt/airflow/dags/daily_inventory_pipeline.py
[2026-08-23T04:16:48.656+0000] {logging_mixin.py:190} INFO - [2026-08-23T04:16:48.656+0000] {dag.py:3239} INFO - Sync 1 DAGs
[2026-08-23T04:16:48.673+0000] {logging_mixin.py:190} INFO - [2026-08-23T04:16:48.673+0000] {dag.py:4180} INFO - Setting next_dagrun for daily_inventory_pipeline to 2026-08-22 18:30:00+00:00, run_after=2026-08-23 18:30:00+00:00
[2026-08-23T04:16:48.686+0000] {processor.py:208} INFO - Processing /opt/airflow/dags/daily_inventory_pipeline.py took 0.147 seconds
[2026-08-23T04:17:18.773+0000] {processor.py:186} INFO - Started process (PID=4369) to work on /opt/airflow/dags/daily_inventory_pipeline.py
[2026-08-23T04:17:18.773+0000] {processor.py:914} INFO - Processing file /opt/airflow/dags/daily_inventory_pipeline.py for tasks to queue
[2026-08-23T04:17:18.775+0000] {logging_mixin.py:190} INFO - [2026-08-23T04:17:18.775+0000] {dagbag.py:588} INFO - Filling up the DagBag from /opt/airflow/dags/daily_inventory_pipeline.py
[2026-08-23T04:17:18.884+0000] {processor.py:925} INFO - DAG(s) 'daily_inventory_pipeline' retrieved from /opt/airflow/dags/daily_inventory_pipeline.py
[2026-08-23T04:17:18.907+0000] {logging_mixin.py:190} INFO - [2026-08-23T04:17:18.906+0000] {dag.py:3239} INFO - Sync 1 DAGs
[2026-08-23T04:17:18.924+0000] {logging_mixin.py:190} INFO - [2026-08-23T04:17:18.923+0000] {dag.py:4180} INFO - Setting next_dagrun for daily_inventory_pipeline to 2026-08-22 18:30:00+00:00, run_after=2026-08-23 18:30:00+00:00
[2026-08-23T04:17:18.938+0000] {processor.py:208} INFO - Processing /opt/airflow/dags/daily_inventory_pipeline.py took 0.171 seconds
[2026-08-23T04:17:49.145+0000] {processor.py:186} INFO - Started process (PID=4379) to work on /opt/airflow/dags/daily_inventory_pipeline.py
[2026-08-23T04:17:49.146+0000] {processor.py:914} INFO - Processing file /opt/airflow/dags/daily_inventory_pipeline.py for tasks to queue
[2026-08-23T04:17:49.147+0000] {logging_mixin.py:190} INFO - [2026-08-23T04:17:49.147+0000] {dagbag.py:588} INFO - Filling up the DagBag from /opt/airflow/dags/daily_inventory_pipeline.py
[2026-08-23T04:17:49.247+0000] {processor.py:925} INFO - DAG(s) 'daily_inventory_pipeline' retrieved from /opt/airflow/dags/daily_inventory_pipeline.py
[2026-08-23T04:17:49.268+0000] {logging_mixin.py:190} INFO - [2026-08-23T04:17:49.268+0000] {dag.py:3239} INFO - Sync 1 DAGs
[2026-08-23T04:17:49.286+0000] {logging_mixin.py:190} INFO - [2026-08-23T04:17:49.286+0000] {dag.py:4180} INFO - Setting next_dagrun for daily_inventory_pipeline to 2026-08-22 18:30:00+00:00, run_after=2026-08-23 18:30:00+00:00
[2026-08-23T04:17:49.299+0000] {processor.py:208} INFO - Processing /opt/airflow/dags/daily_inventory_pipeline.py took 0.160 seconds
[2026-08-23T04:18:19.487+0000] {processor.py:186} INFO - Started process (PID=4389) to work on /opt/airflow/dags/daily_inventory_pipeline.py
[2026-08-23T04:18:19.487+0000] {processor.py:914} INFO - Processing file /opt/airflow/dags/daily_inventory_pipeline.py for tasks to queue
[2026-08-23T04:18:19.489+0000] {logging_mixin.py:190} INFO - [2026-08-23T04:18:19.489+0000] {dagbag.py:588} INFO - Filling up the DagBag from /opt/airflow/dags/daily_inventory_pipeline.py
[2026-08-23T04:18:19.583+0000] {processor.py:925} INFO - DAG(s) 'daily_inventory_pipeline' retrieved from /opt/airflow/dags/daily_inventory_pipeline.py
[2026-08-23T04:18:19.604+0000] {logging_mixin.py:190} INFO - [2026-08-23T04:18:19.604+0000] {dag.py:3239} INFO - Sync 1 DAGs
[2026-08-23T04:18:19.620+0000] {logging_mixin.py:190} INFO - [2026-08-23T04:18:19.620+0000] {dag.py:4180} INFO - Setting next_dagrun for daily_inventory_pipeline to 2026-08-22 18:30:00+00:00, run_after=2026-08-23 18:30:00+00:00
[2026-08-23T04:18:19.634+0000] {processor.py:208} INFO - Processing /opt/airflow/dags/daily_inventory_pipeline.py took 0.152 seconds
[2026-08-23T04:18:49.930+0000] {processor.py:186} INFO - Started process (PID=4399) to work on /opt/airflow/dags/daily_inventory_pipeline.py
[2026-08-23T04:18:49.931+0000] {processor.py:914} INFO - Processing file /opt/airflow/dags/daily_inventory_pipeline.py for tasks to queue
[2026-08-23T04:18:49.932+0000] {logging_mixin.py:190} INFO - [2026-08-23T04:18:49.932+0000] {dagbag.py:588} INFO - Filling up the DagBag from /opt/airflow/dags/daily_inventory_pipeline.py
[2026-08-23T04:18:50.024+0000] {processor.py:925} INFO - DAG(s) 'daily_inventory_pipeline' retrieved from /opt/airflow/dags/daily_inventory_pipeline.py
[2026-08-23T04:18:50.044+0000] {logging_mixin.py:190} INFO - [2026-08-23T04:18:50.044+0000] {dag.py:3239} INFO - Sync 1 DAGs
[2026-08-23T04:18:50.060+0000] {logging_mixin.py:190} INFO - [2026-08-23T04:18:50.060+0000] {dag.py:4180} INFO - Setting next_dagrun for daily_inventory_pipeline to 2026-08-22 18:30:00+00:00, run_after=2026-08-23 18:30:00+00:00
[2026-08-23T04:18:50.173+0000] {processor.py:208} INFO - Processing /opt/airflow/dags/daily_inventory_pipeline.py took 0.248 seconds
[2026-08-23T04:19:20.397+0000] {processor.py:186} INFO - Started process (PID=4409) to work on /opt/airflow/dags/daily_inventory_pipeline.py
[2026-08-23T04:19:20.398+0000] {processor.py:914} INFO - Processing file /opt/airflow/dags/daily_inventory_pipeline.py for tasks to queue
[2026-08-23T04:19:20.400+0000] {logging_mixin.py:190} INFO - [2026-08-23T04:19:20.400+0000] {dagbag.py:588} INFO - Filling up the DagBag from /opt/airflow/dags/daily_inventory_pipeline.py
[2026-08-23T04:19:20.507+0000] {processor.py:925} INFO - DAG(s) 'daily_inventory_pipeline' retrieved from /opt/airflow/dags/daily_inventory_pipeline.py
[2026-08-23T04:19:20.530+0000] {logging_mixin.py:190} INFO - [2026-08-23T04:19:20.530+0000] {dag.py:3239} INFO - Sync 1 DAGs
[2026-08-23T04:19:20.645+0000] {logging_mixin.py:190} INFO - [2026-08-23T04:19:20.645+0000] {dag.py:4180} INFO - Setting next_dagrun for daily_inventory_pipeline to 2026-08-22 18:30:00+00:00, run_after=2026-08-23 18:30:00+00:00
[2026-08-23T04:19:20.657+0000] {processor.py:208} INFO - Processing /opt/airflow/dags/daily_inventory_pipeline.py took 0.266 seconds
[2026-08-23T04:19:50.958+0000] {processor.py:186} INFO - Started process (PID=4419) to work on /opt/airflow/dags/daily_inventory_pipeline.py
[2026-08-23T04:19:50.959+0000] {processor.py:914} INFO - Processing file /opt/airflow/dags/daily_inventory_pipeline.py for tasks to queue
[2026-08-23T04:19:50.961+0000] {logging_mixin.py:190} INFO - [2026-08-23T04:19:50.960+0000] {dagbag.py:588} INFO - Filling up the DagBag from /opt/airflow/dags/daily_inventory_pipeline.py
[2026-08-23T04:19:51.051+0000] {processor.py:925} INFO - DAG(s) 'daily_inventory_pipeline' retrieved from /opt/airflow/dags/daily_inventory_pipeline.py
[2026-08-23T04:19:51.072+0000] {logging_mixin.py:190} INFO - [2026-08-23T04:19:51.072+0000] {dag.py:3239} INFO - Sync 1 DAGs
[2026-08-23T04:19:51.089+0000] {logging_mixin.py:190} INFO - [2026-08-23T04:19:51.088+0000] {dag.py:4180} INFO - Setting next_dagrun for daily_inventory_pipeline to 2026-08-22 18:30:00+00:00, run_after=2026-08-23 18:30:00+00:00
[2026-08-23T04:19:51.102+0000] {processor.py:208} INFO - Processing /opt/airflow/dags/daily_inventory_pipeline.py took 0.150 seconds
[2026-08-23T04:20:21.168+0000] {processor.py:186} INFO - Started process (PID=4429) to work on /opt/airflow/dags/daily_inventory_pipeline.py
[2026-08-23T04:20:21.170+0000] {processor.py:914} INFO - Processing file /opt/airflow/dags/daily_inventory_pipeline.py for tasks to queue
[2026-08-23T04:20:21.173+0000] {logging_mixin.py:190} INFO - [2026-08-23T04:20:21.172+0000] {dagbag.py:588} INFO - Filling up the DagBag from /opt/airflow/dags/daily_inventory_pipeline.py
[2026-08-23T04:20:21.296+0000] {processor.py:925} INFO - DAG(s) 'daily_inventory_pipeline' retrieved from /opt/airflow/dags/daily_inventory_pipeline.py
[2026-08-23T04:20:21.319+0000] {logging_mixin.py:190} INFO - [2026-08-23T04:20:21.319+0000] {dag.py:3239} INFO - Sync 1 DAGs
[2026-08-23T04:20:21.337+0000] {logging_mixin.py:190} INFO - [2026-08-23T04:20:21.337+0000] {dag.py:4180} INFO - Setting next_dagrun for daily_inventory_pipeline to 2026-08-22 18:30:00+00:00, run_after=2026-08-23 18:30:00+00:00
[2026-08-23T04:20:21.352+0000] {processor.py:208} INFO - Processing /opt/airflow/dags/daily_inventory_pipeline.py took 0.189 seconds
[2026-08-23T04:20:51.582+0000] {processor.py:186} INFO - Started process (PID=4439) to work on /opt/airflow/dags/daily_inventory_pipeline.py
[2026-08-23T04:20:51.583+0000] {processor.py:914} INFO - Processing file /opt/airflow/dags/daily_inventory_pipeline.py for tasks to queue
[2026-08-23T04:20:51.584+0000] {logging_mixin.py:190} INFO - [2026-08-23T04:20:51.584+0000] {dagbag.py:588} INFO - Filling up the DagBag from /opt/airflow/dags/daily_inventory_pipeline.py
[2026-08-23T04:20:51.675+0000] {processor.py:925} INFO - DAG(s) 'daily_inventory_pipeline' retrieved from /opt/airflow/dags/daily_inventory_pipeline.py
[2026-08-23T04:20:51.695+0000] {logging_mixin.py:190} INFO - [2026-08-23T04:20:51.695+0000] {dag.py:3239} INFO - Sync 1 DAGs
[2026-08-23T04:20:51.711+0000] {logging_mixin.py:190} INFO - [2026-08-23T04:20:51.710+0000] {dag.py:4180} INFO - Setting next_dagrun for daily_inventory_pipeline to 2026-08-22 18:30:00+00:00, run_after=2026-08-23 18:30:00+00:00
[2026-08-23T04:20:51.723+0000] {processor.py:208} INFO - Processing /opt/airflow/dags/daily_inventory_pipeline.py took 0.146 seconds
[2026-08-23T04:21:21.872+0000] {processor.py:186} INFO - Started process (PID=4449) to work on /opt/airflow/dags/daily_inventory_pipeline.py
[2026-08-23T04:21:21.873+0000] {processor.py:914} INFO - Processing file /opt/airflow/dags/daily_inventory_pipeline.py for tasks to queue
[2026-08-23T04:21:21.875+0000] {logging_mixin.py:190} INFO - [2026-08-23T04:21:21.874+0000] {dagbag.py:588} INFO - Filling up the DagBag from /opt/airflow/dags/daily_inventory_pipeline.py
[2026-08-23T04:21:21.982+0000] {processor.py:925} INFO - DAG(s) 'daily_inventory_pipeline' retrieved from /opt/airflow/dags/daily_inventory_pipeline.py
[2026-08-23T04:21:22.003+0000] {logging_mixin.py:190} INFO - [2026-08-23T04:21:22.003+0000] {dag.py:3239} INFO - Sync 1 DAGs
[2026-08-23T04:21:22.021+0000] {logging_mixin.py:190} INFO - [2026-08-23T04:21:22.021+0000] {dag.py:4180} INFO - Setting next_dagrun for daily_inventory_pipeline to 2026-08-22 18:30:00+00:00, run_after=2026-08-23 18:30:00+00:00
[2026-08-23T04:21:22.040+0000] {processor.py:208} INFO - Processing /opt/airflow/dags/daily_inventory_pipeline.py took 0.174 seconds
[2026-08-23T04:21:52.196+0000] {processor.py:186} INFO - Started process (PID=4459) to work on /opt/airflow/dags/daily_inventory_pipeline.py
[2026-08-23T04:21:52.197+0000] {processor.py:914} INFO - Processing file /opt/airflow/dags/daily_inventory_pipeline.py for tasks to queue
[2026-08-23T04:21:52.199+0000] {logging_mixin.py:190} INFO - [2026-08-23T04:21:52.198+0000] {dagbag.py:588} INFO - Filling up the DagBag from /opt/airflow/dags/daily_inventory_pipeline.py
[2026-08-23T04:21:52.294+0000] {processor.py:925} INFO - DAG(s) 'daily_inventory_pipeline' retrieved from /opt/airflow/dags/daily_inventory_pipeline.py
[2026-08-23T04:21:52.317+0000] {logging_mixin.py:190} INFO - [2026-08-23T04:21:52.317+0000] {dag.py:3239} INFO - Sync 1 DAGs
[2026-08-23T04:21:52.337+0000] {logging_mixin.py:190} INFO - [2026-08-23T04:21:52.336+0000] {dag.py:4180} INFO - Setting next_dagrun for daily_inventory_pipeline to 2026-08-22 18:30:00+00:00, run_after=2026-08-23 18:30:00+00:00
[2026-08-23T04:21:52.454+0000] {processor.py:208} INFO - Processing /opt/airflow/dags/daily_inventory_pipeline.py took 0.263 seconds
[2026-08-23T04:22:22.740+0000] {processor.py:186} INFO - Started process (PID=4469) to work on /opt/airflow/dags/daily_inventory_pipeline.py
[2026-08-23T04:22:22.741+0000] {processor.py:914} INFO - Processing file /opt/airflow/dags/daily_inventory_pipeline.py for tasks to queue
[2026-08-23T04:22:22.743+0000] {logging_mixin.py:190} INFO - [2026-08-23T04:22:22.743+0000] {dagbag.py:588} INFO - Filling up the DagBag from /opt/airflow/dags/daily_inventory_pipeline.py
[2026-08-23T04:22:22.852+0000] {processor.py:925} INFO - DAG(s) 'daily_inventory_pipeline' retrieved from /opt/airflow/dags/daily_inventory_pipeline.py
[2026-08-23T04:22:22.876+0000] {logging_mixin.py:190} INFO - [2026-08-23T04:22:22.876+0000] {dag.py:3239} INFO - Sync 1 DAGs
[2026-08-23T04:22:22.897+0000] {logging_mixin.py:190} INFO - [2026-08-23T04:22:22.897+0000] {dag.py:4180} INFO - Setting next_dagrun for daily_inventory_pipeline to 2026-08-22 18:30:00+00:00, run_after=2026-08-23 18:30:00+00:00
[2026-08-23T04:22:22.912+0000] {processor.py:208} INFO - Processing /opt/airflow/dags/daily_inventory_pipeline.py took 0.176 seconds
[2026-08-23T04:22:53.056+0000] {processor.py:186} INFO - Started process (PID=4479) to work on /opt/airflow/dags/daily_inventory_pipeline.py
[2026-08-23T04:22:53.056+0000] {processor.py:914} INFO - Processing file /opt/airflow/dags/daily_inventory_pipeline.py for tasks to queue
[2026-08-23T04:22:53.059+0000] {logging_mixin.py:190} INFO - [2026-08-23T04:22:53.059+0000] {dagbag.py:588} INFO - Filling up the DagBag from /opt/airflow/dags/daily_inventory_pipeline.py
[2026-08-23T04:22:53.159+0000] {processor.py:925} INFO - DAG(s) 'daily_inventory_pipeline' retrieved from /opt/airflow/dags/daily_inventory_pipeline.py
[2026-08-23T04:22:53.184+0000] {logging_mixin.py:190} INFO - [2026-08-23T04:22:53.184+0000] {dag.py:3239} INFO - Sync 1 DAGs
[2026-08-23T04:22:53.201+0000] {logging_mixin.py:190} INFO - [2026-08-23T04:22:53.201+0000] {dag.py:4180} INFO - Setting next_dagrun for daily_inventory_pipeline to 2026-08-22 18:30:00+00:00, run_after=2026-08-23 18:30:00+00:00
[2026-08-23T04:22:53.214+0000] {processor.py:208} INFO - Processing /opt/airflow/dags/daily_inventory_pipeline.py took 0.165 seconds
[2026-08-23T04:23:23.411+0000] {processor.py:186} INFO - Started process (PID=4489) to work on /opt/airflow/dags/daily_inventory_pipeline.py
[2026-08-23T04:23:23.412+0000] {processor.py:914} INFO - Processing file /opt/airflow/dags/daily_inventory_pipeline.py for tasks to queue
[2026-08-23T04:23:23.414+0000] {logging_mixin.py:190} INFO - [2026-08-23T04:23:23.414+0000] {dagbag.py:588} INFO - Filling up the DagBag from /opt/airflow/dags/daily_inventory_pipeline.py
[2026-08-23T04:23:23.524+0000] {processor.py:925} INFO - DAG(s) 'daily_inventory_pipeline' retrieved from /opt/airflow/dags/daily_inventory_pipeline.py
[2026-08-23T04:23:23.546+0000] {logging_mixin.py:190} INFO - [2026-08-23T04:23:23.545+0000] {dag.py:3239} INFO - Sync 1 DAGs
[2026-08-23T04:23:23.563+0000] {logging_mixin.py:190} INFO - [2026-08-23T04:23:23.562+0000] {dag.py:4180} INFO - Setting next_dagrun for daily_inventory_pipeline to 2026-08-22 18:30:00+00:00, run_after=2026-08-23 18:30:00+00:00
[2026-08-23T04:23:23.577+0000] {processor.py:208} INFO - Processing /opt/airflow/dags/daily_inventory_pipeline.py took 0.172 seconds
[2026-08-23T04:23:53.663+0000] {processor.py:186} INFO - Started process (PID=4499) to work on /opt/airflow/dags/daily_inventory_pipeline.py
[2026-08-23T04:23:53.664+0000] {processor.py:914} INFO - Processing file /opt/airflow/dags/daily_inventory_pipeline.py for tasks to queue
[2026-08-23T04:23:53.666+0000] {logging_mixin.py:190} INFO - [2026-08-23T04:23:53.665+0000] {dagbag.py:588} INFO - Filling up the DagBag from /opt/airflow/dags/daily_inventory_pipeline.py
[2026-08-23T04:23:53.760+0000] {processor.py:925} INFO - DAG(s) 'daily_inventory_pipeline' retrieved from /opt/airflow/dags/daily_inventory_pipeline.py
[2026-08-23T04:23:53.781+0000] {logging_mixin.py:190} INFO - [2026-08-23T04:23:53.781+0000] {dag.py:3239} INFO - Sync 1 DAGs
[2026-08-23T04:23:53.798+0000] {logging_mixin.py:190} INFO - [2026-08-23T04:23:53.798+0000] {dag.py:4180} INFO - Setting next_dagrun for daily_inventory_pipeline to 2026-08-22 18:30:00+00:00, run_after=2026-08-23 18:30:00+00:00
[2026-08-23T04:23:53.812+0000] {processor.py:208} INFO - Processing /opt/airflow/dags/daily_inventory_pipeline.py took 0.155 seconds
[2026-08-23T04:24:24.131+0000] {processor.py:186} INFO - Started process (PID=4509) to work on /opt/airflow/dags/daily_inventory_pipeline.py
[2026-08-23T04:24:24.132+0000] {processor.py:914} INFO - Processing file /opt/airflow/dags/daily_inventory_pipeline.py for tasks to queue
[2026-08-23T04:24:24.133+0000] {logging_mixin.py:190} INFO - [2026-08-23T04:24:24.133+0000] {dagbag.py:588} INFO - Filling up the DagBag from /opt/airflow/dags/daily_inventory_pipeline.py
[2026-08-23T04:24:24.224+0000] {processor.py:925} INFO - DAG(s) 'daily_inventory_pipeline' retrieved from /opt/airflow/dags/daily_inventory_pipeline.py
[2026-08-23T04:24:24.244+0000] {logging_mixin.py:190} INFO - [2026-08-23T04:24:24.244+0000] {dag.py:3239} INFO - Sync 1 DAGs
[2026-08-23T04:24:24.260+0000] {logging_mixin.py:190} INFO - [2026-08-23T04:24:24.260+0000] {dag.py:4180} INFO - Setting next_dagrun for daily_inventory_pipeline to 2026-08-22 18:30:00+00:00, run_after=2026-08-23 18:30:00+00:00
[2026-08-23T04:24:24.373+0000] {processor.py:208} INFO - Processing /opt/airflow/dags/daily_inventory_pipeline.py took 0.247 seconds
[2026-08-23T04:24:54.652+0000] {processor.py:186} INFO - Started process (PID=4519) to work on /opt/airflow/dags/daily_inventory_pipeline.py
[2026-08-23T04:24:54.652+0000] {processor.py:914} INFO - Processing file /opt/airflow/dags/daily_inventory_pipeline.py for tasks to queue
[2026-08-23T04:24:54.655+0000] {logging_mixin.py:190} INFO - [2026-08-23T04:24:54.654+0000] {dagbag.py:588} INFO - Filling up the DagBag from /opt/airflow/dags/daily_inventory_pipeline.py
[2026-08-23T04:24:54.750+0000] {processor.py:925} INFO - DAG(s) 'daily_inventory_pipeline' retrieved from /opt/airflow/dags/daily_inventory_pipeline.py
[2026-08-23T04:24:54.771+0000] {logging_mixin.py:190} INFO - [2026-08-23T04:24:54.771+0000] {dag.py:3239} INFO - Sync 1 DAGs
[2026-08-23T04:24:54.903+0000] {logging_mixin.py:190} INFO - [2026-08-23T04:24:54.903+0000] {dag.py:4180} INFO - Setting next_dagrun for daily_inventory_pipeline to 2026-08-22 18:30:00+00:00, run_after=2026-08-23 18:30:00+00:00
[2026-08-23T04:24:54.917+0000] {processor.py:208} INFO - Processing /opt/airflow/dags/daily_inventory_pipeline.py took 0.272 seconds
[2026-08-23T04:25:25.133+0000] {processor.py:186} INFO - Started process (PID=4529) to work on /opt/airflow/dags/daily_inventory_pipeline.py
[2026-08-23T04:25:25.134+0000] {processor.py:914} INFO - Processing file /opt/airflow/dags/daily_inventory_pipeline.py for tasks to queue
[2026-08-23T04:25:25.136+0000] {logging_mixin.py:190} INFO - [2026-08-23T04:25:25.136+0000] {dagbag.py:588} INFO - Filling up the DagBag from /opt/airflow/dags/daily_inventory_pipeline.py
[2026-08-23T04:25:25.232+0000] {processor.py:925} INFO - DAG(s) 'daily_inventory_pipeline' retrieved from /opt/airflow/dags/daily_inventory_pipeline.py
[2026-08-23T04:25:25.253+0000] {logging_mixin.py:190} INFO - [2026-08-23T04:25:25.253+0000] {dag.py:3239} INFO - Sync 1 DAGs
[2026-08-23T04:25:25.270+0000] {logging_mixin.py:190} INFO - [2026-08-23T04:25:25.269+0000] {dag.py:4180} INFO - Setting next_dagrun for daily_inventory_pipeline to 2026-08-22 18:30:00+00:00, run_after=2026-08-23 18:30:00+00:00
[2026-08-23T04:25:25.287+0000] {processor.py:208} INFO - Processing /opt/airflow/dags/daily_inventory_pipeline.py took 0.160 seconds
[2026-08-23T04:25:55.444+0000] {processor.py:186} INFO - Started process (PID=4539) to work on /opt/airflow/dags/daily_inventory_pipeline.py
[2026-08-23T04:25:55.445+0000] {processor.py:914} INFO - Processing file /opt/airflow/dags/daily_inventory_pipeline.py for tasks to queue
[2026-08-23T04:25:55.447+0000] {logging_mixin.py:190} INFO - [2026-08-23T04:25:55.447+0000] {dagbag.py:588} INFO - Filling up the DagBag from /opt/airflow/dags/daily_inventory_pipeline.py
[2026-08-23T04:25:55.534+0000] {processor.py:925} INFO - DAG(s) 'daily_inventory_pipeline' retrieved from /opt/airflow/dags/daily_inventory_pipeline.py
[2026-08-23T04:25:55.558+0000] {logging_mixin.py:190} INFO - [2026-08-23T04:25:55.557+0000] {dag.py:3239} INFO - Sync 1 DAGs
[2026-08-23T04:25:55.575+0000] {logging_mixin.py:190} INFO - [2026-08-23T04:25:55.574+0000] {dag.py:4180} INFO - Setting next_dagrun for daily_inventory_pipeline to 2026-08-22 18:30:00+00:00, run_after=2026-08-23 18:30:00+00:00
[2026-08-23T04:25:55.587+0000] {processor.py:208} INFO - Processing /opt/airflow/dags/daily_inventory_pipeline.py took 0.148 seconds
[2026-08-23T04:26:25.843+0000] {processor.py:186} INFO - Started process (PID=4549) to work on /opt/airflow/dags/daily_inventory_pipeline.py
[2026-08-23T04:26:25.844+0000] {processor.py:914} INFO - Processing file /opt/airflow/dags/daily_inventory_pipeline.py for tasks to queue
[2026-08-23T04:26:25.846+0000] {logging_mixin.py:190} INFO - [2026-08-23T04:26:25.845+0000] {dagbag.py:588} INFO - Filling up the DagBag from /opt/airflow/dags/daily_inventory_pipeline.py
[2026-08-23T04:26:25.945+0000] {processor.py:925} INFO - DAG(s) 'daily_inventory_pipeline' retrieved from /opt/airflow/dags/daily_inventory_pipeline.py
[2026-08-23T04:26:25.967+0000] {logging_mixin.py:190} INFO - [2026-08-23T04:26:25.966+0000] {dag.py:3239} INFO - Sync 1 DAGs
[2026-08-23T04:26:25.985+0000] {logging_mixin.py:190} INFO - [2026-08-23T04:26:25.985+0000] {dag.py:4180} INFO - Setting next_dagrun for daily_inventory_pipeline to 2026-08-22 18:30:00+00:00, run_after=2026-08-23 18:30:00+00:00
[2026-08-23T04:26:26.000+0000] {processor.py:208} INFO - Processing /opt/airflow/dags/daily_inventory_pipeline.py took 0.164 seconds
[2026-08-23T04:26:56.052+0000] {processor.py:186} INFO - Started process (PID=4559) to work on /opt/airflow/dags/daily_inventory_pipeline.py
[2026-08-23T04:26:56.052+0000] {processor.py:914} INFO - Processing file /opt/airflow/dags/daily_inventory_pipeline.py for tasks to queue
[2026-08-23T04:26:56.054+0000] {logging_mixin.py:190} INFO - [2026-08-23T04:26:56.054+0000] {dagbag.py:588} INFO - Filling up the DagBag from /opt/airflow/dags/daily_inventory_pipeline.py
[2026-08-23T04:26:56.144+0000] {processor.py:925} INFO - DAG(s) 'daily_inventory_pipeline' retrieved from /opt/airflow/dags/daily_inventory_pipeline.py
[2026-08-23T04:26:56.178+0000] {logging_mixin.py:190} INFO - [2026-08-23T04:26:56.178+0000] {dag.py:3239} INFO - Sync 1 DAGs
[2026-08-23T04:26:56.198+0000] {logging_mixin.py:190} INFO - [2026-08-23T04:26:56.198+0000] {dag.py:4180} INFO - Setting next_dagrun for daily_inventory_pipeline to 2026-08-22 18:30:00+00:00, run_after=2026-08-23 18:30:00+00:00
[2026-08-23T04:26:56.217+0000] {processor.py:208} INFO - Processing /opt/airflow/dags/daily_inventory_pipeline.py took 0.171 seconds
[2026-08-23T04:27:26.428+0000] {processor.py:186} INFO - Started process (PID=4569) to work on /opt/airflow/dags/daily_inventory_pipeline.py
[2026-08-23T04:27:26.429+0000] {processor.py:914} INFO - Processing file /opt/airflow/dags/daily_inventory_pipeline.py for tasks to queue
[2026-08-23T04:27:26.431+0000] {logging_mixin.py:190} INFO - [2026-08-23T04:27:26.431+0000] {dagbag.py:588} INFO - Filling up the DagBag from /opt/airflow/dags/daily_inventory_pipeline.py
[2026-08-23T04:27:26.527+0000] {processor.py:925} INFO - DAG(s) 'daily_inventory_pipeline' retrieved from /opt/airflow/dags/daily_inventory_pipeline.py
[2026-08-23T04:27:26.548+0000] {logging_mixin.py:190} INFO - [2026-08-23T04:27:26.548+0000] {dag.py:3239} INFO - Sync 1 DAGs
[2026-08-23T04:27:26.566+0000] {logging_mixin.py:190} INFO - [2026-08-23T04:27:26.566+0000] {dag.py:4180} INFO - Setting next_dagrun for daily_inventory_pipeline to 2026-08-22 18:30:00+00:00, run_after=2026-08-23 18:30:00+00:00
[2026-08-23T04:27:26.682+0000] {processor.py:208} INFO - Processing /opt/airflow/dags/daily_inventory_pipeline.py took 0.260 seconds
[2026-08-23T04:27:58.113+0000] {processor.py:186} INFO - Started process (PID=4579) to work on /opt/airflow/dags/daily_inventory_pipeline.py
[2026-08-23T04:27:58.131+0000] {processor.py:914} INFO - Processing file /opt/airflow/dags/daily_inventory_pipeline.py for tasks to queue
[2026-08-23T04:27:58.149+0000] {logging_mixin.py:190} INFO - [2026-08-23T04:27:58.149+0000] {dagbag.py:588} INFO - Filling up the DagBag from /opt/airflow/dags/daily_inventory_pipeline.py
[2026-08-23T04:28:00.628+0000] {processor.py:925} INFO - DAG(s) 'daily_inventory_pipeline' retrieved from /opt/airflow/dags/daily_inventory_pipeline.py
[2026-08-23T04:28:00.677+0000] {logging_mixin.py:190} INFO - [2026-08-23T04:28:00.677+0000] {dag.py:3239} INFO - Sync 1 DAGs
[2026-08-23T04:28:00.849+0000] {logging_mixin.py:190} INFO - [2026-08-23T04:28:00.849+0000] {dag.py:4180} INFO - Setting next_dagrun for daily_inventory_pipeline to 2026-08-22 18:30:00+00:00, run_after=2026-08-23 18:30:00+00:00
[2026-08-23T04:28:00.897+0000] {processor.py:208} INFO - Processing /opt/airflow/dags/daily_inventory_pipeline.py took 2.839 seconds
[2026-08-23T04:28:31.837+0000] {processor.py:186} INFO - Started process (PID=4589) to work on /opt/airflow/dags/daily_inventory_pipeline.py
[2026-08-23T04:28:31.848+0000] {processor.py:914} INFO - Processing file /opt/airflow/dags/daily_inventory_pipeline.py for tasks to queue
[2026-08-23T04:28:31.867+0000] {logging_mixin.py:190} INFO - [2026-08-23T04:28:31.866+0000] {dagbag.py:588} INFO - Filling up the DagBag from /opt/airflow/dags/daily_inventory_pipeline.py
[2026-08-23T04:28:35.047+0000] {processor.py:925} INFO - DAG(s) 'daily_inventory_pipeline' retrieved from /opt/airflow/dags/daily_inventory_pipeline.py
[2026-08-23T04:28:35.114+0000] {logging_mixin.py:190} INFO - [2026-08-23T04:28:35.114+0000] {dag.py:3239} INFO - Sync 1 DAGs
[2026-08-23T04:28:35.172+0000] {logging_mixin.py:190} INFO - [2026-08-23T04:28:35.172+0000] {dag.py:4180} INFO - Setting next_dagrun for daily_inventory_pipeline to 2026-08-22 18:30:00+00:00, run_after=2026-08-23 18:30:00+00:00
[2026-08-23T04:28:35.262+0000] {processor.py:208} INFO - Processing /opt/airflow/dags/daily_inventory_pipeline.py took 3.474 seconds
[2026-08-23T04:29:05.918+0000] {processor.py:186} INFO - Started process (PID=4599) to work on /opt/airflow/dags/daily_inventory_pipeline.py
[2026-08-23T04:29:05.929+0000] {processor.py:914} INFO - Processing file /opt/airflow/dags/daily_inventory_pipeline.py for tasks to queue
[2026-08-23T04:29:05.948+0000] {logging_mixin.py:190} INFO - [2026-08-23T04:29:05.948+0000] {dagbag.py:588} INFO - Filling up the DagBag from /opt/airflow/dags/daily_inventory_pipeline.py
[2026-08-23T04:29:10.965+0000] {processor.py:925} INFO - DAG(s) 'daily_inventory_pipeline' retrieved from /opt/airflow/dags/daily_inventory_pipeline.py
[2026-08-23T04:29:11.064+0000] {logging_mixin.py:190} INFO - [2026-08-23T04:29:11.064+0000] {dag.py:3239} INFO - Sync 1 DAGs
[2026-08-23T04:29:11.135+0000] {logging_mixin.py:190} INFO - [2026-08-23T04:29:11.135+0000] {dag.py:4180} INFO - Setting next_dagrun for daily_inventory_pipeline to 2026-08-22 18:30:00+00:00, run_after=2026-08-23 18:30:00+00:00
[2026-08-23T04:29:11.272+0000] {processor.py:208} INFO - Processing /opt/airflow/dags/daily_inventory_pipeline.py took 5.385 seconds
[2026-08-23T04:29:42.972+0000] {processor.py:186} INFO - Started process (PID=4609) to work on /opt/airflow/dags/daily_inventory_pipeline.py
[2026-08-23T04:29:42.979+0000] {processor.py:914} INFO - Processing file /opt/airflow/dags/daily_inventory_pipeline.py for tasks to queue
[2026-08-23T04:29:42.996+0000] {logging_mixin.py:190} INFO - [2026-08-23T04:29:42.996+0000] {dagbag.py:588} INFO - Filling up the DagBag from /opt/airflow/dags/daily_inventory_pipeline.py
[2026-08-23T04:29:45.668+0000] {processor.py:925} INFO - DAG(s) 'daily_inventory_pipeline' retrieved from /opt/airflow/dags/daily_inventory_pipeline.py
[2026-08-23T04:29:45.710+0000] {logging_mixin.py:190} INFO - [2026-08-23T04:29:45.710+0000] {dag.py:3239} INFO - Sync 1 DAGs
[2026-08-23T04:29:45.741+0000] {logging_mixin.py:190} INFO - [2026-08-23T04:29:45.740+0000] {dag.py:4180} INFO - Setting next_dagrun for daily_inventory_pipeline to 2026-08-22 18:30:00+00:00, run_after=2026-08-23 18:30:00+00:00
[2026-08-23T04:29:45.791+0000] {processor.py:208} INFO - Processing /opt/airflow/dags/daily_inventory_pipeline.py took 2.911 seconds
[2026-08-23T04:30:16.452+0000] {processor.py:186} INFO - Started process (PID=4619) to work on /opt/airflow/dags/daily_inventory_pipeline.py
[2026-08-23T04:30:16.454+0000] {processor.py:914} INFO - Processing file /opt/airflow/dags/daily_inventory_pipeline.py for tasks to queue
[2026-08-23T04:30:16.458+0000] {logging_mixin.py:190} INFO - [2026-08-23T04:30:16.458+0000] {dagbag.py:588} INFO - Filling up the DagBag from /opt/airflow/dags/daily_inventory_pipeline.py
[2026-08-23T04:30:16.662+0000] {processor.py:925} INFO - DAG(s) 'daily_inventory_pipeline' retrieved from /opt/airflow/dags/daily_inventory_pipeline.py
[2026-08-23T04:30:16.700+0000] {logging_mixin.py:190} INFO - [2026-08-23T04:30:16.699+0000] {dag.py:3239} INFO - Sync 1 DAGs
[2026-08-23T04:30:16.732+0000] {logging_mixin.py:190} INFO - [2026-08-23T04:30:16.731+0000] {dag.py:4180} INFO - Setting next_dagrun for daily_inventory_pipeline to 2026-08-22 18:30:00+00:00, run_after=2026-08-23 18:30:00+00:00
[2026-08-23T04:30:16.965+0000] {processor.py:208} INFO - Processing /opt/airflow/dags/daily_inventory_pipeline.py took 0.524 seconds
[2026-08-23T04:30:47.290+0000] {processor.py:186} INFO - Started process (PID=4629) to work on /opt/airflow/dags/daily_inventory_pipeline.py
[2026-08-23T04:30:47.291+0000] {processor.py:914} INFO - Processing file /opt/airflow/dags/daily_inventory_pipeline.py for tasks to queue
[2026-08-23T04:30:47.292+0000] {logging_mixin.py:190} INFO - [2026-08-23T04:30:47.292+0000] {dagbag.py:588} INFO - Filling up the DagBag from /opt/airflow/dags/daily_inventory_pipeline.py
[2026-08-23T04:30:47.385+0000] {processor.py:925} INFO - DAG(s) 'daily_inventory_pipeline' retrieved from /opt/airflow/dags/daily_inventory_pipeline.py
[2026-08-23T04:30:47.404+0000] {logging_mixin.py:190} INFO - [2026-08-23T04:30:47.404+0000] {dag.py:3239} INFO - Sync 1 DAGs
[2026-08-23T04:30:47.527+0000] {logging_mixin.py:190} INFO - [2026-08-23T04:30:47.526+0000] {dag.py:4180} INFO - Setting next_dagrun for daily_inventory_pipeline to 2026-08-22 18:30:00+00:00, run_after=2026-08-23 18:30:00+00:00
[2026-08-23T04:30:47.540+0000] {processor.py:208} INFO - Processing /opt/airflow/dags/daily_inventory_pipeline.py took 0.255 seconds
[2026-08-23T04:31:17.794+0000] {processor.py:186} INFO - Started process (PID=4639) to work on /opt/airflow/dags/daily_inventory_pipeline.py
[2026-08-23T04:31:17.795+0000] {processor.py:914} INFO - Processing file /opt/airflow/dags/daily_inventory_pipeline.py for tasks to queue
[2026-08-23T04:31:17.797+0000] {logging_mixin.py:190} INFO - [2026-08-23T04:31:17.796+0000] {dagbag.py:588} INFO - Filling up the DagBag from /opt/airflow/dags/daily_inventory_pipeline.py
[2026-08-23T04:31:17.894+0000] {processor.py:925} INFO - DAG(s) 'daily_inventory_pipeline' retrieved from /opt/airflow/dags/daily_inventory_pipeline.py
[2026-08-23T04:31:17.917+0000] {logging_mixin.py:190} INFO - [2026-08-23T04:31:17.916+0000] {dag.py:3239} INFO - Sync 1 DAGs
[2026-08-23T04:31:17.934+0000] {logging_mixin.py:190} INFO - [2026-08-23T04:31:17.934+0000] {dag.py:4180} INFO - Setting next_dagrun for daily_inventory_pipeline to 2026-08-22 18:30:00+00:00, run_after=2026-08-23 18:30:00+00:00
[2026-08-23T04:31:17.948+0000] {processor.py:208} INFO - Processing /opt/airflow/dags/daily_inventory_pipeline.py took 0.160 seconds
[2026-08-23T04:31:48.021+0000] {processor.py:186} INFO - Started process (PID=4649) to work on /opt/airflow/dags/daily_inventory_pipeline.py
[2026-08-23T04:31:48.022+0000] {processor.py:914} INFO - Processing file /opt/airflow/dags/daily_inventory_pipeline.py for tasks to queue
[2026-08-23T04:31:48.024+0000] {logging_mixin.py:190} INFO - [2026-08-23T04:31:48.024+0000] {dagbag.py:588} INFO - Filling up the DagBag from /opt/airflow/dags/daily_inventory_pipeline.py
[2026-08-23T04:31:48.125+0000] {processor.py:925} INFO - DAG(s) 'daily_inventory_pipeline' retrieved from /opt/airflow/dags/daily_inventory_pipeline.py
[2026-08-23T04:31:48.147+0000] {logging_mixin.py:190} INFO - [2026-08-23T04:31:48.147+0000] {dag.py:3239} INFO - Sync 1 DAGs
[2026-08-23T04:31:48.165+0000] {logging_mixin.py:190} INFO - [2026-08-23T04:31:48.165+0000] {dag.py:4180} INFO - Setting next_dagrun for daily_inventory_pipeline to 2026-08-22 18:30:00+00:00, run_after=2026-08-23 18:30:00+00:00
[2026-08-23T04:31:48.179+0000] {processor.py:208} INFO - Processing /opt/airflow/dags/daily_inventory_pipeline.py took 0.163 seconds
[2026-08-23T04:32:18.339+0000] {processor.py:186} INFO - Started process (PID=4659) to work on /opt/airflow/dags/daily_inventory_pipeline.py
[2026-08-23T04:32:18.340+0000] {processor.py:914} INFO - Processing file /opt/airflow/dags/daily_inventory_pipeline.py for tasks to queue
[2026-08-23T04:32:18.342+0000] {logging_mixin.py:190} INFO - [2026-08-23T04:32:18.342+0000] {dagbag.py:588} INFO - Filling up the DagBag from /opt/airflow/dags/daily_inventory_pipeline.py
[2026-08-23T04:32:18.435+0000] {processor.py:925} INFO - DAG(s) 'daily_inventory_pipeline' retrieved from /opt/airflow/dags/daily_inventory_pipeline.py
[2026-08-23T04:32:18.457+0000] {logging_mixin.py:190} INFO - [2026-08-23T04:32:18.457+0000] {dag.py:3239} INFO - Sync 1 DAGs
[2026-08-23T04:32:18.475+0000] {logging_mixin.py:190} INFO - [2026-08-23T04:32:18.475+0000] {dag.py:4180} INFO - Setting next_dagrun for daily_inventory_pipeline to 2026-08-22 18:30:00+00:00, run_after=2026-08-23 18:30:00+00:00
[2026-08-23T04:32:18.489+0000] {processor.py:208} INFO - Processing /opt/airflow/dags/daily_inventory_pipeline.py took 0.156 seconds
[2026-08-23T04:32:48.615+0000] {processor.py:186} INFO - Started process (PID=4669) to work on /opt/airflow/dags/daily_inventory_pipeline.py
[2026-08-23T04:32:48.617+0000] {processor.py:914} INFO - Processing file /opt/airflow/dags/daily_inventory_pipeline.py for tasks to queue
[2026-08-23T04:32:48.619+0000] {logging_mixin.py:190} INFO - [2026-08-23T04:32:48.619+0000] {dagbag.py:588} INFO - Filling up the DagBag from /opt/airflow/dags/daily_inventory_pipeline.py
[2026-08-23T04:32:48.756+0000] {processor.py:925} INFO - DAG(s) 'daily_inventory_pipeline' retrieved from /opt/airflow/dags/daily_inventory_pipeline.py
[2026-08-23T04:32:48.784+0000] {logging_mixin.py:190} INFO - [2026-08-23T04:32:48.784+0000] {dag.py:3239} INFO - Sync 1 DAGs
[2026-08-23T04:32:48.805+0000] {logging_mixin.py:190} INFO - [2026-08-23T04:32:48.805+0000] {dag.py:4180} INFO - Setting next_dagrun for daily_inventory_pipeline to 2026-08-22 18:30:00+00:00, run_after=2026-08-23 18:30:00+00:00
[2026-08-23T04:32:48.824+0000] {processor.py:208} INFO - Processing /opt/airflow/dags/daily_inventory_pipeline.py took 0.221 seconds
[2026-08-23T04:33:18.961+0000] {processor.py:186} INFO - Started process (PID=4679) to work on /opt/airflow/dags/daily_inventory_pipeline.py
[2026-08-23T04:33:18.962+0000] {processor.py:914} INFO - Processing file /opt/airflow/dags/daily_inventory_pipeline.py for tasks to queue
[2026-08-23T04:33:18.964+0000] {logging_mixin.py:190} INFO - [2026-08-23T04:33:18.964+0000] {dagbag.py:588} INFO - Filling up the DagBag from /opt/airflow/dags/daily_inventory_pipeline.py
[2026-08-23T04:33:19.055+0000] {processor.py:925} INFO - DAG(s) 'daily_inventory_pipeline' retrieved from /opt/airflow/dags/daily_inventory_pipeline.py
[2026-08-23T04:33:19.075+0000] {logging_mixin.py:190} INFO - [2026-08-23T04:33:19.075+0000] {dag.py:3239} INFO - Sync 1 DAGs
[2026-08-23T04:33:19.091+0000] {logging_mixin.py:190} INFO - [2026-08-23T04:33:19.091+0000] {dag.py:4180} INFO - Setting next_dagrun for daily_inventory_pipeline to 2026-08-22 18:30:00+00:00, run_after=2026-08-23 18:30:00+00:00
[2026-08-23T04:33:19.203+0000] {processor.py:208} INFO - Processing /opt/airflow/dags/daily_inventory_pipeline.py took 0.246 seconds
[2026-08-23T04:33:49.452+0000] {processor.py:186} INFO - Started process (PID=4689) to work on /opt/airflow/dags/daily_inventory_pipeline.py
[2026-08-23T04:33:49.453+0000] {processor.py:914} INFO - Processing file /opt/airflow/dags/daily_inventory_pipeline.py for tasks to queue
[2026-08-23T04:33:49.455+0000] {logging_mixin.py:190} INFO - [2026-08-23T04:33:49.455+0000] {dagbag.py:588} INFO - Filling up the DagBag from /opt/airflow/dags/daily_inventory_pipeline.py
[2026-08-23T04:33:49.549+0000] {processor.py:925} INFO - DAG(s) 'daily_inventory_pipeline' retrieved from /opt/airflow/dags/daily_inventory_pipeline.py
[2026-08-23T04:33:49.570+0000] {logging_mixin.py:190} INFO - [2026-08-23T04:33:49.570+0000] {dag.py:3239} INFO - Sync 1 DAGs
[2026-08-23T04:33:49.699+0000] {logging_mixin.py:190} INFO - [2026-08-23T04:33:49.699+0000] {dag.py:4180} INFO - Setting next_dagrun for daily_inventory_pipeline to 2026-08-22 18:30:00+00:00, run_after=2026-08-23 18:30:00+00:00
[2026-08-23T04:33:49.712+0000] {processor.py:208} INFO - Processing /opt/airflow/dags/daily_inventory_pipeline.py took 0.265 seconds
[2026-08-23T04:34:19.900+0000] {processor.py:186} INFO - Started process (PID=4699) to work on /opt/airflow/dags/daily_inventory_pipeline.py
[2026-08-23T04:34:19.901+0000] {processor.py:914} INFO - Processing file /opt/airflow/dags/daily_inventory_pipeline.py for tasks to queue
[2026-08-23T04:34:19.903+0000] {logging_mixin.py:190} INFO - [2026-08-23T04:34:19.903+0000] {dagbag.py:588} INFO - Filling up the DagBag from /opt/airflow/dags/daily_inventory_pipeline.py
[2026-08-23T04:34:19.998+0000] {processor.py:925} INFO - DAG(s) 'daily_inventory_pipeline' retrieved from /opt/airflow/dags/daily_inventory_pipeline.py
[2026-08-23T04:34:20.023+0000] {logging_mixin.py:190} INFO - [2026-08-23T04:34:20.023+0000] {dag.py:3239} INFO - Sync 1 DAGs
[2026-08-23T04:34:20.042+0000] {logging_mixin.py:190} INFO - [2026-08-23T04:34:20.042+0000] {dag.py:4180} INFO - Setting next_dagrun for daily_inventory_pipeline to 2026-08-22 18:30:00+00:00, run_after=2026-08-23 18:30:00+00:00
[2026-08-23T04:34:20.055+0000] {processor.py:208} INFO - Processing /opt/airflow/dags/daily_inventory_pipeline.py took 0.162 seconds
[2026-08-23T04:34:50.140+0000] {processor.py:186} INFO - Started process (PID=4709) to work on /opt/airflow/dags/daily_inventory_pipeline.py
[2026-08-23T04:34:50.141+0000] {processor.py:914} INFO - Processing file /opt/airflow/dags/daily_inventory_pipeline.py for tasks to queue
[2026-08-23T04:34:50.143+0000] {logging_mixin.py:190} INFO - [2026-08-23T04:34:50.143+0000] {dagbag.py:588} INFO - Filling up the DagBag from /opt/airflow/dags/daily_inventory_pipeline.py
[2026-08-23T04:34:50.249+0000] {processor.py:925} INFO - DAG(s) 'daily_inventory_pipeline' retrieved from /opt/airflow/dags/daily_inventory_pipeline.py
[2026-08-23T04:34:50.272+0000] {logging_mixin.py:190} INFO - [2026-08-23T04:34:50.272+0000] {dag.py:3239} INFO - Sync 1 DAGs
[2026-08-23T04:34:50.289+0000] {logging_mixin.py:190} INFO - [2026-08-23T04:34:50.289+0000] {dag.py:4180} INFO - Setting next_dagrun for daily_inventory_pipeline to 2026-08-22 18:30:00+00:00, run_after=2026-08-23 18:30:00+00:00
[2026-08-23T04:34:50.303+0000] {processor.py:208} INFO - Processing /opt/airflow/dags/daily_inventory_pipeline.py took 0.169 seconds
[2026-08-23T04:35:20.612+0000] {processor.py:186} INFO - Started process (PID=4719) to work on /opt/airflow/dags/daily_inventory_pipeline.py
[2026-08-23T04:35:20.612+0000] {processor.py:914} INFO - Processing file /opt/airflow/dags/daily_inventory_pipeline.py for tasks to queue
[2026-08-23T04:35:20.614+0000] {logging_mixin.py:190} INFO - [2026-08-23T04:35:20.614+0000] {dagbag.py:588} INFO - Filling up the DagBag from /opt/airflow/dags/daily_inventory_pipeline.py
[2026-08-23T04:35:20.720+0000] {processor.py:925} INFO - DAG(s) 'daily_inventory_pipeline' retrieved from /opt/airflow/dags/daily_inventory_pipeline.py
[2026-08-23T04:35:20.739+0000] {logging_mixin.py:190} INFO - [2026-08-23T04:35:20.738+0000] {dag.py:3239} INFO - Sync 1 DAGs
[2026-08-23T04:35:20.753+0000] {logging_mixin.py:190} INFO - [2026-08-23T04:35:20.753+0000] {dag.py:4180} INFO - Setting next_dagrun for daily_inventory_pipeline to 2026-08-22 18:30:00+00:00, run_after=2026-08-23 18:30:00+00:00
[2026-08-23T04:35:20.766+0000] {processor.py:208} INFO - Processing /opt/airflow/dags/daily_inventory_pipeline.py took 0.159 seconds
[2026-08-23T04:35:50.936+0000] {processor.py:186} INFO - Started process (PID=4729) to work on /opt/airflow/dags/daily_inventory_pipeline.py
[2026-08-23T04:35:50.937+0000] {processor.py:914} INFO - Processing file /opt/airflow/dags/daily_inventory_pipeline.py for tasks to queue
[2026-08-23T04:35:50.939+0000] {logging_mixin.py:190} INFO - [2026-08-23T04:35:50.939+0000] {dagbag.py:588} INFO - Filling up the DagBag from /opt/airflow/dags/daily_inventory_pipeline.py
[2026-08-23T04:35:51.032+0000] {processor.py:925} INFO - DAG(s) 'daily_inventory_pipeline' retrieved from /opt/airflow/dags/daily_inventory_pipeline.py
[2026-08-23T04:35:51.052+0000] {logging_mixin.py:190} INFO - [2026-08-23T04:35:51.052+0000] {dag.py:3239} INFO - Sync 1 DAGs
[2026-08-23T04:35:51.068+0000] {logging_mixin.py:190} INFO - [2026-08-23T04:35:51.068+0000] {dag.py:4180} INFO - Setting next_dagrun for daily_inventory_pipeline to 2026-08-22 18:30:00+00:00, run_after=2026-08-23 18:30:00+00:00
[2026-08-23T04:35:51.186+0000] {processor.py:208} INFO - Processing /opt/airflow/dags/daily_inventory_pipeline.py took 0.256 seconds
[2026-08-23T04:36:21.554+0000] {processor.py:186} INFO - Started process (PID=4739) to work on /opt/airflow/dags/daily_inventory_pipeline.py
[2026-08-23T04:36:21.555+0000] {processor.py:914} INFO - Processing file /opt/airflow/dags/daily_inventory_pipeline.py for tasks to queue
[2026-08-23T04:36:21.557+0000] {logging_mixin.py:190} INFO - [2026-08-23T04:36:21.557+0000] {dagbag.py:588} INFO - Filling up the DagBag from /opt/airflow/dags/daily_inventory_pipeline.py
[2026-08-23T04:36:21.651+0000] {processor.py:925} INFO - DAG(s) 'daily_inventory_pipeline' retrieved from /opt/airflow/dags/daily_inventory_pipeline.py
[2026-08-23T04:36:21.671+0000] {logging_mixin.py:190} INFO - [2026-08-23T04:36:21.671+0000] {dag.py:3239} INFO - Sync 1 DAGs
[2026-08-23T04:36:21.784+0000] {logging_mixin.py:190} INFO - [2026-08-23T04:36:21.784+0000] {dag.py:4180} INFO - Setting next_dagrun for daily_inventory_pipeline to 2026-08-22 18:30:00+00:00, run_after=2026-08-23 18:30:00+00:00
[2026-08-23T04:36:21.797+0000] {processor.py:208} INFO - Processing /opt/airflow/dags/daily_inventory_pipeline.py took 0.249 seconds
[2026-08-23T04:36:52.026+0000] {processor.py:186} INFO - Started process (PID=4749) to work on /opt/airflow/dags/daily_inventory_pipeline.py
[2026-08-23T04:36:52.027+0000] {processor.py:914} INFO - Processing file /opt/airflow/dags/daily_inventory_pipeline.py for tasks to queue
[2026-08-23T04:36:52.029+0000] {logging_mixin.py:190} INFO - [2026-08-23T04:36:52.028+0000] {dagbag.py:588} INFO - Filling up the DagBag from /opt/airflow/dags/daily_inventory_pipeline.py
[2026-08-23T04:36:52.155+0000] {processor.py:925} INFO - DAG(s) 'daily_inventory_pipeline' retrieved from /opt/airflow/dags/daily_inventory_pipeline.py
[2026-08-23T04:36:52.179+0000] {logging_mixin.py:190} INFO - [2026-08-23T04:36:52.179+0000] {dag.py:3239} INFO - Sync 1 DAGs
[2026-08-23T04:36:52.196+0000] {logging_mixin.py:190} INFO - [2026-08-23T04:36:52.196+0000] {dag.py:4180} INFO - Setting next_dagrun for daily_inventory_pipeline to 2026-08-22 18:30:00+00:00, run_after=2026-08-23 18:30:00+00:00
[2026-08-23T04:36:52.210+0000] {processor.py:208} INFO - Processing /opt/airflow/dags/daily_inventory_pipeline.py took 0.189 seconds
[2026-08-23T04:37:22.300+0000] {processor.py:186} INFO - Started process (PID=4759) to work on /opt/airflow/dags/daily_inventory_pipeline.py
[2026-08-23T04:37:22.301+0000] {processor.py:914} INFO - Processing file /opt/airflow/dags/daily_inventory_pipeline.py for tasks to queue
[2026-08-23T04:37:22.302+0000] {logging_mixin.py:190} INFO - [2026-08-23T04:37:22.302+0000] {dagbag.py:588} INFO - Filling up the DagBag from /opt/airflow/dags/daily_inventory_pipeline.py
[2026-08-23T04:37:22.392+0000] {processor.py:925} INFO - DAG(s) 'daily_inventory_pipeline' retrieved from /opt/airflow/dags/daily_inventory_pipeline.py
[2026-08-23T04:37:22.413+0000] {logging_mixin.py:190} INFO - [2026-08-23T04:37:22.412+0000] {dag.py:3239} INFO - Sync 1 DAGs
[2026-08-23T04:37:22.433+0000] {logging_mixin.py:190} INFO - [2026-08-23T04:37:22.433+0000] {dag.py:4180} INFO - Setting next_dagrun for daily_inventory_pipeline to 2026-08-22 18:30:00+00:00, run_after=2026-08-23 18:30:00+00:00
[2026-08-23T04:37:22.447+0000] {processor.py:208} INFO - Processing /opt/airflow/dags/daily_inventory_pipeline.py took 0.153 seconds
[2026-08-23T04:37:52.550+0000] {processor.py:186} INFO - Started process (PID=4769) to work on /opt/airflow/dags/daily_inventory_pipeline.py
[2026-08-23T04:37:52.551+0000] {processor.py:914} INFO - Processing file /opt/airflow/dags/daily_inventory_pipeline.py for tasks to queue
[2026-08-23T04:37:52.553+0000] {logging_mixin.py:190} INFO - [2026-08-23T04:37:52.553+0000] {dagbag.py:588} INFO - Filling up the DagBag from /opt/airflow/dags/daily_inventory_pipeline.py
[2026-08-23T04:37:52.655+0000] {processor.py:925} INFO - DAG(s) 'daily_inventory_pipeline' retrieved from /opt/airflow/dags/daily_inventory_pipeline.py
[2026-08-23T04:37:52.677+0000] {logging_mixin.py:190} INFO - [2026-08-23T04:37:52.677+0000] {dag.py:3239} INFO - Sync 1 DAGs
[2026-08-23T04:37:52.693+0000] {logging_mixin.py:190} INFO - [2026-08-23T04:37:52.693+0000] {dag.py:4180} INFO - Setting next_dagrun for daily_inventory_pipeline to 2026-08-22 18:30:00+00:00, run_after=2026-08-23 18:30:00+00:00
[2026-08-23T04:37:52.707+0000] {processor.py:208} INFO - Processing /opt/airflow/dags/daily_inventory_pipeline.py took 0.162 seconds
[2026-08-23T04:38:22.971+0000] {processor.py:186} INFO - Started process (PID=4779) to work on /opt/airflow/dags/daily_inventory_pipeline.py
[2026-08-23T04:38:22.973+0000] {processor.py:914} INFO - Processing file /opt/airflow/dags/daily_inventory_pipeline.py for tasks to queue
[2026-08-23T04:38:22.976+0000] {logging_mixin.py:190} INFO - [2026-08-23T04:38:22.976+0000] {dagbag.py:588} INFO - Filling up the DagBag from /opt/airflow/dags/daily_inventory_pipeline.py
[2026-08-23T04:38:23.097+0000] {processor.py:925} INFO - DAG(s) 'daily_inventory_pipeline' retrieved from /opt/airflow/dags/daily_inventory_pipeline.py
[2026-08-23T04:38:23.119+0000] {logging_mixin.py:190} INFO - [2026-08-23T04:38:23.119+0000] {dag.py:3239} INFO - Sync 1 DAGs
[2026-08-23T04:38:23.137+0000] {logging_mixin.py:190} INFO - [2026-08-23T04:38:23.137+0000] {dag.py:4180} INFO - Setting next_dagrun for daily_inventory_pipeline to 2026-08-22 18:30:00+00:00, run_after=2026-08-23 18:30:00+00:00
[2026-08-23T04:38:23.155+0000] {processor.py:208} INFO - Processing /opt/airflow/dags/daily_inventory_pipeline.py took 0.193 seconds
[2026-08-23T04:38:53.213+0000] {processor.py:186} INFO - Started process (PID=4789) to work on /opt/airflow/dags/daily_inventory_pipeline.py
[2026-08-23T04:38:53.214+0000] {processor.py:914} INFO - Processing file /opt/airflow/dags/daily_inventory_pipeline.py for tasks to queue
[2026-08-23T04:38:53.216+0000] {logging_mixin.py:190} INFO - [2026-08-23T04:38:53.216+0000] {dagbag.py:588} INFO - Filling up the DagBag from /opt/airflow/dags/daily_inventory_pipeline.py
[2026-08-23T04:38:53.307+0000] {processor.py:925} INFO - DAG(s) 'daily_inventory_pipeline' retrieved from /opt/airflow/dags/daily_inventory_pipeline.py
[2026-08-23T04:38:53.329+0000] {logging_mixin.py:190} INFO - [2026-08-23T04:38:53.329+0000] {dag.py:3239} INFO - Sync 1 DAGs
[2026-08-23T04:38:53.348+0000] {logging_mixin.py:190} INFO - [2026-08-23T04:38:53.348+0000] {dag.py:4180} INFO - Setting next_dagrun for daily_inventory_pipeline to 2026-08-22 18:30:00+00:00, run_after=2026-08-23 18:30:00+00:00
[2026-08-23T04:38:53.472+0000] {processor.py:208} INFO - Processing /opt/airflow/dags/daily_inventory_pipeline.py took 0.265 seconds
[2026-08-23T04:39:23.698+0000] {processor.py:186} INFO - Started process (PID=4799) to work on /opt/airflow/dags/daily_inventory_pipeline.py
[2026-08-23T04:39:23.699+0000] {processor.py:914} INFO - Processing file /opt/airflow/dags/daily_inventory_pipeline.py for tasks to queue
[2026-08-23T04:39:23.701+0000] {logging_mixin.py:190} INFO - [2026-08-23T04:39:23.701+0000] {dagbag.py:588} INFO - Filling up the DagBag from /opt/airflow/dags/daily_inventory_pipeline.py
[2026-08-23T04:39:23.787+0000] {processor.py:925} INFO - DAG(s) 'daily_inventory_pipeline' retrieved from /opt/airflow/dags/daily_inventory_pipeline.py
[2026-08-23T04:39:23.807+0000] {logging_mixin.py:190} INFO - [2026-08-23T04:39:23.806+0000] {dag.py:3239} INFO - Sync 1 DAGs
[2026-08-23T04:39:23.930+0000] {logging_mixin.py:190} INFO - [2026-08-23T04:39:23.930+0000] {dag.py:4180} INFO - Setting next_dagrun for daily_inventory_pipeline to 2026-08-22 18:30:00+00:00, run_after=2026-08-23 18:30:00+00:00
[2026-08-23T04:39:23.943+0000] {processor.py:208} INFO - Processing /opt/airflow/dags/daily_inventory_pipeline.py took 0.250 seconds
[2026-08-23T04:39:54.208+0000] {processor.py:186} INFO - Started process (PID=4809) to work on /opt/airflow/dags/daily_inventory_pipeline.py
[2026-08-23T04:39:54.209+0000] {processor.py:914} INFO - Processing file /opt/airflow/dags/daily_inventory_pipeline.py for tasks to queue
[2026-08-23T04:39:54.211+0000] {logging_mixin.py:190} INFO - [2026-08-23T04:39:54.211+0000] {dagbag.py:588} INFO - Filling up the DagBag from /opt/airflow/dags/daily_inventory_pipeline.py
[2026-08-23T04:39:54.316+0000] {processor.py:925} INFO - DAG(s) 'daily_inventory_pipeline' retrieved from /opt/airflow/dags/daily_inventory_pipeline.py
[2026-08-23T04:39:54.341+0000] {logging_mixin.py:190} INFO - [2026-08-23T04:39:54.340+0000] {dag.py:3239} INFO - Sync 1 DAGs
[2026-08-23T04:39:54.358+0000] {logging_mixin.py:190} INFO - [2026-08-23T04:39:54.358+0000] {dag.py:4180} INFO - Setting next_dagrun for daily_inventory_pipeline to 2026-08-22 18:30:00+00:00, run_after=2026-08-23 18:30:00+00:00
[2026-08-23T04:39:54.372+0000] {processor.py:208} INFO - Processing /opt/airflow/dags/daily_inventory_pipeline.py took 0.171 seconds
[2026-08-23T04:40:24.432+0000] {processor.py:186} INFO - Started process (PID=4819) to work on /opt/airflow/dags/daily_inventory_pipeline.py
[2026-08-23T04:40:24.433+0000] {processor.py:914} INFO - Processing file /opt/airflow/dags/daily_inventory_pipeline.py for tasks to queue
[2026-08-23T04:40:24.435+0000] {logging_mixin.py:190} INFO - [2026-08-23T04:40:24.435+0000] {dagbag.py:588} INFO - Filling up the DagBag from /opt/airflow/dags/daily_inventory_pipeline.py
[2026-08-23T04:40:24.531+0000] {processor.py:925} INFO - DAG(s) 'daily_inventory_pipeline' retrieved from /opt/airflow/dags/daily_inventory_pipeline.py
[2026-08-23T04:40:24.552+0000] {logging_mixin.py:190} INFO - [2026-08-23T04:40:24.551+0000] {dag.py:3239} INFO - Sync 1 DAGs
[2026-08-23T04:40:24.570+0000] {logging_mixin.py:190} INFO - [2026-08-23T04:40:24.569+0000] {dag.py:4180} INFO - Setting next_dagrun for daily_inventory_pipeline to 2026-08-22 18:30:00+00:00, run_after=2026-08-23 18:30:00+00:00
[2026-08-23T04:40:24.583+0000] {processor.py:208} INFO - Processing /opt/airflow/dags/daily_inventory_pipeline.py took 0.156 seconds
[2026-08-23T04:40:54.653+0000] {processor.py:186} INFO - Started process (PID=4829) to work on /opt/airflow/dags/daily_inventory_pipeline.py
[2026-08-23T04:40:54.654+0000] {processor.py:914} INFO - Processing file /opt/airflow/dags/daily_inventory_pipeline.py for tasks to queue
[2026-08-23T04:40:54.656+0000] {logging_mixin.py:190} INFO - [2026-08-23T04:40:54.656+0000] {dagbag.py:588} INFO - Filling up the DagBag from /opt/airflow/dags/daily_inventory_pipeline.py
[2026-08-23T04:40:54.740+0000] {processor.py:925} INFO - DAG(s) 'daily_inventory_pipeline' retrieved from /opt/airflow/dags/daily_inventory_pipeline.py
[2026-08-23T04:40:54.760+0000] {logging_mixin.py:190} INFO - [2026-08-23T04:40:54.760+0000] {dag.py:3239} INFO - Sync 1 DAGs
[2026-08-23T04:40:54.776+0000] {logging_mixin.py:190} INFO - [2026-08-23T04:40:54.776+0000] {dag.py:4180} INFO - Setting next_dagrun for daily_inventory_pipeline to 2026-08-22 18:30:00+00:00, run_after=2026-08-23 18:30:00+00:00
[2026-08-23T04:40:54.792+0000] {processor.py:208} INFO - Processing /opt/airflow/dags/daily_inventory_pipeline.py took 0.145 seconds
[2026-08-23T04:41:25.087+0000] {processor.py:186} INFO - Started process (PID=4839) to work on /opt/airflow/dags/daily_inventory_pipeline.py
[2026-08-23T04:41:25.089+0000] {processor.py:914} INFO - Processing file /opt/airflow/dags/daily_inventory_pipeline.py for tasks to queue
[2026-08-23T04:41:25.090+0000] {logging_mixin.py:190} INFO - [2026-08-23T04:41:25.090+0000] {dagbag.py:588} INFO - Filling up the DagBag from /opt/airflow/dags/daily_inventory_pipeline.py
[2026-08-23T04:41:25.190+0000] {processor.py:925} INFO - DAG(s) 'daily_inventory_pipeline' retrieved from /opt/airflow/dags/daily_inventory_pipeline.py
[2026-08-23T04:41:25.211+0000] {logging_mixin.py:190} INFO - [2026-08-23T04:41:25.211+0000] {dag.py:3239} INFO - Sync 1 DAGs
[2026-08-23T04:41:25.230+0000] {logging_mixin.py:190} INFO - [2026-08-23T04:41:25.229+0000] {dag.py:4180} INFO - Setting next_dagrun for daily_inventory_pipeline to 2026-08-22 18:30:00+00:00, run_after=2026-08-23 18:30:00+00:00
[2026-08-23T04:41:25.354+0000] {processor.py:208} INFO - Processing /opt/airflow/dags/daily_inventory_pipeline.py took 0.272 seconds
[2026-08-23T04:41:55.629+0000] {processor.py:186} INFO - Started process (PID=4849) to work on /opt/airflow/dags/daily_inventory_pipeline.py
[2026-08-23T04:41:55.629+0000] {processor.py:914} INFO - Processing file /opt/airflow/dags/daily_inventory_pipeline.py for tasks to queue
[2026-08-23T04:41:55.631+0000] {logging_mixin.py:190} INFO - [2026-08-23T04:41:55.631+0000] {dagbag.py:588} INFO - Filling up the DagBag from /opt/airflow/dags/daily_inventory_pipeline.py
[2026-08-23T04:41:55.725+0000] {processor.py:925} INFO - DAG(s) 'daily_inventory_pipeline' retrieved from /opt/airflow/dags/daily_inventory_pipeline.py
[2026-08-23T04:41:55.745+0000] {logging_mixin.py:190} INFO - [2026-08-23T04:41:55.745+0000] {dag.py:3239} INFO - Sync 1 DAGs
[2026-08-23T04:41:55.866+0000] {logging_mixin.py:190} INFO - [2026-08-23T04:41:55.865+0000] {dag.py:4180} INFO - Setting next_dagrun for daily_inventory_pipeline to 2026-08-22 18:30:00+00:00, run_after=2026-08-23 18:30:00+00:00
[2026-08-23T04:41:55.879+0000] {processor.py:208} INFO - Processing /opt/airflow/dags/daily_inventory_pipeline.py took 0.256 seconds
[2026-08-23T04:42:26.128+0000] {processor.py:186} INFO - Started process (PID=4859) to work on /opt/airflow/dags/daily_inventory_pipeline.py
[2026-08-23T04:42:26.129+0000] {processor.py:914} INFO - Processing file /opt/airflow/dags/daily_inventory_pipeline.py for tasks to queue
[2026-08-23T04:42:26.132+0000] {logging_mixin.py:190} INFO - [2026-08-23T04:42:26.131+0000] {dagbag.py:588} INFO - Filling up the DagBag from /opt/airflow/dags/daily_inventory_pipeline.py
[2026-08-23T04:42:26.228+0000] {processor.py:925} INFO - DAG(s) 'daily_inventory_pipeline' retrieved from /opt/airflow/dags/daily_inventory_pipeline.py
[2026-08-23T04:42:26.250+0000] {logging_mixin.py:190} INFO - [2026-08-23T04:42:26.250+0000] {dag.py:3239} INFO - Sync 1 DAGs
[2026-08-23T04:42:26.381+0000] {logging_mixin.py:190} INFO - [2026-08-23T04:42:26.381+0000] {dag.py:4180} INFO - Setting next_dagrun for daily_inventory_pipeline to 2026-08-22 18:30:00+00:00, run_after=2026-08-23 18:30:00+00:00
[2026-08-23T04:42:26.395+0000] {processor.py:208} INFO - Processing /opt/airflow/dags/daily_inventory_pipeline.py took 0.274 seconds
[2026-08-23T04:42:56.682+0000] {processor.py:186} INFO - Started process (PID=4869) to work on /opt/airflow/dags/daily_inventory_pipeline.py
[2026-08-23T04:42:56.682+0000] {processor.py:914} INFO - Processing file /opt/airflow/dags/daily_inventory_pipeline.py for tasks to queue
[2026-08-23T04:42:56.685+0000] {logging_mixin.py:190} INFO - [2026-08-23T04:42:56.684+0000] {dagbag.py:588} INFO - Filling up the DagBag from /opt/airflow/dags/daily_inventory_pipeline.py
[2026-08-23T04:42:56.775+0000] {processor.py:925} INFO - DAG(s) 'daily_inventory_pipeline' retrieved from /opt/airflow/dags/daily_inventory_pipeline.py
[2026-08-23T04:42:56.797+0000] {logging_mixin.py:190} INFO - [2026-08-23T04:42:56.797+0000] {dag.py:3239} INFO - Sync 1 DAGs
[2026-08-23T04:42:56.814+0000] {logging_mixin.py:190} INFO - [2026-08-23T04:42:56.814+0000] {dag.py:4180} INFO - Setting next_dagrun for daily_inventory_pipeline to 2026-08-22 18:30:00+00:00, run_after=2026-08-23 18:30:00+00:00
[2026-08-23T04:42:56.832+0000] {processor.py:208} INFO - Processing /opt/airflow/dags/daily_inventory_pipeline.py took 0.156 seconds
[2026-08-23T04:43:26.987+0000] {processor.py:186} INFO - Started process (PID=4879) to work on /opt/airflow/dags/daily_inventory_pipeline.py
[2026-08-23T04:43:26.988+0000] {processor.py:914} INFO - Processing file /opt/airflow/dags/daily_inventory_pipeline.py for tasks to queue
[2026-08-23T04:43:26.989+0000] {logging_mixin.py:190} INFO - [2026-08-23T04:43:26.989+0000] {dagbag.py:588} INFO - Filling up the DagBag from /opt/airflow/dags/daily_inventory_pipeline.py
[2026-08-23T04:43:27.076+0000] {processor.py:925} INFO - DAG(s) 'daily_inventory_pipeline' retrieved from /opt/airflow/dags/daily_inventory_pipeline.py
[2026-08-23T04:43:27.097+0000] {logging_mixin.py:190} INFO - [2026-08-23T04:43:27.097+0000] {dag.py:3239} INFO - Sync 1 DAGs
[2026-08-23T04:43:27.113+0000] {logging_mixin.py:190} INFO - [2026-08-23T04:43:27.113+0000] {dag.py:4180} INFO - Setting next_dagrun for daily_inventory_pipeline to 2026-08-22 18:30:00+00:00, run_after=2026-08-23 18:30:00+00:00
[2026-08-23T04:43:27.131+0000] {processor.py:208} INFO - Processing /opt/airflow/dags/daily_inventory_pipeline.py took 0.150 seconds
[2026-08-23T04:43:57.401+0000] {processor.py:186} INFO - Started process (PID=4889) to work on /opt/airflow/dags/daily_inventory_pipeline.py
[2026-08-23T04:43:57.402+0000] {processor.py:914} INFO - Processing file /opt/airflow/dags/daily_inventory_pipeline.py for tasks to queue
[2026-08-23T04:43:57.404+0000] {logging_mixin.py:190} INFO - [2026-08-23T04:43:57.404+0000] {dagbag.py:588} INFO - Filling up the DagBag from /opt/airflow/dags/daily_inventory_pipeline.py
[2026-08-23T04:43:57.491+0000] {processor.py:925} INFO - DAG(s) 'daily_inventory_pipeline' retrieved from /opt/airflow/dags/daily_inventory_pipeline.py
[2026-08-23T04:43:57.512+0000] {logging_mixin.py:190} INFO - [2026-08-23T04:43:57.512+0000] {dag.py:3239} INFO - Sync 1 DAGs
[2026-08-23T04:43:57.530+0000] {logging_mixin.py:190} INFO - [2026-08-23T04:43:57.530+0000] {dag.py:4180} INFO - Setting next_dagrun for daily_inventory_pipeline to 2026-08-22 18:30:00+00:00, run_after=2026-08-23 18:30:00+00:00
[2026-08-23T04:43:57.542+0000] {processor.py:208} INFO - Processing /opt/airflow/dags/daily_inventory_pipeline.py took 0.146 seconds
[2026-08-23T04:44:27.643+0000] {processor.py:186} INFO - Started process (PID=4899) to work on /opt/airflow/dags/daily_inventory_pipeline.py
[2026-08-23T04:44:27.644+0000] {processor.py:914} INFO - Processing file /opt/airflow/dags/daily_inventory_pipeline.py for tasks to queue
[2026-08-23T04:44:27.647+0000] {logging_mixin.py:190} INFO - [2026-08-23T04:44:27.646+0000] {dagbag.py:588} INFO - Filling up the DagBag from /opt/airflow/dags/daily_inventory_pipeline.py
[2026-08-23T04:44:27.744+0000] {processor.py:925} INFO - DAG(s) 'daily_inventory_pipeline' retrieved from /opt/airflow/dags/daily_inventory_pipeline.py
[2026-08-23T04:44:27.763+0000] {logging_mixin.py:190} INFO - [2026-08-23T04:44:27.763+0000] {dag.py:3239} INFO - Sync 1 DAGs
[2026-08-23T04:44:27.780+0000] {logging_mixin.py:190} INFO - [2026-08-23T04:44:27.780+0000] {dag.py:4180} INFO - Setting next_dagrun for daily_inventory_pipeline to 2026-08-22 18:30:00+00:00, run_after=2026-08-23 18:30:00+00:00
[2026-08-23T04:44:27.902+0000] {processor.py:208} INFO - Processing /opt/airflow/dags/daily_inventory_pipeline.py took 0.264 seconds
[2026-08-23T04:44:58.125+0000] {processor.py:186} INFO - Started process (PID=4909) to work on /opt/airflow/dags/daily_inventory_pipeline.py
[2026-08-23T04:44:58.126+0000] {processor.py:914} INFO - Processing file /opt/airflow/dags/daily_inventory_pipeline.py for tasks to queue
[2026-08-23T04:44:58.127+0000] {logging_mixin.py:190} INFO - [2026-08-23T04:44:58.127+0000] {dagbag.py:588} INFO - Filling up the DagBag from /opt/airflow/dags/daily_inventory_pipeline.py
[2026-08-23T04:44:58.213+0000] {processor.py:925} INFO - DAG(s) 'daily_inventory_pipeline' retrieved from /opt/airflow/dags/daily_inventory_pipeline.py
[2026-08-23T04:44:58.232+0000] {logging_mixin.py:190} INFO - [2026-08-23T04:44:58.232+0000] {dag.py:3239} INFO - Sync 1 DAGs
[2026-08-23T04:44:58.344+0000] {logging_mixin.py:190} INFO - [2026-08-23T04:44:58.344+0000] {dag.py:4180} INFO - Setting next_dagrun for daily_inventory_pipeline to 2026-08-22 18:30:00+00:00, run_after=2026-08-23 18:30:00+00:00
[2026-08-23T04:44:58.356+0000] {processor.py:208} INFO - Processing /opt/airflow/dags/daily_inventory_pipeline.py took 0.237 seconds
[2026-08-23T04:45:28.680+0000] {processor.py:186} INFO - Started process (PID=4919) to work on /opt/airflow/dags/daily_inventory_pipeline.py
[2026-08-23T04:45:28.681+0000] {processor.py:914} INFO - Processing file /opt/airflow/dags/daily_inventory_pipeline.py for tasks to queue
[2026-08-23T04:45:28.683+0000] {logging_mixin.py:190} INFO - [2026-08-23T04:45:28.683+0000] {dagbag.py:588} INFO - Filling up the DagBag from /opt/airflow/dags/daily_inventory_pipeline.py
[2026-08-23T04:45:28.776+0000] {processor.py:925} INFO - DAG(s) 'daily_inventory_pipeline' retrieved from /opt/airflow/dags/daily_inventory_pipeline.py
[2026-08-23T04:45:28.798+0000] {logging_mixin.py:190} INFO - [2026-08-23T04:45:28.798+0000] {dag.py:3239} INFO - Sync 1 DAGs
[2026-08-23T04:45:28.917+0000] {logging_mixin.py:190} INFO - [2026-08-23T04:45:28.917+0000] {dag.py:4180} INFO - Setting next_dagrun for daily_inventory_pipeline to 2026-08-22 18:30:00+00:00, run_after=2026-08-23 18:30:00+00:00
[2026-08-23T04:45:28.930+0000] {processor.py:208} INFO - Processing /opt/airflow/dags/daily_inventory_pipeline.py took 0.256 seconds
[2026-08-23T04:45:59.118+0000] {processor.py:186} INFO - Started process (PID=4929) to work on /opt/airflow/dags/daily_inventory_pipeline.py
[2026-08-23T04:45:59.118+0000] {processor.py:914} INFO - Processing file /opt/airflow/dags/daily_inventory_pipeline.py for tasks to queue
[2026-08-23T04:45:59.120+0000] {logging_mixin.py:190} INFO - [2026-08-23T04:45:59.120+0000] {dagbag.py:588} INFO - Filling up the DagBag from /opt/airflow/dags/daily_inventory_pipeline.py
[2026-08-23T04:45:59.213+0000] {processor.py:925} INFO - DAG(s) 'daily_inventory_pipeline' retrieved from /opt/airflow/dags/daily_inventory_pipeline.py
[2026-08-23T04:45:59.233+0000] {logging_mixin.py:190} INFO - [2026-08-23T04:45:59.233+0000] {dag.py:3239} INFO - Sync 1 DAGs
[2026-08-23T04:45:59.248+0000] {logging_mixin.py:190} INFO - [2026-08-23T04:45:59.248+0000] {dag.py:4180} INFO - Setting next_dagrun for daily_inventory_pipeline to 2026-08-22 18:30:00+00:00, run_after=2026-08-23 18:30:00+00:00
[2026-08-23T04:45:59.260+0000] {processor.py:208} INFO - Processing /opt/airflow/dags/daily_inventory_pipeline.py took 0.148 seconds
[2026-08-23T04:46:29.367+0000] {processor.py:186} INFO - Started process (PID=4939) to work on /opt/airflow/dags/daily_inventory_pipeline.py
[2026-08-23T04:46:29.368+0000] {processor.py:914} INFO - Processing file /opt/airflow/dags/daily_inventory_pipeline.py for tasks to queue
[2026-08-23T04:46:29.370+0000] {logging_mixin.py:190} INFO - [2026-08-23T04:46:29.370+0000] {dagbag.py:588} INFO - Filling up the DagBag from /opt/airflow/dags/daily_inventory_pipeline.py
[2026-08-23T04:46:29.466+0000] {processor.py:925} INFO - DAG(s) 'daily_inventory_pipeline' retrieved from /opt/airflow/dags/daily_inventory_pipeline.py
[2026-08-23T04:46:29.489+0000] {logging_mixin.py:190} INFO - [2026-08-23T04:46:29.489+0000] {dag.py:3239} INFO - Sync 1 DAGs
[2026-08-23T04:46:29.506+0000] {logging_mixin.py:190} INFO - [2026-08-23T04:46:29.506+0000] {dag.py:4180} INFO - Setting next_dagrun for daily_inventory_pipeline to 2026-08-22 18:30:00+00:00, run_after=2026-08-23 18:30:00+00:00
[2026-08-23T04:46:29.521+0000] {processor.py:208} INFO - Processing /opt/airflow/dags/daily_inventory_pipeline.py took 0.160 seconds
[2026-08-23T04:46:59.669+0000] {processor.py:186} INFO - Started process (PID=4949) to work on /opt/airflow/dags/daily_inventory_pipeline.py
[2026-08-23T04:46:59.670+0000] {processor.py:914} INFO - Processing file /opt/airflow/dags/daily_inventory_pipeline.py for tasks to queue
[2026-08-23T04:46:59.672+0000] {logging_mixin.py:190} INFO - [2026-08-23T04:46:59.672+0000] {dagbag.py:588} INFO - Filling up the DagBag from /opt/airflow/dags/daily_inventory_pipeline.py
[2026-08-23T04:46:59.768+0000] {processor.py:925} INFO - DAG(s) 'daily_inventory_pipeline' retrieved from /opt/airflow/dags/daily_inventory_pipeline.py
[2026-08-23T04:46:59.791+0000] {logging_mixin.py:190} INFO - [2026-08-23T04:46:59.791+0000] {dag.py:3239} INFO - Sync 1 DAGs
[2026-08-23T04:46:59.808+0000] {logging_mixin.py:190} INFO - [2026-08-23T04:46:59.808+0000] {dag.py:4180} INFO - Setting next_dagrun for daily_inventory_pipeline to 2026-08-22 18:30:00+00:00, run_after=2026-08-23 18:30:00+00:00
[2026-08-23T04:46:59.824+0000] {processor.py:208} INFO - Processing /opt/airflow/dags/daily_inventory_pipeline.py took 0.161 seconds
[2026-08-23T04:47:29.882+0000] {processor.py:186} INFO - Started process (PID=4959) to work on /opt/airflow/dags/daily_inventory_pipeline.py
[2026-08-23T04:47:29.883+0000] {processor.py:914} INFO - Processing file /opt/airflow/dags/daily_inventory_pipeline.py for tasks to queue
[2026-08-23T04:47:29.885+0000] {logging_mixin.py:190} INFO - [2026-08-23T04:47:29.884+0000] {dagbag.py:588} INFO - Filling up the DagBag from /opt/airflow/dags/daily_inventory_pipeline.py
[2026-08-23T04:47:29.967+0000] {processor.py:925} INFO - DAG(s) 'daily_inventory_pipeline' retrieved from /opt/airflow/dags/daily_inventory_pipeline.py
[2026-08-23T04:47:29.986+0000] {logging_mixin.py:190} INFO - [2026-08-23T04:47:29.986+0000] {dag.py:3239} INFO - Sync 1 DAGs
[2026-08-23T04:47:30.097+0000] {logging_mixin.py:190} INFO - [2026-08-23T04:47:30.097+0000] {dag.py:4180} INFO - Setting next_dagrun for daily_inventory_pipeline to 2026-08-22 18:30:00+00:00, run_after=2026-08-23 18:30:00+00:00
[2026-08-23T04:47:30.107+0000] {processor.py:208} INFO - Processing /opt/airflow/dags/daily_inventory_pipeline.py took 0.230 seconds
[2026-08-23T04:48:00.310+0000] {processor.py:186} INFO - Started process (PID=4969) to work on /opt/airflow/dags/daily_inventory_pipeline.py
[2026-08-23T04:48:00.311+0000] {processor.py:914} INFO - Processing file /opt/airflow/dags/daily_inventory_pipeline.py for tasks to queue
[2026-08-23T04:48:00.313+0000] {logging_mixin.py:190} INFO - [2026-08-23T04:48:00.313+0000] {dagbag.py:588} INFO - Filling up the DagBag from /opt/airflow/dags/daily_inventory_pipeline.py
[2026-08-23T04:48:00.399+0000] {processor.py:925} INFO - DAG(s) 'daily_inventory_pipeline' retrieved from /opt/airflow/dags/daily_inventory_pipeline.py
[2026-08-23T04:48:00.423+0000] {logging_mixin.py:190} INFO - [2026-08-23T04:48:00.423+0000] {dag.py:3239} INFO - Sync 1 DAGs
[2026-08-23T04:48:00.596+0000] {logging_mixin.py:190} INFO - [2026-08-23T04:48:00.596+0000] {dag.py:4180} INFO - Setting next_dagrun for daily_inventory_pipeline to 2026-08-22 18:30:00+00:00, run_after=2026-08-23 18:30:00+00:00
[2026-08-23T04:48:00.615+0000] {processor.py:208} INFO - Processing /opt/airflow/dags/daily_inventory_pipeline.py took 0.311 seconds
[2026-08-23T04:48:30.836+0000] {processor.py:186} INFO - Started process (PID=4979) to work on /opt/airflow/dags/daily_inventory_pipeline.py
[2026-08-23T04:48:30.837+0000] {processor.py:914} INFO - Processing file /opt/airflow/dags/daily_inventory_pipeline.py for tasks to queue
[2026-08-23T04:48:30.839+0000] {logging_mixin.py:190} INFO - [2026-08-23T04:48:30.838+0000] {dagbag.py:588} INFO - Filling up the DagBag from /opt/airflow/dags/daily_inventory_pipeline.py
[2026-08-23T04:48:30.933+0000] {processor.py:925} INFO - DAG(s) 'daily_inventory_pipeline' retrieved from /opt/airflow/dags/daily_inventory_pipeline.py
[2026-08-23T04:48:30.956+0000] {logging_mixin.py:190} INFO - [2026-08-23T04:48:30.956+0000] {dag.py:3239} INFO - Sync 1 DAGs
[2026-08-23T04:48:30.972+0000] {logging_mixin.py:190} INFO - [2026-08-23T04:48:30.972+0000] {dag.py:4180} INFO - Setting next_dagrun for daily_inventory_pipeline to 2026-08-22 18:30:00+00:00, run_after=2026-08-23 18:30:00+00:00
[2026-08-23T04:48:30.989+0000] {processor.py:208} INFO - Processing /opt/airflow/dags/daily_inventory_pipeline.py took 0.159 seconds
[2026-08-23T04:49:01.073+0000] {processor.py:186} INFO - Started process (PID=4989) to work on /opt/airflow/dags/daily_inventory_pipeline.py
[2026-08-23T04:49:01.074+0000] {processor.py:914} INFO - Processing file /opt/airflow/dags/daily_inventory_pipeline.py for tasks to queue
[2026-08-23T04:49:01.076+0000] {logging_mixin.py:190} INFO - [2026-08-23T04:49:01.076+0000] {dagbag.py:588} INFO - Filling up the DagBag from /opt/airflow/dags/daily_inventory_pipeline.py
[2026-08-23T04:49:01.166+0000] {processor.py:925} INFO - DAG(s) 'daily_inventory_pipeline' retrieved from /opt/airflow/dags/daily_inventory_pipeline.py
[2026-08-23T04:49:01.188+0000] {logging_mixin.py:190} INFO - [2026-08-23T04:49:01.187+0000] {dag.py:3239} INFO - Sync 1 DAGs
[2026-08-23T04:49:01.204+0000] {logging_mixin.py:190} INFO - [2026-08-23T04:49:01.204+0000] {dag.py:4180} INFO - Setting next_dagrun for daily_inventory_pipeline to 2026-08-22 18:30:00+00:00, run_after=2026-08-23 18:30:00+00:00
[2026-08-23T04:49:01.220+0000] {processor.py:208} INFO - Processing /opt/airflow/dags/daily_inventory_pipeline.py took 0.152 seconds
[2026-08-23T04:49:31.374+0000] {processor.py:186} INFO - Started process (PID=4999) to work on /opt/airflow/dags/daily_inventory_pipeline.py
[2026-08-23T04:49:31.374+0000] {processor.py:914} INFO - Processing file /opt/airflow/dags/daily_inventory_pipeline.py for tasks to queue
[2026-08-23T04:49:31.376+0000] {logging_mixin.py:190} INFO - [2026-08-23T04:49:31.376+0000] {dagbag.py:588} INFO - Filling up the DagBag from /opt/airflow/dags/daily_inventory_pipeline.py
[2026-08-23T04:49:31.462+0000] {processor.py:925} INFO - DAG(s) 'daily_inventory_pipeline' retrieved from /opt/airflow/dags/daily_inventory_pipeline.py
[2026-08-23T04:49:31.482+0000] {logging_mixin.py:190} INFO - [2026-08-23T04:49:31.482+0000] {dag.py:3239} INFO - Sync 1 DAGs
[2026-08-23T04:49:31.498+0000] {logging_mixin.py:190} INFO - [2026-08-23T04:49:31.498+0000] {dag.py:4180} INFO - Setting next_dagrun for daily_inventory_pipeline to 2026-08-22 18:30:00+00:00, run_after=2026-08-23 18:30:00+00:00
[2026-08-23T04:49:31.512+0000] {processor.py:208} INFO - Processing /opt/airflow/dags/daily_inventory_pipeline.py took 0.144 seconds
[2026-08-23T04:50:01.739+0000] {processor.py:186} INFO - Started process (PID=5009) to work on /opt/airflow/dags/daily_inventory_pipeline.py
[2026-08-23T04:50:01.742+0000] {processor.py:914} INFO - Processing file /opt/airflow/dags/daily_inventory_pipeline.py for tasks to queue
[2026-08-23T04:50:01.744+0000] {logging_mixin.py:190} INFO - [2026-08-23T04:50:01.744+0000] {dagbag.py:588} INFO - Filling up the DagBag from /opt/airflow/dags/daily_inventory_pipeline.py
[2026-08-23T04:50:01.845+0000] {processor.py:925} INFO - DAG(s) 'daily_inventory_pipeline' retrieved from /opt/airflow/dags/daily_inventory_pipeline.py
[2026-08-23T04:50:01.867+0000] {logging_mixin.py:190} INFO - [2026-08-23T04:50:01.867+0000] {dag.py:3239} INFO - Sync 1 DAGs
[2026-08-23T04:50:01.887+0000] {logging_mixin.py:190} INFO - [2026-08-23T04:50:01.887+0000] {dag.py:4180} INFO - Setting next_dagrun for daily_inventory_pipeline to 2026-08-22 18:30:00+00:00, run_after=2026-08-23 18:30:00+00:00
[2026-08-23T04:50:02.023+0000] {processor.py:208} INFO - Processing /opt/airflow/dags/daily_inventory_pipeline.py took 0.294 seconds
[2026-08-23T04:50:32.307+0000] {processor.py:186} INFO - Started process (PID=5019) to work on /opt/airflow/dags/daily_inventory_pipeline.py
[2026-08-23T04:50:32.308+0000] {processor.py:914} INFO - Processing file /opt/airflow/dags/daily_inventory_pipeline.py for tasks to queue
[2026-08-23T04:50:32.310+0000] {logging_mixin.py:190} INFO - [2026-08-23T04:50:32.310+0000] {dagbag.py:588} INFO - Filling up the DagBag from /opt/airflow/dags/daily_inventory_pipeline.py
[2026-08-23T04:50:32.399+0000] {processor.py:925} INFO - DAG(s) 'daily_inventory_pipeline' retrieved from /opt/airflow/dags/daily_inventory_pipeline.py
[2026-08-23T04:50:32.418+0000] {logging_mixin.py:190} INFO - [2026-08-23T04:50:32.418+0000] {dag.py:3239} INFO - Sync 1 DAGs
[2026-08-23T04:50:32.530+0000] {logging_mixin.py:190} INFO - [2026-08-23T04:50:32.530+0000] {dag.py:4180} INFO - Setting next_dagrun for daily_inventory_pipeline to 2026-08-22 18:30:00+00:00, run_after=2026-08-23 18:30:00+00:00
[2026-08-23T04:50:32.547+0000] {processor.py:208} INFO - Processing /opt/airflow/dags/daily_inventory_pipeline.py took 0.245 seconds
[2026-08-23T04:51:02.818+0000] {processor.py:186} INFO - Started process (PID=5029) to work on /opt/airflow/dags/daily_inventory_pipeline.py
[2026-08-23T04:51:02.819+0000] {processor.py:914} INFO - Processing file /opt/airflow/dags/daily_inventory_pipeline.py for tasks to queue
[2026-08-23T04:51:02.821+0000] {logging_mixin.py:190} INFO - [2026-08-23T04:51:02.821+0000] {dagbag.py:588} INFO - Filling up the DagBag from /opt/airflow/dags/daily_inventory_pipeline.py
[2026-08-23T04:51:02.920+0000] {processor.py:925} INFO - DAG(s) 'daily_inventory_pipeline' retrieved from /opt/airflow/dags/daily_inventory_pipeline.py
[2026-08-23T04:51:02.943+0000] {logging_mixin.py:190} INFO - [2026-08-23T04:51:02.942+0000] {dag.py:3239} INFO - Sync 1 DAGs
[2026-08-23T04:51:03.068+0000] {logging_mixin.py:190} INFO - [2026-08-23T04:51:03.068+0000] {dag.py:4180} INFO - Setting next_dagrun for daily_inventory_pipeline to 2026-08-22 18:30:00+00:00, run_after=2026-08-23 18:30:00+00:00
[2026-08-23T04:51:03.081+0000] {processor.py:208} INFO - Processing /opt/airflow/dags/daily_inventory_pipeline.py took 0.269 seconds
[2026-08-23T04:51:33.351+0000] {processor.py:186} INFO - Started process (PID=5039) to work on /opt/airflow/dags/daily_inventory_pipeline.py
[2026-08-23T04:51:33.352+0000] {processor.py:914} INFO - Processing file /opt/airflow/dags/daily_inventory_pipeline.py for tasks to queue
[2026-08-23T04:51:33.353+0000] {logging_mixin.py:190} INFO - [2026-08-23T04:51:33.353+0000] {dagbag.py:588} INFO - Filling up the DagBag from /opt/airflow/dags/daily_inventory_pipeline.py
[2026-08-23T04:51:33.443+0000] {processor.py:925} INFO - DAG(s) 'daily_inventory_pipeline' retrieved from /opt/airflow/dags/daily_inventory_pipeline.py
[2026-08-23T04:51:33.464+0000] {logging_mixin.py:190} INFO - [2026-08-23T04:51:33.464+0000] {dag.py:3239} INFO - Sync 1 DAGs
[2026-08-23T04:51:33.480+0000] {logging_mixin.py:190} INFO - [2026-08-23T04:51:33.479+0000] {dag.py:4180} INFO - Setting next_dagrun for daily_inventory_pipeline to 2026-08-22 18:30:00+00:00, run_after=2026-08-23 18:30:00+00:00
[2026-08-23T04:51:33.492+0000] {processor.py:208} INFO - Processing /opt/airflow/dags/daily_inventory_pipeline.py took 0.147 seconds
[2026-08-23T04:52:03.604+0000] {processor.py:186} INFO - Started process (PID=5049) to work on /opt/airflow/dags/daily_inventory_pipeline.py
[2026-08-23T04:52:03.605+0000] {processor.py:914} INFO - Processing file /opt/airflow/dags/daily_inventory_pipeline.py for tasks to queue
[2026-08-23T04:52:03.607+0000] {logging_mixin.py:190} INFO - [2026-08-23T04:52:03.606+0000] {dagbag.py:588} INFO - Filling up the DagBag from /opt/airflow/dags/daily_inventory_pipeline.py
[2026-08-23T04:52:03.693+0000] {processor.py:925} INFO - DAG(s) 'daily_inventory_pipeline' retrieved from /opt/airflow/dags/daily_inventory_pipeline.py
[2026-08-23T04:52:03.715+0000] {logging_mixin.py:190} INFO - [2026-08-23T04:52:03.714+0000] {dag.py:3239} INFO - Sync 1 DAGs
[2026-08-23T04:52:03.731+0000] {logging_mixin.py:190} INFO - [2026-08-23T04:52:03.731+0000] {dag.py:4180} INFO - Setting next_dagrun for daily_inventory_pipeline to 2026-08-22 18:30:00+00:00, run_after=2026-08-23 18:30:00+00:00
[2026-08-23T04:52:03.745+0000] {processor.py:208} INFO - Processing /opt/airflow/dags/daily_inventory_pipeline.py took 0.146 seconds
[2026-08-23T04:52:34.045+0000] {processor.py:186} INFO - Started process (PID=5059) to work on /opt/airflow/dags/daily_inventory_pipeline.py
[2026-08-23T04:52:34.046+0000] {processor.py:914} INFO - Processing file /opt/airflow/dags/daily_inventory_pipeline.py for tasks to queue
[2026-08-23T04:52:34.048+0000] {logging_mixin.py:190} INFO - [2026-08-23T04:52:34.047+0000] {dagbag.py:588} INFO - Filling up the DagBag from /opt/airflow/dags/daily_inventory_pipeline.py
[2026-08-23T04:52:34.132+0000] {processor.py:925} INFO - DAG(s) 'daily_inventory_pipeline' retrieved from /opt/airflow/dags/daily_inventory_pipeline.py
[2026-08-23T04:52:34.154+0000] {logging_mixin.py:190} INFO - [2026-08-23T04:52:34.154+0000] {dag.py:3239} INFO - Sync 1 DAGs
[2026-08-23T04:52:34.169+0000] {logging_mixin.py:190} INFO - [2026-08-23T04:52:34.169+0000] {dag.py:4180} INFO - Setting next_dagrun for daily_inventory_pipeline to 2026-08-22 18:30:00+00:00, run_after=2026-08-23 18:30:00+00:00
[2026-08-23T04:52:34.182+0000] {processor.py:208} INFO - Processing /opt/airflow/dags/daily_inventory_pipeline.py took 0.142 seconds
[2026-08-23T04:53:04.376+0000] {processor.py:186} INFO - Started process (PID=5069) to work on /opt/airflow/dags/daily_inventory_pipeline.py
[2026-08-23T04:53:04.376+0000] {processor.py:914} INFO - Processing file /opt/airflow/dags/daily_inventory_pipeline.py for tasks to queue
[2026-08-23T04:53:04.379+0000] {logging_mixin.py:190} INFO - [2026-08-23T04:53:04.379+0000] {dagbag.py:588} INFO - Filling up the DagBag from /opt/airflow/dags/daily_inventory_pipeline.py
[2026-08-23T04:53:04.477+0000] {processor.py:925} INFO - DAG(s) 'daily_inventory_pipeline' retrieved from /opt/airflow/dags/daily_inventory_pipeline.py
[2026-08-23T04:53:04.499+0000] {logging_mixin.py:190} INFO - [2026-08-23T04:53:04.499+0000] {dag.py:3239} INFO - Sync 1 DAGs
[2026-08-23T04:53:04.632+0000] {logging_mixin.py:190} INFO - [2026-08-23T04:53:04.632+0000] {dag.py:4180} INFO - Setting next_dagrun for daily_inventory_pipeline to 2026-08-22 18:30:00+00:00, run_after=2026-08-23 18:30:00+00:00
[2026-08-23T04:53:04.646+0000] {processor.py:208} INFO - Processing /opt/airflow/dags/daily_inventory_pipeline.py took 0.278 seconds
[2026-08-23T04:53:34.829+0000] {processor.py:186} INFO - Started process (PID=5079) to work on /opt/airflow/dags/daily_inventory_pipeline.py
[2026-08-23T04:53:34.830+0000] {processor.py:914} INFO - Processing file /opt/airflow/dags/daily_inventory_pipeline.py for tasks to queue
[2026-08-23T04:53:34.832+0000] {logging_mixin.py:190} INFO - [2026-08-23T04:53:34.832+0000] {dagbag.py:588} INFO - Filling up the DagBag from /opt/airflow/dags/daily_inventory_pipeline.py
[2026-08-23T04:53:34.933+0000] {processor.py:925} INFO - DAG(s) 'daily_inventory_pipeline' retrieved from /opt/airflow/dags/daily_inventory_pipeline.py
[2026-08-23T04:53:34.956+0000] {logging_mixin.py:190} INFO - [2026-08-23T04:53:34.955+0000] {dag.py:3239} INFO - Sync 1 DAGs
[2026-08-23T04:53:35.087+0000] {logging_mixin.py:190} INFO - [2026-08-23T04:53:35.087+0000] {dag.py:4180} INFO - Setting next_dagrun for daily_inventory_pipeline to 2026-08-22 18:30:00+00:00, run_after=2026-08-23 18:30:00+00:00
[2026-08-23T04:53:35.101+0000] {processor.py:208} INFO - Processing /opt/airflow/dags/daily_inventory_pipeline.py took 0.278 seconds
[2026-08-23T04:54:05.337+0000] {processor.py:186} INFO - Started process (PID=5089) to work on /opt/airflow/dags/daily_inventory_pipeline.py
[2026-08-23T04:54:05.337+0000] {processor.py:914} INFO - Processing file /opt/airflow/dags/daily_inventory_pipeline.py for tasks to queue
[2026-08-23T04:54:05.339+0000] {logging_mixin.py:190} INFO - [2026-08-23T04:54:05.339+0000] {dagbag.py:588} INFO - Filling up the DagBag from /opt/airflow/dags/daily_inventory_pipeline.py
[2026-08-23T04:54:05.433+0000] {processor.py:925} INFO - DAG(s) 'daily_inventory_pipeline' retrieved from /opt/airflow/dags/daily_inventory_pipeline.py
[2026-08-23T04:54:05.554+0000] {logging_mixin.py:190} INFO - [2026-08-23T04:54:05.554+0000] {dag.py:3239} INFO - Sync 1 DAGs
[2026-08-23T04:54:05.569+0000] {logging_mixin.py:190} INFO - [2026-08-23T04:54:05.568+0000] {dag.py:4180} INFO - Setting next_dagrun for daily_inventory_pipeline to 2026-08-22 18:30:00+00:00, run_after=2026-08-23 18:30:00+00:00
[2026-08-23T04:54:05.581+0000] {processor.py:208} INFO - Processing /opt/airflow/dags/daily_inventory_pipeline.py took 0.250 seconds
[2026-08-23T04:54:35.861+0000] {processor.py:186} INFO - Started process (PID=5099) to work on /opt/airflow/dags/daily_inventory_pipeline.py
[2026-08-23T04:54:35.862+0000] {processor.py:914} INFO - Processing file /opt/airflow/dags/daily_inventory_pipeline.py for tasks to queue
[2026-08-23T04:54:35.864+0000] {logging_mixin.py:190} INFO - [2026-08-23T04:54:35.864+0000] {dagbag.py:588} INFO - Filling up the DagBag from /opt/airflow/dags/daily_inventory_pipeline.py
[2026-08-23T04:54:35.955+0000] {processor.py:925} INFO - DAG(s) 'daily_inventory_pipeline' retrieved from /opt/airflow/dags/daily_inventory_pipeline.py
[2026-08-23T04:54:35.976+0000] {logging_mixin.py:190} INFO - [2026-08-23T04:54:35.975+0000] {dag.py:3239} INFO - Sync 1 DAGs
[2026-08-23T04:54:35.992+0000] {logging_mixin.py:190} INFO - [2026-08-23T04:54:35.992+0000] {dag.py:4180} INFO - Setting next_dagrun for daily_inventory_pipeline to 2026-08-22 18:30:00+00:00, run_after=2026-08-23 18:30:00+00:00
[2026-08-23T04:54:36.010+0000] {processor.py:208} INFO - Processing /opt/airflow/dags/daily_inventory_pipeline.py took 0.155 seconds
[2026-08-23T04:55:06.184+0000] {processor.py:186} INFO - Started process (PID=5109) to work on /opt/airflow/dags/daily_inventory_pipeline.py
[2026-08-23T04:55:06.185+0000] {processor.py:914} INFO - Processing file /opt/airflow/dags/daily_inventory_pipeline.py for tasks to queue
[2026-08-23T04:55:06.187+0000] {logging_mixin.py:190} INFO - [2026-08-23T04:55:06.186+0000] {dagbag.py:588} INFO - Filling up the DagBag from /opt/airflow/dags/daily_inventory_pipeline.py
[2026-08-23T04:55:06.282+0000] {processor.py:925} INFO - DAG(s) 'daily_inventory_pipeline' retrieved from /opt/airflow/dags/daily_inventory_pipeline.py
[2026-08-23T04:55:06.302+0000] {logging_mixin.py:190} INFO - [2026-08-23T04:55:06.302+0000] {dag.py:3239} INFO - Sync 1 DAGs
[2026-08-23T04:55:06.319+0000] {logging_mixin.py:190} INFO - [2026-08-23T04:55:06.319+0000] {dag.py:4180} INFO - Setting next_dagrun for daily_inventory_pipeline to 2026-08-22 18:30:00+00:00, run_after=2026-08-23 18:30:00+00:00
[2026-08-23T04:55:06.331+0000] {processor.py:208} INFO - Processing /opt/airflow/dags/daily_inventory_pipeline.py took 0.152 seconds
[2026-08-23T04:55:36.552+0000] {processor.py:186} INFO - Started process (PID=5119) to work on /opt/airflow/dags/daily_inventory_pipeline.py
[2026-08-23T04:55:36.552+0000] {processor.py:914} INFO - Processing file /opt/airflow/dags/daily_inventory_pipeline.py for tasks to queue
[2026-08-23T04:55:36.554+0000] {logging_mixin.py:190} INFO - [2026-08-23T04:55:36.554+0000] {dagbag.py:588} INFO - Filling up the DagBag from /opt/airflow/dags/daily_inventory_pipeline.py
[2026-08-23T04:55:36.651+0000] {processor.py:925} INFO - DAG(s) 'daily_inventory_pipeline' retrieved from /opt/airflow/dags/daily_inventory_pipeline.py
[2026-08-23T04:55:36.674+0000] {logging_mixin.py:190} INFO - [2026-08-23T04:55:36.674+0000] {dag.py:3239} INFO - Sync 1 DAGs
[2026-08-23T04:55:36.693+0000] {logging_mixin.py:190} INFO - [2026-08-23T04:55:36.693+0000] {dag.py:4180} INFO - Setting next_dagrun for daily_inventory_pipeline to 2026-08-22 18:30:00+00:00, run_after=2026-08-23 18:30:00+00:00
[2026-08-23T04:55:36.831+0000] {processor.py:208} INFO - Processing /opt/airflow/dags/daily_inventory_pipeline.py took 0.285 seconds
[2026-08-23T04:56:07.055+0000] {processor.py:186} INFO - Started process (PID=5129) to work on /opt/airflow/dags/daily_inventory_pipeline.py
[2026-08-23T04:56:07.059+0000] {processor.py:914} INFO - Processing file /opt/airflow/dags/daily_inventory_pipeline.py for tasks to queue
[2026-08-23T04:56:07.064+0000] {logging_mixin.py:190} INFO - [2026-08-23T04:56:07.063+0000] {dagbag.py:588} INFO - Filling up the DagBag from /opt/airflow/dags/daily_inventory_pipeline.py
[2026-08-23T04:56:07.169+0000] {processor.py:925} INFO - DAG(s) 'daily_inventory_pipeline' retrieved from /opt/airflow/dags/daily_inventory_pipeline.py
[2026-08-23T04:56:07.190+0000] {logging_mixin.py:190} INFO - [2026-08-23T04:56:07.190+0000] {dag.py:3239} INFO - Sync 1 DAGs
[2026-08-23T04:56:07.312+0000] {logging_mixin.py:190} INFO - [2026-08-23T04:56:07.311+0000] {dag.py:4180} INFO - Setting next_dagrun for daily_inventory_pipeline to 2026-08-22 18:30:00+00:00, run_after=2026-08-23 18:30:00+00:00
[2026-08-23T04:56:07.327+0000] {processor.py:208} INFO - Processing /opt/airflow/dags/daily_inventory_pipeline.py took 0.280 seconds
[2026-08-23T04:56:37.595+0000] {processor.py:186} INFO - Started process (PID=5139) to work on /opt/airflow/dags/daily_inventory_pipeline.py
[2026-08-23T04:56:37.596+0000] {processor.py:914} INFO - Processing file /opt/airflow/dags/daily_inventory_pipeline.py for tasks to queue
[2026-08-23T04:56:37.598+0000] {logging_mixin.py:190} INFO - [2026-08-23T04:56:37.598+0000] {dagbag.py:588} INFO - Filling up the DagBag from /opt/airflow/dags/daily_inventory_pipeline.py
[2026-08-23T04:56:37.698+0000] {processor.py:925} INFO - DAG(s) 'daily_inventory_pipeline' retrieved from /opt/airflow/dags/daily_inventory_pipeline.py
[2026-08-23T04:56:37.721+0000] {logging_mixin.py:190} INFO - [2026-08-23T04:56:37.721+0000] {dag.py:3239} INFO - Sync 1 DAGs
[2026-08-23T04:56:37.856+0000] {logging_mixin.py:190} INFO - [2026-08-23T04:56:37.856+0000] {dag.py:4180} INFO - Setting next_dagrun for daily_inventory_pipeline to 2026-08-22 18:30:00+00:00, run_after=2026-08-23 18:30:00+00:00
[2026-08-23T04:56:37.870+0000] {processor.py:208} INFO - Processing /opt/airflow/dags/daily_inventory_pipeline.py took 0.283 seconds
[2026-08-23T04:57:08.058+0000] {processor.py:186} INFO - Started process (PID=5149) to work on /opt/airflow/dags/daily_inventory_pipeline.py
[2026-08-23T04:57:08.058+0000] {processor.py:914} INFO - Processing file /opt/airflow/dags/daily_inventory_pipeline.py for tasks to queue
[2026-08-23T04:57:08.060+0000] {logging_mixin.py:190} INFO - [2026-08-23T04:57:08.060+0000] {dagbag.py:588} INFO - Filling up the DagBag from /opt/airflow/dags/daily_inventory_pipeline.py
[2026-08-23T04:57:08.167+0000] {processor.py:925} INFO - DAG(s) 'daily_inventory_pipeline' retrieved from /opt/airflow/dags/daily_inventory_pipeline.py
[2026-08-23T04:57:08.190+0000] {logging_mixin.py:190} INFO - [2026-08-23T04:57:08.190+0000] {dag.py:3239} INFO - Sync 1 DAGs
[2026-08-23T04:57:08.208+0000] {logging_mixin.py:190} INFO - [2026-08-23T04:57:08.208+0000] {dag.py:4180} INFO - Setting next_dagrun for daily_inventory_pipeline to 2026-08-22 18:30:00+00:00, run_after=2026-08-23 18:30:00+00:00
[2026-08-23T04:57:08.224+0000] {processor.py:208} INFO - Processing /opt/airflow/dags/daily_inventory_pipeline.py took 0.174 seconds
[2026-08-23T04:57:38.405+0000] {processor.py:186} INFO - Started process (PID=5159) to work on /opt/airflow/dags/daily_inventory_pipeline.py
[2026-08-23T04:57:38.406+0000] {processor.py:914} INFO - Processing file /opt/airflow/dags/daily_inventory_pipeline.py for tasks to queue
[2026-08-23T04:57:38.408+0000] {logging_mixin.py:190} INFO - [2026-08-23T04:57:38.407+0000] {dagbag.py:588} INFO - Filling up the DagBag from /opt/airflow/dags/daily_inventory_pipeline.py
[2026-08-23T04:57:38.504+0000] {processor.py:925} INFO - DAG(s) 'daily_inventory_pipeline' retrieved from /opt/airflow/dags/daily_inventory_pipeline.py
[2026-08-23T04:57:38.531+0000] {logging_mixin.py:190} INFO - [2026-08-23T04:57:38.531+0000] {dag.py:3239} INFO - Sync 1 DAGs
[2026-08-23T04:57:38.549+0000] {logging_mixin.py:190} INFO - [2026-08-23T04:57:38.549+0000] {dag.py:4180} INFO - Setting next_dagrun for daily_inventory_pipeline to 2026-08-22 18:30:00+00:00, run_after=2026-08-23 18:30:00+00:00
[2026-08-23T04:57:38.565+0000] {processor.py:208} INFO - Processing /opt/airflow/dags/daily_inventory_pipeline.py took 0.166 seconds
[2026-08-23T04:58:08.604+0000] {processor.py:186} INFO - Started process (PID=5169) to work on /opt/airflow/dags/daily_inventory_pipeline.py
[2026-08-23T04:58:08.604+0000] {processor.py:914} INFO - Processing file /opt/airflow/dags/daily_inventory_pipeline.py for tasks to queue
[2026-08-23T04:58:08.606+0000] {logging_mixin.py:190} INFO - [2026-08-23T04:58:08.606+0000] {dagbag.py:588} INFO - Filling up the DagBag from /opt/airflow/dags/daily_inventory_pipeline.py
[2026-08-23T04:58:08.689+0000] {processor.py:925} INFO - DAG(s) 'daily_inventory_pipeline' retrieved from /opt/airflow/dags/daily_inventory_pipeline.py
[2026-08-23T04:58:08.709+0000] {logging_mixin.py:190} INFO - [2026-08-23T04:58:08.709+0000] {dag.py:3239} INFO - Sync 1 DAGs
[2026-08-23T04:58:08.724+0000] {logging_mixin.py:190} INFO - [2026-08-23T04:58:08.724+0000] {dag.py:4180} INFO - Setting next_dagrun for daily_inventory_pipeline to 2026-08-22 18:30:00+00:00, run_after=2026-08-23 18:30:00+00:00
[2026-08-23T04:58:08.742+0000] {processor.py:208} INFO - Processing /opt/airflow/dags/daily_inventory_pipeline.py took 0.144 seconds
[2026-08-23T04:58:38.834+0000] {processor.py:186} INFO - Started process (PID=5179) to work on /opt/airflow/dags/daily_inventory_pipeline.py
[2026-08-23T04:58:38.835+0000] {processor.py:914} INFO - Processing file /opt/airflow/dags/daily_inventory_pipeline.py for tasks to queue
[2026-08-23T04:58:38.837+0000] {logging_mixin.py:190} INFO - [2026-08-23T04:58:38.837+0000] {dagbag.py:588} INFO - Filling up the DagBag from /opt/airflow/dags/daily_inventory_pipeline.py
[2026-08-23T04:58:38.935+0000] {processor.py:925} INFO - DAG(s) 'daily_inventory_pipeline' retrieved from /opt/airflow/dags/daily_inventory_pipeline.py
[2026-08-23T04:58:38.961+0000] {logging_mixin.py:190} INFO - [2026-08-23T04:58:38.960+0000] {dag.py:3239} INFO - Sync 1 DAGs
[2026-08-23T04:58:38.983+0000] {logging_mixin.py:190} INFO - [2026-08-23T04:58:38.982+0000] {dag.py:4180} INFO - Setting next_dagrun for daily_inventory_pipeline to 2026-08-22 18:30:00+00:00, run_after=2026-08-23 18:30:00+00:00
[2026-08-23T04:58:39.125+0000] {processor.py:208} INFO - Processing /opt/airflow/dags/daily_inventory_pipeline.py took 0.297 seconds
[2026-08-23T04:59:09.327+0000] {processor.py:186} INFO - Started process (PID=5189) to work on /opt/airflow/dags/daily_inventory_pipeline.py
[2026-08-23T04:59:09.328+0000] {processor.py:914} INFO - Processing file /opt/airflow/dags/daily_inventory_pipeline.py for tasks to queue
[2026-08-23T04:59:09.330+0000] {logging_mixin.py:190} INFO - [2026-08-23T04:59:09.330+0000] {dagbag.py:588} INFO - Filling up the DagBag from /opt/airflow/dags/daily_inventory_pipeline.py
[2026-08-23T04:59:09.427+0000] {processor.py:925} INFO - DAG(s) 'daily_inventory_pipeline' retrieved from /opt/airflow/dags/daily_inventory_pipeline.py
[2026-08-23T04:59:09.452+0000] {logging_mixin.py:190} INFO - [2026-08-23T04:59:09.452+0000] {dag.py:3239} INFO - Sync 1 DAGs
[2026-08-23T04:59:09.592+0000] {logging_mixin.py:190} INFO - [2026-08-23T04:59:09.591+0000] {dag.py:4180} INFO - Setting next_dagrun for daily_inventory_pipeline to 2026-08-22 18:30:00+00:00, run_after=2026-08-23 18:30:00+00:00
[2026-08-23T04:59:09.605+0000] {processor.py:208} INFO - Processing /opt/airflow/dags/daily_inventory_pipeline.py took 0.284 seconds
[2026-08-23T04:59:39.848+0000] {processor.py:186} INFO - Started process (PID=5199) to work on /opt/airflow/dags/daily_inventory_pipeline.py
[2026-08-23T04:59:39.849+0000] {processor.py:914} INFO - Processing file /opt/airflow/dags/daily_inventory_pipeline.py for tasks to queue
[2026-08-23T04:59:39.852+0000] {logging_mixin.py:190} INFO - [2026-08-23T04:59:39.852+0000] {dagbag.py:588} INFO - Filling up the DagBag from /opt/airflow/dags/daily_inventory_pipeline.py
[2026-08-23T04:59:39.968+0000] {processor.py:925} INFO - DAG(s) 'daily_inventory_pipeline' retrieved from /opt/airflow/dags/daily_inventory_pipeline.py
[2026-08-23T04:59:40.095+0000] {logging_mixin.py:190} INFO - [2026-08-23T04:59:40.094+0000] {dag.py:3239} INFO - Sync 1 DAGs
[2026-08-23T04:59:40.108+0000] {logging_mixin.py:190} INFO - [2026-08-23T04:59:40.108+0000] {dag.py:4180} INFO - Setting next_dagrun for daily_inventory_pipeline to 2026-08-22 18:30:00+00:00, run_after=2026-08-23 18:30:00+00:00
[2026-08-23T04:59:40.120+0000] {processor.py:208} INFO - Processing /opt/airflow/dags/daily_inventory_pipeline.py took 0.279 seconds
[2026-08-23T05:00:10.340+0000] {processor.py:186} INFO - Started process (PID=5209) to work on /opt/airflow/dags/daily_inventory_pipeline.py
[2026-08-23T05:00:10.342+0000] {processor.py:914} INFO - Processing file /opt/airflow/dags/daily_inventory_pipeline.py for tasks to queue
[2026-08-23T05:00:10.344+0000] {logging_mixin.py:190} INFO - [2026-08-23T05:00:10.343+0000] {dagbag.py:588} INFO - Filling up the DagBag from /opt/airflow/dags/daily_inventory_pipeline.py
[2026-08-23T05:00:10.446+0000] {processor.py:925} INFO - DAG(s) 'daily_inventory_pipeline' retrieved from /opt/airflow/dags/daily_inventory_pipeline.py
[2026-08-23T05:00:10.469+0000] {logging_mixin.py:190} INFO - [2026-08-23T05:00:10.469+0000] {dag.py:3239} INFO - Sync 1 DAGs
[2026-08-23T05:00:10.488+0000] {logging_mixin.py:190} INFO - [2026-08-23T05:00:10.488+0000] {dag.py:4180} INFO - Setting next_dagrun for daily_inventory_pipeline to 2026-08-22 18:30:00+00:00, run_after=2026-08-23 18:30:00+00:00
[2026-08-23T05:00:10.504+0000] {processor.py:208} INFO - Processing /opt/airflow/dags/daily_inventory_pipeline.py took 0.169 seconds
[2026-08-23T05:00:40.573+0000] {processor.py:186} INFO - Started process (PID=5219) to work on /opt/airflow/dags/daily_inventory_pipeline.py
[2026-08-23T05:00:40.574+0000] {processor.py:914} INFO - Processing file /opt/airflow/dags/daily_inventory_pipeline.py for tasks to queue
[2026-08-23T05:00:40.576+0000] {logging_mixin.py:190} INFO - [2026-08-23T05:00:40.576+0000] {dagbag.py:588} INFO - Filling up the DagBag from /opt/airflow/dags/daily_inventory_pipeline.py
[2026-08-23T05:00:40.698+0000] {processor.py:925} INFO - DAG(s) 'daily_inventory_pipeline' retrieved from /opt/airflow/dags/daily_inventory_pipeline.py
[2026-08-23T05:00:40.719+0000] {logging_mixin.py:190} INFO - [2026-08-23T05:00:40.719+0000] {dag.py:3239} INFO - Sync 1 DAGs
[2026-08-23T05:00:40.737+0000] {logging_mixin.py:190} INFO - [2026-08-23T05:00:40.737+0000] {dag.py:4180} INFO - Setting next_dagrun for daily_inventory_pipeline to 2026-08-22 18:30:00+00:00, run_after=2026-08-23 18:30:00+00:00
[2026-08-23T05:00:40.753+0000] {processor.py:208} INFO - Processing /opt/airflow/dags/daily_inventory_pipeline.py took 0.187 seconds
[2026-08-23T05:01:10.965+0000] {processor.py:186} INFO - Started process (PID=5229) to work on /opt/airflow/dags/daily_inventory_pipeline.py
[2026-08-23T05:01:10.966+0000] {processor.py:914} INFO - Processing file /opt/airflow/dags/daily_inventory_pipeline.py for tasks to queue
[2026-08-23T05:01:10.968+0000] {logging_mixin.py:190} INFO - [2026-08-23T05:01:10.968+0000] {dagbag.py:588} INFO - Filling up the DagBag from /opt/airflow/dags/daily_inventory_pipeline.py
[2026-08-23T05:01:11.077+0000] {processor.py:925} INFO - DAG(s) 'daily_inventory_pipeline' retrieved from /opt/airflow/dags/daily_inventory_pipeline.py
[2026-08-23T05:01:11.100+0000] {logging_mixin.py:190} INFO - [2026-08-23T05:01:11.099+0000] {dag.py:3239} INFO - Sync 1 DAGs
[2026-08-23T05:01:11.118+0000] {logging_mixin.py:190} INFO - [2026-08-23T05:01:11.118+0000] {dag.py:4180} INFO - Setting next_dagrun for daily_inventory_pipeline to 2026-08-22 18:30:00+00:00, run_after=2026-08-23 18:30:00+00:00
[2026-08-23T05:01:11.258+0000] {processor.py:208} INFO - Processing /opt/airflow/dags/daily_inventory_pipeline.py took 0.300 seconds
[2026-08-23T05:01:41.534+0000] {processor.py:186} INFO - Started process (PID=5239) to work on /opt/airflow/dags/daily_inventory_pipeline.py
[2026-08-23T05:01:41.534+0000] {processor.py:914} INFO - Processing file /opt/airflow/dags/daily_inventory_pipeline.py for tasks to queue
[2026-08-23T05:01:41.536+0000] {logging_mixin.py:190} INFO - [2026-08-23T05:01:41.536+0000] {dagbag.py:588} INFO - Filling up the DagBag from /opt/airflow/dags/daily_inventory_pipeline.py
[2026-08-23T05:01:41.629+0000] {processor.py:925} INFO - DAG(s) 'daily_inventory_pipeline' retrieved from /opt/airflow/dags/daily_inventory_pipeline.py
[2026-08-23T05:01:41.651+0000] {logging_mixin.py:190} INFO - [2026-08-23T05:01:41.650+0000] {dag.py:3239} INFO - Sync 1 DAGs
[2026-08-23T05:01:41.765+0000] {logging_mixin.py:190} INFO - [2026-08-23T05:01:41.765+0000] {dag.py:4180} INFO - Setting next_dagrun for daily_inventory_pipeline to 2026-08-22 18:30:00+00:00, run_after=2026-08-23 18:30:00+00:00
[2026-08-23T05:01:41.800+0000] {processor.py:208} INFO - Processing /opt/airflow/dags/daily_inventory_pipeline.py took 0.272 seconds
[2026-08-23T05:02:12.041+0000] {processor.py:186} INFO - Started process (PID=5249) to work on /opt/airflow/dags/daily_inventory_pipeline.py
[2026-08-23T05:02:12.042+0000] {processor.py:914} INFO - Processing file /opt/airflow/dags/daily_inventory_pipeline.py for tasks to queue
[2026-08-23T05:02:12.044+0000] {logging_mixin.py:190} INFO - [2026-08-23T05:02:12.044+0000] {dagbag.py:588} INFO - Filling up the DagBag from /opt/airflow/dags/daily_inventory_pipeline.py
[2026-08-23T05:02:12.161+0000] {processor.py:925} INFO - DAG(s) 'daily_inventory_pipeline' retrieved from /opt/airflow/dags/daily_inventory_pipeline.py
[2026-08-23T05:02:12.185+0000] {logging_mixin.py:190} INFO - [2026-08-23T05:02:12.185+0000] {dag.py:3239} INFO - Sync 1 DAGs
[2026-08-23T05:02:12.330+0000] {logging_mixin.py:190} INFO - [2026-08-23T05:02:12.329+0000] {dag.py:4180} INFO - Setting next_dagrun for daily_inventory_pipeline to 2026-08-22 18:30:00+00:00, run_after=2026-08-23 18:30:00+00:00
[2026-08-23T05:02:12.343+0000] {processor.py:208} INFO - Processing /opt/airflow/dags/daily_inventory_pipeline.py took 0.309 seconds
[2026-08-23T05:02:42.599+0000] {processor.py:186} INFO - Started process (PID=5259) to work on /opt/airflow/dags/daily_inventory_pipeline.py
[2026-08-23T05:02:42.600+0000] {processor.py:914} INFO - Processing file /opt/airflow/dags/daily_inventory_pipeline.py for tasks to queue
[2026-08-23T05:02:42.601+0000] {logging_mixin.py:190} INFO - [2026-08-23T05:02:42.601+0000] {dagbag.py:588} INFO - Filling up the DagBag from /opt/airflow/dags/daily_inventory_pipeline.py
[2026-08-23T05:02:42.685+0000] {processor.py:925} INFO - DAG(s) 'daily_inventory_pipeline' retrieved from /opt/airflow/dags/daily_inventory_pipeline.py
[2026-08-23T05:02:42.797+0000] {logging_mixin.py:190} INFO - [2026-08-23T05:02:42.797+0000] {dag.py:3239} INFO - Sync 1 DAGs
[2026-08-23T05:02:42.811+0000] {logging_mixin.py:190} INFO - [2026-08-23T05:02:42.811+0000] {dag.py:4180} INFO - Setting next_dagrun for daily_inventory_pipeline to 2026-08-22 18:30:00+00:00, run_after=2026-08-23 18:30:00+00:00
[2026-08-23T05:02:42.822+0000] {processor.py:208} INFO - Processing /opt/airflow/dags/daily_inventory_pipeline.py took 0.228 seconds
[2026-08-23T05:03:13.093+0000] {processor.py:186} INFO - Started process (PID=5269) to work on /opt/airflow/dags/daily_inventory_pipeline.py
[2026-08-23T05:03:13.094+0000] {processor.py:914} INFO - Processing file /opt/airflow/dags/daily_inventory_pipeline.py for tasks to queue
[2026-08-23T05:03:13.096+0000] {logging_mixin.py:190} INFO - [2026-08-23T05:03:13.096+0000] {dagbag.py:588} INFO - Filling up the DagBag from /opt/airflow/dags/daily_inventory_pipeline.py
[2026-08-23T05:03:13.189+0000] {processor.py:925} INFO - DAG(s) 'daily_inventory_pipeline' retrieved from /opt/airflow/dags/daily_inventory_pipeline.py
[2026-08-23T05:03:13.211+0000] {logging_mixin.py:190} INFO - [2026-08-23T05:03:13.211+0000] {dag.py:3239} INFO - Sync 1 DAGs
[2026-08-23T05:03:13.228+0000] {logging_mixin.py:190} INFO - [2026-08-23T05:03:13.228+0000] {dag.py:4180} INFO - Setting next_dagrun for daily_inventory_pipeline to 2026-08-22 18:30:00+00:00, run_after=2026-08-23 18:30:00+00:00
[2026-08-23T05:03:13.243+0000] {processor.py:208} INFO - Processing /opt/airflow/dags/daily_inventory_pipeline.py took 0.156 seconds
[2026-08-23T05:03:43.372+0000] {processor.py:186} INFO - Started process (PID=5279) to work on /opt/airflow/dags/daily_inventory_pipeline.py
[2026-08-23T05:03:43.374+0000] {processor.py:914} INFO - Processing file /opt/airflow/dags/daily_inventory_pipeline.py for tasks to queue
[2026-08-23T05:03:43.376+0000] {logging_mixin.py:190} INFO - [2026-08-23T05:03:43.376+0000] {dagbag.py:588} INFO - Filling up the DagBag from /opt/airflow/dags/daily_inventory_pipeline.py
[2026-08-23T05:03:43.488+0000] {processor.py:925} INFO - DAG(s) 'daily_inventory_pipeline' retrieved from /opt/airflow/dags/daily_inventory_pipeline.py
[2026-08-23T05:03:43.511+0000] {logging_mixin.py:190} INFO - [2026-08-23T05:03:43.510+0000] {dag.py:3239} INFO - Sync 1 DAGs
[2026-08-23T05:03:43.529+0000] {logging_mixin.py:190} INFO - [2026-08-23T05:03:43.529+0000] {dag.py:4180} INFO - Setting next_dagrun for daily_inventory_pipeline to 2026-08-22 18:30:00+00:00, run_after=2026-08-23 18:30:00+00:00
[2026-08-23T05:03:43.545+0000] {processor.py:208} INFO - Processing /opt/airflow/dags/daily_inventory_pipeline.py took 0.183 seconds
[2026-08-23T05:04:13.783+0000] {processor.py:186} INFO - Started process (PID=5289) to work on /opt/airflow/dags/daily_inventory_pipeline.py
[2026-08-23T05:04:13.784+0000] {processor.py:914} INFO - Processing file /opt/airflow/dags/daily_inventory_pipeline.py for tasks to queue
[2026-08-23T05:04:13.786+0000] {logging_mixin.py:190} INFO - [2026-08-23T05:04:13.785+0000] {dagbag.py:588} INFO - Filling up the DagBag from /opt/airflow/dags/daily_inventory_pipeline.py
[2026-08-23T05:04:13.890+0000] {processor.py:925} INFO - DAG(s) 'daily_inventory_pipeline' retrieved from /opt/airflow/dags/daily_inventory_pipeline.py
[2026-08-23T05:04:13.910+0000] {logging_mixin.py:190} INFO - [2026-08-23T05:04:13.910+0000] {dag.py:3239} INFO - Sync 1 DAGs
[2026-08-23T05:04:13.927+0000] {logging_mixin.py:190} INFO - [2026-08-23T05:04:13.927+0000] {dag.py:4180} INFO - Setting next_dagrun for daily_inventory_pipeline to 2026-08-22 18:30:00+00:00, run_after=2026-08-23 18:30:00+00:00
[2026-08-23T05:04:14.038+0000] {processor.py:208} INFO - Processing /opt/airflow/dags/daily_inventory_pipeline.py took 0.261 seconds
[2026-08-23T05:04:44.258+0000] {processor.py:186} INFO - Started process (PID=5299) to work on /opt/airflow/dags/daily_inventory_pipeline.py
[2026-08-23T05:04:44.258+0000] {processor.py:914} INFO - Processing file /opt/airflow/dags/daily_inventory_pipeline.py for tasks to queue
[2026-08-23T05:04:44.260+0000] {logging_mixin.py:190} INFO - [2026-08-23T05:04:44.260+0000] {dagbag.py:588} INFO - Filling up the DagBag from /opt/airflow/dags/daily_inventory_pipeline.py
[2026-08-23T05:04:44.380+0000] {processor.py:925} INFO - DAG(s) 'daily_inventory_pipeline' retrieved from /opt/airflow/dags/daily_inventory_pipeline.py
[2026-08-23T05:04:44.402+0000] {logging_mixin.py:190} INFO - [2026-08-23T05:04:44.402+0000] {dag.py:3239} INFO - Sync 1 DAGs
[2026-08-23T05:04:44.534+0000] {logging_mixin.py:190} INFO - [2026-08-23T05:04:44.534+0000] {dag.py:4180} INFO - Setting next_dagrun for daily_inventory_pipeline to 2026-08-22 18:30:00+00:00, run_after=2026-08-23 18:30:00+00:00
[2026-08-23T05:04:44.548+0000] {processor.py:208} INFO - Processing /opt/airflow/dags/daily_inventory_pipeline.py took 0.296 seconds
[2026-08-23T05:05:14.823+0000] {processor.py:186} INFO - Started process (PID=5309) to work on /opt/airflow/dags/daily_inventory_pipeline.py
[2026-08-23T05:05:14.824+0000] {processor.py:914} INFO - Processing file /opt/airflow/dags/daily_inventory_pipeline.py for tasks to queue
[2026-08-23T05:05:14.826+0000] {logging_mixin.py:190} INFO - [2026-08-23T05:05:14.825+0000] {dagbag.py:588} INFO - Filling up the DagBag from /opt/airflow/dags/daily_inventory_pipeline.py
[2026-08-23T05:05:14.921+0000] {processor.py:925} INFO - DAG(s) 'daily_inventory_pipeline' retrieved from /opt/airflow/dags/daily_inventory_pipeline.py
[2026-08-23T05:05:15.050+0000] {logging_mixin.py:190} INFO - [2026-08-23T05:05:15.050+0000] {dag.py:3239} INFO - Sync 1 DAGs
[2026-08-23T05:05:15.065+0000] {logging_mixin.py:190} INFO - [2026-08-23T05:05:15.065+0000] {dag.py:4180} INFO - Setting next_dagrun for daily_inventory_pipeline to 2026-08-22 18:30:00+00:00, run_after=2026-08-23 18:30:00+00:00
[2026-08-23T05:05:15.077+0000] {processor.py:208} INFO - Processing /opt/airflow/dags/daily_inventory_pipeline.py took 0.260 seconds
[2026-08-23T05:05:45.381+0000] {processor.py:186} INFO - Started process (PID=5319) to work on /opt/airflow/dags/daily_inventory_pipeline.py
[2026-08-23T05:05:45.381+0000] {processor.py:914} INFO - Processing file /opt/airflow/dags/daily_inventory_pipeline.py for tasks to queue
[2026-08-23T05:05:45.383+0000] {logging_mixin.py:190} INFO - [2026-08-23T05:05:45.383+0000] {dagbag.py:588} INFO - Filling up the DagBag from /opt/airflow/dags/daily_inventory_pipeline.py
[2026-08-23T05:05:45.470+0000] {processor.py:925} INFO - DAG(s) 'daily_inventory_pipeline' retrieved from /opt/airflow/dags/daily_inventory_pipeline.py
[2026-08-23T05:05:45.494+0000] {logging_mixin.py:190} INFO - [2026-08-23T05:05:45.493+0000] {dag.py:3239} INFO - Sync 1 DAGs
[2026-08-23T05:05:45.511+0000] {logging_mixin.py:190} INFO - [2026-08-23T05:05:45.511+0000] {dag.py:4180} INFO - Setting next_dagrun for daily_inventory_pipeline to 2026-08-22 18:30:00+00:00, run_after=2026-08-23 18:30:00+00:00
[2026-08-23T05:05:45.524+0000] {processor.py:208} INFO - Processing /opt/airflow/dags/daily_inventory_pipeline.py took 0.149 seconds
[2026-08-23T05:06:15.744+0000] {processor.py:186} INFO - Started process (PID=5329) to work on /opt/airflow/dags/daily_inventory_pipeline.py
[2026-08-23T05:06:15.745+0000] {processor.py:914} INFO - Processing file /opt/airflow/dags/daily_inventory_pipeline.py for tasks to queue
[2026-08-23T05:06:15.747+0000] {logging_mixin.py:190} INFO - [2026-08-23T05:06:15.746+0000] {dagbag.py:588} INFO - Filling up the DagBag from /opt/airflow/dags/daily_inventory_pipeline.py
[2026-08-23T05:06:15.831+0000] {processor.py:925} INFO - DAG(s) 'daily_inventory_pipeline' retrieved from /opt/airflow/dags/daily_inventory_pipeline.py
[2026-08-23T05:06:15.851+0000] {logging_mixin.py:190} INFO - [2026-08-23T05:06:15.851+0000] {dag.py:3239} INFO - Sync 1 DAGs
[2026-08-23T05:06:15.866+0000] {logging_mixin.py:190} INFO - [2026-08-23T05:06:15.866+0000] {dag.py:4180} INFO - Setting next_dagrun for daily_inventory_pipeline to 2026-08-22 18:30:00+00:00, run_after=2026-08-23 18:30:00+00:00
[2026-08-23T05:06:15.879+0000] {processor.py:208} INFO - Processing /opt/airflow/dags/daily_inventory_pipeline.py took 0.141 seconds
[2026-08-23T05:06:46.063+0000] {processor.py:186} INFO - Started process (PID=5339) to work on /opt/airflow/dags/daily_inventory_pipeline.py
[2026-08-23T05:06:46.064+0000] {processor.py:914} INFO - Processing file /opt/airflow/dags/daily_inventory_pipeline.py for tasks to queue
[2026-08-23T05:06:46.066+0000] {logging_mixin.py:190} INFO - [2026-08-23T05:06:46.066+0000] {dagbag.py:588} INFO - Filling up the DagBag from /opt/airflow/dags/daily_inventory_pipeline.py
[2026-08-23T05:06:46.156+0000] {processor.py:925} INFO - DAG(s) 'daily_inventory_pipeline' retrieved from /opt/airflow/dags/daily_inventory_pipeline.py
[2026-08-23T05:06:46.175+0000] {logging_mixin.py:190} INFO - [2026-08-23T05:06:46.175+0000] {dag.py:3239} INFO - Sync 1 DAGs
[2026-08-23T05:06:46.191+0000] {logging_mixin.py:190} INFO - [2026-08-23T05:06:46.191+0000] {dag.py:4180} INFO - Setting next_dagrun for daily_inventory_pipeline to 2026-08-22 18:30:00+00:00, run_after=2026-08-23 18:30:00+00:00
[2026-08-23T05:06:46.307+0000] {processor.py:208} INFO - Processing /opt/airflow/dags/daily_inventory_pipeline.py took 0.249 seconds
[2026-08-23T05:07:16.604+0000] {processor.py:186} INFO - Started process (PID=5349) to work on /opt/airflow/dags/daily_inventory_pipeline.py
[2026-08-23T05:07:16.605+0000] {processor.py:914} INFO - Processing file /opt/airflow/dags/daily_inventory_pipeline.py for tasks to queue
[2026-08-23T05:07:16.607+0000] {logging_mixin.py:190} INFO - [2026-08-23T05:07:16.607+0000] {dagbag.py:588} INFO - Filling up the DagBag from /opt/airflow/dags/daily_inventory_pipeline.py
[2026-08-23T05:07:16.697+0000] {processor.py:925} INFO - DAG(s) 'daily_inventory_pipeline' retrieved from /opt/airflow/dags/daily_inventory_pipeline.py
[2026-08-23T05:07:16.716+0000] {logging_mixin.py:190} INFO - [2026-08-23T05:07:16.716+0000] {dag.py:3239} INFO - Sync 1 DAGs
[2026-08-23T05:07:16.834+0000] {logging_mixin.py:190} INFO - [2026-08-23T05:07:16.834+0000] {dag.py:4180} INFO - Setting next_dagrun for daily_inventory_pipeline to 2026-08-22 18:30:00+00:00, run_after=2026-08-23 18:30:00+00:00
[2026-08-23T05:07:16.846+0000] {processor.py:208} INFO - Processing /opt/airflow/dags/daily_inventory_pipeline.py took 0.247 seconds
[2026-08-23T05:07:47.130+0000] {processor.py:186} INFO - Started process (PID=5359) to work on /opt/airflow/dags/daily_inventory_pipeline.py
[2026-08-23T05:07:47.131+0000] {processor.py:914} INFO - Processing file /opt/airflow/dags/daily_inventory_pipeline.py for tasks to queue
[2026-08-23T05:07:47.133+0000] {logging_mixin.py:190} INFO - [2026-08-23T05:07:47.132+0000] {dagbag.py:588} INFO - Filling up the DagBag from /opt/airflow/dags/daily_inventory_pipeline.py
[2026-08-23T05:07:47.236+0000] {processor.py:925} INFO - DAG(s) 'daily_inventory_pipeline' retrieved from /opt/airflow/dags/daily_inventory_pipeline.py
[2026-08-23T05:07:47.256+0000] {logging_mixin.py:190} INFO - [2026-08-23T05:07:47.256+0000] {dag.py:3239} INFO - Sync 1 DAGs
[2026-08-23T05:07:47.371+0000] {logging_mixin.py:190} INFO - [2026-08-23T05:07:47.370+0000] {dag.py:4180} INFO - Setting next_dagrun for daily_inventory_pipeline to 2026-08-22 18:30:00+00:00, run_after=2026-08-23 18:30:00+00:00
[2026-08-23T05:07:47.384+0000] {processor.py:208} INFO - Processing /opt/airflow/dags/daily_inventory_pipeline.py took 0.260 seconds
[2026-08-23T05:08:17.444+0000] {processor.py:186} INFO - Started process (PID=5369) to work on /opt/airflow/dags/daily_inventory_pipeline.py
[2026-08-23T05:08:17.444+0000] {processor.py:914} INFO - Processing file /opt/airflow/dags/daily_inventory_pipeline.py for tasks to queue
[2026-08-23T05:08:17.446+0000] {logging_mixin.py:190} INFO - [2026-08-23T05:08:17.446+0000] {dagbag.py:588} INFO - Filling up the DagBag from /opt/airflow/dags/daily_inventory_pipeline.py
[2026-08-23T05:08:17.530+0000] {processor.py:925} INFO - DAG(s) 'daily_inventory_pipeline' retrieved from /opt/airflow/dags/daily_inventory_pipeline.py
[2026-08-23T05:08:17.658+0000] {logging_mixin.py:190} INFO - [2026-08-23T05:08:17.658+0000] {dag.py:3239} INFO - Sync 1 DAGs
[2026-08-23T05:08:17.671+0000] {logging_mixin.py:190} INFO - [2026-08-23T05:08:17.671+0000] {dag.py:4180} INFO - Setting next_dagrun for daily_inventory_pipeline to 2026-08-22 18:30:00+00:00, run_after=2026-08-23 18:30:00+00:00
[2026-08-23T05:08:17.685+0000] {processor.py:208} INFO - Processing /opt/airflow/dags/daily_inventory_pipeline.py took 0.246 seconds
[2026-08-23T05:08:47.904+0000] {processor.py:186} INFO - Started process (PID=5379) to work on /opt/airflow/dags/daily_inventory_pipeline.py
[2026-08-23T05:08:47.905+0000] {processor.py:914} INFO - Processing file /opt/airflow/dags/daily_inventory_pipeline.py for tasks to queue
[2026-08-23T05:08:47.908+0000] {logging_mixin.py:190} INFO - [2026-08-23T05:08:47.907+0000] {dagbag.py:588} INFO - Filling up the DagBag from /opt/airflow/dags/daily_inventory_pipeline.py
[2026-08-23T05:08:48.043+0000] {processor.py:925} INFO - DAG(s) 'daily_inventory_pipeline' retrieved from /opt/airflow/dags/daily_inventory_pipeline.py
[2026-08-23T05:08:48.066+0000] {logging_mixin.py:190} INFO - [2026-08-23T05:08:48.065+0000] {dag.py:3239} INFO - Sync 1 DAGs
[2026-08-23T05:08:48.083+0000] {logging_mixin.py:190} INFO - [2026-08-23T05:08:48.083+0000] {dag.py:4180} INFO - Setting next_dagrun for daily_inventory_pipeline to 2026-08-22 18:30:00+00:00, run_after=2026-08-23 18:30:00+00:00
[2026-08-23T05:08:48.098+0000] {processor.py:208} INFO - Processing /opt/airflow/dags/daily_inventory_pipeline.py took 0.200 seconds
[2026-08-23T05:09:18.206+0000] {processor.py:186} INFO - Started process (PID=5389) to work on /opt/airflow/dags/daily_inventory_pipeline.py
[2026-08-23T05:09:18.207+0000] {processor.py:914} INFO - Processing file /opt/airflow/dags/daily_inventory_pipeline.py for tasks to queue
[2026-08-23T05:09:18.209+0000] {logging_mixin.py:190} INFO - [2026-08-23T05:09:18.208+0000] {dagbag.py:588} INFO - Filling up the DagBag from /opt/airflow/dags/daily_inventory_pipeline.py
[2026-08-23T05:09:18.302+0000] {processor.py:925} INFO - DAG(s) 'daily_inventory_pipeline' retrieved from /opt/airflow/dags/daily_inventory_pipeline.py
[2026-08-23T05:09:18.323+0000] {logging_mixin.py:190} INFO - [2026-08-23T05:09:18.323+0000] {dag.py:3239} INFO - Sync 1 DAGs
[2026-08-23T05:09:18.342+0000] {logging_mixin.py:190} INFO - [2026-08-23T05:09:18.342+0000] {dag.py:4180} INFO - Setting next_dagrun for daily_inventory_pipeline to 2026-08-22 18:30:00+00:00, run_after=2026-08-23 18:30:00+00:00
[2026-08-23T05:09:18.355+0000] {processor.py:208} INFO - Processing /opt/airflow/dags/daily_inventory_pipeline.py took 0.156 seconds
[2026-08-23T05:09:48.516+0000] {processor.py:186} INFO - Started process (PID=5399) to work on /opt/airflow/dags/daily_inventory_pipeline.py
[2026-08-23T05:09:48.517+0000] {processor.py:914} INFO - Processing file /opt/airflow/dags/daily_inventory_pipeline.py for tasks to queue
[2026-08-23T05:09:48.519+0000] {logging_mixin.py:190} INFO - [2026-08-23T05:09:48.519+0000] {dagbag.py:588} INFO - Filling up the DagBag from /opt/airflow/dags/daily_inventory_pipeline.py
[2026-08-23T05:09:48.602+0000] {processor.py:925} INFO - DAG(s) 'daily_inventory_pipeline' retrieved from /opt/airflow/dags/daily_inventory_pipeline.py
[2026-08-23T05:09:48.623+0000] {logging_mixin.py:190} INFO - [2026-08-23T05:09:48.623+0000] {dag.py:3239} INFO - Sync 1 DAGs
[2026-08-23T05:09:48.640+0000] {logging_mixin.py:190} INFO - [2026-08-23T05:09:48.640+0000] {dag.py:4180} INFO - Setting next_dagrun for daily_inventory_pipeline to 2026-08-22 18:30:00+00:00, run_after=2026-08-23 18:30:00+00:00
[2026-08-23T05:09:48.758+0000] {processor.py:208} INFO - Processing /opt/airflow/dags/daily_inventory_pipeline.py took 0.247 seconds
[2026-08-23T05:10:19.044+0000] {processor.py:186} INFO - Started process (PID=5409) to work on /opt/airflow/dags/daily_inventory_pipeline.py
[2026-08-23T05:10:19.045+0000] {processor.py:914} INFO - Processing file /opt/airflow/dags/daily_inventory_pipeline.py for tasks to queue
[2026-08-23T05:10:19.047+0000] {logging_mixin.py:190} INFO - [2026-08-23T05:10:19.047+0000] {dagbag.py:588} INFO - Filling up the DagBag from /opt/airflow/dags/daily_inventory_pipeline.py
[2026-08-23T05:10:19.190+0000] {processor.py:925} INFO - DAG(s) 'daily_inventory_pipeline' retrieved from /opt/airflow/dags/daily_inventory_pipeline.py
[2026-08-23T05:10:19.211+0000] {logging_mixin.py:190} INFO - [2026-08-23T05:10:19.211+0000] {dag.py:3239} INFO - Sync 1 DAGs
[2026-08-23T05:10:19.324+0000] {logging_mixin.py:190} INFO - [2026-08-23T05:10:19.324+0000] {dag.py:4180} INFO - Setting next_dagrun for daily_inventory_pipeline to 2026-08-22 18:30:00+00:00, run_after=2026-08-23 18:30:00+00:00
[2026-08-23T05:10:19.336+0000] {processor.py:208} INFO - Processing /opt/airflow/dags/daily_inventory_pipeline.py took 0.297 seconds
[2026-08-23T05:10:49.727+0000] {processor.py:186} INFO - Started process (PID=5419) to work on /opt/airflow/dags/daily_inventory_pipeline.py
[2026-08-23T05:10:49.729+0000] {processor.py:914} INFO - Processing file /opt/airflow/dags/daily_inventory_pipeline.py for tasks to queue
[2026-08-23T05:10:49.731+0000] {logging_mixin.py:190} INFO - [2026-08-23T05:10:49.730+0000] {dagbag.py:588} INFO - Filling up the DagBag from /opt/airflow/dags/daily_inventory_pipeline.py
[2026-08-23T05:10:49.823+0000] {processor.py:925} INFO - DAG(s) 'daily_inventory_pipeline' retrieved from /opt/airflow/dags/daily_inventory_pipeline.py
[2026-08-23T05:10:49.844+0000] {logging_mixin.py:190} INFO - [2026-08-23T05:10:49.844+0000] {dag.py:3239} INFO - Sync 1 DAGs
[2026-08-23T05:10:49.963+0000] {logging_mixin.py:190} INFO - [2026-08-23T05:10:49.963+0000] {dag.py:4180} INFO - Setting next_dagrun for daily_inventory_pipeline to 2026-08-22 18:30:00+00:00, run_after=2026-08-23 18:30:00+00:00
[2026-08-23T05:10:49.976+0000] {processor.py:208} INFO - Processing /opt/airflow/dags/daily_inventory_pipeline.py took 0.254 seconds
[2026-08-23T05:11:20.231+0000] {processor.py:186} INFO - Started process (PID=5429) to work on /opt/airflow/dags/daily_inventory_pipeline.py
[2026-08-23T05:11:20.232+0000] {processor.py:914} INFO - Processing file /opt/airflow/dags/daily_inventory_pipeline.py for tasks to queue
[2026-08-23T05:11:20.234+0000] {logging_mixin.py:190} INFO - [2026-08-23T05:11:20.234+0000] {dagbag.py:588} INFO - Filling up the DagBag from /opt/airflow/dags/daily_inventory_pipeline.py
[2026-08-23T05:11:20.338+0000] {processor.py:925} INFO - DAG(s) 'daily_inventory_pipeline' retrieved from /opt/airflow/dags/daily_inventory_pipeline.py
[2026-08-23T05:11:20.478+0000] {logging_mixin.py:190} INFO - [2026-08-23T05:11:20.478+0000] {dag.py:3239} INFO - Sync 1 DAGs
[2026-08-23T05:11:20.494+0000] {logging_mixin.py:190} INFO - [2026-08-23T05:11:20.494+0000] {dag.py:4180} INFO - Setting next_dagrun for daily_inventory_pipeline to 2026-08-22 18:30:00+00:00, run_after=2026-08-23 18:30:00+00:00
[2026-08-23T05:11:20.507+0000] {processor.py:208} INFO - Processing /opt/airflow/dags/daily_inventory_pipeline.py took 0.283 seconds
[2026-08-23T05:11:50.694+0000] {processor.py:186} INFO - Started process (PID=5439) to work on /opt/airflow/dags/daily_inventory_pipeline.py
[2026-08-23T05:11:50.695+0000] {processor.py:914} INFO - Processing file /opt/airflow/dags/daily_inventory_pipeline.py for tasks to queue
[2026-08-23T05:11:50.697+0000] {logging_mixin.py:190} INFO - [2026-08-23T05:11:50.697+0000] {dagbag.py:588} INFO - Filling up the DagBag from /opt/airflow/dags/daily_inventory_pipeline.py
[2026-08-23T05:11:50.790+0000] {processor.py:925} INFO - DAG(s) 'daily_inventory_pipeline' retrieved from /opt/airflow/dags/daily_inventory_pipeline.py
[2026-08-23T05:11:50.811+0000] {logging_mixin.py:190} INFO - [2026-08-23T05:11:50.811+0000] {dag.py:3239} INFO - Sync 1 DAGs
[2026-08-23T05:11:50.828+0000] {logging_mixin.py:190} INFO - [2026-08-23T05:11:50.828+0000] {dag.py:4180} INFO - Setting next_dagrun for daily_inventory_pipeline to 2026-08-22 18:30:00+00:00, run_after=2026-08-23 18:30:00+00:00
[2026-08-23T05:11:50.846+0000] {processor.py:208} INFO - Processing /opt/airflow/dags/daily_inventory_pipeline.py took 0.158 seconds
[2026-08-23T05:12:21.040+0000] {processor.py:186} INFO - Started process (PID=5449) to work on /opt/airflow/dags/daily_inventory_pipeline.py
[2026-08-23T05:12:21.041+0000] {processor.py:914} INFO - Processing file /opt/airflow/dags/daily_inventory_pipeline.py for tasks to queue
[2026-08-23T05:12:21.043+0000] {logging_mixin.py:190} INFO - [2026-08-23T05:12:21.042+0000] {dagbag.py:588} INFO - Filling up the DagBag from /opt/airflow/dags/daily_inventory_pipeline.py
[2026-08-23T05:12:21.136+0000] {processor.py:925} INFO - DAG(s) 'daily_inventory_pipeline' retrieved from /opt/airflow/dags/daily_inventory_pipeline.py
[2026-08-23T05:12:21.158+0000] {logging_mixin.py:190} INFO - [2026-08-23T05:12:21.158+0000] {dag.py:3239} INFO - Sync 1 DAGs
[2026-08-23T05:12:21.174+0000] {logging_mixin.py:190} INFO - [2026-08-23T05:12:21.174+0000] {dag.py:4180} INFO - Setting next_dagrun for daily_inventory_pipeline to 2026-08-22 18:30:00+00:00, run_after=2026-08-23 18:30:00+00:00
[2026-08-23T05:12:21.294+0000] {processor.py:208} INFO - Processing /opt/airflow/dags/daily_inventory_pipeline.py took 0.260 seconds
[2026-08-23T05:12:51.542+0000] {processor.py:186} INFO - Started process (PID=5459) to work on /opt/airflow/dags/daily_inventory_pipeline.py
[2026-08-23T05:12:51.543+0000] {processor.py:914} INFO - Processing file /opt/airflow/dags/daily_inventory_pipeline.py for tasks to queue
[2026-08-23T05:12:51.545+0000] {logging_mixin.py:190} INFO - [2026-08-23T05:12:51.544+0000] {dagbag.py:588} INFO - Filling up the DagBag from /opt/airflow/dags/daily_inventory_pipeline.py
[2026-08-23T05:12:51.639+0000] {processor.py:925} INFO - DAG(s) 'daily_inventory_pipeline' retrieved from /opt/airflow/dags/daily_inventory_pipeline.py
[2026-08-23T05:12:51.661+0000] {logging_mixin.py:190} INFO - [2026-08-23T05:12:51.660+0000] {dag.py:3239} INFO - Sync 1 DAGs
[2026-08-23T05:12:51.784+0000] {logging_mixin.py:190} INFO - [2026-08-23T05:12:51.784+0000] {dag.py:4180} INFO - Setting next_dagrun for daily_inventory_pipeline to 2026-08-22 18:30:00+00:00, run_after=2026-08-23 18:30:00+00:00
[2026-08-23T05:12:51.798+0000] {processor.py:208} INFO - Processing /opt/airflow/dags/daily_inventory_pipeline.py took 0.261 seconds
[2026-08-23T05:13:22.165+0000] {processor.py:186} INFO - Started process (PID=5469) to work on /opt/airflow/dags/daily_inventory_pipeline.py
[2026-08-23T05:13:22.166+0000] {processor.py:914} INFO - Processing file /opt/airflow/dags/daily_inventory_pipeline.py for tasks to queue
[2026-08-23T05:13:22.167+0000] {logging_mixin.py:190} INFO - [2026-08-23T05:13:22.167+0000] {dagbag.py:588} INFO - Filling up the DagBag from /opt/airflow/dags/daily_inventory_pipeline.py
[2026-08-23T05:13:22.248+0000] {processor.py:925} INFO - DAG(s) 'daily_inventory_pipeline' retrieved from /opt/airflow/dags/daily_inventory_pipeline.py
[2026-08-23T05:13:22.268+0000] {logging_mixin.py:190} INFO - [2026-08-23T05:13:22.268+0000] {dag.py:3239} INFO - Sync 1 DAGs
[2026-08-23T05:13:22.376+0000] {logging_mixin.py:190} INFO - [2026-08-23T05:13:22.376+0000] {dag.py:4180} INFO - Setting next_dagrun for daily_inventory_pipeline to 2026-08-22 18:30:00+00:00, run_after=2026-08-23 18:30:00+00:00
[2026-08-23T05:13:22.392+0000] {processor.py:208} INFO - Processing /opt/airflow/dags/daily_inventory_pipeline.py took 0.233 seconds
[2026-08-23T05:13:52.625+0000] {processor.py:186} INFO - Started process (PID=5479) to work on /opt/airflow/dags/daily_inventory_pipeline.py
[2026-08-23T05:13:52.626+0000] {processor.py:914} INFO - Processing file /opt/airflow/dags/daily_inventory_pipeline.py for tasks to queue
[2026-08-23T05:13:52.627+0000] {logging_mixin.py:190} INFO - [2026-08-23T05:13:52.627+0000] {dagbag.py:588} INFO - Filling up the DagBag from /opt/airflow/dags/daily_inventory_pipeline.py
[2026-08-23T05:13:52.709+0000] {processor.py:925} INFO - DAG(s) 'daily_inventory_pipeline' retrieved from /opt/airflow/dags/daily_inventory_pipeline.py
[2026-08-23T05:13:52.825+0000] {logging_mixin.py:190} INFO - [2026-08-23T05:13:52.825+0000] {dag.py:3239} INFO - Sync 1 DAGs
[2026-08-23T05:13:52.838+0000] {logging_mixin.py:190} INFO - [2026-08-23T05:13:52.838+0000] {dag.py:4180} INFO - Setting next_dagrun for daily_inventory_pipeline to 2026-08-22 18:30:00+00:00, run_after=2026-08-23 18:30:00+00:00
[2026-08-23T05:13:52.850+0000] {processor.py:208} INFO - Processing /opt/airflow/dags/daily_inventory_pipeline.py took 0.231 seconds
[2026-08-23T05:14:23.240+0000] {processor.py:186} INFO - Started process (PID=5489) to work on /opt/airflow/dags/daily_inventory_pipeline.py
[2026-08-23T05:14:23.240+0000] {processor.py:914} INFO - Processing file /opt/airflow/dags/daily_inventory_pipeline.py for tasks to queue
[2026-08-23T05:14:23.242+0000] {logging_mixin.py:190} INFO - [2026-08-23T05:14:23.242+0000] {dagbag.py:588} INFO - Filling up the DagBag from /opt/airflow/dags/daily_inventory_pipeline.py
[2026-08-23T05:14:23.322+0000] {processor.py:925} INFO - DAG(s) 'daily_inventory_pipeline' retrieved from /opt/airflow/dags/daily_inventory_pipeline.py
[2026-08-23T05:14:23.341+0000] {logging_mixin.py:190} INFO - [2026-08-23T05:14:23.341+0000] {dag.py:3239} INFO - Sync 1 DAGs
[2026-08-23T05:14:23.356+0000] {logging_mixin.py:190} INFO - [2026-08-23T05:14:23.356+0000] {dag.py:4180} INFO - Setting next_dagrun for daily_inventory_pipeline to 2026-08-22 18:30:00+00:00, run_after=2026-08-23 18:30:00+00:00
[2026-08-23T05:14:23.368+0000] {processor.py:208} INFO - Processing /opt/airflow/dags/daily_inventory_pipeline.py took 0.133 seconds
[2026-08-23T05:14:53.605+0000] {processor.py:186} INFO - Started process (PID=5499) to work on /opt/airflow/dags/daily_inventory_pipeline.py
[2026-08-23T05:14:53.605+0000] {processor.py:914} INFO - Processing file /opt/airflow/dags/daily_inventory_pipeline.py for tasks to queue
[2026-08-23T05:14:53.607+0000] {logging_mixin.py:190} INFO - [2026-08-23T05:14:53.607+0000] {dagbag.py:588} INFO - Filling up the DagBag from /opt/airflow/dags/daily_inventory_pipeline.py
[2026-08-23T05:14:53.695+0000] {processor.py:925} INFO - DAG(s) 'daily_inventory_pipeline' retrieved from /opt/airflow/dags/daily_inventory_pipeline.py
[2026-08-23T05:14:53.716+0000] {logging_mixin.py:190} INFO - [2026-08-23T05:14:53.716+0000] {dag.py:3239} INFO - Sync 1 DAGs
[2026-08-23T05:14:53.736+0000] {logging_mixin.py:190} INFO - [2026-08-23T05:14:53.735+0000] {dag.py:4180} INFO - Setting next_dagrun for daily_inventory_pipeline to 2026-08-22 18:30:00+00:00, run_after=2026-08-23 18:30:00+00:00
[2026-08-23T05:14:53.750+0000] {processor.py:208} INFO - Processing /opt/airflow/dags/daily_inventory_pipeline.py took 0.151 seconds
[2026-08-23T05:15:23.932+0000] {processor.py:186} INFO - Started process (PID=5509) to work on /opt/airflow/dags/daily_inventory_pipeline.py
[2026-08-23T05:15:23.933+0000] {processor.py:914} INFO - Processing file /opt/airflow/dags/daily_inventory_pipeline.py for tasks to queue
[2026-08-23T05:15:23.935+0000] {logging_mixin.py:190} INFO - [2026-08-23T05:15:23.935+0000] {dagbag.py:588} INFO - Filling up the DagBag from /opt/airflow/dags/daily_inventory_pipeline.py
[2026-08-23T05:15:24.052+0000] {processor.py:925} INFO - DAG(s) 'daily_inventory_pipeline' retrieved from /opt/airflow/dags/daily_inventory_pipeline.py
[2026-08-23T05:15:24.074+0000] {logging_mixin.py:190} INFO - [2026-08-23T05:15:24.074+0000] {dag.py:3239} INFO - Sync 1 DAGs
[2026-08-23T05:15:24.094+0000] {logging_mixin.py:190} INFO - [2026-08-23T05:15:24.094+0000] {dag.py:4180} INFO - Setting next_dagrun for daily_inventory_pipeline to 2026-08-22 18:30:00+00:00, run_after=2026-08-23 18:30:00+00:00
[2026-08-23T05:15:24.224+0000] {processor.py:208} INFO - Processing /opt/airflow/dags/daily_inventory_pipeline.py took 0.298 seconds
[2026-08-23T05:15:54.459+0000] {processor.py:186} INFO - Started process (PID=5519) to work on /opt/airflow/dags/daily_inventory_pipeline.py
[2026-08-23T05:15:54.460+0000] {processor.py:914} INFO - Processing file /opt/airflow/dags/daily_inventory_pipeline.py for tasks to queue
[2026-08-23T05:15:54.461+0000] {logging_mixin.py:190} INFO - [2026-08-23T05:15:54.461+0000] {dagbag.py:588} INFO - Filling up the DagBag from /opt/airflow/dags/daily_inventory_pipeline.py
[2026-08-23T05:15:54.550+0000] {processor.py:925} INFO - DAG(s) 'daily_inventory_pipeline' retrieved from /opt/airflow/dags/daily_inventory_pipeline.py
[2026-08-23T05:15:54.570+0000] {logging_mixin.py:190} INFO - [2026-08-23T05:15:54.570+0000] {dag.py:3239} INFO - Sync 1 DAGs
[2026-08-23T05:15:54.680+0000] {logging_mixin.py:190} INFO - [2026-08-23T05:15:54.680+0000] {dag.py:4180} INFO - Setting next_dagrun for daily_inventory_pipeline to 2026-08-22 18:30:00+00:00, run_after=2026-08-23 18:30:00+00:00
[2026-08-23T05:15:54.696+0000] {processor.py:208} INFO - Processing /opt/airflow/dags/daily_inventory_pipeline.py took 0.243 seconds
[2026-08-23T05:16:24.824+0000] {processor.py:186} INFO - Started process (PID=5529) to work on /opt/airflow/dags/daily_inventory_pipeline.py
[2026-08-23T05:16:24.825+0000] {processor.py:914} INFO - Processing file /opt/airflow/dags/daily_inventory_pipeline.py for tasks to queue
[2026-08-23T05:16:24.827+0000] {logging_mixin.py:190} INFO - [2026-08-23T05:16:24.827+0000] {dagbag.py:588} INFO - Filling up the DagBag from /opt/airflow/dags/daily_inventory_pipeline.py
[2026-08-23T05:16:24.911+0000] {processor.py:925} INFO - DAG(s) 'daily_inventory_pipeline' retrieved from /opt/airflow/dags/daily_inventory_pipeline.py
[2026-08-23T05:16:25.033+0000] {logging_mixin.py:190} INFO - [2026-08-23T05:16:25.033+0000] {dag.py:3239} INFO - Sync 1 DAGs
[2026-08-23T05:16:25.047+0000] {logging_mixin.py:190} INFO - [2026-08-23T05:16:25.047+0000] {dag.py:4180} INFO - Setting next_dagrun for daily_inventory_pipeline to 2026-08-22 18:30:00+00:00, run_after=2026-08-23 18:30:00+00:00
[2026-08-23T05:16:25.058+0000] {processor.py:208} INFO - Processing /opt/airflow/dags/daily_inventory_pipeline.py took 0.239 seconds
[2026-08-23T05:16:55.367+0000] {processor.py:186} INFO - Started process (PID=5539) to work on /opt/airflow/dags/daily_inventory_pipeline.py
[2026-08-23T05:16:55.368+0000] {processor.py:914} INFO - Processing file /opt/airflow/dags/daily_inventory_pipeline.py for tasks to queue
[2026-08-23T05:16:55.370+0000] {logging_mixin.py:190} INFO - [2026-08-23T05:16:55.370+0000] {dagbag.py:588} INFO - Filling up the DagBag from /opt/airflow/dags/daily_inventory_pipeline.py
[2026-08-23T05:16:55.455+0000] {processor.py:925} INFO - DAG(s) 'daily_inventory_pipeline' retrieved from /opt/airflow/dags/daily_inventory_pipeline.py
[2026-08-23T05:16:55.569+0000] {logging_mixin.py:190} INFO - [2026-08-23T05:16:55.569+0000] {dag.py:3239} INFO - Sync 1 DAGs
[2026-08-23T05:16:55.582+0000] {logging_mixin.py:190} INFO - [2026-08-23T05:16:55.582+0000] {dag.py:4180} INFO - Setting next_dagrun for daily_inventory_pipeline to 2026-08-22 18:30:00+00:00, run_after=2026-08-23 18:30:00+00:00
[2026-08-23T05:16:55.595+0000] {processor.py:208} INFO - Processing /opt/airflow/dags/daily_inventory_pipeline.py took 0.233 seconds
[2026-08-23T05:17:25.830+0000] {processor.py:186} INFO - Started process (PID=5549) to work on /opt/airflow/dags/daily_inventory_pipeline.py
[2026-08-23T05:17:25.831+0000] {processor.py:914} INFO - Processing file /opt/airflow/dags/daily_inventory_pipeline.py for tasks to queue
[2026-08-23T05:17:25.833+0000] {logging_mixin.py:190} INFO - [2026-08-23T05:17:25.833+0000] {dagbag.py:588} INFO - Filling up the DagBag from /opt/airflow/dags/daily_inventory_pipeline.py
[2026-08-23T05:17:25.939+0000] {processor.py:925} INFO - DAG(s) 'daily_inventory_pipeline' retrieved from /opt/airflow/dags/daily_inventory_pipeline.py
[2026-08-23T05:17:25.959+0000] {logging_mixin.py:190} INFO - [2026-08-23T05:17:25.959+0000] {dag.py:3239} INFO - Sync 1 DAGs
[2026-08-23T05:17:25.977+0000] {logging_mixin.py:190} INFO - [2026-08-23T05:17:25.977+0000] {dag.py:4180} INFO - Setting next_dagrun for daily_inventory_pipeline to 2026-08-22 18:30:00+00:00, run_after=2026-08-23 18:30:00+00:00
[2026-08-23T05:17:25.992+0000] {processor.py:208} INFO - Processing /opt/airflow/dags/daily_inventory_pipeline.py took 0.169 seconds
[2026-08-23T05:17:56.187+0000] {processor.py:186} INFO - Started process (PID=5559) to work on /opt/airflow/dags/daily_inventory_pipeline.py
[2026-08-23T05:17:56.188+0000] {processor.py:914} INFO - Processing file /opt/airflow/dags/daily_inventory_pipeline.py for tasks to queue
[2026-08-23T05:17:56.190+0000] {logging_mixin.py:190} INFO - [2026-08-23T05:17:56.190+0000] {dagbag.py:588} INFO - Filling up the DagBag from /opt/airflow/dags/daily_inventory_pipeline.py
[2026-08-23T05:17:56.294+0000] {processor.py:925} INFO - DAG(s) 'daily_inventory_pipeline' retrieved from /opt/airflow/dags/daily_inventory_pipeline.py
[2026-08-23T05:17:56.316+0000] {logging_mixin.py:190} INFO - [2026-08-23T05:17:56.316+0000] {dag.py:3239} INFO - Sync 1 DAGs
[2026-08-23T05:17:56.334+0000] {logging_mixin.py:190} INFO - [2026-08-23T05:17:56.334+0000] {dag.py:4180} INFO - Setting next_dagrun for daily_inventory_pipeline to 2026-08-22 18:30:00+00:00, run_after=2026-08-23 18:30:00+00:00
[2026-08-23T05:17:56.466+0000] {processor.py:208} INFO - Processing /opt/airflow/dags/daily_inventory_pipeline.py took 0.285 seconds
[2026-08-23T05:18:26.698+0000] {processor.py:186} INFO - Started process (PID=5569) to work on /opt/airflow/dags/daily_inventory_pipeline.py
[2026-08-23T05:18:26.699+0000] {processor.py:914} INFO - Processing file /opt/airflow/dags/daily_inventory_pipeline.py for tasks to queue
[2026-08-23T05:18:26.701+0000] {logging_mixin.py:190} INFO - [2026-08-23T05:18:26.700+0000] {dagbag.py:588} INFO - Filling up the DagBag from /opt/airflow/dags/daily_inventory_pipeline.py
[2026-08-23T05:18:26.793+0000] {processor.py:925} INFO - DAG(s) 'daily_inventory_pipeline' retrieved from /opt/airflow/dags/daily_inventory_pipeline.py
[2026-08-23T05:18:26.814+0000] {logging_mixin.py:190} INFO - [2026-08-23T05:18:26.814+0000] {dag.py:3239} INFO - Sync 1 DAGs
[2026-08-23T05:18:26.935+0000] {logging_mixin.py:190} INFO - [2026-08-23T05:18:26.935+0000] {dag.py:4180} INFO - Setting next_dagrun for daily_inventory_pipeline to 2026-08-22 18:30:00+00:00, run_after=2026-08-23 18:30:00+00:00
[2026-08-23T05:18:26.950+0000] {processor.py:208} INFO - Processing /opt/airflow/dags/daily_inventory_pipeline.py took 0.259 seconds
[2026-08-23T05:18:57.195+0000] {processor.py:186} INFO - Started process (PID=5579) to work on /opt/airflow/dags/daily_inventory_pipeline.py
[2026-08-23T05:18:57.196+0000] {processor.py:914} INFO - Processing file /opt/airflow/dags/daily_inventory_pipeline.py for tasks to queue
[2026-08-23T05:18:57.198+0000] {logging_mixin.py:190} INFO - [2026-08-23T05:18:57.198+0000] {dagbag.py:588} INFO - Filling up the DagBag from /opt/airflow/dags/daily_inventory_pipeline.py
[2026-08-23T05:18:57.297+0000] {processor.py:925} INFO - DAG(s) 'daily_inventory_pipeline' retrieved from /opt/airflow/dags/daily_inventory_pipeline.py
[2026-08-23T05:18:57.317+0000] {logging_mixin.py:190} INFO - [2026-08-23T05:18:57.317+0000] {dag.py:3239} INFO - Sync 1 DAGs
[2026-08-23T05:18:57.436+0000] {logging_mixin.py:190} INFO - [2026-08-23T05:18:57.436+0000] {dag.py:4180} INFO - Setting next_dagrun for daily_inventory_pipeline to 2026-08-22 18:30:00+00:00, run_after=2026-08-23 18:30:00+00:00
[2026-08-23T05:18:57.448+0000] {processor.py:208} INFO - Processing /opt/airflow/dags/daily_inventory_pipeline.py took 0.258 seconds
[2026-08-23T05:19:27.727+0000] {processor.py:186} INFO - Started process (PID=5589) to work on /opt/airflow/dags/daily_inventory_pipeline.py
[2026-08-23T05:19:27.728+0000] {processor.py:914} INFO - Processing file /opt/airflow/dags/daily_inventory_pipeline.py for tasks to queue
[2026-08-23T05:19:27.730+0000] {logging_mixin.py:190} INFO - [2026-08-23T05:19:27.730+0000] {dagbag.py:588} INFO - Filling up the DagBag from /opt/airflow/dags/daily_inventory_pipeline.py
[2026-08-23T05:19:27.852+0000] {processor.py:925} INFO - DAG(s) 'daily_inventory_pipeline' retrieved from /opt/airflow/dags/daily_inventory_pipeline.py
[2026-08-23T05:19:27.990+0000] {logging_mixin.py:190} INFO - [2026-08-23T05:19:27.989+0000] {dag.py:3239} INFO - Sync 1 DAGs
[2026-08-23T05:19:28.005+0000] {logging_mixin.py:190} INFO - [2026-08-23T05:19:28.005+0000] {dag.py:4180} INFO - Setting next_dagrun for daily_inventory_pipeline to 2026-08-22 18:30:00+00:00, run_after=2026-08-23 18:30:00+00:00
[2026-08-23T05:19:28.019+0000] {processor.py:208} INFO - Processing /opt/airflow/dags/daily_inventory_pipeline.py took 0.299 seconds
[2026-08-23T05:19:58.234+0000] {processor.py:186} INFO - Started process (PID=5599) to work on /opt/airflow/dags/daily_inventory_pipeline.py
[2026-08-23T05:19:58.235+0000] {processor.py:914} INFO - Processing file /opt/airflow/dags/daily_inventory_pipeline.py for tasks to queue
[2026-08-23T05:19:58.237+0000] {logging_mixin.py:190} INFO - [2026-08-23T05:19:58.236+0000] {dagbag.py:588} INFO - Filling up the DagBag from /opt/airflow/dags/daily_inventory_pipeline.py
[2026-08-23T05:19:58.433+0000] {processor.py:925} INFO - DAG(s) 'daily_inventory_pipeline' retrieved from /opt/airflow/dags/daily_inventory_pipeline.py
[2026-08-23T05:19:58.452+0000] {logging_mixin.py:190} INFO - [2026-08-23T05:19:58.452+0000] {dag.py:3239} INFO - Sync 1 DAGs
[2026-08-23T05:19:58.467+0000] {logging_mixin.py:190} INFO - [2026-08-23T05:19:58.467+0000] {dag.py:4180} INFO - Setting next_dagrun for daily_inventory_pipeline to 2026-08-22 18:30:00+00:00, run_after=2026-08-23 18:30:00+00:00
[2026-08-23T05:19:58.480+0000] {processor.py:208} INFO - Processing /opt/airflow/dags/daily_inventory_pipeline.py took 0.252 seconds
[2026-08-23T05:20:28.824+0000] {processor.py:186} INFO - Started process (PID=5609) to work on /opt/airflow/dags/daily_inventory_pipeline.py
[2026-08-23T05:20:28.825+0000] {processor.py:914} INFO - Processing file /opt/airflow/dags/daily_inventory_pipeline.py for tasks to queue
[2026-08-23T05:20:28.827+0000] {logging_mixin.py:190} INFO - [2026-08-23T05:20:28.827+0000] {dagbag.py:588} INFO - Filling up the DagBag from /opt/airflow/dags/daily_inventory_pipeline.py
[2026-08-23T05:20:28.911+0000] {processor.py:925} INFO - DAG(s) 'daily_inventory_pipeline' retrieved from /opt/airflow/dags/daily_inventory_pipeline.py
[2026-08-23T05:20:28.931+0000] {logging_mixin.py:190} INFO - [2026-08-23T05:20:28.931+0000] {dag.py:3239} INFO - Sync 1 DAGs
[2026-08-23T05:20:28.947+0000] {logging_mixin.py:190} INFO - [2026-08-23T05:20:28.947+0000] {dag.py:4180} INFO - Setting next_dagrun for daily_inventory_pipeline to 2026-08-22 18:30:00+00:00, run_after=2026-08-23 18:30:00+00:00
[2026-08-23T05:20:28.960+0000] {processor.py:208} INFO - Processing /opt/airflow/dags/daily_inventory_pipeline.py took 0.141 seconds
[2026-08-23T05:20:59.203+0000] {processor.py:186} INFO - Started process (PID=5619) to work on /opt/airflow/dags/daily_inventory_pipeline.py
[2026-08-23T05:20:59.204+0000] {processor.py:914} INFO - Processing file /opt/airflow/dags/daily_inventory_pipeline.py for tasks to queue
[2026-08-23T05:20:59.205+0000] {logging_mixin.py:190} INFO - [2026-08-23T05:20:59.205+0000] {dagbag.py:588} INFO - Filling up the DagBag from /opt/airflow/dags/daily_inventory_pipeline.py
[2026-08-23T05:20:59.300+0000] {processor.py:925} INFO - DAG(s) 'daily_inventory_pipeline' retrieved from /opt/airflow/dags/daily_inventory_pipeline.py
[2026-08-23T05:20:59.322+0000] {logging_mixin.py:190} INFO - [2026-08-23T05:20:59.322+0000] {dag.py:3239} INFO - Sync 1 DAGs
[2026-08-23T05:20:59.340+0000] {logging_mixin.py:190} INFO - [2026-08-23T05:20:59.339+0000] {dag.py:4180} INFO - Setting next_dagrun for daily_inventory_pipeline to 2026-08-22 18:30:00+00:00, run_after=2026-08-23 18:30:00+00:00
[2026-08-23T05:20:59.456+0000] {processor.py:208} INFO - Processing /opt/airflow/dags/daily_inventory_pipeline.py took 0.258 seconds
[2026-08-23T05:21:29.817+0000] {processor.py:186} INFO - Started process (PID=5629) to work on /opt/airflow/dags/daily_inventory_pipeline.py
[2026-08-23T05:21:29.818+0000] {processor.py:914} INFO - Processing file /opt/airflow/dags/daily_inventory_pipeline.py for tasks to queue
[2026-08-23T05:21:29.820+0000] {logging_mixin.py:190} INFO - [2026-08-23T05:21:29.819+0000] {dagbag.py:588} INFO - Filling up the DagBag from /opt/airflow/dags/daily_inventory_pipeline.py
[2026-08-23T05:21:29.900+0000] {processor.py:925} INFO - DAG(s) 'daily_inventory_pipeline' retrieved from /opt/airflow/dags/daily_inventory_pipeline.py
[2026-08-23T05:21:29.921+0000] {logging_mixin.py:190} INFO - [2026-08-23T05:21:29.921+0000] {dag.py:3239} INFO - Sync 1 DAGs
[2026-08-23T05:21:30.042+0000] {logging_mixin.py:190} INFO - [2026-08-23T05:21:30.042+0000] {dag.py:4180} INFO - Setting next_dagrun for daily_inventory_pipeline to 2026-08-22 18:30:00+00:00, run_after=2026-08-23 18:30:00+00:00
[2026-08-23T05:21:30.054+0000] {processor.py:208} INFO - Processing /opt/airflow/dags/daily_inventory_pipeline.py took 0.243 seconds
[2026-08-23T05:22:00.264+0000] {processor.py:186} INFO - Started process (PID=5639) to work on /opt/airflow/dags/daily_inventory_pipeline.py
[2026-08-23T05:22:00.265+0000] {processor.py:914} INFO - Processing file /opt/airflow/dags/daily_inventory_pipeline.py for tasks to queue
[2026-08-23T05:22:00.267+0000] {logging_mixin.py:190} INFO - [2026-08-23T05:22:00.267+0000] {dagbag.py:588} INFO - Filling up the DagBag from /opt/airflow/dags/daily_inventory_pipeline.py
[2026-08-23T05:22:00.361+0000] {processor.py:925} INFO - DAG(s) 'daily_inventory_pipeline' retrieved from /opt/airflow/dags/daily_inventory_pipeline.py
[2026-08-23T05:22:00.486+0000] {logging_mixin.py:190} INFO - [2026-08-23T05:22:00.486+0000] {dag.py:3239} INFO - Sync 1 DAGs
[2026-08-23T05:22:00.500+0000] {logging_mixin.py:190} INFO - [2026-08-23T05:22:00.500+0000] {dag.py:4180} INFO - Setting next_dagrun for daily_inventory_pipeline to 2026-08-22 18:30:00+00:00, run_after=2026-08-23 18:30:00+00:00
[2026-08-23T05:22:00.513+0000] {processor.py:208} INFO - Processing /opt/airflow/dags/daily_inventory_pipeline.py took 0.255 seconds
[2026-08-23T05:22:30.797+0000] {processor.py:186} INFO - Started process (PID=5649) to work on /opt/airflow/dags/daily_inventory_pipeline.py
[2026-08-23T05:22:30.798+0000] {processor.py:914} INFO - Processing file /opt/airflow/dags/daily_inventory_pipeline.py for tasks to queue
[2026-08-23T05:22:30.801+0000] {logging_mixin.py:190} INFO - [2026-08-23T05:22:30.800+0000] {dagbag.py:588} INFO - Filling up the DagBag from /opt/airflow/dags/daily_inventory_pipeline.py
[2026-08-23T05:22:30.968+0000] {processor.py:925} INFO - DAG(s) 'daily_inventory_pipeline' retrieved from /opt/airflow/dags/daily_inventory_pipeline.py
[2026-08-23T05:22:31.090+0000] {logging_mixin.py:190} INFO - [2026-08-23T05:22:31.089+0000] {dag.py:3239} INFO - Sync 1 DAGs
[2026-08-23T05:22:31.104+0000] {logging_mixin.py:190} INFO - [2026-08-23T05:22:31.104+0000] {dag.py:4180} INFO - Setting next_dagrun for daily_inventory_pipeline to 2026-08-22 18:30:00+00:00, run_after=2026-08-23 18:30:00+00:00
[2026-08-23T05:22:31.119+0000] {processor.py:208} INFO - Processing /opt/airflow/dags/daily_inventory_pipeline.py took 0.334 seconds
[2026-08-23T05:23:01.533+0000] {processor.py:186} INFO - Started process (PID=5659) to work on /opt/airflow/dags/daily_inventory_pipeline.py
[2026-08-23T05:23:01.535+0000] {processor.py:914} INFO - Processing file /opt/airflow/dags/daily_inventory_pipeline.py for tasks to queue
[2026-08-23T05:23:01.538+0000] {logging_mixin.py:190} INFO - [2026-08-23T05:23:01.537+0000] {dagbag.py:588} INFO - Filling up the DagBag from /opt/airflow/dags/daily_inventory_pipeline.py
[2026-08-23T05:23:01.769+0000] {processor.py:925} INFO - DAG(s) 'daily_inventory_pipeline' retrieved from /opt/airflow/dags/daily_inventory_pipeline.py
[2026-08-23T05:23:01.790+0000] {logging_mixin.py:190} INFO - [2026-08-23T05:23:01.790+0000] {dag.py:3239} INFO - Sync 1 DAGs
[2026-08-23T05:23:01.806+0000] {logging_mixin.py:190} INFO - [2026-08-23T05:23:01.806+0000] {dag.py:4180} INFO - Setting next_dagrun for daily_inventory_pipeline to 2026-08-22 18:30:00+00:00, run_after=2026-08-23 18:30:00+00:00
[2026-08-23T05:23:01.819+0000] {processor.py:208} INFO - Processing /opt/airflow/dags/daily_inventory_pipeline.py took 0.295 seconds
[2026-08-23T05:23:32.127+0000] {processor.py:186} INFO - Started process (PID=5669) to work on /opt/airflow/dags/daily_inventory_pipeline.py
[2026-08-23T05:23:32.128+0000] {processor.py:914} INFO - Processing file /opt/airflow/dags/daily_inventory_pipeline.py for tasks to queue
[2026-08-23T05:23:32.130+0000] {logging_mixin.py:190} INFO - [2026-08-23T05:23:32.130+0000] {dagbag.py:588} INFO - Filling up the DagBag from /opt/airflow/dags/daily_inventory_pipeline.py
[2026-08-23T05:23:32.243+0000] {processor.py:925} INFO - DAG(s) 'daily_inventory_pipeline' retrieved from /opt/airflow/dags/daily_inventory_pipeline.py
[2026-08-23T05:23:32.264+0000] {logging_mixin.py:190} INFO - [2026-08-23T05:23:32.264+0000] {dag.py:3239} INFO - Sync 1 DAGs
[2026-08-23T05:23:32.281+0000] {logging_mixin.py:190} INFO - [2026-08-23T05:23:32.281+0000] {dag.py:4180} INFO - Setting next_dagrun for daily_inventory_pipeline to 2026-08-22 18:30:00+00:00, run_after=2026-08-23 18:30:00+00:00
[2026-08-23T05:23:32.397+0000] {processor.py:208} INFO - Processing /opt/airflow/dags/daily_inventory_pipeline.py took 0.276 seconds
[2026-08-23T05:24:02.584+0000] {processor.py:186} INFO - Started process (PID=5679) to work on /opt/airflow/dags/daily_inventory_pipeline.py
[2026-08-23T05:24:02.585+0000] {processor.py:914} INFO - Processing file /opt/airflow/dags/daily_inventory_pipeline.py for tasks to queue
[2026-08-23T05:24:02.587+0000] {logging_mixin.py:190} INFO - [2026-08-23T05:24:02.587+0000] {dagbag.py:588} INFO - Filling up the DagBag from /opt/airflow/dags/daily_inventory_pipeline.py
[2026-08-23T05:24:02.690+0000] {processor.py:925} INFO - DAG(s) 'daily_inventory_pipeline' retrieved from /opt/airflow/dags/daily_inventory_pipeline.py
[2026-08-23T05:24:02.712+0000] {logging_mixin.py:190} INFO - [2026-08-23T05:24:02.712+0000] {dag.py:3239} INFO - Sync 1 DAGs
[2026-08-23T05:24:02.837+0000] {logging_mixin.py:190} INFO - [2026-08-23T05:24:02.836+0000] {dag.py:4180} INFO - Setting next_dagrun for daily_inventory_pipeline to 2026-08-22 18:30:00+00:00, run_after=2026-08-23 18:30:00+00:00
[2026-08-23T05:24:02.849+0000] {processor.py:208} INFO - Processing /opt/airflow/dags/daily_inventory_pipeline.py took 0.271 seconds
[2026-08-23T05:24:33.101+0000] {processor.py:186} INFO - Started process (PID=5689) to work on /opt/airflow/dags/daily_inventory_pipeline.py
[2026-08-23T05:24:33.102+0000] {processor.py:914} INFO - Processing file /opt/airflow/dags/daily_inventory_pipeline.py for tasks to queue
[2026-08-23T05:24:33.104+0000] {logging_mixin.py:190} INFO - [2026-08-23T05:24:33.104+0000] {dagbag.py:588} INFO - Filling up the DagBag from /opt/airflow/dags/daily_inventory_pipeline.py
[2026-08-23T05:24:33.192+0000] {processor.py:925} INFO - DAG(s) 'daily_inventory_pipeline' retrieved from /opt/airflow/dags/daily_inventory_pipeline.py
[2026-08-23T05:24:33.214+0000] {logging_mixin.py:190} INFO - [2026-08-23T05:24:33.213+0000] {dag.py:3239} INFO - Sync 1 DAGs
[2026-08-23T05:24:33.342+0000] {logging_mixin.py:190} INFO - [2026-08-23T05:24:33.342+0000] {dag.py:4180} INFO - Setting next_dagrun for daily_inventory_pipeline to 2026-08-22 18:30:00+00:00, run_after=2026-08-23 18:30:00+00:00
[2026-08-23T05:24:33.360+0000] {processor.py:208} INFO - Processing /opt/airflow/dags/daily_inventory_pipeline.py took 0.264 seconds
[2026-08-23T05:25:03.642+0000] {processor.py:186} INFO - Started process (PID=5699) to work on /opt/airflow/dags/daily_inventory_pipeline.py
[2026-08-23T05:25:03.643+0000] {processor.py:914} INFO - Processing file /opt/airflow/dags/daily_inventory_pipeline.py for tasks to queue
[2026-08-23T05:25:03.645+0000] {logging_mixin.py:190} INFO - [2026-08-23T05:25:03.645+0000] {dagbag.py:588} INFO - Filling up the DagBag from /opt/airflow/dags/daily_inventory_pipeline.py
[2026-08-23T05:25:03.739+0000] {processor.py:925} INFO - DAG(s) 'daily_inventory_pipeline' retrieved from /opt/airflow/dags/daily_inventory_pipeline.py
[2026-08-23T05:25:03.869+0000] {logging_mixin.py:190} INFO - [2026-08-23T05:25:03.868+0000] {dag.py:3239} INFO - Sync 1 DAGs
[2026-08-23T05:25:03.884+0000] {logging_mixin.py:190} INFO - [2026-08-23T05:25:03.884+0000] {dag.py:4180} INFO - Setting next_dagrun for daily_inventory_pipeline to 2026-08-22 18:30:00+00:00, run_after=2026-08-23 18:30:00+00:00
[2026-08-23T05:25:03.899+0000] {processor.py:208} INFO - Processing /opt/airflow/dags/daily_inventory_pipeline.py took 0.263 seconds
[2026-08-23T05:25:34.192+0000] {processor.py:186} INFO - Started process (PID=5709) to work on /opt/airflow/dags/daily_inventory_pipeline.py
[2026-08-23T05:25:34.193+0000] {processor.py:914} INFO - Processing file /opt/airflow/dags/daily_inventory_pipeline.py for tasks to queue
[2026-08-23T05:25:34.195+0000] {logging_mixin.py:190} INFO - [2026-08-23T05:25:34.194+0000] {dagbag.py:588} INFO - Filling up the DagBag from /opt/airflow/dags/daily_inventory_pipeline.py
[2026-08-23T05:25:34.388+0000] {processor.py:925} INFO - DAG(s) 'daily_inventory_pipeline' retrieved from /opt/airflow/dags/daily_inventory_pipeline.py
[2026-08-23T05:25:34.409+0000] {logging_mixin.py:190} INFO - [2026-08-23T05:25:34.409+0000] {dag.py:3239} INFO - Sync 1 DAGs
[2026-08-23T05:25:34.430+0000] {logging_mixin.py:190} INFO - [2026-08-23T05:25:34.430+0000] {dag.py:4180} INFO - Setting next_dagrun for daily_inventory_pipeline to 2026-08-22 18:30:00+00:00, run_after=2026-08-23 18:30:00+00:00
[2026-08-23T05:25:34.444+0000] {processor.py:208} INFO - Processing /opt/airflow/dags/daily_inventory_pipeline.py took 0.258 seconds
[2026-08-23T05:26:04.546+0000] {processor.py:186} INFO - Started process (PID=5719) to work on /opt/airflow/dags/daily_inventory_pipeline.py
[2026-08-23T05:26:04.548+0000] {processor.py:914} INFO - Processing file /opt/airflow/dags/daily_inventory_pipeline.py for tasks to queue
[2026-08-23T05:26:04.550+0000] {logging_mixin.py:190} INFO - [2026-08-23T05:26:04.550+0000] {dagbag.py:588} INFO - Filling up the DagBag from /opt/airflow/dags/daily_inventory_pipeline.py
[2026-08-23T05:26:04.634+0000] {processor.py:925} INFO - DAG(s) 'daily_inventory_pipeline' retrieved from /opt/airflow/dags/daily_inventory_pipeline.py
[2026-08-23T05:26:04.654+0000] {logging_mixin.py:190} INFO - [2026-08-23T05:26:04.653+0000] {dag.py:3239} INFO - Sync 1 DAGs
[2026-08-23T05:26:04.670+0000] {logging_mixin.py:190} INFO - [2026-08-23T05:26:04.669+0000] {dag.py:4180} INFO - Setting next_dagrun for daily_inventory_pipeline to 2026-08-22 18:30:00+00:00, run_after=2026-08-23 18:30:00+00:00
[2026-08-23T05:26:04.684+0000] {processor.py:208} INFO - Processing /opt/airflow/dags/daily_inventory_pipeline.py took 0.143 seconds
[2026-08-23T05:26:34.802+0000] {processor.py:186} INFO - Started process (PID=5729) to work on /opt/airflow/dags/daily_inventory_pipeline.py
[2026-08-23T05:26:34.803+0000] {processor.py:914} INFO - Processing file /opt/airflow/dags/daily_inventory_pipeline.py for tasks to queue
[2026-08-23T05:26:34.805+0000] {logging_mixin.py:190} INFO - [2026-08-23T05:26:34.804+0000] {dagbag.py:588} INFO - Filling up the DagBag from /opt/airflow/dags/daily_inventory_pipeline.py
[2026-08-23T05:26:34.901+0000] {processor.py:925} INFO - DAG(s) 'daily_inventory_pipeline' retrieved from /opt/airflow/dags/daily_inventory_pipeline.py
[2026-08-23T05:26:34.921+0000] {logging_mixin.py:190} INFO - [2026-08-23T05:26:34.920+0000] {dag.py:3239} INFO - Sync 1 DAGs
[2026-08-23T05:26:34.937+0000] {logging_mixin.py:190} INFO - [2026-08-23T05:26:34.937+0000] {dag.py:4180} INFO - Setting next_dagrun for daily_inventory_pipeline to 2026-08-22 18:30:00+00:00, run_after=2026-08-23 18:30:00+00:00
[2026-08-23T05:26:35.049+0000] {processor.py:208} INFO - Processing /opt/airflow/dags/daily_inventory_pipeline.py took 0.252 seconds
[2026-08-23T05:27:05.251+0000] {processor.py:186} INFO - Started process (PID=5739) to work on /opt/airflow/dags/daily_inventory_pipeline.py
[2026-08-23T05:27:05.252+0000] {processor.py:914} INFO - Processing file /opt/airflow/dags/daily_inventory_pipeline.py for tasks to queue
[2026-08-23T05:27:05.253+0000] {logging_mixin.py:190} INFO - [2026-08-23T05:27:05.253+0000] {dagbag.py:588} INFO - Filling up the DagBag from /opt/airflow/dags/daily_inventory_pipeline.py
[2026-08-23T05:27:05.356+0000] {processor.py:925} INFO - DAG(s) 'daily_inventory_pipeline' retrieved from /opt/airflow/dags/daily_inventory_pipeline.py
[2026-08-23T05:27:05.377+0000] {logging_mixin.py:190} INFO - [2026-08-23T05:27:05.377+0000] {dag.py:3239} INFO - Sync 1 DAGs
[2026-08-23T05:27:05.514+0000] {logging_mixin.py:190} INFO - [2026-08-23T05:27:05.514+0000] {dag.py:4180} INFO - Setting next_dagrun for daily_inventory_pipeline to 2026-08-22 18:30:00+00:00, run_after=2026-08-23 18:30:00+00:00
[2026-08-23T05:27:05.528+0000] {processor.py:208} INFO - Processing /opt/airflow/dags/daily_inventory_pipeline.py took 0.284 seconds
[2026-08-23T05:27:35.726+0000] {processor.py:186} INFO - Started process (PID=5749) to work on /opt/airflow/dags/daily_inventory_pipeline.py
[2026-08-23T05:27:35.727+0000] {processor.py:914} INFO - Processing file /opt/airflow/dags/daily_inventory_pipeline.py for tasks to queue
[2026-08-23T05:27:35.729+0000] {logging_mixin.py:190} INFO - [2026-08-23T05:27:35.729+0000] {dagbag.py:588} INFO - Filling up the DagBag from /opt/airflow/dags/daily_inventory_pipeline.py
[2026-08-23T05:27:35.813+0000] {processor.py:925} INFO - DAG(s) 'daily_inventory_pipeline' retrieved from /opt/airflow/dags/daily_inventory_pipeline.py
[2026-08-23T05:27:35.834+0000] {logging_mixin.py:190} INFO - [2026-08-23T05:27:35.833+0000] {dag.py:3239} INFO - Sync 1 DAGs
[2026-08-23T05:27:35.942+0000] {logging_mixin.py:190} INFO - [2026-08-23T05:27:35.942+0000] {dag.py:4180} INFO - Setting next_dagrun for daily_inventory_pipeline to 2026-08-22 18:30:00+00:00, run_after=2026-08-23 18:30:00+00:00
[2026-08-23T05:27:35.955+0000] {processor.py:208} INFO - Processing /opt/airflow/dags/daily_inventory_pipeline.py took 0.234 seconds
[2026-08-23T05:28:06.272+0000] {processor.py:186} INFO - Started process (PID=5759) to work on /opt/airflow/dags/daily_inventory_pipeline.py
[2026-08-23T05:28:06.272+0000] {processor.py:914} INFO - Processing file /opt/airflow/dags/daily_inventory_pipeline.py for tasks to queue
[2026-08-23T05:28:06.274+0000] {logging_mixin.py:190} INFO - [2026-08-23T05:28:06.274+0000] {dagbag.py:588} INFO - Filling up the DagBag from /opt/airflow/dags/daily_inventory_pipeline.py
[2026-08-23T05:28:06.359+0000] {processor.py:925} INFO - DAG(s) 'daily_inventory_pipeline' retrieved from /opt/airflow/dags/daily_inventory_pipeline.py
[2026-08-23T05:28:06.481+0000] {logging_mixin.py:190} INFO - [2026-08-23T05:28:06.481+0000] {dag.py:3239} INFO - Sync 1 DAGs
[2026-08-23T05:28:06.497+0000] {logging_mixin.py:190} INFO - [2026-08-23T05:28:06.497+0000] {dag.py:4180} INFO - Setting next_dagrun for daily_inventory_pipeline to 2026-08-22 18:30:00+00:00, run_after=2026-08-23 18:30:00+00:00
[2026-08-23T05:28:06.511+0000] {processor.py:208} INFO - Processing /opt/airflow/dags/daily_inventory_pipeline.py took 0.245 seconds
[2026-08-23T05:28:36.809+0000] {processor.py:186} INFO - Started process (PID=5769) to work on /opt/airflow/dags/daily_inventory_pipeline.py
[2026-08-23T05:28:36.810+0000] {processor.py:914} INFO - Processing file /opt/airflow/dags/daily_inventory_pipeline.py for tasks to queue
[2026-08-23T05:28:36.812+0000] {logging_mixin.py:190} INFO - [2026-08-23T05:28:36.812+0000] {dagbag.py:588} INFO - Filling up the DagBag from /opt/airflow/dags/daily_inventory_pipeline.py
[2026-08-23T05:28:36.998+0000] {processor.py:925} INFO - DAG(s) 'daily_inventory_pipeline' retrieved from /opt/airflow/dags/daily_inventory_pipeline.py
[2026-08-23T05:28:37.016+0000] {logging_mixin.py:190} INFO - [2026-08-23T05:28:37.016+0000] {dag.py:3239} INFO - Sync 1 DAGs
[2026-08-23T05:28:37.029+0000] {logging_mixin.py:190} INFO - [2026-08-23T05:28:37.029+0000] {dag.py:4180} INFO - Setting next_dagrun for daily_inventory_pipeline to 2026-08-22 18:30:00+00:00, run_after=2026-08-23 18:30:00+00:00
[2026-08-23T05:28:37.046+0000] {processor.py:208} INFO - Processing /opt/airflow/dags/daily_inventory_pipeline.py took 0.242 seconds
[2026-08-23T05:29:07.311+0000] {processor.py:186} INFO - Started process (PID=5779) to work on /opt/airflow/dags/daily_inventory_pipeline.py
[2026-08-23T05:29:07.312+0000] {processor.py:914} INFO - Processing file /opt/airflow/dags/daily_inventory_pipeline.py for tasks to queue
[2026-08-23T05:29:07.314+0000] {logging_mixin.py:190} INFO - [2026-08-23T05:29:07.314+0000] {dagbag.py:588} INFO - Filling up the DagBag from /opt/airflow/dags/daily_inventory_pipeline.py
[2026-08-23T05:29:07.410+0000] {processor.py:925} INFO - DAG(s) 'daily_inventory_pipeline' retrieved from /opt/airflow/dags/daily_inventory_pipeline.py
[2026-08-23T05:29:07.432+0000] {logging_mixin.py:190} INFO - [2026-08-23T05:29:07.431+0000] {dag.py:3239} INFO - Sync 1 DAGs
[2026-08-23T05:29:07.449+0000] {logging_mixin.py:190} INFO - [2026-08-23T05:29:07.449+0000] {dag.py:4180} INFO - Setting next_dagrun for daily_inventory_pipeline to 2026-08-22 18:30:00+00:00, run_after=2026-08-23 18:30:00+00:00
[2026-08-23T05:29:07.463+0000] {processor.py:208} INFO - Processing /opt/airflow/dags/daily_inventory_pipeline.py took 0.158 seconds
[2026-08-23T05:29:37.530+0000] {processor.py:186} INFO - Started process (PID=5789) to work on /opt/airflow/dags/daily_inventory_pipeline.py
[2026-08-23T05:29:37.531+0000] {processor.py:914} INFO - Processing file /opt/airflow/dags/daily_inventory_pipeline.py for tasks to queue
[2026-08-23T05:29:37.533+0000] {logging_mixin.py:190} INFO - [2026-08-23T05:29:37.533+0000] {dagbag.py:588} INFO - Filling up the DagBag from /opt/airflow/dags/daily_inventory_pipeline.py
[2026-08-23T05:29:37.617+0000] {processor.py:925} INFO - DAG(s) 'daily_inventory_pipeline' retrieved from /opt/airflow/dags/daily_inventory_pipeline.py
[2026-08-23T05:29:37.638+0000] {logging_mixin.py:190} INFO - [2026-08-23T05:29:37.638+0000] {dag.py:3239} INFO - Sync 1 DAGs
[2026-08-23T05:29:37.761+0000] {logging_mixin.py:190} INFO - [2026-08-23T05:29:37.761+0000] {dag.py:4180} INFO - Setting next_dagrun for daily_inventory_pipeline to 2026-08-22 18:30:00+00:00, run_after=2026-08-23 18:30:00+00:00
[2026-08-23T05:29:37.773+0000] {processor.py:208} INFO - Processing /opt/airflow/dags/daily_inventory_pipeline.py took 0.248 seconds
[2026-08-23T05:30:07.940+0000] {processor.py:186} INFO - Started process (PID=5799) to work on /opt/airflow/dags/daily_inventory_pipeline.py
[2026-08-23T05:30:07.941+0000] {processor.py:914} INFO - Processing file /opt/airflow/dags/daily_inventory_pipeline.py for tasks to queue
[2026-08-23T05:30:07.943+0000] {logging_mixin.py:190} INFO - [2026-08-23T05:30:07.943+0000] {dagbag.py:588} INFO - Filling up the DagBag from /opt/airflow/dags/daily_inventory_pipeline.py
[2026-08-23T05:30:08.032+0000] {processor.py:925} INFO - DAG(s) 'daily_inventory_pipeline' retrieved from /opt/airflow/dags/daily_inventory_pipeline.py
[2026-08-23T05:30:08.053+0000] {logging_mixin.py:190} INFO - [2026-08-23T05:30:08.053+0000] {dag.py:3239} INFO - Sync 1 DAGs
[2026-08-23T05:30:08.173+0000] {logging_mixin.py:190} INFO - [2026-08-23T05:30:08.173+0000] {dag.py:4180} INFO - Setting next_dagrun for daily_inventory_pipeline to 2026-08-22 18:30:00+00:00, run_after=2026-08-23 18:30:00+00:00
[2026-08-23T05:30:08.190+0000] {processor.py:208} INFO - Processing /opt/airflow/dags/daily_inventory_pipeline.py took 0.257 seconds
[2026-08-23T05:30:38.258+0000] {processor.py:186} INFO - Started process (PID=5809) to work on /opt/airflow/dags/daily_inventory_pipeline.py
[2026-08-23T05:30:38.259+0000] {processor.py:914} INFO - Processing file /opt/airflow/dags/daily_inventory_pipeline.py for tasks to queue
[2026-08-23T05:30:38.261+0000] {logging_mixin.py:190} INFO - [2026-08-23T05:30:38.261+0000] {dagbag.py:588} INFO - Filling up the DagBag from /opt/airflow/dags/daily_inventory_pipeline.py
[2026-08-23T05:30:38.355+0000] {processor.py:925} INFO - DAG(s) 'daily_inventory_pipeline' retrieved from /opt/airflow/dags/daily_inventory_pipeline.py
[2026-08-23T05:30:38.486+0000] {logging_mixin.py:190} INFO - [2026-08-23T05:30:38.485+0000] {dag.py:3239} INFO - Sync 1 DAGs
[2026-08-23T05:30:38.500+0000] {logging_mixin.py:190} INFO - [2026-08-23T05:30:38.500+0000] {dag.py:4180} INFO - Setting next_dagrun for daily_inventory_pipeline to 2026-08-22 18:30:00+00:00, run_after=2026-08-23 18:30:00+00:00
[2026-08-23T05:30:38.518+0000] {processor.py:208} INFO - Processing /opt/airflow/dags/daily_inventory_pipeline.py took 0.265 seconds
[2026-08-23T05:31:08.648+0000] {processor.py:186} INFO - Started process (PID=5819) to work on /opt/airflow/dags/daily_inventory_pipeline.py
[2026-08-23T05:31:08.649+0000] {processor.py:914} INFO - Processing file /opt/airflow/dags/daily_inventory_pipeline.py for tasks to queue
[2026-08-23T05:31:08.650+0000] {logging_mixin.py:190} INFO - [2026-08-23T05:31:08.650+0000] {dagbag.py:588} INFO - Filling up the DagBag from /opt/airflow/dags/daily_inventory_pipeline.py
[2026-08-23T05:31:08.838+0000] {processor.py:925} INFO - DAG(s) 'daily_inventory_pipeline' retrieved from /opt/airflow/dags/daily_inventory_pipeline.py
[2026-08-23T05:31:08.855+0000] {logging_mixin.py:190} INFO - [2026-08-23T05:31:08.855+0000] {dag.py:3239} INFO - Sync 1 DAGs
[2026-08-23T05:31:08.869+0000] {logging_mixin.py:190} INFO - [2026-08-23T05:31:08.868+0000] {dag.py:4180} INFO - Setting next_dagrun for daily_inventory_pipeline to 2026-08-22 18:30:00+00:00, run_after=2026-08-23 18:30:00+00:00
[2026-08-23T05:31:08.883+0000] {processor.py:208} INFO - Processing /opt/airflow/dags/daily_inventory_pipeline.py took 0.240 seconds
[2026-08-23T05:31:39.293+0000] {processor.py:186} INFO - Started process (PID=5829) to work on /opt/airflow/dags/daily_inventory_pipeline.py
[2026-08-23T05:31:39.294+0000] {processor.py:914} INFO - Processing file /opt/airflow/dags/daily_inventory_pipeline.py for tasks to queue
[2026-08-23T05:31:39.296+0000] {logging_mixin.py:190} INFO - [2026-08-23T05:31:39.296+0000] {dagbag.py:588} INFO - Filling up the DagBag from /opt/airflow/dags/daily_inventory_pipeline.py
[2026-08-23T05:31:39.382+0000] {processor.py:925} INFO - DAG(s) 'daily_inventory_pipeline' retrieved from /opt/airflow/dags/daily_inventory_pipeline.py
[2026-08-23T05:31:39.401+0000] {logging_mixin.py:190} INFO - [2026-08-23T05:31:39.401+0000] {dag.py:3239} INFO - Sync 1 DAGs
[2026-08-23T05:31:39.416+0000] {logging_mixin.py:190} INFO - [2026-08-23T05:31:39.416+0000] {dag.py:4180} INFO - Setting next_dagrun for daily_inventory_pipeline to 2026-08-22 18:30:00+00:00, run_after=2026-08-23 18:30:00+00:00
[2026-08-23T05:31:39.428+0000] {processor.py:208} INFO - Processing /opt/airflow/dags/daily_inventory_pipeline.py took 0.141 seconds
[2026-08-23T05:32:09.703+0000] {processor.py:186} INFO - Started process (PID=5839) to work on /opt/airflow/dags/daily_inventory_pipeline.py
[2026-08-23T05:32:09.703+0000] {processor.py:914} INFO - Processing file /opt/airflow/dags/daily_inventory_pipeline.py for tasks to queue
[2026-08-23T05:32:09.705+0000] {logging_mixin.py:190} INFO - [2026-08-23T05:32:09.705+0000] {dagbag.py:588} INFO - Filling up the DagBag from /opt/airflow/dags/daily_inventory_pipeline.py
[2026-08-23T05:32:09.787+0000] {processor.py:925} INFO - DAG(s) 'daily_inventory_pipeline' retrieved from /opt/airflow/dags/daily_inventory_pipeline.py
[2026-08-23T05:32:09.806+0000] {logging_mixin.py:190} INFO - [2026-08-23T05:32:09.806+0000] {dag.py:3239} INFO - Sync 1 DAGs
[2026-08-23T05:32:09.821+0000] {logging_mixin.py:190} INFO - [2026-08-23T05:32:09.821+0000] {dag.py:4180} INFO - Setting next_dagrun for daily_inventory_pipeline to 2026-08-22 18:30:00+00:00, run_after=2026-08-23 18:30:00+00:00
[2026-08-23T05:32:09.926+0000] {processor.py:208} INFO - Processing /opt/airflow/dags/daily_inventory_pipeline.py took 0.228 seconds
[2026-08-23T05:32:40.191+0000] {processor.py:186} INFO - Started process (PID=5849) to work on /opt/airflow/dags/daily_inventory_pipeline.py
[2026-08-23T05:32:40.192+0000] {processor.py:914} INFO - Processing file /opt/airflow/dags/daily_inventory_pipeline.py for tasks to queue
[2026-08-23T05:32:40.193+0000] {logging_mixin.py:190} INFO - [2026-08-23T05:32:40.193+0000] {dagbag.py:588} INFO - Filling up the DagBag from /opt/airflow/dags/daily_inventory_pipeline.py
[2026-08-23T05:32:40.276+0000] {processor.py:925} INFO - DAG(s) 'daily_inventory_pipeline' retrieved from /opt/airflow/dags/daily_inventory_pipeline.py
[2026-08-23T05:32:40.296+0000] {logging_mixin.py:190} INFO - [2026-08-23T05:32:40.296+0000] {dag.py:3239} INFO - Sync 1 DAGs
[2026-08-23T05:32:40.403+0000] {logging_mixin.py:190} INFO - [2026-08-23T05:32:40.403+0000] {dag.py:4180} INFO - Setting next_dagrun for daily_inventory_pipeline to 2026-08-22 18:30:00+00:00, run_after=2026-08-23 18:30:00+00:00
[2026-08-23T05:32:40.420+0000] {processor.py:208} INFO - Processing /opt/airflow/dags/daily_inventory_pipeline.py took 0.234 seconds
[2026-08-23T05:33:10.760+0000] {processor.py:186} INFO - Started process (PID=5859) to work on /opt/airflow/dags/daily_inventory_pipeline.py
[2026-08-23T05:33:10.761+0000] {processor.py:914} INFO - Processing file /opt/airflow/dags/daily_inventory_pipeline.py for tasks to queue
[2026-08-23T05:33:10.763+0000] {logging_mixin.py:190} INFO - [2026-08-23T05:33:10.763+0000] {dagbag.py:588} INFO - Filling up the DagBag from /opt/airflow/dags/daily_inventory_pipeline.py
[2026-08-23T05:33:10.847+0000] {processor.py:925} INFO - DAG(s) 'daily_inventory_pipeline' retrieved from /opt/airflow/dags/daily_inventory_pipeline.py
[2026-08-23T05:33:10.868+0000] {logging_mixin.py:190} INFO - [2026-08-23T05:33:10.868+0000] {dag.py:3239} INFO - Sync 1 DAGs
[2026-08-23T05:33:10.984+0000] {logging_mixin.py:190} INFO - [2026-08-23T05:33:10.984+0000] {dag.py:4180} INFO - Setting next_dagrun for daily_inventory_pipeline to 2026-08-22 18:30:00+00:00, run_after=2026-08-23 18:30:00+00:00
[2026-08-23T05:33:10.996+0000] {processor.py:208} INFO - Processing /opt/airflow/dags/daily_inventory_pipeline.py took 0.242 seconds
[2026-08-23T05:33:41.032+0000] {processor.py:186} INFO - Started process (PID=5866) to work on /opt/airflow/dags/daily_inventory_pipeline.py
[2026-08-23T05:33:41.032+0000] {processor.py:914} INFO - Processing file /opt/airflow/dags/daily_inventory_pipeline.py for tasks to queue
[2026-08-23T05:33:41.034+0000] {logging_mixin.py:190} INFO - [2026-08-23T05:33:41.034+0000] {dagbag.py:588} INFO - Filling up the DagBag from /opt/airflow/dags/daily_inventory_pipeline.py
[2026-08-23T05:33:41.162+0000] {processor.py:925} INFO - DAG(s) 'daily_inventory_pipeline' retrieved from /opt/airflow/dags/daily_inventory_pipeline.py
[2026-08-23T05:33:41.287+0000] {logging_mixin.py:190} INFO - [2026-08-23T05:33:41.287+0000] {dag.py:3239} INFO - Sync 1 DAGs
[2026-08-23T05:33:41.301+0000] {logging_mixin.py:190} INFO - [2026-08-23T05:33:41.301+0000] {dag.py:4180} INFO - Setting next_dagrun for daily_inventory_pipeline to 2026-08-22 18:30:00+00:00, run_after=2026-08-23 18:30:00+00:00
[2026-08-23T05:33:41.312+0000] {processor.py:208} INFO - Processing /opt/airflow/dags/daily_inventory_pipeline.py took 0.286 seconds
[2026-08-23T05:34:11.695+0000] {processor.py:186} INFO - Started process (PID=5879) to work on /opt/airflow/dags/daily_inventory_pipeline.py
[2026-08-23T05:34:11.696+0000] {processor.py:914} INFO - Processing file /opt/airflow/dags/daily_inventory_pipeline.py for tasks to queue
[2026-08-23T05:34:11.698+0000] {logging_mixin.py:190} INFO - [2026-08-23T05:34:11.698+0000] {dagbag.py:588} INFO - Filling up the DagBag from /opt/airflow/dags/daily_inventory_pipeline.py
[2026-08-23T05:34:11.888+0000] {processor.py:925} INFO - DAG(s) 'daily_inventory_pipeline' retrieved from /opt/airflow/dags/daily_inventory_pipeline.py
[2026-08-23T05:34:11.905+0000] {logging_mixin.py:190} INFO - [2026-08-23T05:34:11.905+0000] {dag.py:3239} INFO - Sync 1 DAGs
[2026-08-23T05:34:11.918+0000] {logging_mixin.py:190} INFO - [2026-08-23T05:34:11.918+0000] {dag.py:4180} INFO - Setting next_dagrun for daily_inventory_pipeline to 2026-08-22 18:30:00+00:00, run_after=2026-08-23 18:30:00+00:00
[2026-08-23T05:34:11.929+0000] {processor.py:208} INFO - Processing /opt/airflow/dags/daily_inventory_pipeline.py took 0.241 seconds
[2026-08-23T05:34:42.181+0000] {processor.py:186} INFO - Started process (PID=5889) to work on /opt/airflow/dags/daily_inventory_pipeline.py
[2026-08-23T05:34:42.182+0000] {processor.py:914} INFO - Processing file /opt/airflow/dags/daily_inventory_pipeline.py for tasks to queue
[2026-08-23T05:34:42.184+0000] {logging_mixin.py:190} INFO - [2026-08-23T05:34:42.183+0000] {dagbag.py:588} INFO - Filling up the DagBag from /opt/airflow/dags/daily_inventory_pipeline.py
[2026-08-23T05:34:42.278+0000] {processor.py:925} INFO - DAG(s) 'daily_inventory_pipeline' retrieved from /opt/airflow/dags/daily_inventory_pipeline.py
[2026-08-23T05:34:42.297+0000] {logging_mixin.py:190} INFO - [2026-08-23T05:34:42.297+0000] {dag.py:3239} INFO - Sync 1 DAGs
[2026-08-23T05:34:42.314+0000] {logging_mixin.py:190} INFO - [2026-08-23T05:34:42.314+0000] {dag.py:4180} INFO - Setting next_dagrun for daily_inventory_pipeline to 2026-08-22 18:30:00+00:00, run_after=2026-08-23 18:30:00+00:00
[2026-08-23T05:34:42.328+0000] {processor.py:208} INFO - Processing /opt/airflow/dags/daily_inventory_pipeline.py took 0.155 seconds
[2026-08-23T05:35:12.359+0000] {processor.py:186} INFO - Started process (PID=5896) to work on /opt/airflow/dags/daily_inventory_pipeline.py
[2026-08-23T05:35:12.360+0000] {processor.py:914} INFO - Processing file /opt/airflow/dags/daily_inventory_pipeline.py for tasks to queue
[2026-08-23T05:35:12.363+0000] {logging_mixin.py:190} INFO - [2026-08-23T05:35:12.363+0000] {dagbag.py:588} INFO - Filling up the DagBag from /opt/airflow/dags/daily_inventory_pipeline.py
[2026-08-23T05:35:12.504+0000] {processor.py:925} INFO - DAG(s) 'daily_inventory_pipeline' retrieved from /opt/airflow/dags/daily_inventory_pipeline.py
[2026-08-23T05:35:12.525+0000] {logging_mixin.py:190} INFO - [2026-08-23T05:35:12.525+0000] {dag.py:3239} INFO - Sync 1 DAGs
[2026-08-23T05:35:12.650+0000] {logging_mixin.py:190} INFO - [2026-08-23T05:35:12.650+0000] {dag.py:4180} INFO - Setting next_dagrun for daily_inventory_pipeline to 2026-08-22 18:30:00+00:00, run_after=2026-08-23 18:30:00+00:00
[2026-08-23T05:35:12.663+0000] {processor.py:208} INFO - Processing /opt/airflow/dags/daily_inventory_pipeline.py took 0.309 seconds
[2026-08-23T05:35:42.960+0000] {processor.py:186} INFO - Started process (PID=5909) to work on /opt/airflow/dags/daily_inventory_pipeline.py
[2026-08-23T05:35:42.960+0000] {processor.py:914} INFO - Processing file /opt/airflow/dags/daily_inventory_pipeline.py for tasks to queue
[2026-08-23T05:35:42.962+0000] {logging_mixin.py:190} INFO - [2026-08-23T05:35:42.962+0000] {dagbag.py:588} INFO - Filling up the DagBag from /opt/airflow/dags/daily_inventory_pipeline.py
[2026-08-23T05:35:43.055+0000] {processor.py:925} INFO - DAG(s) 'daily_inventory_pipeline' retrieved from /opt/airflow/dags/daily_inventory_pipeline.py
[2026-08-23T05:35:43.074+0000] {logging_mixin.py:190} INFO - [2026-08-23T05:35:43.074+0000] {dag.py:3239} INFO - Sync 1 DAGs
[2026-08-23T05:35:43.183+0000] {logging_mixin.py:190} INFO - [2026-08-23T05:35:43.182+0000] {dag.py:4180} INFO - Setting next_dagrun for daily_inventory_pipeline to 2026-08-22 18:30:00+00:00, run_after=2026-08-23 18:30:00+00:00
[2026-08-23T05:35:43.194+0000] {processor.py:208} INFO - Processing /opt/airflow/dags/daily_inventory_pipeline.py took 0.240 seconds
[2026-08-23T05:36:13.374+0000] {processor.py:186} INFO - Started process (PID=5919) to work on /opt/airflow/dags/daily_inventory_pipeline.py
[2026-08-23T05:36:13.375+0000] {processor.py:914} INFO - Processing file /opt/airflow/dags/daily_inventory_pipeline.py for tasks to queue
[2026-08-23T05:36:13.377+0000] {logging_mixin.py:190} INFO - [2026-08-23T05:36:13.376+0000] {dagbag.py:588} INFO - Filling up the DagBag from /opt/airflow/dags/daily_inventory_pipeline.py
[2026-08-23T05:36:13.460+0000] {processor.py:925} INFO - DAG(s) 'daily_inventory_pipeline' retrieved from /opt/airflow/dags/daily_inventory_pipeline.py
[2026-08-23T05:36:13.582+0000] {logging_mixin.py:190} INFO - [2026-08-23T05:36:13.582+0000] {dag.py:3239} INFO - Sync 1 DAGs
[2026-08-23T05:36:13.595+0000] {logging_mixin.py:190} INFO - [2026-08-23T05:36:13.595+0000] {dag.py:4180} INFO - Setting next_dagrun for daily_inventory_pipeline to 2026-08-22 18:30:00+00:00, run_after=2026-08-23 18:30:00+00:00
[2026-08-23T05:36:13.608+0000] {processor.py:208} INFO - Processing /opt/airflow/dags/daily_inventory_pipeline.py took 0.239 seconds
[2026-08-23T05:36:43.722+0000] {processor.py:186} INFO - Started process (PID=5929) to work on /opt/airflow/dags/daily_inventory_pipeline.py
[2026-08-23T05:36:43.723+0000] {processor.py:914} INFO - Processing file /opt/airflow/dags/daily_inventory_pipeline.py for tasks to queue
[2026-08-23T05:36:43.725+0000] {logging_mixin.py:190} INFO - [2026-08-23T05:36:43.724+0000] {dagbag.py:588} INFO - Filling up the DagBag from /opt/airflow/dags/daily_inventory_pipeline.py
[2026-08-23T05:36:43.901+0000] {processor.py:925} INFO - DAG(s) 'daily_inventory_pipeline' retrieved from /opt/airflow/dags/daily_inventory_pipeline.py
[2026-08-23T05:36:43.920+0000] {logging_mixin.py:190} INFO - [2026-08-23T05:36:43.919+0000] {dag.py:3239} INFO - Sync 1 DAGs
[2026-08-23T05:36:43.933+0000] {logging_mixin.py:190} INFO - [2026-08-23T05:36:43.933+0000] {dag.py:4180} INFO - Setting next_dagrun for daily_inventory_pipeline to 2026-08-22 18:30:00+00:00, run_after=2026-08-23 18:30:00+00:00
[2026-08-23T05:36:43.947+0000] {processor.py:208} INFO - Processing /opt/airflow/dags/daily_inventory_pipeline.py took 0.231 seconds
[2026-08-23T05:37:14.244+0000] {processor.py:186} INFO - Started process (PID=5939) to work on /opt/airflow/dags/daily_inventory_pipeline.py
[2026-08-23T05:37:14.245+0000] {processor.py:914} INFO - Processing file /opt/airflow/dags/daily_inventory_pipeline.py for tasks to queue
[2026-08-23T05:37:14.247+0000] {logging_mixin.py:190} INFO - [2026-08-23T05:37:14.247+0000] {dagbag.py:588} INFO - Filling up the DagBag from /opt/airflow/dags/daily_inventory_pipeline.py
[2026-08-23T05:37:14.461+0000] {processor.py:925} INFO - DAG(s) 'daily_inventory_pipeline' retrieved from /opt/airflow/dags/daily_inventory_pipeline.py
[2026-08-23T05:37:14.480+0000] {logging_mixin.py:190} INFO - [2026-08-23T05:37:14.480+0000] {dag.py:3239} INFO - Sync 1 DAGs
[2026-08-23T05:37:14.496+0000] {logging_mixin.py:190} INFO - [2026-08-23T05:37:14.496+0000] {dag.py:4180} INFO - Setting next_dagrun for daily_inventory_pipeline to 2026-08-22 18:30:00+00:00, run_after=2026-08-23 18:30:00+00:00
[2026-08-23T05:37:14.512+0000] {processor.py:208} INFO - Processing /opt/airflow/dags/daily_inventory_pipeline.py took 0.274 seconds
[2026-08-23T05:37:44.763+0000] {processor.py:186} INFO - Started process (PID=5949) to work on /opt/airflow/dags/daily_inventory_pipeline.py
[2026-08-23T05:37:44.764+0000] {processor.py:914} INFO - Processing file /opt/airflow/dags/daily_inventory_pipeline.py for tasks to queue
[2026-08-23T05:37:44.766+0000] {logging_mixin.py:190} INFO - [2026-08-23T05:37:44.766+0000] {dagbag.py:588} INFO - Filling up the DagBag from /opt/airflow/dags/daily_inventory_pipeline.py
[2026-08-23T05:37:44.853+0000] {processor.py:925} INFO - DAG(s) 'daily_inventory_pipeline' retrieved from /opt/airflow/dags/daily_inventory_pipeline.py
[2026-08-23T05:37:44.873+0000] {logging_mixin.py:190} INFO - [2026-08-23T05:37:44.873+0000] {dag.py:3239} INFO - Sync 1 DAGs
[2026-08-23T05:37:44.890+0000] {logging_mixin.py:190} INFO - [2026-08-23T05:37:44.890+0000] {dag.py:4180} INFO - Setting next_dagrun for daily_inventory_pipeline to 2026-08-22 18:30:00+00:00, run_after=2026-08-23 18:30:00+00:00
[2026-08-23T05:37:44.997+0000] {processor.py:208} INFO - Processing /opt/airflow/dags/daily_inventory_pipeline.py took 0.239 seconds
[2026-08-23T05:38:15.307+0000] {processor.py:186} INFO - Started process (PID=5959) to work on /opt/airflow/dags/daily_inventory_pipeline.py
[2026-08-23T05:38:15.308+0000] {processor.py:914} INFO - Processing file /opt/airflow/dags/daily_inventory_pipeline.py for tasks to queue
[2026-08-23T05:38:15.310+0000] {logging_mixin.py:190} INFO - [2026-08-23T05:38:15.310+0000] {dagbag.py:588} INFO - Filling up the DagBag from /opt/airflow/dags/daily_inventory_pipeline.py
[2026-08-23T05:38:15.409+0000] {processor.py:925} INFO - DAG(s) 'daily_inventory_pipeline' retrieved from /opt/airflow/dags/daily_inventory_pipeline.py
[2026-08-23T05:38:15.431+0000] {logging_mixin.py:190} INFO - [2026-08-23T05:38:15.431+0000] {dag.py:3239} INFO - Sync 1 DAGs
[2026-08-23T05:38:15.552+0000] {logging_mixin.py:190} INFO - [2026-08-23T05:38:15.552+0000] {dag.py:4180} INFO - Setting next_dagrun for daily_inventory_pipeline to 2026-08-22 18:30:00+00:00, run_after=2026-08-23 18:30:00+00:00
[2026-08-23T05:38:15.566+0000] {processor.py:208} INFO - Processing /opt/airflow/dags/daily_inventory_pipeline.py took 0.265 seconds
[2026-08-23T05:38:45.854+0000] {processor.py:186} INFO - Started process (PID=5969) to work on /opt/airflow/dags/daily_inventory_pipeline.py
[2026-08-23T05:38:45.855+0000] {processor.py:914} INFO - Processing file /opt/airflow/dags/daily_inventory_pipeline.py for tasks to queue
[2026-08-23T05:38:45.857+0000] {logging_mixin.py:190} INFO - [2026-08-23T05:38:45.857+0000] {dagbag.py:588} INFO - Filling up the DagBag from /opt/airflow/dags/daily_inventory_pipeline.py
[2026-08-23T05:38:45.942+0000] {processor.py:925} INFO - DAG(s) 'daily_inventory_pipeline' retrieved from /opt/airflow/dags/daily_inventory_pipeline.py
[2026-08-23T05:38:45.963+0000] {logging_mixin.py:190} INFO - [2026-08-23T05:38:45.963+0000] {dag.py:3239} INFO - Sync 1 DAGs
[2026-08-23T05:38:46.080+0000] {logging_mixin.py:190} INFO - [2026-08-23T05:38:46.079+0000] {dag.py:4180} INFO - Setting next_dagrun for daily_inventory_pipeline to 2026-08-22 18:30:00+00:00, run_after=2026-08-23 18:30:00+00:00
[2026-08-23T05:38:46.097+0000] {processor.py:208} INFO - Processing /opt/airflow/dags/daily_inventory_pipeline.py took 0.247 seconds
[2026-08-23T05:39:16.192+0000] {processor.py:186} INFO - Started process (PID=5979) to work on /opt/airflow/dags/daily_inventory_pipeline.py
[2026-08-23T05:39:16.194+0000] {processor.py:914} INFO - Processing file /opt/airflow/dags/daily_inventory_pipeline.py for tasks to queue
[2026-08-23T05:39:16.196+0000] {logging_mixin.py:190} INFO - [2026-08-23T05:39:16.196+0000] {dagbag.py:588} INFO - Filling up the DagBag from /opt/airflow/dags/daily_inventory_pipeline.py
[2026-08-23T05:39:16.309+0000] {processor.py:925} INFO - DAG(s) 'daily_inventory_pipeline' retrieved from /opt/airflow/dags/daily_inventory_pipeline.py
[2026-08-23T05:39:16.428+0000] {logging_mixin.py:190} INFO - [2026-08-23T05:39:16.428+0000] {dag.py:3239} INFO - Sync 1 DAGs
[2026-08-23T05:39:16.442+0000] {logging_mixin.py:190} INFO - [2026-08-23T05:39:16.442+0000] {dag.py:4180} INFO - Setting next_dagrun for daily_inventory_pipeline to 2026-08-22 18:30:00+00:00, run_after=2026-08-23 18:30:00+00:00
[2026-08-23T05:39:16.454+0000] {processor.py:208} INFO - Processing /opt/airflow/dags/daily_inventory_pipeline.py took 0.270 seconds
[2026-08-23T05:39:46.663+0000] {processor.py:186} INFO - Started process (PID=5989) to work on /opt/airflow/dags/daily_inventory_pipeline.py
[2026-08-23T05:39:46.664+0000] {processor.py:914} INFO - Processing file /opt/airflow/dags/daily_inventory_pipeline.py for tasks to queue
[2026-08-23T05:39:46.666+0000] {logging_mixin.py:190} INFO - [2026-08-23T05:39:46.666+0000] {dagbag.py:588} INFO - Filling up the DagBag from /opt/airflow/dags/daily_inventory_pipeline.py
[2026-08-23T05:39:46.890+0000] {processor.py:925} INFO - DAG(s) 'daily_inventory_pipeline' retrieved from /opt/airflow/dags/daily_inventory_pipeline.py
[2026-08-23T05:39:46.910+0000] {logging_mixin.py:190} INFO - [2026-08-23T05:39:46.910+0000] {dag.py:3239} INFO - Sync 1 DAGs
[2026-08-23T05:39:46.926+0000] {logging_mixin.py:190} INFO - [2026-08-23T05:39:46.926+0000] {dag.py:4180} INFO - Setting next_dagrun for daily_inventory_pipeline to 2026-08-22 18:30:00+00:00, run_after=2026-08-23 18:30:00+00:00
[2026-08-23T05:39:46.941+0000] {processor.py:208} INFO - Processing /opt/airflow/dags/daily_inventory_pipeline.py took 0.284 seconds
[2026-08-23T05:40:17.336+0000] {processor.py:186} INFO - Started process (PID=5999) to work on /opt/airflow/dags/daily_inventory_pipeline.py
[2026-08-23T05:40:17.337+0000] {processor.py:914} INFO - Processing file /opt/airflow/dags/daily_inventory_pipeline.py for tasks to queue
[2026-08-23T05:40:17.338+0000] {logging_mixin.py:190} INFO - [2026-08-23T05:40:17.338+0000] {dagbag.py:588} INFO - Filling up the DagBag from /opt/airflow/dags/daily_inventory_pipeline.py
[2026-08-23T05:40:17.428+0000] {processor.py:925} INFO - DAG(s) 'daily_inventory_pipeline' retrieved from /opt/airflow/dags/daily_inventory_pipeline.py
[2026-08-23T05:40:17.449+0000] {logging_mixin.py:190} INFO - [2026-08-23T05:40:17.449+0000] {dag.py:3239} INFO - Sync 1 DAGs
[2026-08-23T05:40:17.466+0000] {logging_mixin.py:190} INFO - [2026-08-23T05:40:17.466+0000] {dag.py:4180} INFO - Setting next_dagrun for daily_inventory_pipeline to 2026-08-22 18:30:00+00:00, run_after=2026-08-23 18:30:00+00:00
[2026-08-23T05:40:17.481+0000] {processor.py:208} INFO - Processing /opt/airflow/dags/daily_inventory_pipeline.py took 0.150 seconds
[2026-08-23T05:40:47.679+0000] {processor.py:186} INFO - Started process (PID=6009) to work on /opt/airflow/dags/daily_inventory_pipeline.py
[2026-08-23T05:40:47.680+0000] {processor.py:914} INFO - Processing file /opt/airflow/dags/daily_inventory_pipeline.py for tasks to queue
[2026-08-23T05:40:47.682+0000] {logging_mixin.py:190} INFO - [2026-08-23T05:40:47.681+0000] {dagbag.py:588} INFO - Filling up the DagBag from /opt/airflow/dags/daily_inventory_pipeline.py
[2026-08-23T05:40:47.774+0000] {processor.py:925} INFO - DAG(s) 'daily_inventory_pipeline' retrieved from /opt/airflow/dags/daily_inventory_pipeline.py
[2026-08-23T05:40:47.794+0000] {logging_mixin.py:190} INFO - [2026-08-23T05:40:47.794+0000] {dag.py:3239} INFO - Sync 1 DAGs
[2026-08-23T05:40:47.908+0000] {logging_mixin.py:190} INFO - [2026-08-23T05:40:47.908+0000] {dag.py:4180} INFO - Setting next_dagrun for daily_inventory_pipeline to 2026-08-22 18:30:00+00:00, run_after=2026-08-23 18:30:00+00:00
[2026-08-23T05:40:47.925+0000] {processor.py:208} INFO - Processing /opt/airflow/dags/daily_inventory_pipeline.py took 0.252 seconds
[2026-08-23T05:41:18.085+0000] {processor.py:186} INFO - Started process (PID=6019) to work on /opt/airflow/dags/daily_inventory_pipeline.py
[2026-08-23T05:41:18.086+0000] {processor.py:914} INFO - Processing file /opt/airflow/dags/daily_inventory_pipeline.py for tasks to queue
[2026-08-23T05:41:18.088+0000] {logging_mixin.py:190} INFO - [2026-08-23T05:41:18.087+0000] {dagbag.py:588} INFO - Filling up the DagBag from /opt/airflow/dags/daily_inventory_pipeline.py
[2026-08-23T05:41:18.173+0000] {processor.py:925} INFO - DAG(s) 'daily_inventory_pipeline' retrieved from /opt/airflow/dags/daily_inventory_pipeline.py
[2026-08-23T05:41:18.195+0000] {logging_mixin.py:190} INFO - [2026-08-23T05:41:18.195+0000] {dag.py:3239} INFO - Sync 1 DAGs
[2026-08-23T05:41:18.313+0000] {logging_mixin.py:190} INFO - [2026-08-23T05:41:18.313+0000] {dag.py:4180} INFO - Setting next_dagrun for daily_inventory_pipeline to 2026-08-22 18:30:00+00:00, run_after=2026-08-23 18:30:00+00:00
[2026-08-23T05:41:18.324+0000] {processor.py:208} INFO - Processing /opt/airflow/dags/daily_inventory_pipeline.py took 0.245 seconds
[2026-08-23T05:41:48.480+0000] {processor.py:186} INFO - Started process (PID=6029) to work on /opt/airflow/dags/daily_inventory_pipeline.py
[2026-08-23T05:41:48.481+0000] {processor.py:914} INFO - Processing file /opt/airflow/dags/daily_inventory_pipeline.py for tasks to queue
[2026-08-23T05:41:48.483+0000] {logging_mixin.py:190} INFO - [2026-08-23T05:41:48.483+0000] {dagbag.py:588} INFO - Filling up the DagBag from /opt/airflow/dags/daily_inventory_pipeline.py
[2026-08-23T05:41:48.569+0000] {processor.py:925} INFO - DAG(s) 'daily_inventory_pipeline' retrieved from /opt/airflow/dags/daily_inventory_pipeline.py
[2026-08-23T05:41:48.694+0000] {logging_mixin.py:190} INFO - [2026-08-23T05:41:48.694+0000] {dag.py:3239} INFO - Sync 1 DAGs
[2026-08-23T05:41:48.709+0000] {logging_mixin.py:190} INFO - [2026-08-23T05:41:48.709+0000] {dag.py:4180} INFO - Setting next_dagrun for daily_inventory_pipeline to 2026-08-22 18:30:00+00:00, run_after=2026-08-23 18:30:00+00:00
[2026-08-23T05:41:48.721+0000] {processor.py:208} INFO - Processing /opt/airflow/dags/daily_inventory_pipeline.py took 0.245 seconds
[2026-08-23T05:42:18.826+0000] {processor.py:186} INFO - Started process (PID=6039) to work on /opt/airflow/dags/daily_inventory_pipeline.py
[2026-08-23T05:42:18.827+0000] {processor.py:914} INFO - Processing file /opt/airflow/dags/daily_inventory_pipeline.py for tasks to queue
[2026-08-23T05:42:18.829+0000] {logging_mixin.py:190} INFO - [2026-08-23T05:42:18.829+0000] {dagbag.py:588} INFO - Filling up the DagBag from /opt/airflow/dags/daily_inventory_pipeline.py
[2026-08-23T05:42:19.064+0000] {processor.py:925} INFO - DAG(s) 'daily_inventory_pipeline' retrieved from /opt/airflow/dags/daily_inventory_pipeline.py
[2026-08-23T05:42:19.086+0000] {logging_mixin.py:190} INFO - [2026-08-23T05:42:19.086+0000] {dag.py:3239} INFO - Sync 1 DAGs
[2026-08-23T05:42:19.102+0000] {logging_mixin.py:190} INFO - [2026-08-23T05:42:19.102+0000] {dag.py:4180} INFO - Setting next_dagrun for daily_inventory_pipeline to 2026-08-22 18:30:00+00:00, run_after=2026-08-23 18:30:00+00:00
[2026-08-23T05:42:19.115+0000] {processor.py:208} INFO - Processing /opt/airflow/dags/daily_inventory_pipeline.py took 0.296 seconds
[2026-08-23T05:42:49.337+0000] {processor.py:186} INFO - Started process (PID=6049) to work on /opt/airflow/dags/daily_inventory_pipeline.py
[2026-08-23T05:42:49.338+0000] {processor.py:914} INFO - Processing file /opt/airflow/dags/daily_inventory_pipeline.py for tasks to queue
[2026-08-23T05:42:49.340+0000] {logging_mixin.py:190} INFO - [2026-08-23T05:42:49.340+0000] {dagbag.py:588} INFO - Filling up the DagBag from /opt/airflow/dags/daily_inventory_pipeline.py
[2026-08-23T05:42:49.539+0000] {processor.py:925} INFO - DAG(s) 'daily_inventory_pipeline' retrieved from /opt/airflow/dags/daily_inventory_pipeline.py
[2026-08-23T05:42:49.557+0000] {logging_mixin.py:190} INFO - [2026-08-23T05:42:49.557+0000] {dag.py:3239} INFO - Sync 1 DAGs
[2026-08-23T05:42:49.572+0000] {logging_mixin.py:190} INFO - [2026-08-23T05:42:49.572+0000] {dag.py:4180} INFO - Setting next_dagrun for daily_inventory_pipeline to 2026-08-22 18:30:00+00:00, run_after=2026-08-23 18:30:00+00:00
[2026-08-23T05:42:49.585+0000] {processor.py:208} INFO - Processing /opt/airflow/dags/daily_inventory_pipeline.py took 0.254 seconds
[2026-08-23T05:43:19.810+0000] {processor.py:186} INFO - Started process (PID=6059) to work on /opt/airflow/dags/daily_inventory_pipeline.py
[2026-08-23T05:43:19.812+0000] {processor.py:914} INFO - Processing file /opt/airflow/dags/daily_inventory_pipeline.py for tasks to queue
[2026-08-23T05:43:19.814+0000] {logging_mixin.py:190} INFO - [2026-08-23T05:43:19.814+0000] {dagbag.py:588} INFO - Filling up the DagBag from /opt/airflow/dags/daily_inventory_pipeline.py
[2026-08-23T05:43:19.948+0000] {processor.py:925} INFO - DAG(s) 'daily_inventory_pipeline' retrieved from /opt/airflow/dags/daily_inventory_pipeline.py
[2026-08-23T05:43:19.971+0000] {logging_mixin.py:190} INFO - [2026-08-23T05:43:19.971+0000] {dag.py:3239} INFO - Sync 1 DAGs
[2026-08-23T05:43:19.988+0000] {logging_mixin.py:190} INFO - [2026-08-23T05:43:19.988+0000] {dag.py:4180} INFO - Setting next_dagrun for daily_inventory_pipeline to 2026-08-22 18:30:00+00:00, run_after=2026-08-23 18:30:00+00:00
[2026-08-23T05:43:20.108+0000] {processor.py:208} INFO - Processing /opt/airflow/dags/daily_inventory_pipeline.py took 0.306 seconds
[2026-08-23T05:43:50.331+0000] {processor.py:186} INFO - Started process (PID=6069) to work on /opt/airflow/dags/daily_inventory_pipeline.py
[2026-08-23T05:43:50.332+0000] {processor.py:914} INFO - Processing file /opt/airflow/dags/daily_inventory_pipeline.py for tasks to queue
[2026-08-23T05:43:50.334+0000] {logging_mixin.py:190} INFO - [2026-08-23T05:43:50.334+0000] {dagbag.py:588} INFO - Filling up the DagBag from /opt/airflow/dags/daily_inventory_pipeline.py
[2026-08-23T05:43:50.443+0000] {processor.py:925} INFO - DAG(s) 'daily_inventory_pipeline' retrieved from /opt/airflow/dags/daily_inventory_pipeline.py
[2026-08-23T05:43:50.465+0000] {logging_mixin.py:190} INFO - [2026-08-23T05:43:50.465+0000] {dag.py:3239} INFO - Sync 1 DAGs
[2026-08-23T05:43:50.591+0000] {logging_mixin.py:190} INFO - [2026-08-23T05:43:50.591+0000] {dag.py:4180} INFO - Setting next_dagrun for daily_inventory_pipeline to 2026-08-22 18:30:00+00:00, run_after=2026-08-23 18:30:00+00:00
[2026-08-23T05:43:50.607+0000] {processor.py:208} INFO - Processing /opt/airflow/dags/daily_inventory_pipeline.py took 0.283 seconds
[2026-08-23T05:44:20.834+0000] {processor.py:186} INFO - Started process (PID=6079) to work on /opt/airflow/dags/daily_inventory_pipeline.py
[2026-08-23T05:44:20.835+0000] {processor.py:914} INFO - Processing file /opt/airflow/dags/daily_inventory_pipeline.py for tasks to queue
[2026-08-23T05:44:20.837+0000] {logging_mixin.py:190} INFO - [2026-08-23T05:44:20.837+0000] {dagbag.py:588} INFO - Filling up the DagBag from /opt/airflow/dags/daily_inventory_pipeline.py
[2026-08-23T05:44:20.931+0000] {processor.py:925} INFO - DAG(s) 'daily_inventory_pipeline' retrieved from /opt/airflow/dags/daily_inventory_pipeline.py
[2026-08-23T05:44:20.955+0000] {logging_mixin.py:190} INFO - [2026-08-23T05:44:20.955+0000] {dag.py:3239} INFO - Sync 1 DAGs
[2026-08-23T05:44:21.088+0000] {logging_mixin.py:190} INFO - [2026-08-23T05:44:21.088+0000] {dag.py:4180} INFO - Setting next_dagrun for daily_inventory_pipeline to 2026-08-22 18:30:00+00:00, run_after=2026-08-23 18:30:00+00:00
[2026-08-23T05:44:21.103+0000] {processor.py:208} INFO - Processing /opt/airflow/dags/daily_inventory_pipeline.py took 0.275 seconds
[2026-08-23T05:44:51.309+0000] {processor.py:186} INFO - Started process (PID=6089) to work on /opt/airflow/dags/daily_inventory_pipeline.py
[2026-08-23T05:44:51.310+0000] {processor.py:914} INFO - Processing file /opt/airflow/dags/daily_inventory_pipeline.py for tasks to queue
[2026-08-23T05:44:51.311+0000] {logging_mixin.py:190} INFO - [2026-08-23T05:44:51.311+0000] {dagbag.py:588} INFO - Filling up the DagBag from /opt/airflow/dags/daily_inventory_pipeline.py
[2026-08-23T05:44:51.405+0000] {processor.py:925} INFO - DAG(s) 'daily_inventory_pipeline' retrieved from /opt/airflow/dags/daily_inventory_pipeline.py
[2026-08-23T05:44:51.528+0000] {logging_mixin.py:190} INFO - [2026-08-23T05:44:51.528+0000] {dag.py:3239} INFO - Sync 1 DAGs
[2026-08-23T05:44:51.543+0000] {logging_mixin.py:190} INFO - [2026-08-23T05:44:51.543+0000] {dag.py:4180} INFO - Setting next_dagrun for daily_inventory_pipeline to 2026-08-22 18:30:00+00:00, run_after=2026-08-23 18:30:00+00:00
[2026-08-23T05:44:51.556+0000] {processor.py:208} INFO - Processing /opt/airflow/dags/daily_inventory_pipeline.py took 0.253 seconds
[2026-08-23T05:45:21.795+0000] {processor.py:186} INFO - Started process (PID=6099) to work on /opt/airflow/dags/daily_inventory_pipeline.py
[2026-08-23T05:45:21.796+0000] {processor.py:914} INFO - Processing file /opt/airflow/dags/daily_inventory_pipeline.py for tasks to queue
[2026-08-23T05:45:21.798+0000] {logging_mixin.py:190} INFO - [2026-08-23T05:45:21.798+0000] {dagbag.py:588} INFO - Filling up the DagBag from /opt/airflow/dags/daily_inventory_pipeline.py
[2026-08-23T05:45:21.988+0000] {processor.py:925} INFO - DAG(s) 'daily_inventory_pipeline' retrieved from /opt/airflow/dags/daily_inventory_pipeline.py
[2026-08-23T05:45:22.007+0000] {logging_mixin.py:190} INFO - [2026-08-23T05:45:22.007+0000] {dag.py:3239} INFO - Sync 1 DAGs
[2026-08-23T05:45:22.021+0000] {logging_mixin.py:190} INFO - [2026-08-23T05:45:22.021+0000] {dag.py:4180} INFO - Setting next_dagrun for daily_inventory_pipeline to 2026-08-22 18:30:00+00:00, run_after=2026-08-23 18:30:00+00:00
[2026-08-23T05:45:22.034+0000] {processor.py:208} INFO - Processing /opt/airflow/dags/daily_inventory_pipeline.py took 0.244 seconds
[2026-08-23T05:45:52.346+0000] {processor.py:186} INFO - Started process (PID=6109) to work on /opt/airflow/dags/daily_inventory_pipeline.py
[2026-08-23T05:45:52.347+0000] {processor.py:914} INFO - Processing file /opt/airflow/dags/daily_inventory_pipeline.py for tasks to queue
[2026-08-23T05:45:52.348+0000] {logging_mixin.py:190} INFO - [2026-08-23T05:45:52.348+0000] {dagbag.py:588} INFO - Filling up the DagBag from /opt/airflow/dags/daily_inventory_pipeline.py
[2026-08-23T05:45:52.528+0000] {processor.py:925} INFO - DAG(s) 'daily_inventory_pipeline' retrieved from /opt/airflow/dags/daily_inventory_pipeline.py
[2026-08-23T05:45:52.545+0000] {logging_mixin.py:190} INFO - [2026-08-23T05:45:52.545+0000] {dag.py:3239} INFO - Sync 1 DAGs
[2026-08-23T05:45:52.559+0000] {logging_mixin.py:190} INFO - [2026-08-23T05:45:52.559+0000] {dag.py:4180} INFO - Setting next_dagrun for daily_inventory_pipeline to 2026-08-22 18:30:00+00:00, run_after=2026-08-23 18:30:00+00:00
[2026-08-23T05:45:52.573+0000] {processor.py:208} INFO - Processing /opt/airflow/dags/daily_inventory_pipeline.py took 0.232 seconds
[2026-08-23T05:46:22.656+0000] {processor.py:186} INFO - Started process (PID=6119) to work on /opt/airflow/dags/daily_inventory_pipeline.py
[2026-08-23T05:46:22.657+0000] {processor.py:914} INFO - Processing file /opt/airflow/dags/daily_inventory_pipeline.py for tasks to queue
[2026-08-23T05:46:22.659+0000] {logging_mixin.py:190} INFO - [2026-08-23T05:46:22.659+0000] {dagbag.py:588} INFO - Filling up the DagBag from /opt/airflow/dags/daily_inventory_pipeline.py
[2026-08-23T05:46:22.749+0000] {processor.py:925} INFO - DAG(s) 'daily_inventory_pipeline' retrieved from /opt/airflow/dags/daily_inventory_pipeline.py
[2026-08-23T05:46:22.771+0000] {logging_mixin.py:190} INFO - [2026-08-23T05:46:22.771+0000] {dag.py:3239} INFO - Sync 1 DAGs
[2026-08-23T05:46:22.894+0000] {logging_mixin.py:190} INFO - [2026-08-23T05:46:22.894+0000] {dag.py:4180} INFO - Setting next_dagrun for daily_inventory_pipeline to 2026-08-22 18:30:00+00:00, run_after=2026-08-23 18:30:00+00:00
[2026-08-23T05:46:22.910+0000] {processor.py:208} INFO - Processing /opt/airflow/dags/daily_inventory_pipeline.py took 0.261 seconds
[2026-08-23T05:46:53.198+0000] {processor.py:186} INFO - Started process (PID=6129) to work on /opt/airflow/dags/daily_inventory_pipeline.py
[2026-08-23T05:46:53.198+0000] {processor.py:914} INFO - Processing file /opt/airflow/dags/daily_inventory_pipeline.py for tasks to queue
[2026-08-23T05:46:53.200+0000] {logging_mixin.py:190} INFO - [2026-08-23T05:46:53.200+0000] {dagbag.py:588} INFO - Filling up the DagBag from /opt/airflow/dags/daily_inventory_pipeline.py
[2026-08-23T05:46:53.284+0000] {processor.py:925} INFO - DAG(s) 'daily_inventory_pipeline' retrieved from /opt/airflow/dags/daily_inventory_pipeline.py
[2026-08-23T05:46:53.304+0000] {logging_mixin.py:190} INFO - [2026-08-23T05:46:53.303+0000] {dag.py:3239} INFO - Sync 1 DAGs
[2026-08-23T05:46:53.424+0000] {logging_mixin.py:190} INFO - [2026-08-23T05:46:53.423+0000] {dag.py:4180} INFO - Setting next_dagrun for daily_inventory_pipeline to 2026-08-22 18:30:00+00:00, run_after=2026-08-23 18:30:00+00:00
[2026-08-23T05:46:53.435+0000] {processor.py:208} INFO - Processing /opt/airflow/dags/daily_inventory_pipeline.py took 0.243 seconds
[2026-08-23T05:47:23.667+0000] {processor.py:186} INFO - Started process (PID=6139) to work on /opt/airflow/dags/daily_inventory_pipeline.py
[2026-08-23T05:47:23.668+0000] {processor.py:914} INFO - Processing file /opt/airflow/dags/daily_inventory_pipeline.py for tasks to queue
[2026-08-23T05:47:23.670+0000] {logging_mixin.py:190} INFO - [2026-08-23T05:47:23.670+0000] {dagbag.py:588} INFO - Filling up the DagBag from /opt/airflow/dags/daily_inventory_pipeline.py
[2026-08-23T05:47:23.774+0000] {processor.py:925} INFO - DAG(s) 'daily_inventory_pipeline' retrieved from /opt/airflow/dags/daily_inventory_pipeline.py
[2026-08-23T05:47:23.915+0000] {logging_mixin.py:190} INFO - [2026-08-23T05:47:23.915+0000] {dag.py:3239} INFO - Sync 1 DAGs
[2026-08-23T05:47:23.930+0000] {logging_mixin.py:190} INFO - [2026-08-23T05:47:23.930+0000] {dag.py:4180} INFO - Setting next_dagrun for daily_inventory_pipeline to 2026-08-22 18:30:00+00:00, run_after=2026-08-23 18:30:00+00:00
[2026-08-23T05:47:23.944+0000] {processor.py:208} INFO - Processing /opt/airflow/dags/daily_inventory_pipeline.py took 0.282 seconds
[2026-08-23T05:47:54.222+0000] {processor.py:186} INFO - Started process (PID=6149) to work on /opt/airflow/dags/daily_inventory_pipeline.py
[2026-08-23T05:47:54.223+0000] {processor.py:914} INFO - Processing file /opt/airflow/dags/daily_inventory_pipeline.py for tasks to queue
[2026-08-23T05:47:54.225+0000] {logging_mixin.py:190} INFO - [2026-08-23T05:47:54.225+0000] {dagbag.py:588} INFO - Filling up the DagBag from /opt/airflow/dags/daily_inventory_pipeline.py
[2026-08-23T05:47:54.439+0000] {processor.py:925} INFO - DAG(s) 'daily_inventory_pipeline' retrieved from /opt/airflow/dags/daily_inventory_pipeline.py
[2026-08-23T05:47:54.457+0000] {logging_mixin.py:190} INFO - [2026-08-23T05:47:54.457+0000] {dag.py:3239} INFO - Sync 1 DAGs
[2026-08-23T05:47:54.472+0000] {logging_mixin.py:190} INFO - [2026-08-23T05:47:54.472+0000] {dag.py:4180} INFO - Setting next_dagrun for daily_inventory_pipeline to 2026-08-22 18:30:00+00:00, run_after=2026-08-23 18:30:00+00:00
[2026-08-23T05:47:54.485+0000] {processor.py:208} INFO - Processing /opt/airflow/dags/daily_inventory_pipeline.py took 0.270 seconds
[2026-08-23T05:48:24.710+0000] {processor.py:186} INFO - Started process (PID=6159) to work on /opt/airflow/dags/daily_inventory_pipeline.py
[2026-08-23T05:48:24.711+0000] {processor.py:914} INFO - Processing file /opt/airflow/dags/daily_inventory_pipeline.py for tasks to queue
[2026-08-23T05:48:24.713+0000] {logging_mixin.py:190} INFO - [2026-08-23T05:48:24.713+0000] {dagbag.py:588} INFO - Filling up the DagBag from /opt/airflow/dags/daily_inventory_pipeline.py
[2026-08-23T05:48:24.926+0000] {processor.py:925} INFO - DAG(s) 'daily_inventory_pipeline' retrieved from /opt/airflow/dags/daily_inventory_pipeline.py
[2026-08-23T05:48:24.945+0000] {logging_mixin.py:190} INFO - [2026-08-23T05:48:24.945+0000] {dag.py:3239} INFO - Sync 1 DAGs
[2026-08-23T05:48:24.960+0000] {logging_mixin.py:190} INFO - [2026-08-23T05:48:24.960+0000] {dag.py:4180} INFO - Setting next_dagrun for daily_inventory_pipeline to 2026-08-22 18:30:00+00:00, run_after=2026-08-23 18:30:00+00:00
[2026-08-23T05:48:24.976+0000] {processor.py:208} INFO - Processing /opt/airflow/dags/daily_inventory_pipeline.py took 0.271 seconds
[2026-08-23T05:48:55.255+0000] {processor.py:186} INFO - Started process (PID=6169) to work on /opt/airflow/dags/daily_inventory_pipeline.py
[2026-08-23T05:48:55.256+0000] {processor.py:914} INFO - Processing file /opt/airflow/dags/daily_inventory_pipeline.py for tasks to queue
[2026-08-23T05:48:55.258+0000] {logging_mixin.py:190} INFO - [2026-08-23T05:48:55.258+0000] {dagbag.py:588} INFO - Filling up the DagBag from /opt/airflow/dags/daily_inventory_pipeline.py
[2026-08-23T05:48:55.362+0000] {processor.py:925} INFO - DAG(s) 'daily_inventory_pipeline' retrieved from /opt/airflow/dags/daily_inventory_pipeline.py
[2026-08-23T05:48:55.384+0000] {logging_mixin.py:190} INFO - [2026-08-23T05:48:55.384+0000] {dag.py:3239} INFO - Sync 1 DAGs
[2026-08-23T05:48:55.406+0000] {logging_mixin.py:190} INFO - [2026-08-23T05:48:55.406+0000] {dag.py:4180} INFO - Setting next_dagrun for daily_inventory_pipeline to 2026-08-22 18:30:00+00:00, run_after=2026-08-23 18:30:00+00:00
[2026-08-23T05:48:55.523+0000] {processor.py:208} INFO - Processing /opt/airflow/dags/daily_inventory_pipeline.py took 0.273 seconds
[2026-08-23T05:49:25.577+0000] {processor.py:186} INFO - Started process (PID=6179) to work on /opt/airflow/dags/daily_inventory_pipeline.py
[2026-08-23T05:49:25.577+0000] {processor.py:914} INFO - Processing file /opt/airflow/dags/daily_inventory_pipeline.py for tasks to queue
[2026-08-23T05:49:25.579+0000] {logging_mixin.py:190} INFO - [2026-08-23T05:49:25.579+0000] {dagbag.py:588} INFO - Filling up the DagBag from /opt/airflow/dags/daily_inventory_pipeline.py
[2026-08-23T05:49:25.686+0000] {processor.py:925} INFO - DAG(s) 'daily_inventory_pipeline' retrieved from /opt/airflow/dags/daily_inventory_pipeline.py
[2026-08-23T05:49:25.709+0000] {logging_mixin.py:190} INFO - [2026-08-23T05:49:25.708+0000] {dag.py:3239} INFO - Sync 1 DAGs
[2026-08-23T05:49:25.833+0000] {logging_mixin.py:190} INFO - [2026-08-23T05:49:25.833+0000] {dag.py:4180} INFO - Setting next_dagrun for daily_inventory_pipeline to 2026-08-22 18:30:00+00:00, run_after=2026-08-23 18:30:00+00:00
[2026-08-23T05:49:25.846+0000] {processor.py:208} INFO - Processing /opt/airflow/dags/daily_inventory_pipeline.py took 0.274 seconds
[2026-08-23T05:49:56.046+0000] {processor.py:186} INFO - Started process (PID=6189) to work on /opt/airflow/dags/daily_inventory_pipeline.py
[2026-08-23T05:49:56.047+0000] {processor.py:914} INFO - Processing file /opt/airflow/dags/daily_inventory_pipeline.py for tasks to queue
[2026-08-23T05:49:56.048+0000] {logging_mixin.py:190} INFO - [2026-08-23T05:49:56.048+0000] {dagbag.py:588} INFO - Filling up the DagBag from /opt/airflow/dags/daily_inventory_pipeline.py
[2026-08-23T05:49:56.140+0000] {processor.py:925} INFO - DAG(s) 'daily_inventory_pipeline' retrieved from /opt/airflow/dags/daily_inventory_pipeline.py
[2026-08-23T05:49:56.163+0000] {logging_mixin.py:190} INFO - [2026-08-23T05:49:56.163+0000] {dag.py:3239} INFO - Sync 1 DAGs
[2026-08-23T05:49:56.281+0000] {logging_mixin.py:190} INFO - [2026-08-23T05:49:56.280+0000] {dag.py:4180} INFO - Setting next_dagrun for daily_inventory_pipeline to 2026-08-22 18:30:00+00:00, run_after=2026-08-23 18:30:00+00:00
[2026-08-23T05:49:56.294+0000] {processor.py:208} INFO - Processing /opt/airflow/dags/daily_inventory_pipeline.py took 0.254 seconds
[2026-08-23T05:50:26.514+0000] {processor.py:186} INFO - Started process (PID=6199) to work on /opt/airflow/dags/daily_inventory_pipeline.py
[2026-08-23T05:50:26.515+0000] {processor.py:914} INFO - Processing file /opt/airflow/dags/daily_inventory_pipeline.py for tasks to queue
[2026-08-23T05:50:26.517+0000] {logging_mixin.py:190} INFO - [2026-08-23T05:50:26.517+0000] {dagbag.py:588} INFO - Filling up the DagBag from /opt/airflow/dags/daily_inventory_pipeline.py
[2026-08-23T05:50:26.617+0000] {processor.py:925} INFO - DAG(s) 'daily_inventory_pipeline' retrieved from /opt/airflow/dags/daily_inventory_pipeline.py
[2026-08-23T05:50:26.746+0000] {logging_mixin.py:190} INFO - [2026-08-23T05:50:26.745+0000] {dag.py:3239} INFO - Sync 1 DAGs
[2026-08-23T05:50:26.760+0000] {logging_mixin.py:190} INFO - [2026-08-23T05:50:26.760+0000] {dag.py:4180} INFO - Setting next_dagrun for daily_inventory_pipeline to 2026-08-22 18:30:00+00:00, run_after=2026-08-23 18:30:00+00:00
[2026-08-23T05:50:26.771+0000] {processor.py:208} INFO - Processing /opt/airflow/dags/daily_inventory_pipeline.py took 0.263 seconds
[2026-08-23T05:50:57.000+0000] {processor.py:186} INFO - Started process (PID=6209) to work on /opt/airflow/dags/daily_inventory_pipeline.py
[2026-08-23T05:50:57.000+0000] {processor.py:914} INFO - Processing file /opt/airflow/dags/daily_inventory_pipeline.py for tasks to queue
[2026-08-23T05:50:57.002+0000] {logging_mixin.py:190} INFO - [2026-08-23T05:50:57.002+0000] {dagbag.py:588} INFO - Filling up the DagBag from /opt/airflow/dags/daily_inventory_pipeline.py
[2026-08-23T05:50:57.196+0000] {processor.py:925} INFO - DAG(s) 'daily_inventory_pipeline' retrieved from /opt/airflow/dags/daily_inventory_pipeline.py
[2026-08-23T05:50:57.213+0000] {logging_mixin.py:190} INFO - [2026-08-23T05:50:57.213+0000] {dag.py:3239} INFO - Sync 1 DAGs
[2026-08-23T05:50:57.227+0000] {logging_mixin.py:190} INFO - [2026-08-23T05:50:57.227+0000] {dag.py:4180} INFO - Setting next_dagrun for daily_inventory_pipeline to 2026-08-22 18:30:00+00:00, run_after=2026-08-23 18:30:00+00:00
[2026-08-23T05:50:57.238+0000] {processor.py:208} INFO - Processing /opt/airflow/dags/daily_inventory_pipeline.py took 0.244 seconds
[2026-08-23T05:51:27.356+0000] {processor.py:186} INFO - Started process (PID=6219) to work on /opt/airflow/dags/daily_inventory_pipeline.py
[2026-08-23T05:51:27.357+0000] {processor.py:914} INFO - Processing file /opt/airflow/dags/daily_inventory_pipeline.py for tasks to queue
[2026-08-23T05:51:27.359+0000] {logging_mixin.py:190} INFO - [2026-08-23T05:51:27.359+0000] {dagbag.py:588} INFO - Filling up the DagBag from /opt/airflow/dags/daily_inventory_pipeline.py
[2026-08-23T05:51:27.537+0000] {processor.py:925} INFO - DAG(s) 'daily_inventory_pipeline' retrieved from /opt/airflow/dags/daily_inventory_pipeline.py
[2026-08-23T05:51:27.554+0000] {logging_mixin.py:190} INFO - [2026-08-23T05:51:27.554+0000] {dag.py:3239} INFO - Sync 1 DAGs
[2026-08-23T05:51:27.567+0000] {logging_mixin.py:190} INFO - [2026-08-23T05:51:27.567+0000] {dag.py:4180} INFO - Setting next_dagrun for daily_inventory_pipeline to 2026-08-22 18:30:00+00:00, run_after=2026-08-23 18:30:00+00:00
[2026-08-23T05:51:27.579+0000] {processor.py:208} INFO - Processing /opt/airflow/dags/daily_inventory_pipeline.py took 0.228 seconds
[2026-08-23T05:51:58.054+0000] {processor.py:186} INFO - Started process (PID=6229) to work on /opt/airflow/dags/daily_inventory_pipeline.py
[2026-08-23T05:51:58.055+0000] {processor.py:914} INFO - Processing file /opt/airflow/dags/daily_inventory_pipeline.py for tasks to queue
[2026-08-23T05:51:58.056+0000] {logging_mixin.py:190} INFO - [2026-08-23T05:51:58.056+0000] {dagbag.py:588} INFO - Filling up the DagBag from /opt/airflow/dags/daily_inventory_pipeline.py
[2026-08-23T05:51:58.142+0000] {processor.py:925} INFO - DAG(s) 'daily_inventory_pipeline' retrieved from /opt/airflow/dags/daily_inventory_pipeline.py
[2026-08-23T05:51:58.164+0000] {logging_mixin.py:190} INFO - [2026-08-23T05:51:58.164+0000] {dag.py:3239} INFO - Sync 1 DAGs
[2026-08-23T05:51:58.298+0000] {logging_mixin.py:190} INFO - [2026-08-23T05:51:58.298+0000] {dag.py:4180} INFO - Setting next_dagrun for daily_inventory_pipeline to 2026-08-22 18:30:00+00:00, run_after=2026-08-23 18:30:00+00:00
[2026-08-23T05:51:58.310+0000] {processor.py:208} INFO - Processing /opt/airflow/dags/daily_inventory_pipeline.py took 0.261 seconds
[2026-08-23T05:52:28.440+0000] {processor.py:186} INFO - Started process (PID=6239) to work on /opt/airflow/dags/daily_inventory_pipeline.py
[2026-08-23T05:52:28.441+0000] {processor.py:914} INFO - Processing file /opt/airflow/dags/daily_inventory_pipeline.py for tasks to queue
[2026-08-23T05:52:28.443+0000] {logging_mixin.py:190} INFO - [2026-08-23T05:52:28.443+0000] {dagbag.py:588} INFO - Filling up the DagBag from /opt/airflow/dags/daily_inventory_pipeline.py
[2026-08-23T05:52:28.528+0000] {processor.py:925} INFO - DAG(s) 'daily_inventory_pipeline' retrieved from /opt/airflow/dags/daily_inventory_pipeline.py
[2026-08-23T05:52:28.548+0000] {logging_mixin.py:190} INFO - [2026-08-23T05:52:28.548+0000] {dag.py:3239} INFO - Sync 1 DAGs
[2026-08-23T05:52:28.657+0000] {logging_mixin.py:190} INFO - [2026-08-23T05:52:28.656+0000] {dag.py:4180} INFO - Setting next_dagrun for daily_inventory_pipeline to 2026-08-22 18:30:00+00:00, run_after=2026-08-23 18:30:00+00:00
[2026-08-23T05:52:28.669+0000] {processor.py:208} INFO - Processing /opt/airflow/dags/daily_inventory_pipeline.py took 0.234 seconds
[2026-08-23T05:52:59.062+0000] {processor.py:186} INFO - Started process (PID=6249) to work on /opt/airflow/dags/daily_inventory_pipeline.py
[2026-08-23T05:52:59.063+0000] {processor.py:914} INFO - Processing file /opt/airflow/dags/daily_inventory_pipeline.py for tasks to queue
[2026-08-23T05:52:59.065+0000] {logging_mixin.py:190} INFO - [2026-08-23T05:52:59.065+0000] {dagbag.py:588} INFO - Filling up the DagBag from /opt/airflow/dags/daily_inventory_pipeline.py
[2026-08-23T05:52:59.150+0000] {processor.py:925} INFO - DAG(s) 'daily_inventory_pipeline' retrieved from /opt/airflow/dags/daily_inventory_pipeline.py
[2026-08-23T05:52:59.272+0000] {logging_mixin.py:190} INFO - [2026-08-23T05:52:59.272+0000] {dag.py:3239} INFO - Sync 1 DAGs
[2026-08-23T05:52:59.287+0000] {logging_mixin.py:190} INFO - [2026-08-23T05:52:59.287+0000] {dag.py:4180} INFO - Setting next_dagrun for daily_inventory_pipeline to 2026-08-22 18:30:00+00:00, run_after=2026-08-23 18:30:00+00:00
[2026-08-23T05:52:59.303+0000] {processor.py:208} INFO - Processing /opt/airflow/dags/daily_inventory_pipeline.py took 0.245 seconds
[2026-08-23T05:53:29.376+0000] {processor.py:186} INFO - Started process (PID=6259) to work on /opt/airflow/dags/daily_inventory_pipeline.py
[2026-08-23T05:53:29.377+0000] {processor.py:914} INFO - Processing file /opt/airflow/dags/daily_inventory_pipeline.py for tasks to queue
[2026-08-23T05:53:29.379+0000] {logging_mixin.py:190} INFO - [2026-08-23T05:53:29.379+0000] {dagbag.py:588} INFO - Filling up the DagBag from /opt/airflow/dags/daily_inventory_pipeline.py
[2026-08-23T05:53:29.570+0000] {processor.py:925} INFO - DAG(s) 'daily_inventory_pipeline' retrieved from /opt/airflow/dags/daily_inventory_pipeline.py
[2026-08-23T05:53:29.588+0000] {logging_mixin.py:190} INFO - [2026-08-23T05:53:29.587+0000] {dag.py:3239} INFO - Sync 1 DAGs
[2026-08-23T05:53:29.603+0000] {logging_mixin.py:190} INFO - [2026-08-23T05:53:29.603+0000] {dag.py:4180} INFO - Setting next_dagrun for daily_inventory_pipeline to 2026-08-22 18:30:00+00:00, run_after=2026-08-23 18:30:00+00:00
[2026-08-23T05:53:29.615+0000] {processor.py:208} INFO - Processing /opt/airflow/dags/daily_inventory_pipeline.py took 0.245 seconds
[2026-08-23T05:53:59.905+0000] {processor.py:186} INFO - Started process (PID=6269) to work on /opt/airflow/dags/daily_inventory_pipeline.py
[2026-08-23T05:53:59.906+0000] {processor.py:914} INFO - Processing file /opt/airflow/dags/daily_inventory_pipeline.py for tasks to queue
[2026-08-23T05:53:59.908+0000] {logging_mixin.py:190} INFO - [2026-08-23T05:53:59.908+0000] {dagbag.py:588} INFO - Filling up the DagBag from /opt/airflow/dags/daily_inventory_pipeline.py
[2026-08-23T05:54:00.164+0000] {processor.py:925} INFO - DAG(s) 'daily_inventory_pipeline' retrieved from /opt/airflow/dags/daily_inventory_pipeline.py
[2026-08-23T05:54:00.194+0000] {logging_mixin.py:190} INFO - [2026-08-23T05:54:00.194+0000] {dag.py:3239} INFO - Sync 1 DAGs
[2026-08-23T05:54:00.210+0000] {logging_mixin.py:190} INFO - [2026-08-23T05:54:00.210+0000] {dag.py:4180} INFO - Setting next_dagrun for daily_inventory_pipeline to 2026-08-22 18:30:00+00:00, run_after=2026-08-23 18:30:00+00:00
[2026-08-23T05:54:00.226+0000] {processor.py:208} INFO - Processing /opt/airflow/dags/daily_inventory_pipeline.py took 0.326 seconds
[2026-08-23T05:54:30.424+0000] {processor.py:186} INFO - Started process (PID=6279) to work on /opt/airflow/dags/daily_inventory_pipeline.py
[2026-08-23T05:54:30.425+0000] {processor.py:914} INFO - Processing file /opt/airflow/dags/daily_inventory_pipeline.py for tasks to queue
[2026-08-23T05:54:30.427+0000] {logging_mixin.py:190} INFO - [2026-08-23T05:54:30.427+0000] {dagbag.py:588} INFO - Filling up the DagBag from /opt/airflow/dags/daily_inventory_pipeline.py
[2026-08-23T05:54:30.638+0000] {processor.py:925} INFO - DAG(s) 'daily_inventory_pipeline' retrieved from /opt/airflow/dags/daily_inventory_pipeline.py
[2026-08-23T05:54:30.657+0000] {logging_mixin.py:190} INFO - [2026-08-23T05:54:30.656+0000] {dag.py:3239} INFO - Sync 1 DAGs
[2026-08-23T05:54:30.672+0000] {logging_mixin.py:190} INFO - [2026-08-23T05:54:30.671+0000] {dag.py:4180} INFO - Setting next_dagrun for daily_inventory_pipeline to 2026-08-22 18:30:00+00:00, run_after=2026-08-23 18:30:00+00:00
[2026-08-23T05:54:30.688+0000] {processor.py:208} INFO - Processing /opt/airflow/dags/daily_inventory_pipeline.py took 0.269 seconds
[2026-08-23T05:55:00.912+0000] {processor.py:186} INFO - Started process (PID=6289) to work on /opt/airflow/dags/daily_inventory_pipeline.py
[2026-08-23T05:55:00.913+0000] {processor.py:914} INFO - Processing file /opt/airflow/dags/daily_inventory_pipeline.py for tasks to queue
[2026-08-23T05:55:00.916+0000] {logging_mixin.py:190} INFO - [2026-08-23T05:55:00.915+0000] {dagbag.py:588} INFO - Filling up the DagBag from /opt/airflow/dags/daily_inventory_pipeline.py
[2026-08-23T05:55:01.010+0000] {processor.py:925} INFO - DAG(s) 'daily_inventory_pipeline' retrieved from /opt/airflow/dags/daily_inventory_pipeline.py
[2026-08-23T05:55:01.031+0000] {logging_mixin.py:190} INFO - [2026-08-23T05:55:01.031+0000] {dag.py:3239} INFO - Sync 1 DAGs
[2026-08-23T05:55:01.152+0000] {logging_mixin.py:190} INFO - [2026-08-23T05:55:01.152+0000] {dag.py:4180} INFO - Setting next_dagrun for daily_inventory_pipeline to 2026-08-22 18:30:00+00:00, run_after=2026-08-23 18:30:00+00:00
[2026-08-23T05:55:01.168+0000] {processor.py:208} INFO - Processing /opt/airflow/dags/daily_inventory_pipeline.py took 0.262 seconds
[2026-08-23T05:55:31.422+0000] {processor.py:186} INFO - Started process (PID=6299) to work on /opt/airflow/dags/daily_inventory_pipeline.py
[2026-08-23T05:55:31.423+0000] {processor.py:914} INFO - Processing file /opt/airflow/dags/daily_inventory_pipeline.py for tasks to queue
[2026-08-23T05:55:31.427+0000] {logging_mixin.py:190} INFO - [2026-08-23T05:55:31.426+0000] {dagbag.py:588} INFO - Filling up the DagBag from /opt/airflow/dags/daily_inventory_pipeline.py
[2026-08-23T05:55:31.558+0000] {processor.py:925} INFO - DAG(s) 'daily_inventory_pipeline' retrieved from /opt/airflow/dags/daily_inventory_pipeline.py
[2026-08-23T05:55:31.582+0000] {logging_mixin.py:190} INFO - [2026-08-23T05:55:31.582+0000] {dag.py:3239} INFO - Sync 1 DAGs
[2026-08-23T05:55:31.712+0000] {logging_mixin.py:190} INFO - [2026-08-23T05:55:31.712+0000] {dag.py:4180} INFO - Setting next_dagrun for daily_inventory_pipeline to 2026-08-22 18:30:00+00:00, run_after=2026-08-23 18:30:00+00:00
[2026-08-23T05:55:31.726+0000] {processor.py:208} INFO - Processing /opt/airflow/dags/daily_inventory_pipeline.py took 0.311 seconds
[2026-08-23T05:56:01.997+0000] {processor.py:186} INFO - Started process (PID=6309) to work on /opt/airflow/dags/daily_inventory_pipeline.py
[2026-08-23T05:56:02.000+0000] {processor.py:914} INFO - Processing file /opt/airflow/dags/daily_inventory_pipeline.py for tasks to queue
[2026-08-23T05:56:02.003+0000] {logging_mixin.py:190} INFO - [2026-08-23T05:56:02.003+0000] {dagbag.py:588} INFO - Filling up the DagBag from /opt/airflow/dags/daily_inventory_pipeline.py
[2026-08-23T05:56:02.100+0000] {processor.py:925} INFO - DAG(s) 'daily_inventory_pipeline' retrieved from /opt/airflow/dags/daily_inventory_pipeline.py
[2026-08-23T05:56:02.240+0000] {logging_mixin.py:190} INFO - [2026-08-23T05:56:02.239+0000] {dag.py:3239} INFO - Sync 1 DAGs
[2026-08-23T05:56:02.256+0000] {logging_mixin.py:190} INFO - [2026-08-23T05:56:02.255+0000] {dag.py:4180} INFO - Setting next_dagrun for daily_inventory_pipeline to 2026-08-22 18:30:00+00:00, run_after=2026-08-23 18:30:00+00:00
[2026-08-23T05:56:02.270+0000] {processor.py:208} INFO - Processing /opt/airflow/dags/daily_inventory_pipeline.py took 0.280 seconds
[2026-08-23T05:56:32.543+0000] {processor.py:186} INFO - Started process (PID=6319) to work on /opt/airflow/dags/daily_inventory_pipeline.py
[2026-08-23T05:56:32.544+0000] {processor.py:914} INFO - Processing file /opt/airflow/dags/daily_inventory_pipeline.py for tasks to queue
[2026-08-23T05:56:32.546+0000] {logging_mixin.py:190} INFO - [2026-08-23T05:56:32.546+0000] {dagbag.py:588} INFO - Filling up the DagBag from /opt/airflow/dags/daily_inventory_pipeline.py
[2026-08-23T05:56:32.764+0000] {processor.py:925} INFO - DAG(s) 'daily_inventory_pipeline' retrieved from /opt/airflow/dags/daily_inventory_pipeline.py
[2026-08-23T05:56:32.783+0000] {logging_mixin.py:190} INFO - [2026-08-23T05:56:32.783+0000] {dag.py:3239} INFO - Sync 1 DAGs
[2026-08-23T05:56:32.798+0000] {logging_mixin.py:190} INFO - [2026-08-23T05:56:32.798+0000] {dag.py:4180} INFO - Setting next_dagrun for daily_inventory_pipeline to 2026-08-22 18:30:00+00:00, run_after=2026-08-23 18:30:00+00:00
[2026-08-23T05:56:32.812+0000] {processor.py:208} INFO - Processing /opt/airflow/dags/daily_inventory_pipeline.py took 0.276 seconds
[2026-08-23T05:57:03.011+0000] {processor.py:186} INFO - Started process (PID=6329) to work on /opt/airflow/dags/daily_inventory_pipeline.py
[2026-08-23T05:57:03.011+0000] {processor.py:914} INFO - Processing file /opt/airflow/dags/daily_inventory_pipeline.py for tasks to queue
[2026-08-23T05:57:03.013+0000] {logging_mixin.py:190} INFO - [2026-08-23T05:57:03.013+0000] {dagbag.py:588} INFO - Filling up the DagBag from /opt/airflow/dags/daily_inventory_pipeline.py
[2026-08-23T05:57:03.210+0000] {processor.py:925} INFO - DAG(s) 'daily_inventory_pipeline' retrieved from /opt/airflow/dags/daily_inventory_pipeline.py
[2026-08-23T05:57:03.228+0000] {logging_mixin.py:190} INFO - [2026-08-23T05:57:03.228+0000] {dag.py:3239} INFO - Sync 1 DAGs
[2026-08-23T05:57:03.243+0000] {logging_mixin.py:190} INFO - [2026-08-23T05:57:03.243+0000] {dag.py:4180} INFO - Setting next_dagrun for daily_inventory_pipeline to 2026-08-22 18:30:00+00:00, run_after=2026-08-23 18:30:00+00:00
[2026-08-23T05:57:03.262+0000] {processor.py:208} INFO - Processing /opt/airflow/dags/daily_inventory_pipeline.py took 0.258 seconds
[2026-08-23T05:57:33.463+0000] {processor.py:186} INFO - Started process (PID=6339) to work on /opt/airflow/dags/daily_inventory_pipeline.py
[2026-08-23T05:57:33.464+0000] {processor.py:914} INFO - Processing file /opt/airflow/dags/daily_inventory_pipeline.py for tasks to queue
[2026-08-23T05:57:33.467+0000] {logging_mixin.py:190} INFO - [2026-08-23T05:57:33.466+0000] {dagbag.py:588} INFO - Filling up the DagBag from /opt/airflow/dags/daily_inventory_pipeline.py
[2026-08-23T05:57:33.571+0000] {processor.py:925} INFO - DAG(s) 'daily_inventory_pipeline' retrieved from /opt/airflow/dags/daily_inventory_pipeline.py
[2026-08-23T05:57:33.593+0000] {logging_mixin.py:190} INFO - [2026-08-23T05:57:33.593+0000] {dag.py:3239} INFO - Sync 1 DAGs
[2026-08-23T05:57:33.726+0000] {logging_mixin.py:190} INFO - [2026-08-23T05:57:33.725+0000] {dag.py:4180} INFO - Setting next_dagrun for daily_inventory_pipeline to 2026-08-22 18:30:00+00:00, run_after=2026-08-23 18:30:00+00:00
[2026-08-23T05:57:33.743+0000] {processor.py:208} INFO - Processing /opt/airflow/dags/daily_inventory_pipeline.py took 0.287 seconds
[2026-08-23T05:58:04.018+0000] {processor.py:186} INFO - Started process (PID=6349) to work on /opt/airflow/dags/daily_inventory_pipeline.py
[2026-08-23T05:58:04.020+0000] {processor.py:914} INFO - Processing file /opt/airflow/dags/daily_inventory_pipeline.py for tasks to queue
[2026-08-23T05:58:04.021+0000] {logging_mixin.py:190} INFO - [2026-08-23T05:58:04.021+0000] {dagbag.py:588} INFO - Filling up the DagBag from /opt/airflow/dags/daily_inventory_pipeline.py
[2026-08-23T05:58:04.116+0000] {processor.py:925} INFO - DAG(s) 'daily_inventory_pipeline' retrieved from /opt/airflow/dags/daily_inventory_pipeline.py
[2026-08-23T05:58:04.138+0000] {logging_mixin.py:190} INFO - [2026-08-23T05:58:04.138+0000] {dag.py:3239} INFO - Sync 1 DAGs
[2026-08-23T05:58:04.271+0000] {logging_mixin.py:190} INFO - [2026-08-23T05:58:04.270+0000] {dag.py:4180} INFO - Setting next_dagrun for daily_inventory_pipeline to 2026-08-22 18:30:00+00:00, run_after=2026-08-23 18:30:00+00:00
[2026-08-23T05:58:04.285+0000] {processor.py:208} INFO - Processing /opt/airflow/dags/daily_inventory_pipeline.py took 0.274 seconds
[2026-08-23T05:58:34.489+0000] {processor.py:186} INFO - Started process (PID=6359) to work on /opt/airflow/dags/daily_inventory_pipeline.py
[2026-08-23T05:58:34.490+0000] {processor.py:914} INFO - Processing file /opt/airflow/dags/daily_inventory_pipeline.py for tasks to queue
[2026-08-23T05:58:34.492+0000] {logging_mixin.py:190} INFO - [2026-08-23T05:58:34.492+0000] {dagbag.py:588} INFO - Filling up the DagBag from /opt/airflow/dags/daily_inventory_pipeline.py
[2026-08-23T05:58:34.589+0000] {processor.py:925} INFO - DAG(s) 'daily_inventory_pipeline' retrieved from /opt/airflow/dags/daily_inventory_pipeline.py
[2026-08-23T05:58:34.713+0000] {logging_mixin.py:190} INFO - [2026-08-23T05:58:34.713+0000] {dag.py:3239} INFO - Sync 1 DAGs
[2026-08-23T05:58:34.728+0000] {logging_mixin.py:190} INFO - [2026-08-23T05:58:34.728+0000] {dag.py:4180} INFO - Setting next_dagrun for daily_inventory_pipeline to 2026-08-22 18:30:00+00:00, run_after=2026-08-23 18:30:00+00:00
[2026-08-23T05:58:34.745+0000] {processor.py:208} INFO - Processing /opt/airflow/dags/daily_inventory_pipeline.py took 0.262 seconds
[2026-08-23T05:59:04.950+0000] {processor.py:186} INFO - Started process (PID=6369) to work on /opt/airflow/dags/daily_inventory_pipeline.py
[2026-08-23T05:59:04.951+0000] {processor.py:914} INFO - Processing file /opt/airflow/dags/daily_inventory_pipeline.py for tasks to queue
[2026-08-23T05:59:04.953+0000] {logging_mixin.py:190} INFO - [2026-08-23T05:59:04.953+0000] {dagbag.py:588} INFO - Filling up the DagBag from /opt/airflow/dags/daily_inventory_pipeline.py
[2026-08-23T05:59:05.169+0000] {processor.py:925} INFO - DAG(s) 'daily_inventory_pipeline' retrieved from /opt/airflow/dags/daily_inventory_pipeline.py
[2026-08-23T05:59:05.189+0000] {logging_mixin.py:190} INFO - [2026-08-23T05:59:05.188+0000] {dag.py:3239} INFO - Sync 1 DAGs
[2026-08-23T05:59:05.204+0000] {logging_mixin.py:190} INFO - [2026-08-23T05:59:05.204+0000] {dag.py:4180} INFO - Setting next_dagrun for daily_inventory_pipeline to 2026-08-22 18:30:00+00:00, run_after=2026-08-23 18:30:00+00:00
[2026-08-23T05:59:05.217+0000] {processor.py:208} INFO - Processing /opt/airflow/dags/daily_inventory_pipeline.py took 0.273 seconds
[2026-08-23T05:59:35.413+0000] {processor.py:186} INFO - Started process (PID=6379) to work on /opt/airflow/dags/daily_inventory_pipeline.py
[2026-08-23T05:59:35.414+0000] {processor.py:914} INFO - Processing file /opt/airflow/dags/daily_inventory_pipeline.py for tasks to queue
[2026-08-23T05:59:35.416+0000] {logging_mixin.py:190} INFO - [2026-08-23T05:59:35.415+0000] {dagbag.py:588} INFO - Filling up the DagBag from /opt/airflow/dags/daily_inventory_pipeline.py
[2026-08-23T05:59:35.625+0000] {processor.py:925} INFO - DAG(s) 'daily_inventory_pipeline' retrieved from /opt/airflow/dags/daily_inventory_pipeline.py
[2026-08-23T05:59:35.644+0000] {logging_mixin.py:190} INFO - [2026-08-23T05:59:35.644+0000] {dag.py:3239} INFO - Sync 1 DAGs
[2026-08-23T05:59:35.659+0000] {logging_mixin.py:190} INFO - [2026-08-23T05:59:35.659+0000] {dag.py:4180} INFO - Setting next_dagrun for daily_inventory_pipeline to 2026-08-22 18:30:00+00:00, run_after=2026-08-23 18:30:00+00:00
[2026-08-23T05:59:35.673+0000] {processor.py:208} INFO - Processing /opt/airflow/dags/daily_inventory_pipeline.py took 0.265 seconds
[2026-08-23T06:00:05.896+0000] {processor.py:186} INFO - Started process (PID=6389) to work on /opt/airflow/dags/daily_inventory_pipeline.py
[2026-08-23T06:00:05.897+0000] {processor.py:914} INFO - Processing file /opt/airflow/dags/daily_inventory_pipeline.py for tasks to queue
[2026-08-23T06:00:05.899+0000] {logging_mixin.py:190} INFO - [2026-08-23T06:00:05.899+0000] {dagbag.py:588} INFO - Filling up the DagBag from /opt/airflow/dags/daily_inventory_pipeline.py
[2026-08-23T06:00:06.129+0000] {processor.py:925} INFO - DAG(s) 'daily_inventory_pipeline' retrieved from /opt/airflow/dags/daily_inventory_pipeline.py
[2026-08-23T06:00:06.149+0000] {logging_mixin.py:190} INFO - [2026-08-23T06:00:06.148+0000] {dag.py:3239} INFO - Sync 1 DAGs
[2026-08-23T06:00:06.164+0000] {logging_mixin.py:190} INFO - [2026-08-23T06:00:06.164+0000] {dag.py:4180} INFO - Setting next_dagrun for daily_inventory_pipeline to 2026-08-22 18:30:00+00:00, run_after=2026-08-23 18:30:00+00:00
[2026-08-23T06:00:06.184+0000] {processor.py:208} INFO - Processing /opt/airflow/dags/daily_inventory_pipeline.py took 0.293 seconds
[2026-08-23T06:00:36.396+0000] {processor.py:186} INFO - Started process (PID=6399) to work on /opt/airflow/dags/daily_inventory_pipeline.py
[2026-08-23T06:00:36.397+0000] {processor.py:914} INFO - Processing file /opt/airflow/dags/daily_inventory_pipeline.py for tasks to queue
[2026-08-23T06:00:36.399+0000] {logging_mixin.py:190} INFO - [2026-08-23T06:00:36.399+0000] {dagbag.py:588} INFO - Filling up the DagBag from /opt/airflow/dags/daily_inventory_pipeline.py
[2026-08-23T06:00:36.500+0000] {processor.py:925} INFO - DAG(s) 'daily_inventory_pipeline' retrieved from /opt/airflow/dags/daily_inventory_pipeline.py
[2026-08-23T06:00:36.522+0000] {logging_mixin.py:190} INFO - [2026-08-23T06:00:36.522+0000] {dag.py:3239} INFO - Sync 1 DAGs
[2026-08-23T06:00:36.665+0000] {logging_mixin.py:190} INFO - [2026-08-23T06:00:36.665+0000] {dag.py:4180} INFO - Setting next_dagrun for daily_inventory_pipeline to 2026-08-22 18:30:00+00:00, run_after=2026-08-23 18:30:00+00:00
[2026-08-23T06:00:36.679+0000] {processor.py:208} INFO - Processing /opt/airflow/dags/daily_inventory_pipeline.py took 0.289 seconds
[2026-08-23T06:01:06.925+0000] {processor.py:186} INFO - Started process (PID=6409) to work on /opt/airflow/dags/daily_inventory_pipeline.py
[2026-08-23T06:01:06.926+0000] {processor.py:914} INFO - Processing file /opt/airflow/dags/daily_inventory_pipeline.py for tasks to queue
[2026-08-23T06:01:06.928+0000] {logging_mixin.py:190} INFO - [2026-08-23T06:01:06.928+0000] {dagbag.py:588} INFO - Filling up the DagBag from /opt/airflow/dags/daily_inventory_pipeline.py
[2026-08-23T06:01:07.051+0000] {processor.py:925} INFO - DAG(s) 'daily_inventory_pipeline' retrieved from /opt/airflow/dags/daily_inventory_pipeline.py
[2026-08-23T06:01:07.074+0000] {logging_mixin.py:190} INFO - [2026-08-23T06:01:07.073+0000] {dag.py:3239} INFO - Sync 1 DAGs
[2026-08-23T06:01:07.197+0000] {logging_mixin.py:190} INFO - [2026-08-23T06:01:07.196+0000] {dag.py:4180} INFO - Setting next_dagrun for daily_inventory_pipeline to 2026-08-22 18:30:00+00:00, run_after=2026-08-23 18:30:00+00:00
[2026-08-23T06:01:07.213+0000] {processor.py:208} INFO - Processing /opt/airflow/dags/daily_inventory_pipeline.py took 0.294 seconds
[2026-08-23T06:01:37.311+0000] {processor.py:186} INFO - Started process (PID=6419) to work on /opt/airflow/dags/daily_inventory_pipeline.py
[2026-08-23T06:01:37.312+0000] {processor.py:914} INFO - Processing file /opt/airflow/dags/daily_inventory_pipeline.py for tasks to queue
[2026-08-23T06:01:37.314+0000] {logging_mixin.py:190} INFO - [2026-08-23T06:01:37.314+0000] {dagbag.py:588} INFO - Filling up the DagBag from /opt/airflow/dags/daily_inventory_pipeline.py
[2026-08-23T06:01:37.404+0000] {processor.py:925} INFO - DAG(s) 'daily_inventory_pipeline' retrieved from /opt/airflow/dags/daily_inventory_pipeline.py
[2026-08-23T06:01:37.547+0000] {logging_mixin.py:190} INFO - [2026-08-23T06:01:37.547+0000] {dag.py:3239} INFO - Sync 1 DAGs
[2026-08-23T06:01:37.562+0000] {logging_mixin.py:190} INFO - [2026-08-23T06:01:37.562+0000] {dag.py:4180} INFO - Setting next_dagrun for daily_inventory_pipeline to 2026-08-22 18:30:00+00:00, run_after=2026-08-23 18:30:00+00:00
[2026-08-23T06:01:37.578+0000] {processor.py:208} INFO - Processing /opt/airflow/dags/daily_inventory_pipeline.py took 0.272 seconds
[2026-08-23T06:02:07.735+0000] {processor.py:186} INFO - Started process (PID=6429) to work on /opt/airflow/dags/daily_inventory_pipeline.py
[2026-08-23T06:02:07.736+0000] {processor.py:914} INFO - Processing file /opt/airflow/dags/daily_inventory_pipeline.py for tasks to queue
[2026-08-23T06:02:07.739+0000] {logging_mixin.py:190} INFO - [2026-08-23T06:02:07.739+0000] {dagbag.py:588} INFO - Filling up the DagBag from /opt/airflow/dags/daily_inventory_pipeline.py
[2026-08-23T06:02:07.948+0000] {processor.py:925} INFO - DAG(s) 'daily_inventory_pipeline' retrieved from /opt/airflow/dags/daily_inventory_pipeline.py
[2026-08-23T06:02:07.967+0000] {logging_mixin.py:190} INFO - [2026-08-23T06:02:07.966+0000] {dag.py:3239} INFO - Sync 1 DAGs
[2026-08-23T06:02:07.983+0000] {logging_mixin.py:190} INFO - [2026-08-23T06:02:07.983+0000] {dag.py:4180} INFO - Setting next_dagrun for daily_inventory_pipeline to 2026-08-22 18:30:00+00:00, run_after=2026-08-23 18:30:00+00:00
[2026-08-23T06:02:07.996+0000] {processor.py:208} INFO - Processing /opt/airflow/dags/daily_inventory_pipeline.py took 0.267 seconds
[2026-08-23T06:02:38.213+0000] {processor.py:186} INFO - Started process (PID=6439) to work on /opt/airflow/dags/daily_inventory_pipeline.py
[2026-08-23T06:02:38.214+0000] {processor.py:914} INFO - Processing file /opt/airflow/dags/daily_inventory_pipeline.py for tasks to queue
[2026-08-23T06:02:38.216+0000] {logging_mixin.py:190} INFO - [2026-08-23T06:02:38.216+0000] {dagbag.py:588} INFO - Filling up the DagBag from /opt/airflow/dags/daily_inventory_pipeline.py
[2026-08-23T06:02:38.439+0000] {processor.py:925} INFO - DAG(s) 'daily_inventory_pipeline' retrieved from /opt/airflow/dags/daily_inventory_pipeline.py
[2026-08-23T06:02:38.458+0000] {logging_mixin.py:190} INFO - [2026-08-23T06:02:38.457+0000] {dag.py:3239} INFO - Sync 1 DAGs
[2026-08-23T06:02:38.473+0000] {logging_mixin.py:190} INFO - [2026-08-23T06:02:38.472+0000] {dag.py:4180} INFO - Setting next_dagrun for daily_inventory_pipeline to 2026-08-22 18:30:00+00:00, run_after=2026-08-23 18:30:00+00:00
[2026-08-23T06:02:38.487+0000] {processor.py:208} INFO - Processing /opt/airflow/dags/daily_inventory_pipeline.py took 0.280 seconds
[2026-08-23T06:03:08.740+0000] {processor.py:186} INFO - Started process (PID=6449) to work on /opt/airflow/dags/daily_inventory_pipeline.py
[2026-08-23T06:03:08.741+0000] {processor.py:914} INFO - Processing file /opt/airflow/dags/daily_inventory_pipeline.py for tasks to queue
[2026-08-23T06:03:08.743+0000] {logging_mixin.py:190} INFO - [2026-08-23T06:03:08.743+0000] {dagbag.py:588} INFO - Filling up the DagBag from /opt/airflow/dags/daily_inventory_pipeline.py
[2026-08-23T06:03:08.856+0000] {processor.py:925} INFO - DAG(s) 'daily_inventory_pipeline' retrieved from /opt/airflow/dags/daily_inventory_pipeline.py
[2026-08-23T06:03:08.884+0000] {logging_mixin.py:190} INFO - [2026-08-23T06:03:08.884+0000] {dag.py:3239} INFO - Sync 1 DAGs
[2026-08-23T06:03:09.038+0000] {logging_mixin.py:190} INFO - [2026-08-23T06:03:09.038+0000] {dag.py:4180} INFO - Setting next_dagrun for daily_inventory_pipeline to 2026-08-22 18:30:00+00:00, run_after=2026-08-23 18:30:00+00:00
[2026-08-23T06:03:09.053+0000] {processor.py:208} INFO - Processing /opt/airflow/dags/daily_inventory_pipeline.py took 0.318 seconds
[2026-08-23T06:03:39.317+0000] {processor.py:186} INFO - Started process (PID=6459) to work on /opt/airflow/dags/daily_inventory_pipeline.py
[2026-08-23T06:03:39.318+0000] {processor.py:914} INFO - Processing file /opt/airflow/dags/daily_inventory_pipeline.py for tasks to queue
[2026-08-23T06:03:39.321+0000] {logging_mixin.py:190} INFO - [2026-08-23T06:03:39.320+0000] {dagbag.py:588} INFO - Filling up the DagBag from /opt/airflow/dags/daily_inventory_pipeline.py
[2026-08-23T06:03:39.428+0000] {processor.py:925} INFO - DAG(s) 'daily_inventory_pipeline' retrieved from /opt/airflow/dags/daily_inventory_pipeline.py
[2026-08-23T06:03:39.451+0000] {logging_mixin.py:190} INFO - [2026-08-23T06:03:39.451+0000] {dag.py:3239} INFO - Sync 1 DAGs
[2026-08-23T06:03:39.584+0000] {logging_mixin.py:190} INFO - [2026-08-23T06:03:39.583+0000] {dag.py:4180} INFO - Setting next_dagrun for daily_inventory_pipeline to 2026-08-22 18:30:00+00:00, run_after=2026-08-23 18:30:00+00:00
[2026-08-23T06:03:39.597+0000] {processor.py:208} INFO - Processing /opt/airflow/dags/daily_inventory_pipeline.py took 0.287 seconds
[2026-08-23T06:04:09.890+0000] {processor.py:186} INFO - Started process (PID=6469) to work on /opt/airflow/dags/daily_inventory_pipeline.py
[2026-08-23T06:04:09.891+0000] {processor.py:914} INFO - Processing file /opt/airflow/dags/daily_inventory_pipeline.py for tasks to queue
[2026-08-23T06:04:09.893+0000] {logging_mixin.py:190} INFO - [2026-08-23T06:04:09.893+0000] {dagbag.py:588} INFO - Filling up the DagBag from /opt/airflow/dags/daily_inventory_pipeline.py
[2026-08-23T06:04:10.009+0000] {processor.py:925} INFO - DAG(s) 'daily_inventory_pipeline' retrieved from /opt/airflow/dags/daily_inventory_pipeline.py
[2026-08-23T06:04:10.138+0000] {logging_mixin.py:190} INFO - [2026-08-23T06:04:10.138+0000] {dag.py:3239} INFO - Sync 1 DAGs
[2026-08-23T06:04:10.152+0000] {logging_mixin.py:190} INFO - [2026-08-23T06:04:10.152+0000] {dag.py:4180} INFO - Setting next_dagrun for daily_inventory_pipeline to 2026-08-22 18:30:00+00:00, run_after=2026-08-23 18:30:00+00:00
[2026-08-23T06:04:10.165+0000] {processor.py:208} INFO - Processing /opt/airflow/dags/daily_inventory_pipeline.py took 0.283 seconds
[2026-08-23T06:04:40.375+0000] {processor.py:186} INFO - Started process (PID=6479) to work on /opt/airflow/dags/daily_inventory_pipeline.py
[2026-08-23T06:04:40.376+0000] {processor.py:914} INFO - Processing file /opt/airflow/dags/daily_inventory_pipeline.py for tasks to queue
[2026-08-23T06:04:40.378+0000] {logging_mixin.py:190} INFO - [2026-08-23T06:04:40.377+0000] {dagbag.py:588} INFO - Filling up the DagBag from /opt/airflow/dags/daily_inventory_pipeline.py
[2026-08-23T06:04:40.595+0000] {processor.py:925} INFO - DAG(s) 'daily_inventory_pipeline' retrieved from /opt/airflow/dags/daily_inventory_pipeline.py
[2026-08-23T06:04:40.614+0000] {logging_mixin.py:190} INFO - [2026-08-23T06:04:40.614+0000] {dag.py:3239} INFO - Sync 1 DAGs
[2026-08-23T06:04:40.630+0000] {logging_mixin.py:190} INFO - [2026-08-23T06:04:40.629+0000] {dag.py:4180} INFO - Setting next_dagrun for daily_inventory_pipeline to 2026-08-22 18:30:00+00:00, run_after=2026-08-23 18:30:00+00:00
[2026-08-23T06:04:40.643+0000] {processor.py:208} INFO - Processing /opt/airflow/dags/daily_inventory_pipeline.py took 0.275 seconds
[2026-08-23T06:05:10.830+0000] {processor.py:186} INFO - Started process (PID=6489) to work on /opt/airflow/dags/daily_inventory_pipeline.py
[2026-08-23T06:05:10.831+0000] {processor.py:914} INFO - Processing file /opt/airflow/dags/daily_inventory_pipeline.py for tasks to queue
[2026-08-23T06:05:10.832+0000] {logging_mixin.py:190} INFO - [2026-08-23T06:05:10.832+0000] {dagbag.py:588} INFO - Filling up the DagBag from /opt/airflow/dags/daily_inventory_pipeline.py
[2026-08-23T06:05:11.047+0000] {processor.py:925} INFO - DAG(s) 'daily_inventory_pipeline' retrieved from /opt/airflow/dags/daily_inventory_pipeline.py
[2026-08-23T06:05:11.066+0000] {logging_mixin.py:190} INFO - [2026-08-23T06:05:11.066+0000] {dag.py:3239} INFO - Sync 1 DAGs
[2026-08-23T06:05:11.081+0000] {logging_mixin.py:190} INFO - [2026-08-23T06:05:11.081+0000] {dag.py:4180} INFO - Setting next_dagrun for daily_inventory_pipeline to 2026-08-22 18:30:00+00:00, run_after=2026-08-23 18:30:00+00:00
[2026-08-23T06:05:11.095+0000] {processor.py:208} INFO - Processing /opt/airflow/dags/daily_inventory_pipeline.py took 0.271 seconds
[2026-08-23T06:05:41.289+0000] {processor.py:186} INFO - Started process (PID=6499) to work on /opt/airflow/dags/daily_inventory_pipeline.py
[2026-08-23T06:05:41.290+0000] {processor.py:914} INFO - Processing file /opt/airflow/dags/daily_inventory_pipeline.py for tasks to queue
[2026-08-23T06:05:41.291+0000] {logging_mixin.py:190} INFO - [2026-08-23T06:05:41.291+0000] {dagbag.py:588} INFO - Filling up the DagBag from /opt/airflow/dags/daily_inventory_pipeline.py
[2026-08-23T06:05:41.504+0000] {processor.py:925} INFO - DAG(s) 'daily_inventory_pipeline' retrieved from /opt/airflow/dags/daily_inventory_pipeline.py
[2026-08-23T06:05:41.524+0000] {logging_mixin.py:190} INFO - [2026-08-23T06:05:41.524+0000] {dag.py:3239} INFO - Sync 1 DAGs
[2026-08-23T06:05:41.540+0000] {logging_mixin.py:190} INFO - [2026-08-23T06:05:41.540+0000] {dag.py:4180} INFO - Setting next_dagrun for daily_inventory_pipeline to 2026-08-22 18:30:00+00:00, run_after=2026-08-23 18:30:00+00:00
[2026-08-23T06:05:41.555+0000] {processor.py:208} INFO - Processing /opt/airflow/dags/daily_inventory_pipeline.py took 0.273 seconds
[2026-08-23T06:06:11.861+0000] {processor.py:186} INFO - Started process (PID=6509) to work on /opt/airflow/dags/daily_inventory_pipeline.py
[2026-08-23T06:06:11.862+0000] {processor.py:914} INFO - Processing file /opt/airflow/dags/daily_inventory_pipeline.py for tasks to queue
[2026-08-23T06:06:11.864+0000] {logging_mixin.py:190} INFO - [2026-08-23T06:06:11.863+0000] {dagbag.py:588} INFO - Filling up the DagBag from /opt/airflow/dags/daily_inventory_pipeline.py
[2026-08-23T06:06:11.958+0000] {processor.py:925} INFO - DAG(s) 'daily_inventory_pipeline' retrieved from /opt/airflow/dags/daily_inventory_pipeline.py
[2026-08-23T06:06:11.980+0000] {logging_mixin.py:190} INFO - [2026-08-23T06:06:11.979+0000] {dag.py:3239} INFO - Sync 1 DAGs
[2026-08-23T06:06:12.102+0000] {logging_mixin.py:190} INFO - [2026-08-23T06:06:12.102+0000] {dag.py:4180} INFO - Setting next_dagrun for daily_inventory_pipeline to 2026-08-22 18:30:00+00:00, run_after=2026-08-23 18:30:00+00:00
[2026-08-23T06:06:12.118+0000] {processor.py:208} INFO - Processing /opt/airflow/dags/daily_inventory_pipeline.py took 0.262 seconds
[2026-08-23T06:06:42.389+0000] {processor.py:186} INFO - Started process (PID=6519) to work on /opt/airflow/dags/daily_inventory_pipeline.py
[2026-08-23T06:06:42.391+0000] {processor.py:914} INFO - Processing file /opt/airflow/dags/daily_inventory_pipeline.py for tasks to queue
[2026-08-23T06:06:42.395+0000] {logging_mixin.py:190} INFO - [2026-08-23T06:06:42.395+0000] {dagbag.py:588} INFO - Filling up the DagBag from /opt/airflow/dags/daily_inventory_pipeline.py
[2026-08-23T06:06:42.544+0000] {processor.py:925} INFO - DAG(s) 'daily_inventory_pipeline' retrieved from /opt/airflow/dags/daily_inventory_pipeline.py
[2026-08-23T06:06:42.569+0000] {logging_mixin.py:190} INFO - [2026-08-23T06:06:42.569+0000] {dag.py:3239} INFO - Sync 1 DAGs
[2026-08-23T06:06:42.708+0000] {logging_mixin.py:190} INFO - [2026-08-23T06:06:42.708+0000] {dag.py:4180} INFO - Setting next_dagrun for daily_inventory_pipeline to 2026-08-22 18:30:00+00:00, run_after=2026-08-23 18:30:00+00:00
[2026-08-23T06:06:42.723+0000] {processor.py:208} INFO - Processing /opt/airflow/dags/daily_inventory_pipeline.py took 0.344 seconds
[2026-08-23T06:07:12.940+0000] {processor.py:186} INFO - Started process (PID=6529) to work on /opt/airflow/dags/daily_inventory_pipeline.py
[2026-08-23T06:07:12.941+0000] {processor.py:914} INFO - Processing file /opt/airflow/dags/daily_inventory_pipeline.py for tasks to queue
[2026-08-23T06:07:12.943+0000] {logging_mixin.py:190} INFO - [2026-08-23T06:07:12.943+0000] {dagbag.py:588} INFO - Filling up the DagBag from /opt/airflow/dags/daily_inventory_pipeline.py
[2026-08-23T06:07:13.043+0000] {processor.py:925} INFO - DAG(s) 'daily_inventory_pipeline' retrieved from /opt/airflow/dags/daily_inventory_pipeline.py
[2026-08-23T06:07:13.172+0000] {logging_mixin.py:190} INFO - [2026-08-23T06:07:13.171+0000] {dag.py:3239} INFO - Sync 1 DAGs
[2026-08-23T06:07:13.187+0000] {logging_mixin.py:190} INFO - [2026-08-23T06:07:13.187+0000] {dag.py:4180} INFO - Setting next_dagrun for daily_inventory_pipeline to 2026-08-22 18:30:00+00:00, run_after=2026-08-23 18:30:00+00:00
[2026-08-23T06:07:13.200+0000] {processor.py:208} INFO - Processing /opt/airflow/dags/daily_inventory_pipeline.py took 0.266 seconds
[2026-08-23T06:07:43.446+0000] {processor.py:186} INFO - Started process (PID=6539) to work on /opt/airflow/dags/daily_inventory_pipeline.py
[2026-08-23T06:07:43.447+0000] {processor.py:914} INFO - Processing file /opt/airflow/dags/daily_inventory_pipeline.py for tasks to queue
[2026-08-23T06:07:43.449+0000] {logging_mixin.py:190} INFO - [2026-08-23T06:07:43.448+0000] {dagbag.py:588} INFO - Filling up the DagBag from /opt/airflow/dags/daily_inventory_pipeline.py
[2026-08-23T06:07:43.655+0000] {processor.py:925} INFO - DAG(s) 'daily_inventory_pipeline' retrieved from /opt/airflow/dags/daily_inventory_pipeline.py
[2026-08-23T06:07:43.672+0000] {logging_mixin.py:190} INFO - [2026-08-23T06:07:43.672+0000] {dag.py:3239} INFO - Sync 1 DAGs
[2026-08-23T06:07:43.686+0000] {logging_mixin.py:190} INFO - [2026-08-23T06:07:43.686+0000] {dag.py:4180} INFO - Setting next_dagrun for daily_inventory_pipeline to 2026-08-22 18:30:00+00:00, run_after=2026-08-23 18:30:00+00:00
[2026-08-23T06:07:43.698+0000] {processor.py:208} INFO - Processing /opt/airflow/dags/daily_inventory_pipeline.py took 0.258 seconds
[2026-08-23T06:08:13.981+0000] {processor.py:186} INFO - Started process (PID=6549) to work on /opt/airflow/dags/daily_inventory_pipeline.py
[2026-08-23T06:08:13.982+0000] {processor.py:914} INFO - Processing file /opt/airflow/dags/daily_inventory_pipeline.py for tasks to queue
[2026-08-23T06:08:13.984+0000] {logging_mixin.py:190} INFO - [2026-08-23T06:08:13.983+0000] {dagbag.py:588} INFO - Filling up the DagBag from /opt/airflow/dags/daily_inventory_pipeline.py
[2026-08-23T06:08:14.174+0000] {processor.py:925} INFO - DAG(s) 'daily_inventory_pipeline' retrieved from /opt/airflow/dags/daily_inventory_pipeline.py
[2026-08-23T06:08:14.192+0000] {logging_mixin.py:190} INFO - [2026-08-23T06:08:14.192+0000] {dag.py:3239} INFO - Sync 1 DAGs
[2026-08-23T06:08:14.206+0000] {logging_mixin.py:190} INFO - [2026-08-23T06:08:14.206+0000] {dag.py:4180} INFO - Setting next_dagrun for daily_inventory_pipeline to 2026-08-22 18:30:00+00:00, run_after=2026-08-23 18:30:00+00:00
[2026-08-23T06:08:14.223+0000] {processor.py:208} INFO - Processing /opt/airflow/dags/daily_inventory_pipeline.py took 0.249 seconds
[2026-08-23T06:08:44.542+0000] {processor.py:186} INFO - Started process (PID=6559) to work on /opt/airflow/dags/daily_inventory_pipeline.py
[2026-08-23T06:08:44.543+0000] {processor.py:914} INFO - Processing file /opt/airflow/dags/daily_inventory_pipeline.py for tasks to queue
[2026-08-23T06:08:44.545+0000] {logging_mixin.py:190} INFO - [2026-08-23T06:08:44.545+0000] {dagbag.py:588} INFO - Filling up the DagBag from /opt/airflow/dags/daily_inventory_pipeline.py
[2026-08-23T06:08:44.761+0000] {processor.py:925} INFO - DAG(s) 'daily_inventory_pipeline' retrieved from /opt/airflow/dags/daily_inventory_pipeline.py
[2026-08-23T06:08:44.780+0000] {logging_mixin.py:190} INFO - [2026-08-23T06:08:44.780+0000] {dag.py:3239} INFO - Sync 1 DAGs
[2026-08-23T06:08:44.797+0000] {logging_mixin.py:190} INFO - [2026-08-23T06:08:44.797+0000] {dag.py:4180} INFO - Setting next_dagrun for daily_inventory_pipeline to 2026-08-22 18:30:00+00:00, run_after=2026-08-23 18:30:00+00:00
[2026-08-23T06:08:44.813+0000] {processor.py:208} INFO - Processing /opt/airflow/dags/daily_inventory_pipeline.py took 0.276 seconds
[2026-08-23T06:09:15.098+0000] {processor.py:186} INFO - Started process (PID=6569) to work on /opt/airflow/dags/daily_inventory_pipeline.py
[2026-08-23T06:09:15.100+0000] {processor.py:914} INFO - Processing file /opt/airflow/dags/daily_inventory_pipeline.py for tasks to queue
[2026-08-23T06:09:15.103+0000] {logging_mixin.py:190} INFO - [2026-08-23T06:09:15.103+0000] {dagbag.py:588} INFO - Filling up the DagBag from /opt/airflow/dags/daily_inventory_pipeline.py
[2026-08-23T06:09:15.208+0000] {processor.py:925} INFO - DAG(s) 'daily_inventory_pipeline' retrieved from /opt/airflow/dags/daily_inventory_pipeline.py
[2026-08-23T06:09:15.231+0000] {logging_mixin.py:190} INFO - [2026-08-23T06:09:15.231+0000] {dag.py:3239} INFO - Sync 1 DAGs
[2026-08-23T06:09:15.361+0000] {logging_mixin.py:190} INFO - [2026-08-23T06:09:15.360+0000] {dag.py:4180} INFO - Setting next_dagrun for daily_inventory_pipeline to 2026-08-22 18:30:00+00:00, run_after=2026-08-23 18:30:00+00:00
[2026-08-23T06:09:15.374+0000] {processor.py:208} INFO - Processing /opt/airflow/dags/daily_inventory_pipeline.py took 0.283 seconds
[2026-08-23T06:09:45.574+0000] {processor.py:186} INFO - Started process (PID=6579) to work on /opt/airflow/dags/daily_inventory_pipeline.py
[2026-08-23T06:09:45.575+0000] {processor.py:914} INFO - Processing file /opt/airflow/dags/daily_inventory_pipeline.py for tasks to queue
[2026-08-23T06:09:45.577+0000] {logging_mixin.py:190} INFO - [2026-08-23T06:09:45.576+0000] {dagbag.py:588} INFO - Filling up the DagBag from /opt/airflow/dags/daily_inventory_pipeline.py
[2026-08-23T06:09:45.676+0000] {processor.py:925} INFO - DAG(s) 'daily_inventory_pipeline' retrieved from /opt/airflow/dags/daily_inventory_pipeline.py
[2026-08-23T06:09:45.819+0000] {logging_mixin.py:190} INFO - [2026-08-23T06:09:45.819+0000] {dag.py:3239} INFO - Sync 1 DAGs
[2026-08-23T06:09:45.837+0000] {logging_mixin.py:190} INFO - [2026-08-23T06:09:45.836+0000] {dag.py:4180} INFO - Setting next_dagrun for daily_inventory_pipeline to 2026-08-22 18:30:00+00:00, run_after=2026-08-23 18:30:00+00:00
[2026-08-23T06:09:45.851+0000] {processor.py:208} INFO - Processing /opt/airflow/dags/daily_inventory_pipeline.py took 0.283 seconds
[2026-08-23T06:10:16.033+0000] {processor.py:186} INFO - Started process (PID=6589) to work on /opt/airflow/dags/daily_inventory_pipeline.py
[2026-08-23T06:10:16.034+0000] {processor.py:914} INFO - Processing file /opt/airflow/dags/daily_inventory_pipeline.py for tasks to queue
[2026-08-23T06:10:16.036+0000] {logging_mixin.py:190} INFO - [2026-08-23T06:10:16.036+0000] {dagbag.py:588} INFO - Filling up the DagBag from /opt/airflow/dags/daily_inventory_pipeline.py
[2026-08-23T06:10:16.132+0000] {processor.py:925} INFO - DAG(s) 'daily_inventory_pipeline' retrieved from /opt/airflow/dags/daily_inventory_pipeline.py
[2026-08-23T06:10:16.256+0000] {logging_mixin.py:190} INFO - [2026-08-23T06:10:16.256+0000] {dag.py:3239} INFO - Sync 1 DAGs
[2026-08-23T06:10:16.271+0000] {logging_mixin.py:190} INFO - [2026-08-23T06:10:16.271+0000] {dag.py:4180} INFO - Setting next_dagrun for daily_inventory_pipeline to 2026-08-22 18:30:00+00:00, run_after=2026-08-23 18:30:00+00:00
[2026-08-23T06:10:16.284+0000] {processor.py:208} INFO - Processing /opt/airflow/dags/daily_inventory_pipeline.py took 0.258 seconds
[2026-08-23T06:10:46.539+0000] {processor.py:186} INFO - Started process (PID=6599) to work on /opt/airflow/dags/daily_inventory_pipeline.py
[2026-08-23T06:10:46.539+0000] {processor.py:914} INFO - Processing file /opt/airflow/dags/daily_inventory_pipeline.py for tasks to queue
[2026-08-23T06:10:46.541+0000] {logging_mixin.py:190} INFO - [2026-08-23T06:10:46.541+0000] {dagbag.py:588} INFO - Filling up the DagBag from /opt/airflow/dags/daily_inventory_pipeline.py
[2026-08-23T06:10:46.748+0000] {processor.py:925} INFO - DAG(s) 'daily_inventory_pipeline' retrieved from /opt/airflow/dags/daily_inventory_pipeline.py
[2026-08-23T06:10:46.766+0000] {logging_mixin.py:190} INFO - [2026-08-23T06:10:46.766+0000] {dag.py:3239} INFO - Sync 1 DAGs
[2026-08-23T06:10:46.782+0000] {logging_mixin.py:190} INFO - [2026-08-23T06:10:46.782+0000] {dag.py:4180} INFO - Setting next_dagrun for daily_inventory_pipeline to 2026-08-22 18:30:00+00:00, run_after=2026-08-23 18:30:00+00:00
[2026-08-23T06:10:46.795+0000] {processor.py:208} INFO - Processing /opt/airflow/dags/daily_inventory_pipeline.py took 0.262 seconds
[2026-08-23T06:11:17.010+0000] {processor.py:186} INFO - Started process (PID=6609) to work on /opt/airflow/dags/daily_inventory_pipeline.py
[2026-08-23T06:11:17.011+0000] {processor.py:914} INFO - Processing file /opt/airflow/dags/daily_inventory_pipeline.py for tasks to queue
[2026-08-23T06:11:17.013+0000] {logging_mixin.py:190} INFO - [2026-08-23T06:11:17.012+0000] {dagbag.py:588} INFO - Filling up the DagBag from /opt/airflow/dags/daily_inventory_pipeline.py
[2026-08-23T06:11:17.228+0000] {processor.py:925} INFO - DAG(s) 'daily_inventory_pipeline' retrieved from /opt/airflow/dags/daily_inventory_pipeline.py
[2026-08-23T06:11:17.248+0000] {logging_mixin.py:190} INFO - [2026-08-23T06:11:17.248+0000] {dag.py:3239} INFO - Sync 1 DAGs
[2026-08-23T06:11:17.264+0000] {logging_mixin.py:190} INFO - [2026-08-23T06:11:17.264+0000] {dag.py:4180} INFO - Setting next_dagrun for daily_inventory_pipeline to 2026-08-22 18:30:00+00:00, run_after=2026-08-23 18:30:00+00:00
[2026-08-23T06:11:17.281+0000] {processor.py:208} INFO - Processing /opt/airflow/dags/daily_inventory_pipeline.py took 0.277 seconds
[2026-08-23T06:11:47.575+0000] {processor.py:186} INFO - Started process (PID=6619) to work on /opt/airflow/dags/daily_inventory_pipeline.py
[2026-08-23T06:11:47.576+0000] {processor.py:914} INFO - Processing file /opt/airflow/dags/daily_inventory_pipeline.py for tasks to queue
[2026-08-23T06:11:47.578+0000] {logging_mixin.py:190} INFO - [2026-08-23T06:11:47.577+0000] {dagbag.py:588} INFO - Filling up the DagBag from /opt/airflow/dags/daily_inventory_pipeline.py
[2026-08-23T06:11:47.669+0000] {processor.py:925} INFO - DAG(s) 'daily_inventory_pipeline' retrieved from /opt/airflow/dags/daily_inventory_pipeline.py
[2026-08-23T06:11:47.689+0000] {logging_mixin.py:190} INFO - [2026-08-23T06:11:47.689+0000] {dag.py:3239} INFO - Sync 1 DAGs
[2026-08-23T06:11:47.819+0000] {logging_mixin.py:190} INFO - [2026-08-23T06:11:47.819+0000] {dag.py:4180} INFO - Setting next_dagrun for daily_inventory_pipeline to 2026-08-22 18:30:00+00:00, run_after=2026-08-23 18:30:00+00:00
[2026-08-23T06:11:47.832+0000] {processor.py:208} INFO - Processing /opt/airflow/dags/daily_inventory_pipeline.py took 0.264 seconds
[2026-08-23T06:12:18.169+0000] {processor.py:186} INFO - Started process (PID=6629) to work on /opt/airflow/dags/daily_inventory_pipeline.py
[2026-08-23T06:12:18.170+0000] {processor.py:914} INFO - Processing file /opt/airflow/dags/daily_inventory_pipeline.py for tasks to queue
[2026-08-23T06:12:18.172+0000] {logging_mixin.py:190} INFO - [2026-08-23T06:12:18.172+0000] {dagbag.py:588} INFO - Filling up the DagBag from /opt/airflow/dags/daily_inventory_pipeline.py
[2026-08-23T06:12:18.262+0000] {processor.py:925} INFO - DAG(s) 'daily_inventory_pipeline' retrieved from /opt/airflow/dags/daily_inventory_pipeline.py
[2026-08-23T06:12:18.285+0000] {logging_mixin.py:190} INFO - [2026-08-23T06:12:18.284+0000] {dag.py:3239} INFO - Sync 1 DAGs
[2026-08-23T06:12:18.402+0000] {logging_mixin.py:190} INFO - [2026-08-23T06:12:18.402+0000] {dag.py:4180} INFO - Setting next_dagrun for daily_inventory_pipeline to 2026-08-22 18:30:00+00:00, run_after=2026-08-23 18:30:00+00:00
[2026-08-23T06:12:18.418+0000] {processor.py:208} INFO - Processing /opt/airflow/dags/daily_inventory_pipeline.py took 0.254 seconds
[2026-08-23T06:12:48.508+0000] {processor.py:186} INFO - Started process (PID=6639) to work on /opt/airflow/dags/daily_inventory_pipeline.py
[2026-08-23T06:12:48.509+0000] {processor.py:914} INFO - Processing file /opt/airflow/dags/daily_inventory_pipeline.py for tasks to queue
[2026-08-23T06:12:48.511+0000] {logging_mixin.py:190} INFO - [2026-08-23T06:12:48.511+0000] {dagbag.py:588} INFO - Filling up the DagBag from /opt/airflow/dags/daily_inventory_pipeline.py
[2026-08-23T06:12:48.595+0000] {processor.py:925} INFO - DAG(s) 'daily_inventory_pipeline' retrieved from /opt/airflow/dags/daily_inventory_pipeline.py
[2026-08-23T06:12:48.715+0000] {logging_mixin.py:190} INFO - [2026-08-23T06:12:48.714+0000] {dag.py:3239} INFO - Sync 1 DAGs
[2026-08-23T06:12:48.728+0000] {logging_mixin.py:190} INFO - [2026-08-23T06:12:48.728+0000] {dag.py:4180} INFO - Setting next_dagrun for daily_inventory_pipeline to 2026-08-22 18:30:00+00:00, run_after=2026-08-23 18:30:00+00:00
[2026-08-23T06:12:48.740+0000] {processor.py:208} INFO - Processing /opt/airflow/dags/daily_inventory_pipeline.py took 0.237 seconds
[2026-08-23T06:13:19.063+0000] {processor.py:186} INFO - Started process (PID=6649) to work on /opt/airflow/dags/daily_inventory_pipeline.py
[2026-08-23T06:13:19.064+0000] {processor.py:914} INFO - Processing file /opt/airflow/dags/daily_inventory_pipeline.py for tasks to queue
[2026-08-23T06:13:19.066+0000] {logging_mixin.py:190} INFO - [2026-08-23T06:13:19.066+0000] {dagbag.py:588} INFO - Filling up the DagBag from /opt/airflow/dags/daily_inventory_pipeline.py
[2026-08-23T06:13:19.276+0000] {processor.py:925} INFO - DAG(s) 'daily_inventory_pipeline' retrieved from /opt/airflow/dags/daily_inventory_pipeline.py
[2026-08-23T06:13:19.295+0000] {logging_mixin.py:190} INFO - [2026-08-23T06:13:19.294+0000] {dag.py:3239} INFO - Sync 1 DAGs
[2026-08-23T06:13:19.309+0000] {logging_mixin.py:190} INFO - [2026-08-23T06:13:19.309+0000] {dag.py:4180} INFO - Setting next_dagrun for daily_inventory_pipeline to 2026-08-22 18:30:00+00:00, run_after=2026-08-23 18:30:00+00:00
[2026-08-23T06:13:19.325+0000] {processor.py:208} INFO - Processing /opt/airflow/dags/daily_inventory_pipeline.py took 0.267 seconds
[2026-08-23T06:13:49.527+0000] {processor.py:186} INFO - Started process (PID=6659) to work on /opt/airflow/dags/daily_inventory_pipeline.py
[2026-08-23T06:13:49.527+0000] {processor.py:914} INFO - Processing file /opt/airflow/dags/daily_inventory_pipeline.py for tasks to queue
[2026-08-23T06:13:49.529+0000] {logging_mixin.py:190} INFO - [2026-08-23T06:13:49.529+0000] {dagbag.py:588} INFO - Filling up the DagBag from /opt/airflow/dags/daily_inventory_pipeline.py
[2026-08-23T06:13:49.729+0000] {processor.py:925} INFO - DAG(s) 'daily_inventory_pipeline' retrieved from /opt/airflow/dags/daily_inventory_pipeline.py
[2026-08-23T06:13:49.747+0000] {logging_mixin.py:190} INFO - [2026-08-23T06:13:49.747+0000] {dag.py:3239} INFO - Sync 1 DAGs
[2026-08-23T06:13:49.762+0000] {logging_mixin.py:190} INFO - [2026-08-23T06:13:49.762+0000] {dag.py:4180} INFO - Setting next_dagrun for daily_inventory_pipeline to 2026-08-22 18:30:00+00:00, run_after=2026-08-23 18:30:00+00:00
[2026-08-23T06:13:49.778+0000] {processor.py:208} INFO - Processing /opt/airflow/dags/daily_inventory_pipeline.py took 0.257 seconds
[2026-08-23T06:14:19.985+0000] {processor.py:186} INFO - Started process (PID=6669) to work on /opt/airflow/dags/daily_inventory_pipeline.py
[2026-08-23T06:14:19.987+0000] {processor.py:914} INFO - Processing file /opt/airflow/dags/daily_inventory_pipeline.py for tasks to queue
[2026-08-23T06:14:19.988+0000] {logging_mixin.py:190} INFO - [2026-08-23T06:14:19.988+0000] {dagbag.py:588} INFO - Filling up the DagBag from /opt/airflow/dags/daily_inventory_pipeline.py
[2026-08-23T06:14:20.190+0000] {processor.py:925} INFO - DAG(s) 'daily_inventory_pipeline' retrieved from /opt/airflow/dags/daily_inventory_pipeline.py
[2026-08-23T06:14:20.209+0000] {logging_mixin.py:190} INFO - [2026-08-23T06:14:20.209+0000] {dag.py:3239} INFO - Sync 1 DAGs
[2026-08-23T06:14:20.225+0000] {logging_mixin.py:190} INFO - [2026-08-23T06:14:20.225+0000] {dag.py:4180} INFO - Setting next_dagrun for daily_inventory_pipeline to 2026-08-22 18:30:00+00:00, run_after=2026-08-23 18:30:00+00:00
[2026-08-23T06:14:20.239+0000] {processor.py:208} INFO - Processing /opt/airflow/dags/daily_inventory_pipeline.py took 0.260 seconds
[2026-08-23T06:14:50.431+0000] {processor.py:186} INFO - Started process (PID=6679) to work on /opt/airflow/dags/daily_inventory_pipeline.py
[2026-08-23T06:14:50.432+0000] {processor.py:914} INFO - Processing file /opt/airflow/dags/daily_inventory_pipeline.py for tasks to queue
[2026-08-23T06:14:50.434+0000] {logging_mixin.py:190} INFO - [2026-08-23T06:14:50.434+0000] {dagbag.py:588} INFO - Filling up the DagBag from /opt/airflow/dags/daily_inventory_pipeline.py
[2026-08-23T06:14:50.527+0000] {processor.py:925} INFO - DAG(s) 'daily_inventory_pipeline' retrieved from /opt/airflow/dags/daily_inventory_pipeline.py
[2026-08-23T06:14:50.550+0000] {logging_mixin.py:190} INFO - [2026-08-23T06:14:50.550+0000] {dag.py:3239} INFO - Sync 1 DAGs
[2026-08-23T06:14:50.688+0000] {logging_mixin.py:190} INFO - [2026-08-23T06:14:50.688+0000] {dag.py:4180} INFO - Setting next_dagrun for daily_inventory_pipeline to 2026-08-22 18:30:00+00:00, run_after=2026-08-23 18:30:00+00:00
[2026-08-23T06:14:50.703+0000] {processor.py:208} INFO - Processing /opt/airflow/dags/daily_inventory_pipeline.py took 0.278 seconds
[2026-08-23T06:15:20.913+0000] {processor.py:186} INFO - Started process (PID=6689) to work on /opt/airflow/dags/daily_inventory_pipeline.py
[2026-08-23T06:15:20.914+0000] {processor.py:914} INFO - Processing file /opt/airflow/dags/daily_inventory_pipeline.py for tasks to queue
[2026-08-23T06:15:20.916+0000] {logging_mixin.py:190} INFO - [2026-08-23T06:15:20.916+0000] {dagbag.py:588} INFO - Filling up the DagBag from /opt/airflow/dags/daily_inventory_pipeline.py
[2026-08-23T06:15:21.019+0000] {processor.py:925} INFO - DAG(s) 'daily_inventory_pipeline' retrieved from /opt/airflow/dags/daily_inventory_pipeline.py
[2026-08-23T06:15:21.041+0000] {logging_mixin.py:190} INFO - [2026-08-23T06:15:21.041+0000] {dag.py:3239} INFO - Sync 1 DAGs
[2026-08-23T06:15:21.166+0000] {logging_mixin.py:190} INFO - [2026-08-23T06:15:21.166+0000] {dag.py:4180} INFO - Setting next_dagrun for daily_inventory_pipeline to 2026-08-22 18:30:00+00:00, run_after=2026-08-23 18:30:00+00:00
[2026-08-23T06:15:21.178+0000] {processor.py:208} INFO - Processing /opt/airflow/dags/daily_inventory_pipeline.py took 0.270 seconds
[2026-08-23T06:15:51.451+0000] {processor.py:186} INFO - Started process (PID=6699) to work on /opt/airflow/dags/daily_inventory_pipeline.py
[2026-08-23T06:15:51.452+0000] {processor.py:914} INFO - Processing file /opt/airflow/dags/daily_inventory_pipeline.py for tasks to queue
[2026-08-23T06:15:51.454+0000] {logging_mixin.py:190} INFO - [2026-08-23T06:15:51.454+0000] {dagbag.py:588} INFO - Filling up the DagBag from /opt/airflow/dags/daily_inventory_pipeline.py
[2026-08-23T06:15:51.557+0000] {processor.py:925} INFO - DAG(s) 'daily_inventory_pipeline' retrieved from /opt/airflow/dags/daily_inventory_pipeline.py
[2026-08-23T06:15:51.683+0000] {logging_mixin.py:190} INFO - [2026-08-23T06:15:51.683+0000] {dag.py:3239} INFO - Sync 1 DAGs
[2026-08-23T06:15:51.697+0000] {logging_mixin.py:190} INFO - [2026-08-23T06:15:51.697+0000] {dag.py:4180} INFO - Setting next_dagrun for daily_inventory_pipeline to 2026-08-22 18:30:00+00:00, run_after=2026-08-23 18:30:00+00:00
[2026-08-23T06:15:51.714+0000] {processor.py:208} INFO - Processing /opt/airflow/dags/daily_inventory_pipeline.py took 0.270 seconds
[2026-08-23T06:16:21.922+0000] {processor.py:186} INFO - Started process (PID=6709) to work on /opt/airflow/dags/daily_inventory_pipeline.py
[2026-08-23T06:16:21.922+0000] {processor.py:914} INFO - Processing file /opt/airflow/dags/daily_inventory_pipeline.py for tasks to queue
[2026-08-23T06:16:21.924+0000] {logging_mixin.py:190} INFO - [2026-08-23T06:16:21.924+0000] {dagbag.py:588} INFO - Filling up the DagBag from /opt/airflow/dags/daily_inventory_pipeline.py
[2026-08-23T06:16:22.139+0000] {processor.py:925} INFO - DAG(s) 'daily_inventory_pipeline' retrieved from /opt/airflow/dags/daily_inventory_pipeline.py
[2026-08-23T06:16:22.158+0000] {logging_mixin.py:190} INFO - [2026-08-23T06:16:22.158+0000] {dag.py:3239} INFO - Sync 1 DAGs
[2026-08-23T06:16:22.172+0000] {logging_mixin.py:190} INFO - [2026-08-23T06:16:22.172+0000] {dag.py:4180} INFO - Setting next_dagrun for daily_inventory_pipeline to 2026-08-22 18:30:00+00:00, run_after=2026-08-23 18:30:00+00:00
[2026-08-23T06:16:22.184+0000] {processor.py:208} INFO - Processing /opt/airflow/dags/daily_inventory_pipeline.py took 0.268 seconds
[2026-08-23T06:16:52.390+0000] {processor.py:186} INFO - Started process (PID=6719) to work on /opt/airflow/dags/daily_inventory_pipeline.py
[2026-08-23T06:16:52.391+0000] {processor.py:914} INFO - Processing file /opt/airflow/dags/daily_inventory_pipeline.py for tasks to queue
[2026-08-23T06:16:52.394+0000] {logging_mixin.py:190} INFO - [2026-08-23T06:16:52.393+0000] {dagbag.py:588} INFO - Filling up the DagBag from /opt/airflow/dags/daily_inventory_pipeline.py
[2026-08-23T06:16:52.622+0000] {processor.py:925} INFO - DAG(s) 'daily_inventory_pipeline' retrieved from /opt/airflow/dags/daily_inventory_pipeline.py
[2026-08-23T06:16:52.641+0000] {logging_mixin.py:190} INFO - [2026-08-23T06:16:52.641+0000] {dag.py:3239} INFO - Sync 1 DAGs
[2026-08-23T06:16:52.657+0000] {logging_mixin.py:190} INFO - [2026-08-23T06:16:52.657+0000] {dag.py:4180} INFO - Setting next_dagrun for daily_inventory_pipeline to 2026-08-22 18:30:00+00:00, run_after=2026-08-23 18:30:00+00:00
[2026-08-23T06:16:52.673+0000] {processor.py:208} INFO - Processing /opt/airflow/dags/daily_inventory_pipeline.py took 0.289 seconds
[2026-08-23T06:17:22.868+0000] {processor.py:186} INFO - Started process (PID=6729) to work on /opt/airflow/dags/daily_inventory_pipeline.py
[2026-08-23T06:17:22.869+0000] {processor.py:914} INFO - Processing file /opt/airflow/dags/daily_inventory_pipeline.py for tasks to queue
[2026-08-23T06:17:22.870+0000] {logging_mixin.py:190} INFO - [2026-08-23T06:17:22.870+0000] {dagbag.py:588} INFO - Filling up the DagBag from /opt/airflow/dags/daily_inventory_pipeline.py
[2026-08-23T06:17:23.082+0000] {processor.py:925} INFO - DAG(s) 'daily_inventory_pipeline' retrieved from /opt/airflow/dags/daily_inventory_pipeline.py
[2026-08-23T06:17:23.101+0000] {logging_mixin.py:190} INFO - [2026-08-23T06:17:23.100+0000] {dag.py:3239} INFO - Sync 1 DAGs
[2026-08-23T06:17:23.117+0000] {logging_mixin.py:190} INFO - [2026-08-23T06:17:23.117+0000] {dag.py:4180} INFO - Setting next_dagrun for daily_inventory_pipeline to 2026-08-22 18:30:00+00:00, run_after=2026-08-23 18:30:00+00:00
[2026-08-23T06:17:23.131+0000] {processor.py:208} INFO - Processing /opt/airflow/dags/daily_inventory_pipeline.py took 0.269 seconds
[2026-08-23T06:17:53.320+0000] {processor.py:186} INFO - Started process (PID=6739) to work on /opt/airflow/dags/daily_inventory_pipeline.py
[2026-08-23T06:17:53.321+0000] {processor.py:914} INFO - Processing file /opt/airflow/dags/daily_inventory_pipeline.py for tasks to queue
[2026-08-23T06:17:53.322+0000] {logging_mixin.py:190} INFO - [2026-08-23T06:17:53.322+0000] {dagbag.py:588} INFO - Filling up the DagBag from /opt/airflow/dags/daily_inventory_pipeline.py
[2026-08-23T06:17:53.413+0000] {processor.py:925} INFO - DAG(s) 'daily_inventory_pipeline' retrieved from /opt/airflow/dags/daily_inventory_pipeline.py
[2026-08-23T06:17:53.433+0000] {logging_mixin.py:190} INFO - [2026-08-23T06:17:53.433+0000] {dag.py:3239} INFO - Sync 1 DAGs
[2026-08-23T06:17:53.566+0000] {logging_mixin.py:190} INFO - [2026-08-23T06:17:53.566+0000] {dag.py:4180} INFO - Setting next_dagrun for daily_inventory_pipeline to 2026-08-22 18:30:00+00:00, run_after=2026-08-23 18:30:00+00:00
[2026-08-23T06:17:53.583+0000] {processor.py:208} INFO - Processing /opt/airflow/dags/daily_inventory_pipeline.py took 0.268 seconds
[2026-08-23T06:18:23.799+0000] {processor.py:186} INFO - Started process (PID=6749) to work on /opt/airflow/dags/daily_inventory_pipeline.py
[2026-08-23T06:18:23.800+0000] {processor.py:914} INFO - Processing file /opt/airflow/dags/daily_inventory_pipeline.py for tasks to queue
[2026-08-23T06:18:23.802+0000] {logging_mixin.py:190} INFO - [2026-08-23T06:18:23.802+0000] {dagbag.py:588} INFO - Filling up the DagBag from /opt/airflow/dags/daily_inventory_pipeline.py
[2026-08-23T06:18:23.886+0000] {processor.py:925} INFO - DAG(s) 'daily_inventory_pipeline' retrieved from /opt/airflow/dags/daily_inventory_pipeline.py
[2026-08-23T06:18:24.005+0000] {logging_mixin.py:190} INFO - [2026-08-23T06:18:24.005+0000] {dag.py:3239} INFO - Sync 1 DAGs
[2026-08-23T06:18:24.020+0000] {logging_mixin.py:190} INFO - [2026-08-23T06:18:24.020+0000] {dag.py:4180} INFO - Setting next_dagrun for daily_inventory_pipeline to 2026-08-22 18:30:00+00:00, run_after=2026-08-23 18:30:00+00:00
[2026-08-23T06:18:24.034+0000] {processor.py:208} INFO - Processing /opt/airflow/dags/daily_inventory_pipeline.py took 0.240 seconds
[2026-08-23T06:18:54.094+0000] {processor.py:186} INFO - Started process (PID=6759) to work on /opt/airflow/dags/daily_inventory_pipeline.py
[2026-08-23T06:18:54.095+0000] {processor.py:914} INFO - Processing file /opt/airflow/dags/daily_inventory_pipeline.py for tasks to queue
[2026-08-23T06:18:54.097+0000] {logging_mixin.py:190} INFO - [2026-08-23T06:18:54.097+0000] {dagbag.py:588} INFO - Filling up the DagBag from /opt/airflow/dags/daily_inventory_pipeline.py
[2026-08-23T06:18:54.294+0000] {processor.py:925} INFO - DAG(s) 'daily_inventory_pipeline' retrieved from /opt/airflow/dags/daily_inventory_pipeline.py
[2026-08-23T06:18:54.310+0000] {logging_mixin.py:190} INFO - [2026-08-23T06:18:54.310+0000] {dag.py:3239} INFO - Sync 1 DAGs
[2026-08-23T06:18:54.323+0000] {logging_mixin.py:190} INFO - [2026-08-23T06:18:54.323+0000] {dag.py:4180} INFO - Setting next_dagrun for daily_inventory_pipeline to 2026-08-22 18:30:00+00:00, run_after=2026-08-23 18:30:00+00:00
[2026-08-23T06:18:54.336+0000] {processor.py:208} INFO - Processing /opt/airflow/dags/daily_inventory_pipeline.py took 0.247 seconds
[2026-08-23T06:19:24.478+0000] {processor.py:186} INFO - Started process (PID=6769) to work on /opt/airflow/dags/daily_inventory_pipeline.py
[2026-08-23T06:19:24.479+0000] {processor.py:914} INFO - Processing file /opt/airflow/dags/daily_inventory_pipeline.py for tasks to queue
[2026-08-23T06:19:24.481+0000] {logging_mixin.py:190} INFO - [2026-08-23T06:19:24.481+0000] {dagbag.py:588} INFO - Filling up the DagBag from /opt/airflow/dags/daily_inventory_pipeline.py
[2026-08-23T06:19:24.693+0000] {processor.py:925} INFO - DAG(s) 'daily_inventory_pipeline' retrieved from /opt/airflow/dags/daily_inventory_pipeline.py
[2026-08-23T06:19:24.713+0000] {logging_mixin.py:190} INFO - [2026-08-23T06:19:24.713+0000] {dag.py:3239} INFO - Sync 1 DAGs
[2026-08-23T06:19:24.729+0000] {logging_mixin.py:190} INFO - [2026-08-23T06:19:24.728+0000] {dag.py:4180} INFO - Setting next_dagrun for daily_inventory_pipeline to 2026-08-22 18:30:00+00:00, run_after=2026-08-23 18:30:00+00:00
[2026-08-23T06:19:24.743+0000] {processor.py:208} INFO - Processing /opt/airflow/dags/daily_inventory_pipeline.py took 0.270 seconds
[2026-08-23T06:19:54.929+0000] {processor.py:186} INFO - Started process (PID=6779) to work on /opt/airflow/dags/daily_inventory_pipeline.py
[2026-08-23T06:19:54.930+0000] {processor.py:914} INFO - Processing file /opt/airflow/dags/daily_inventory_pipeline.py for tasks to queue
[2026-08-23T06:19:54.932+0000] {logging_mixin.py:190} INFO - [2026-08-23T06:19:54.932+0000] {dagbag.py:588} INFO - Filling up the DagBag from /opt/airflow/dags/daily_inventory_pipeline.py
[2026-08-23T06:19:55.137+0000] {processor.py:925} INFO - DAG(s) 'daily_inventory_pipeline' retrieved from /opt/airflow/dags/daily_inventory_pipeline.py
[2026-08-23T06:19:55.156+0000] {logging_mixin.py:190} INFO - [2026-08-23T06:19:55.156+0000] {dag.py:3239} INFO - Sync 1 DAGs
[2026-08-23T06:19:55.173+0000] {logging_mixin.py:190} INFO - [2026-08-23T06:19:55.172+0000] {dag.py:4180} INFO - Setting next_dagrun for daily_inventory_pipeline to 2026-08-22 18:30:00+00:00, run_after=2026-08-23 18:30:00+00:00
[2026-08-23T06:19:55.190+0000] {processor.py:208} INFO - Processing /opt/airflow/dags/daily_inventory_pipeline.py took 0.267 seconds
[2026-08-23T06:20:25.429+0000] {processor.py:186} INFO - Started process (PID=6789) to work on /opt/airflow/dags/daily_inventory_pipeline.py
[2026-08-23T06:20:25.430+0000] {processor.py:914} INFO - Processing file /opt/airflow/dags/daily_inventory_pipeline.py for tasks to queue
[2026-08-23T06:20:25.432+0000] {logging_mixin.py:190} INFO - [2026-08-23T06:20:25.431+0000] {dagbag.py:588} INFO - Filling up the DagBag from /opt/airflow/dags/daily_inventory_pipeline.py
[2026-08-23T06:20:25.530+0000] {processor.py:925} INFO - DAG(s) 'daily_inventory_pipeline' retrieved from /opt/airflow/dags/daily_inventory_pipeline.py
[2026-08-23T06:20:25.554+0000] {logging_mixin.py:190} INFO - [2026-08-23T06:20:25.554+0000] {dag.py:3239} INFO - Sync 1 DAGs
[2026-08-23T06:20:25.680+0000] {logging_mixin.py:190} INFO - [2026-08-23T06:20:25.679+0000] {dag.py:4180} INFO - Setting next_dagrun for daily_inventory_pipeline to 2026-08-22 18:30:00+00:00, run_after=2026-08-23 18:30:00+00:00
[2026-08-23T06:20:25.692+0000] {processor.py:208} INFO - Processing /opt/airflow/dags/daily_inventory_pipeline.py took 0.269 seconds
[2026-08-23T06:20:55.943+0000] {processor.py:186} INFO - Started process (PID=6799) to work on /opt/airflow/dags/daily_inventory_pipeline.py
[2026-08-23T06:20:55.944+0000] {processor.py:914} INFO - Processing file /opt/airflow/dags/daily_inventory_pipeline.py for tasks to queue
[2026-08-23T06:20:55.945+0000] {logging_mixin.py:190} INFO - [2026-08-23T06:20:55.945+0000] {dagbag.py:588} INFO - Filling up the DagBag from /opt/airflow/dags/daily_inventory_pipeline.py
[2026-08-23T06:20:56.042+0000] {processor.py:925} INFO - DAG(s) 'daily_inventory_pipeline' retrieved from /opt/airflow/dags/daily_inventory_pipeline.py
[2026-08-23T06:20:56.065+0000] {logging_mixin.py:190} INFO - [2026-08-23T06:20:56.065+0000] {dag.py:3239} INFO - Sync 1 DAGs
[2026-08-23T06:20:56.195+0000] {logging_mixin.py:190} INFO - [2026-08-23T06:20:56.195+0000] {dag.py:4180} INFO - Setting next_dagrun for daily_inventory_pipeline to 2026-08-22 18:30:00+00:00, run_after=2026-08-23 18:30:00+00:00
[2026-08-23T06:20:56.214+0000] {processor.py:208} INFO - Processing /opt/airflow/dags/daily_inventory_pipeline.py took 0.277 seconds
[2026-08-23T06:21:26.442+0000] {processor.py:186} INFO - Started process (PID=6809) to work on /opt/airflow/dags/daily_inventory_pipeline.py
[2026-08-23T06:21:26.443+0000] {processor.py:914} INFO - Processing file /opt/airflow/dags/daily_inventory_pipeline.py for tasks to queue
[2026-08-23T06:21:26.445+0000] {logging_mixin.py:190} INFO - [2026-08-23T06:21:26.445+0000] {dagbag.py:588} INFO - Filling up the DagBag from /opt/airflow/dags/daily_inventory_pipeline.py
[2026-08-23T06:21:26.550+0000] {processor.py:925} INFO - DAG(s) 'daily_inventory_pipeline' retrieved from /opt/airflow/dags/daily_inventory_pipeline.py
[2026-08-23T06:21:26.689+0000] {logging_mixin.py:190} INFO - [2026-08-23T06:21:26.689+0000] {dag.py:3239} INFO - Sync 1 DAGs
[2026-08-23T06:21:26.704+0000] {logging_mixin.py:190} INFO - [2026-08-23T06:21:26.704+0000] {dag.py:4180} INFO - Setting next_dagrun for daily_inventory_pipeline to 2026-08-22 18:30:00+00:00, run_after=2026-08-23 18:30:00+00:00
[2026-08-23T06:21:26.717+0000] {processor.py:208} INFO - Processing /opt/airflow/dags/daily_inventory_pipeline.py took 0.281 seconds
[2026-08-23T06:21:56.907+0000] {processor.py:186} INFO - Started process (PID=6819) to work on /opt/airflow/dags/daily_inventory_pipeline.py
[2026-08-23T06:21:56.908+0000] {processor.py:914} INFO - Processing file /opt/airflow/dags/daily_inventory_pipeline.py for tasks to queue
[2026-08-23T06:21:56.910+0000] {logging_mixin.py:190} INFO - [2026-08-23T06:21:56.909+0000] {dagbag.py:588} INFO - Filling up the DagBag from /opt/airflow/dags/daily_inventory_pipeline.py
[2026-08-23T06:21:57.117+0000] {processor.py:925} INFO - DAG(s) 'daily_inventory_pipeline' retrieved from /opt/airflow/dags/daily_inventory_pipeline.py
[2026-08-23T06:21:57.136+0000] {logging_mixin.py:190} INFO - [2026-08-23T06:21:57.136+0000] {dag.py:3239} INFO - Sync 1 DAGs
[2026-08-23T06:21:57.152+0000] {logging_mixin.py:190} INFO - [2026-08-23T06:21:57.152+0000] {dag.py:4180} INFO - Setting next_dagrun for daily_inventory_pipeline to 2026-08-22 18:30:00+00:00, run_after=2026-08-23 18:30:00+00:00
[2026-08-23T06:21:57.165+0000] {processor.py:208} INFO - Processing /opt/airflow/dags/daily_inventory_pipeline.py took 0.264 seconds
[2026-08-23T06:22:27.372+0000] {processor.py:186} INFO - Started process (PID=6829) to work on /opt/airflow/dags/daily_inventory_pipeline.py
[2026-08-23T06:22:27.373+0000] {processor.py:914} INFO - Processing file /opt/airflow/dags/daily_inventory_pipeline.py for tasks to queue
[2026-08-23T06:22:27.375+0000] {logging_mixin.py:190} INFO - [2026-08-23T06:22:27.375+0000] {dagbag.py:588} INFO - Filling up the DagBag from /opt/airflow/dags/daily_inventory_pipeline.py
[2026-08-23T06:22:27.587+0000] {processor.py:925} INFO - DAG(s) 'daily_inventory_pipeline' retrieved from /opt/airflow/dags/daily_inventory_pipeline.py
[2026-08-23T06:22:27.606+0000] {logging_mixin.py:190} INFO - [2026-08-23T06:22:27.606+0000] {dag.py:3239} INFO - Sync 1 DAGs
[2026-08-23T06:22:27.621+0000] {logging_mixin.py:190} INFO - [2026-08-23T06:22:27.621+0000] {dag.py:4180} INFO - Setting next_dagrun for daily_inventory_pipeline to 2026-08-22 18:30:00+00:00, run_after=2026-08-23 18:30:00+00:00
[2026-08-23T06:22:27.635+0000] {processor.py:208} INFO - Processing /opt/airflow/dags/daily_inventory_pipeline.py took 0.268 seconds
[2026-08-23T06:22:57.836+0000] {processor.py:186} INFO - Started process (PID=6839) to work on /opt/airflow/dags/daily_inventory_pipeline.py
[2026-08-23T06:22:57.837+0000] {processor.py:914} INFO - Processing file /opt/airflow/dags/daily_inventory_pipeline.py for tasks to queue
[2026-08-23T06:22:57.839+0000] {logging_mixin.py:190} INFO - [2026-08-23T06:22:57.839+0000] {dagbag.py:588} INFO - Filling up the DagBag from /opt/airflow/dags/daily_inventory_pipeline.py
[2026-08-23T06:22:58.054+0000] {processor.py:925} INFO - DAG(s) 'daily_inventory_pipeline' retrieved from /opt/airflow/dags/daily_inventory_pipeline.py
[2026-08-23T06:22:58.074+0000] {logging_mixin.py:190} INFO - [2026-08-23T06:22:58.074+0000] {dag.py:3239} INFO - Sync 1 DAGs
[2026-08-23T06:22:58.091+0000] {logging_mixin.py:190} INFO - [2026-08-23T06:22:58.091+0000] {dag.py:4180} INFO - Setting next_dagrun for daily_inventory_pipeline to 2026-08-22 18:30:00+00:00, run_after=2026-08-23 18:30:00+00:00
[2026-08-23T06:22:58.104+0000] {processor.py:208} INFO - Processing /opt/airflow/dags/daily_inventory_pipeline.py took 0.274 seconds
[2026-08-23T06:23:28.335+0000] {processor.py:186} INFO - Started process (PID=6849) to work on /opt/airflow/dags/daily_inventory_pipeline.py
[2026-08-23T06:23:28.335+0000] {processor.py:914} INFO - Processing file /opt/airflow/dags/daily_inventory_pipeline.py for tasks to queue
[2026-08-23T06:23:28.337+0000] {logging_mixin.py:190} INFO - [2026-08-23T06:23:28.337+0000] {dagbag.py:588} INFO - Filling up the DagBag from /opt/airflow/dags/daily_inventory_pipeline.py
[2026-08-23T06:23:28.425+0000] {processor.py:925} INFO - DAG(s) 'daily_inventory_pipeline' retrieved from /opt/airflow/dags/daily_inventory_pipeline.py
[2026-08-23T06:23:28.444+0000] {logging_mixin.py:190} INFO - [2026-08-23T06:23:28.444+0000] {dag.py:3239} INFO - Sync 1 DAGs
[2026-08-23T06:23:28.573+0000] {logging_mixin.py:190} INFO - [2026-08-23T06:23:28.573+0000] {dag.py:4180} INFO - Setting next_dagrun for daily_inventory_pipeline to 2026-08-22 18:30:00+00:00, run_after=2026-08-23 18:30:00+00:00
[2026-08-23T06:23:28.585+0000] {processor.py:208} INFO - Processing /opt/airflow/dags/daily_inventory_pipeline.py took 0.256 seconds
[2026-08-23T06:23:58.909+0000] {processor.py:186} INFO - Started process (PID=6859) to work on /opt/airflow/dags/daily_inventory_pipeline.py
[2026-08-23T06:23:58.910+0000] {processor.py:914} INFO - Processing file /opt/airflow/dags/daily_inventory_pipeline.py for tasks to queue
[2026-08-23T06:23:58.912+0000] {logging_mixin.py:190} INFO - [2026-08-23T06:23:58.911+0000] {dagbag.py:588} INFO - Filling up the DagBag from /opt/airflow/dags/daily_inventory_pipeline.py
[2026-08-23T06:23:58.994+0000] {processor.py:925} INFO - DAG(s) 'daily_inventory_pipeline' retrieved from /opt/airflow/dags/daily_inventory_pipeline.py
[2026-08-23T06:23:59.120+0000] {logging_mixin.py:190} INFO - [2026-08-23T06:23:59.119+0000] {dag.py:3239} INFO - Sync 1 DAGs
[2026-08-23T06:23:59.134+0000] {logging_mixin.py:190} INFO - [2026-08-23T06:23:59.134+0000] {dag.py:4180} INFO - Setting next_dagrun for daily_inventory_pipeline to 2026-08-22 18:30:00+00:00, run_after=2026-08-23 18:30:00+00:00
[2026-08-23T06:23:59.153+0000] {processor.py:208} INFO - Processing /opt/airflow/dags/daily_inventory_pipeline.py took 0.250 seconds
[2026-08-23T06:24:29.460+0000] {processor.py:186} INFO - Started process (PID=6869) to work on /opt/airflow/dags/daily_inventory_pipeline.py
[2026-08-23T06:24:29.461+0000] {processor.py:914} INFO - Processing file /opt/airflow/dags/daily_inventory_pipeline.py for tasks to queue
[2026-08-23T06:24:29.463+0000] {logging_mixin.py:190} INFO - [2026-08-23T06:24:29.463+0000] {dagbag.py:588} INFO - Filling up the DagBag from /opt/airflow/dags/daily_inventory_pipeline.py
[2026-08-23T06:24:29.661+0000] {processor.py:925} INFO - DAG(s) 'daily_inventory_pipeline' retrieved from /opt/airflow/dags/daily_inventory_pipeline.py
[2026-08-23T06:24:29.679+0000] {logging_mixin.py:190} INFO - [2026-08-23T06:24:29.679+0000] {dag.py:3239} INFO - Sync 1 DAGs
[2026-08-23T06:24:29.693+0000] {logging_mixin.py:190} INFO - [2026-08-23T06:24:29.693+0000] {dag.py:4180} INFO - Setting next_dagrun for daily_inventory_pipeline to 2026-08-22 18:30:00+00:00, run_after=2026-08-23 18:30:00+00:00
[2026-08-23T06:24:29.706+0000] {processor.py:208} INFO - Processing /opt/airflow/dags/daily_inventory_pipeline.py took 0.252 seconds
[2026-08-23T06:25:00.055+0000] {processor.py:186} INFO - Started process (PID=6879) to work on /opt/airflow/dags/daily_inventory_pipeline.py
[2026-08-23T06:25:00.056+0000] {processor.py:914} INFO - Processing file /opt/airflow/dags/daily_inventory_pipeline.py for tasks to queue
[2026-08-23T06:25:00.057+0000] {logging_mixin.py:190} INFO - [2026-08-23T06:25:00.057+0000] {dagbag.py:588} INFO - Filling up the DagBag from /opt/airflow/dags/daily_inventory_pipeline.py
[2026-08-23T06:25:00.242+0000] {processor.py:925} INFO - DAG(s) 'daily_inventory_pipeline' retrieved from /opt/airflow/dags/daily_inventory_pipeline.py
[2026-08-23T06:25:00.259+0000] {logging_mixin.py:190} INFO - [2026-08-23T06:25:00.258+0000] {dag.py:3239} INFO - Sync 1 DAGs
[2026-08-23T06:25:00.272+0000] {logging_mixin.py:190} INFO - [2026-08-23T06:25:00.272+0000] {dag.py:4180} INFO - Setting next_dagrun for daily_inventory_pipeline to 2026-08-22 18:30:00+00:00, run_after=2026-08-23 18:30:00+00:00
[2026-08-23T06:25:00.285+0000] {processor.py:208} INFO - Processing /opt/airflow/dags/daily_inventory_pipeline.py took 0.235 seconds
[2026-08-23T06:25:30.488+0000] {processor.py:186} INFO - Started process (PID=6889) to work on /opt/airflow/dags/daily_inventory_pipeline.py
[2026-08-23T06:25:30.489+0000] {processor.py:914} INFO - Processing file /opt/airflow/dags/daily_inventory_pipeline.py for tasks to queue
[2026-08-23T06:25:30.491+0000] {logging_mixin.py:190} INFO - [2026-08-23T06:25:30.491+0000] {dagbag.py:588} INFO - Filling up the DagBag from /opt/airflow/dags/daily_inventory_pipeline.py
[2026-08-23T06:25:30.706+0000] {processor.py:925} INFO - DAG(s) 'daily_inventory_pipeline' retrieved from /opt/airflow/dags/daily_inventory_pipeline.py
[2026-08-23T06:25:30.725+0000] {logging_mixin.py:190} INFO - [2026-08-23T06:25:30.725+0000] {dag.py:3239} INFO - Sync 1 DAGs
[2026-08-23T06:25:30.742+0000] {logging_mixin.py:190} INFO - [2026-08-23T06:25:30.742+0000] {dag.py:4180} INFO - Setting next_dagrun for daily_inventory_pipeline to 2026-08-22 18:30:00+00:00, run_after=2026-08-23 18:30:00+00:00
[2026-08-23T06:25:30.757+0000] {processor.py:208} INFO - Processing /opt/airflow/dags/daily_inventory_pipeline.py took 0.275 seconds
[2026-08-23T06:26:01.078+0000] {processor.py:186} INFO - Started process (PID=6899) to work on /opt/airflow/dags/daily_inventory_pipeline.py
[2026-08-23T06:26:01.079+0000] {processor.py:914} INFO - Processing file /opt/airflow/dags/daily_inventory_pipeline.py for tasks to queue
[2026-08-23T06:26:01.081+0000] {logging_mixin.py:190} INFO - [2026-08-23T06:26:01.080+0000] {dagbag.py:588} INFO - Filling up the DagBag from /opt/airflow/dags/daily_inventory_pipeline.py
[2026-08-23T06:26:01.166+0000] {processor.py:925} INFO - DAG(s) 'daily_inventory_pipeline' retrieved from /opt/airflow/dags/daily_inventory_pipeline.py
[2026-08-23T06:26:01.186+0000] {logging_mixin.py:190} INFO - [2026-08-23T06:26:01.186+0000] {dag.py:3239} INFO - Sync 1 DAGs
[2026-08-23T06:26:01.299+0000] {logging_mixin.py:190} INFO - [2026-08-23T06:26:01.299+0000] {dag.py:4180} INFO - Setting next_dagrun for daily_inventory_pipeline to 2026-08-22 18:30:00+00:00, run_after=2026-08-23 18:30:00+00:00
[2026-08-23T06:26:01.315+0000] {processor.py:208} INFO - Processing /opt/airflow/dags/daily_inventory_pipeline.py took 0.242 seconds
[2026-08-23T06:26:31.404+0000] {processor.py:186} INFO - Started process (PID=6909) to work on /opt/airflow/dags/daily_inventory_pipeline.py
[2026-08-23T06:26:31.406+0000] {processor.py:914} INFO - Processing file /opt/airflow/dags/daily_inventory_pipeline.py for tasks to queue
[2026-08-23T06:26:31.408+0000] {logging_mixin.py:190} INFO - [2026-08-23T06:26:31.408+0000] {dagbag.py:588} INFO - Filling up the DagBag from /opt/airflow/dags/daily_inventory_pipeline.py
[2026-08-23T06:26:31.499+0000] {processor.py:925} INFO - DAG(s) 'daily_inventory_pipeline' retrieved from /opt/airflow/dags/daily_inventory_pipeline.py
[2026-08-23T06:26:31.625+0000] {logging_mixin.py:190} INFO - [2026-08-23T06:26:31.625+0000] {dag.py:3239} INFO - Sync 1 DAGs
[2026-08-23T06:26:31.639+0000] {logging_mixin.py:190} INFO - [2026-08-23T06:26:31.639+0000] {dag.py:4180} INFO - Setting next_dagrun for daily_inventory_pipeline to 2026-08-22 18:30:00+00:00, run_after=2026-08-23 18:30:00+00:00
[2026-08-23T06:26:31.651+0000] {processor.py:208} INFO - Processing /opt/airflow/dags/daily_inventory_pipeline.py took 0.254 seconds
[2026-08-23T06:27:01.904+0000] {processor.py:186} INFO - Started process (PID=6919) to work on /opt/airflow/dags/daily_inventory_pipeline.py
[2026-08-23T06:27:01.905+0000] {processor.py:914} INFO - Processing file /opt/airflow/dags/daily_inventory_pipeline.py for tasks to queue
[2026-08-23T06:27:01.907+0000] {logging_mixin.py:190} INFO - [2026-08-23T06:27:01.907+0000] {dagbag.py:588} INFO - Filling up the DagBag from /opt/airflow/dags/daily_inventory_pipeline.py
[2026-08-23T06:27:02.019+0000] {processor.py:925} INFO - DAG(s) 'daily_inventory_pipeline' retrieved from /opt/airflow/dags/daily_inventory_pipeline.py
[2026-08-23T06:27:02.149+0000] {logging_mixin.py:190} INFO - [2026-08-23T06:27:02.148+0000] {dag.py:3239} INFO - Sync 1 DAGs
[2026-08-23T06:27:02.164+0000] {logging_mixin.py:190} INFO - [2026-08-23T06:27:02.164+0000] {dag.py:4180} INFO - Setting next_dagrun for daily_inventory_pipeline to 2026-08-22 18:30:00+00:00, run_after=2026-08-23 18:30:00+00:00
[2026-08-23T06:27:02.179+0000] {processor.py:208} INFO - Processing /opt/airflow/dags/daily_inventory_pipeline.py took 0.281 seconds
[2026-08-23T06:27:32.407+0000] {processor.py:186} INFO - Started process (PID=6929) to work on /opt/airflow/dags/daily_inventory_pipeline.py
[2026-08-23T06:27:32.408+0000] {processor.py:914} INFO - Processing file /opt/airflow/dags/daily_inventory_pipeline.py for tasks to queue
[2026-08-23T06:27:32.409+0000] {logging_mixin.py:190} INFO - [2026-08-23T06:27:32.409+0000] {dagbag.py:588} INFO - Filling up the DagBag from /opt/airflow/dags/daily_inventory_pipeline.py
[2026-08-23T06:27:32.595+0000] {processor.py:925} INFO - DAG(s) 'daily_inventory_pipeline' retrieved from /opt/airflow/dags/daily_inventory_pipeline.py
[2026-08-23T06:27:32.613+0000] {logging_mixin.py:190} INFO - [2026-08-23T06:27:32.613+0000] {dag.py:3239} INFO - Sync 1 DAGs
[2026-08-23T06:27:32.627+0000] {logging_mixin.py:190} INFO - [2026-08-23T06:27:32.626+0000] {dag.py:4180} INFO - Setting next_dagrun for daily_inventory_pipeline to 2026-08-22 18:30:00+00:00, run_after=2026-08-23 18:30:00+00:00
[2026-08-23T06:27:32.642+0000] {processor.py:208} INFO - Processing /opt/airflow/dags/daily_inventory_pipeline.py took 0.240 seconds
[2026-08-23T06:28:02.769+0000] {processor.py:186} INFO - Started process (PID=6939) to work on /opt/airflow/dags/daily_inventory_pipeline.py
[2026-08-23T06:28:02.770+0000] {processor.py:914} INFO - Processing file /opt/airflow/dags/daily_inventory_pipeline.py for tasks to queue
[2026-08-23T06:28:02.772+0000] {logging_mixin.py:190} INFO - [2026-08-23T06:28:02.772+0000] {dagbag.py:588} INFO - Filling up the DagBag from /opt/airflow/dags/daily_inventory_pipeline.py
[2026-08-23T06:28:02.957+0000] {processor.py:925} INFO - DAG(s) 'daily_inventory_pipeline' retrieved from /opt/airflow/dags/daily_inventory_pipeline.py
[2026-08-23T06:28:02.974+0000] {logging_mixin.py:190} INFO - [2026-08-23T06:28:02.974+0000] {dag.py:3239} INFO - Sync 1 DAGs
[2026-08-23T06:28:02.987+0000] {logging_mixin.py:190} INFO - [2026-08-23T06:28:02.987+0000] {dag.py:4180} INFO - Setting next_dagrun for daily_inventory_pipeline to 2026-08-22 18:30:00+00:00, run_after=2026-08-23 18:30:00+00:00
[2026-08-23T06:28:03.005+0000] {processor.py:208} INFO - Processing /opt/airflow/dags/daily_inventory_pipeline.py took 0.242 seconds
[2026-08-23T06:28:33.259+0000] {processor.py:186} INFO - Started process (PID=6949) to work on /opt/airflow/dags/daily_inventory_pipeline.py
[2026-08-23T06:28:33.260+0000] {processor.py:914} INFO - Processing file /opt/airflow/dags/daily_inventory_pipeline.py for tasks to queue
[2026-08-23T06:28:33.264+0000] {logging_mixin.py:190} INFO - [2026-08-23T06:28:33.264+0000] {dagbag.py:588} INFO - Filling up the DagBag from /opt/airflow/dags/daily_inventory_pipeline.py
[2026-08-23T06:28:33.453+0000] {processor.py:925} INFO - DAG(s) 'daily_inventory_pipeline' retrieved from /opt/airflow/dags/daily_inventory_pipeline.py
[2026-08-23T06:28:33.471+0000] {logging_mixin.py:190} INFO - [2026-08-23T06:28:33.471+0000] {dag.py:3239} INFO - Sync 1 DAGs
[2026-08-23T06:28:33.487+0000] {logging_mixin.py:190} INFO - [2026-08-23T06:28:33.487+0000] {dag.py:4180} INFO - Setting next_dagrun for daily_inventory_pipeline to 2026-08-22 18:30:00+00:00, run_after=2026-08-23 18:30:00+00:00
[2026-08-23T06:28:33.500+0000] {processor.py:208} INFO - Processing /opt/airflow/dags/daily_inventory_pipeline.py took 0.246 seconds
[2026-08-23T06:29:03.873+0000] {processor.py:186} INFO - Started process (PID=6959) to work on /opt/airflow/dags/daily_inventory_pipeline.py
[2026-08-23T06:29:03.874+0000] {processor.py:914} INFO - Processing file /opt/airflow/dags/daily_inventory_pipeline.py for tasks to queue
[2026-08-23T06:29:03.876+0000] {logging_mixin.py:190} INFO - [2026-08-23T06:29:03.876+0000] {dagbag.py:588} INFO - Filling up the DagBag from /opt/airflow/dags/daily_inventory_pipeline.py
[2026-08-23T06:29:03.974+0000] {processor.py:925} INFO - DAG(s) 'daily_inventory_pipeline' retrieved from /opt/airflow/dags/daily_inventory_pipeline.py
[2026-08-23T06:29:03.996+0000] {logging_mixin.py:190} INFO - [2026-08-23T06:29:03.996+0000] {dag.py:3239} INFO - Sync 1 DAGs
[2026-08-23T06:29:04.013+0000] {logging_mixin.py:190} INFO - [2026-08-23T06:29:04.013+0000] {dag.py:4180} INFO - Setting next_dagrun for daily_inventory_pipeline to 2026-08-22 18:30:00+00:00, run_after=2026-08-23 18:30:00+00:00
[2026-08-23T06:29:04.025+0000] {processor.py:208} INFO - Processing /opt/airflow/dags/daily_inventory_pipeline.py took 0.157 seconds
[2026-08-23T06:29:34.105+0000] {processor.py:186} INFO - Started process (PID=6969) to work on /opt/airflow/dags/daily_inventory_pipeline.py
[2026-08-23T06:29:34.107+0000] {processor.py:914} INFO - Processing file /opt/airflow/dags/daily_inventory_pipeline.py for tasks to queue
[2026-08-23T06:29:34.109+0000] {logging_mixin.py:190} INFO - [2026-08-23T06:29:34.109+0000] {dagbag.py:588} INFO - Filling up the DagBag from /opt/airflow/dags/daily_inventory_pipeline.py
[2026-08-23T06:29:34.223+0000] {processor.py:925} INFO - DAG(s) 'daily_inventory_pipeline' retrieved from /opt/airflow/dags/daily_inventory_pipeline.py
[2026-08-23T06:29:34.248+0000] {logging_mixin.py:190} INFO - [2026-08-23T06:29:34.248+0000] {dag.py:3239} INFO - Sync 1 DAGs
[2026-08-23T06:29:34.267+0000] {logging_mixin.py:190} INFO - [2026-08-23T06:29:34.267+0000] {dag.py:4180} INFO - Setting next_dagrun for daily_inventory_pipeline to 2026-08-22 18:30:00+00:00, run_after=2026-08-23 18:30:00+00:00
[2026-08-23T06:29:34.283+0000] {processor.py:208} INFO - Processing /opt/airflow/dags/daily_inventory_pipeline.py took 0.187 seconds
[2026-08-23T06:30:04.453+0000] {processor.py:186} INFO - Started process (PID=6979) to work on /opt/airflow/dags/daily_inventory_pipeline.py
[2026-08-23T06:30:04.454+0000] {processor.py:914} INFO - Processing file /opt/airflow/dags/daily_inventory_pipeline.py for tasks to queue
[2026-08-23T06:30:04.456+0000] {logging_mixin.py:190} INFO - [2026-08-23T06:30:04.456+0000] {dagbag.py:588} INFO - Filling up the DagBag from /opt/airflow/dags/daily_inventory_pipeline.py
[2026-08-23T06:30:04.564+0000] {processor.py:925} INFO - DAG(s) 'daily_inventory_pipeline' retrieved from /opt/airflow/dags/daily_inventory_pipeline.py
[2026-08-23T06:30:04.585+0000] {logging_mixin.py:190} INFO - [2026-08-23T06:30:04.585+0000] {dag.py:3239} INFO - Sync 1 DAGs
[2026-08-23T06:30:04.602+0000] {logging_mixin.py:190} INFO - [2026-08-23T06:30:04.602+0000] {dag.py:4180} INFO - Setting next_dagrun for daily_inventory_pipeline to 2026-08-22 18:30:00+00:00, run_after=2026-08-23 18:30:00+00:00
[2026-08-23T06:30:04.616+0000] {processor.py:208} INFO - Processing /opt/airflow/dags/daily_inventory_pipeline.py took 0.170 seconds
[2026-08-23T06:30:34.819+0000] {processor.py:186} INFO - Started process (PID=6989) to work on /opt/airflow/dags/daily_inventory_pipeline.py
[2026-08-23T06:30:34.820+0000] {processor.py:914} INFO - Processing file /opt/airflow/dags/daily_inventory_pipeline.py for tasks to queue
[2026-08-23T06:30:34.821+0000] {logging_mixin.py:190} INFO - [2026-08-23T06:30:34.821+0000] {dagbag.py:588} INFO - Filling up the DagBag from /opt/airflow/dags/daily_inventory_pipeline.py
[2026-08-23T06:30:34.902+0000] {processor.py:925} INFO - DAG(s) 'daily_inventory_pipeline' retrieved from /opt/airflow/dags/daily_inventory_pipeline.py
[2026-08-23T06:30:34.923+0000] {logging_mixin.py:190} INFO - [2026-08-23T06:30:34.923+0000] {dag.py:3239} INFO - Sync 1 DAGs
[2026-08-23T06:30:34.939+0000] {logging_mixin.py:190} INFO - [2026-08-23T06:30:34.939+0000] {dag.py:4180} INFO - Setting next_dagrun for daily_inventory_pipeline to 2026-08-22 18:30:00+00:00, run_after=2026-08-23 18:30:00+00:00
[2026-08-23T06:30:34.952+0000] {processor.py:208} INFO - Processing /opt/airflow/dags/daily_inventory_pipeline.py took 0.139 seconds
[2026-08-23T06:31:05.158+0000] {processor.py:186} INFO - Started process (PID=6999) to work on /opt/airflow/dags/daily_inventory_pipeline.py
[2026-08-23T06:31:05.159+0000] {processor.py:914} INFO - Processing file /opt/airflow/dags/daily_inventory_pipeline.py for tasks to queue
[2026-08-23T06:31:05.161+0000] {logging_mixin.py:190} INFO - [2026-08-23T06:31:05.160+0000] {dagbag.py:588} INFO - Filling up the DagBag from /opt/airflow/dags/daily_inventory_pipeline.py
[2026-08-23T06:31:05.244+0000] {processor.py:925} INFO - DAG(s) 'daily_inventory_pipeline' retrieved from /opt/airflow/dags/daily_inventory_pipeline.py
[2026-08-23T06:31:05.264+0000] {logging_mixin.py:190} INFO - [2026-08-23T06:31:05.264+0000] {dag.py:3239} INFO - Sync 1 DAGs
[2026-08-23T06:31:05.280+0000] {logging_mixin.py:190} INFO - [2026-08-23T06:31:05.280+0000] {dag.py:4180} INFO - Setting next_dagrun for daily_inventory_pipeline to 2026-08-22 18:30:00+00:00, run_after=2026-08-23 18:30:00+00:00
[2026-08-23T06:31:05.298+0000] {processor.py:208} INFO - Processing /opt/airflow/dags/daily_inventory_pipeline.py took 0.146 seconds
[2026-08-23T06:31:35.632+0000] {processor.py:186} INFO - Started process (PID=7009) to work on /opt/airflow/dags/daily_inventory_pipeline.py
[2026-08-23T06:31:35.633+0000] {processor.py:914} INFO - Processing file /opt/airflow/dags/daily_inventory_pipeline.py for tasks to queue
[2026-08-23T06:31:35.635+0000] {logging_mixin.py:190} INFO - [2026-08-23T06:31:35.634+0000] {dagbag.py:588} INFO - Filling up the DagBag from /opt/airflow/dags/daily_inventory_pipeline.py
[2026-08-23T06:31:35.720+0000] {processor.py:925} INFO - DAG(s) 'daily_inventory_pipeline' retrieved from /opt/airflow/dags/daily_inventory_pipeline.py
[2026-08-23T06:31:35.739+0000] {logging_mixin.py:190} INFO - [2026-08-23T06:31:35.739+0000] {dag.py:3239} INFO - Sync 1 DAGs
[2026-08-23T06:31:35.755+0000] {logging_mixin.py:190} INFO - [2026-08-23T06:31:35.755+0000] {dag.py:4180} INFO - Setting next_dagrun for daily_inventory_pipeline to 2026-08-22 18:30:00+00:00, run_after=2026-08-23 18:30:00+00:00
[2026-08-23T06:31:35.768+0000] {processor.py:208} INFO - Processing /opt/airflow/dags/daily_inventory_pipeline.py took 0.142 seconds
[2026-08-23T06:32:05.906+0000] {processor.py:186} INFO - Started process (PID=7019) to work on /opt/airflow/dags/daily_inventory_pipeline.py
[2026-08-23T06:32:05.906+0000] {processor.py:914} INFO - Processing file /opt/airflow/dags/daily_inventory_pipeline.py for tasks to queue
[2026-08-23T06:32:05.908+0000] {logging_mixin.py:190} INFO - [2026-08-23T06:32:05.908+0000] {dagbag.py:588} INFO - Filling up the DagBag from /opt/airflow/dags/daily_inventory_pipeline.py
[2026-08-23T06:32:05.990+0000] {processor.py:925} INFO - DAG(s) 'daily_inventory_pipeline' retrieved from /opt/airflow/dags/daily_inventory_pipeline.py
[2026-08-23T06:32:06.011+0000] {logging_mixin.py:190} INFO - [2026-08-23T06:32:06.010+0000] {dag.py:3239} INFO - Sync 1 DAGs
[2026-08-23T06:32:06.026+0000] {logging_mixin.py:190} INFO - [2026-08-23T06:32:06.026+0000] {dag.py:4180} INFO - Setting next_dagrun for daily_inventory_pipeline to 2026-08-22 18:30:00+00:00, run_after=2026-08-23 18:30:00+00:00
[2026-08-23T06:32:06.039+0000] {processor.py:208} INFO - Processing /opt/airflow/dags/daily_inventory_pipeline.py took 0.139 seconds
[2026-08-23T06:32:36.202+0000] {processor.py:186} INFO - Started process (PID=7029) to work on /opt/airflow/dags/daily_inventory_pipeline.py
[2026-08-23T06:32:36.203+0000] {processor.py:914} INFO - Processing file /opt/airflow/dags/daily_inventory_pipeline.py for tasks to queue
[2026-08-23T06:32:36.205+0000] {logging_mixin.py:190} INFO - [2026-08-23T06:32:36.205+0000] {dagbag.py:588} INFO - Filling up the DagBag from /opt/airflow/dags/daily_inventory_pipeline.py
[2026-08-23T06:32:36.289+0000] {processor.py:925} INFO - DAG(s) 'daily_inventory_pipeline' retrieved from /opt/airflow/dags/daily_inventory_pipeline.py
[2026-08-23T06:32:36.309+0000] {logging_mixin.py:190} INFO - [2026-08-23T06:32:36.309+0000] {dag.py:3239} INFO - Sync 1 DAGs
[2026-08-23T06:32:36.324+0000] {logging_mixin.py:190} INFO - [2026-08-23T06:32:36.324+0000] {dag.py:4180} INFO - Setting next_dagrun for daily_inventory_pipeline to 2026-08-22 18:30:00+00:00, run_after=2026-08-23 18:30:00+00:00
[2026-08-23T06:32:36.337+0000] {processor.py:208} INFO - Processing /opt/airflow/dags/daily_inventory_pipeline.py took 0.141 seconds
[2026-08-23T06:33:06.799+0000] {processor.py:186} INFO - Started process (PID=7039) to work on /opt/airflow/dags/daily_inventory_pipeline.py
[2026-08-23T06:33:06.800+0000] {processor.py:914} INFO - Processing file /opt/airflow/dags/daily_inventory_pipeline.py for tasks to queue
[2026-08-23T06:33:06.802+0000] {logging_mixin.py:190} INFO - [2026-08-23T06:33:06.802+0000] {dagbag.py:588} INFO - Filling up the DagBag from /opt/airflow/dags/daily_inventory_pipeline.py
[2026-08-23T06:33:06.941+0000] {processor.py:925} INFO - DAG(s) 'daily_inventory_pipeline' retrieved from /opt/airflow/dags/daily_inventory_pipeline.py
[2026-08-23T06:33:06.966+0000] {logging_mixin.py:190} INFO - [2026-08-23T06:33:06.966+0000] {dag.py:3239} INFO - Sync 1 DAGs
[2026-08-23T06:33:06.983+0000] {logging_mixin.py:190} INFO - [2026-08-23T06:33:06.983+0000] {dag.py:4180} INFO - Setting next_dagrun for daily_inventory_pipeline to 2026-08-22 18:30:00+00:00, run_after=2026-08-23 18:30:00+00:00
[2026-08-23T06:33:07.000+0000] {processor.py:208} INFO - Processing /opt/airflow/dags/daily_inventory_pipeline.py took 0.209 seconds
[2026-08-23T06:33:37.091+0000] {processor.py:186} INFO - Started process (PID=7049) to work on /opt/airflow/dags/daily_inventory_pipeline.py
[2026-08-23T06:33:37.092+0000] {processor.py:914} INFO - Processing file /opt/airflow/dags/daily_inventory_pipeline.py for tasks to queue
[2026-08-23T06:33:37.094+0000] {logging_mixin.py:190} INFO - [2026-08-23T06:33:37.094+0000] {dagbag.py:588} INFO - Filling up the DagBag from /opt/airflow/dags/daily_inventory_pipeline.py
[2026-08-23T06:33:37.205+0000] {processor.py:925} INFO - DAG(s) 'daily_inventory_pipeline' retrieved from /opt/airflow/dags/daily_inventory_pipeline.py
[2026-08-23T06:33:37.227+0000] {logging_mixin.py:190} INFO - [2026-08-23T06:33:37.227+0000] {dag.py:3239} INFO - Sync 1 DAGs
[2026-08-23T06:33:37.246+0000] {logging_mixin.py:190} INFO - [2026-08-23T06:33:37.246+0000] {dag.py:4180} INFO - Setting next_dagrun for daily_inventory_pipeline to 2026-08-22 18:30:00+00:00, run_after=2026-08-23 18:30:00+00:00
[2026-08-23T06:33:37.282+0000] {processor.py:208} INFO - Processing /opt/airflow/dags/daily_inventory_pipeline.py took 0.197 seconds
[2026-08-23T06:34:07.590+0000] {processor.py:186} INFO - Started process (PID=7059) to work on /opt/airflow/dags/daily_inventory_pipeline.py
[2026-08-23T06:34:07.591+0000] {processor.py:914} INFO - Processing file /opt/airflow/dags/daily_inventory_pipeline.py for tasks to queue
[2026-08-23T06:34:07.594+0000] {logging_mixin.py:190} INFO - [2026-08-23T06:34:07.594+0000] {dagbag.py:588} INFO - Filling up the DagBag from /opt/airflow/dags/daily_inventory_pipeline.py
[2026-08-23T06:34:07.910+0000] {processor.py:925} INFO - DAG(s) 'daily_inventory_pipeline' retrieved from /opt/airflow/dags/daily_inventory_pipeline.py
[2026-08-23T06:34:07.935+0000] {logging_mixin.py:190} INFO - [2026-08-23T06:34:07.935+0000] {dag.py:3239} INFO - Sync 1 DAGs
[2026-08-23T06:34:07.956+0000] {logging_mixin.py:190} INFO - [2026-08-23T06:34:07.956+0000] {dag.py:4180} INFO - Setting next_dagrun for daily_inventory_pipeline to 2026-08-22 18:30:00+00:00, run_after=2026-08-23 18:30:00+00:00
[2026-08-23T06:34:07.973+0000] {processor.py:208} INFO - Processing /opt/airflow/dags/daily_inventory_pipeline.py took 0.395 seconds
[2026-08-23T06:34:38.277+0000] {processor.py:186} INFO - Started process (PID=7069) to work on /opt/airflow/dags/daily_inventory_pipeline.py
[2026-08-23T06:34:38.278+0000] {processor.py:914} INFO - Processing file /opt/airflow/dags/daily_inventory_pipeline.py for tasks to queue
[2026-08-23T06:34:38.280+0000] {logging_mixin.py:190} INFO - [2026-08-23T06:34:38.280+0000] {dagbag.py:588} INFO - Filling up the DagBag from /opt/airflow/dags/daily_inventory_pipeline.py
[2026-08-23T06:34:38.382+0000] {processor.py:925} INFO - DAG(s) 'daily_inventory_pipeline' retrieved from /opt/airflow/dags/daily_inventory_pipeline.py
[2026-08-23T06:34:38.406+0000] {logging_mixin.py:190} INFO - [2026-08-23T06:34:38.405+0000] {dag.py:3239} INFO - Sync 1 DAGs
[2026-08-23T06:34:38.424+0000] {logging_mixin.py:190} INFO - [2026-08-23T06:34:38.423+0000] {dag.py:4180} INFO - Setting next_dagrun for daily_inventory_pipeline to 2026-08-22 18:30:00+00:00, run_after=2026-08-23 18:30:00+00:00
[2026-08-23T06:34:38.440+0000] {processor.py:208} INFO - Processing /opt/airflow/dags/daily_inventory_pipeline.py took 0.170 seconds
[2026-08-23T06:35:08.634+0000] {processor.py:186} INFO - Started process (PID=7079) to work on /opt/airflow/dags/daily_inventory_pipeline.py
[2026-08-23T06:35:08.635+0000] {processor.py:914} INFO - Processing file /opt/airflow/dags/daily_inventory_pipeline.py for tasks to queue
[2026-08-23T06:35:08.637+0000] {logging_mixin.py:190} INFO - [2026-08-23T06:35:08.637+0000] {dagbag.py:588} INFO - Filling up the DagBag from /opt/airflow/dags/daily_inventory_pipeline.py
[2026-08-23T06:35:08.745+0000] {processor.py:925} INFO - DAG(s) 'daily_inventory_pipeline' retrieved from /opt/airflow/dags/daily_inventory_pipeline.py
[2026-08-23T06:35:08.768+0000] {logging_mixin.py:190} INFO - [2026-08-23T06:35:08.767+0000] {dag.py:3239} INFO - Sync 1 DAGs
[2026-08-23T06:35:08.784+0000] {logging_mixin.py:190} INFO - [2026-08-23T06:35:08.784+0000] {dag.py:4180} INFO - Setting next_dagrun for daily_inventory_pipeline to 2026-08-22 18:30:00+00:00, run_after=2026-08-23 18:30:00+00:00
[2026-08-23T06:35:08.801+0000] {processor.py:208} INFO - Processing /opt/airflow/dags/daily_inventory_pipeline.py took 0.173 seconds
[2026-08-23T06:35:38.981+0000] {processor.py:186} INFO - Started process (PID=7089) to work on /opt/airflow/dags/daily_inventory_pipeline.py
[2026-08-23T06:35:38.982+0000] {processor.py:914} INFO - Processing file /opt/airflow/dags/daily_inventory_pipeline.py for tasks to queue
[2026-08-23T06:35:38.984+0000] {logging_mixin.py:190} INFO - [2026-08-23T06:35:38.983+0000] {dagbag.py:588} INFO - Filling up the DagBag from /opt/airflow/dags/daily_inventory_pipeline.py
[2026-08-23T06:35:39.083+0000] {processor.py:925} INFO - DAG(s) 'daily_inventory_pipeline' retrieved from /opt/airflow/dags/daily_inventory_pipeline.py
[2026-08-23T06:35:39.105+0000] {logging_mixin.py:190} INFO - [2026-08-23T06:35:39.105+0000] {dag.py:3239} INFO - Sync 1 DAGs
[2026-08-23T06:35:39.122+0000] {logging_mixin.py:190} INFO - [2026-08-23T06:35:39.122+0000] {dag.py:4180} INFO - Setting next_dagrun for daily_inventory_pipeline to 2026-08-22 18:30:00+00:00, run_after=2026-08-23 18:30:00+00:00
[2026-08-23T06:35:39.136+0000] {processor.py:208} INFO - Processing /opt/airflow/dags/daily_inventory_pipeline.py took 0.161 seconds
[2026-08-23T06:36:09.259+0000] {processor.py:186} INFO - Started process (PID=7099) to work on /opt/airflow/dags/daily_inventory_pipeline.py
[2026-08-23T06:36:09.260+0000] {processor.py:914} INFO - Processing file /opt/airflow/dags/daily_inventory_pipeline.py for tasks to queue
[2026-08-23T06:36:09.262+0000] {logging_mixin.py:190} INFO - [2026-08-23T06:36:09.262+0000] {dagbag.py:588} INFO - Filling up the DagBag from /opt/airflow/dags/daily_inventory_pipeline.py
[2026-08-23T06:36:09.353+0000] {processor.py:925} INFO - DAG(s) 'daily_inventory_pipeline' retrieved from /opt/airflow/dags/daily_inventory_pipeline.py
[2026-08-23T06:36:09.373+0000] {logging_mixin.py:190} INFO - [2026-08-23T06:36:09.373+0000] {dag.py:3239} INFO - Sync 1 DAGs
[2026-08-23T06:36:09.390+0000] {logging_mixin.py:190} INFO - [2026-08-23T06:36:09.390+0000] {dag.py:4180} INFO - Setting next_dagrun for daily_inventory_pipeline to 2026-08-22 18:30:00+00:00, run_after=2026-08-23 18:30:00+00:00
[2026-08-23T06:36:09.404+0000] {processor.py:208} INFO - Processing /opt/airflow/dags/daily_inventory_pipeline.py took 0.150 seconds
[2026-08-23T06:36:39.787+0000] {processor.py:186} INFO - Started process (PID=7109) to work on /opt/airflow/dags/daily_inventory_pipeline.py
[2026-08-23T06:36:39.788+0000] {processor.py:914} INFO - Processing file /opt/airflow/dags/daily_inventory_pipeline.py for tasks to queue
[2026-08-23T06:36:39.791+0000] {logging_mixin.py:190} INFO - [2026-08-23T06:36:39.790+0000] {dagbag.py:588} INFO - Filling up the DagBag from /opt/airflow/dags/daily_inventory_pipeline.py
[2026-08-23T06:36:39.881+0000] {processor.py:925} INFO - DAG(s) 'daily_inventory_pipeline' retrieved from /opt/airflow/dags/daily_inventory_pipeline.py
[2026-08-23T06:36:39.904+0000] {logging_mixin.py:190} INFO - [2026-08-23T06:36:39.903+0000] {dag.py:3239} INFO - Sync 1 DAGs
[2026-08-23T06:36:39.923+0000] {logging_mixin.py:190} INFO - [2026-08-23T06:36:39.923+0000] {dag.py:4180} INFO - Setting next_dagrun for daily_inventory_pipeline to 2026-08-22 18:30:00+00:00, run_after=2026-08-23 18:30:00+00:00
[2026-08-23T06:36:39.936+0000] {processor.py:208} INFO - Processing /opt/airflow/dags/daily_inventory_pipeline.py took 0.161 seconds
[2026-08-23T06:37:10.135+0000] {processor.py:186} INFO - Started process (PID=7119) to work on /opt/airflow/dags/daily_inventory_pipeline.py
[2026-08-23T06:37:10.136+0000] {processor.py:914} INFO - Processing file /opt/airflow/dags/daily_inventory_pipeline.py for tasks to queue
[2026-08-23T06:37:10.138+0000] {logging_mixin.py:190} INFO - [2026-08-23T06:37:10.137+0000] {dagbag.py:588} INFO - Filling up the DagBag from /opt/airflow/dags/daily_inventory_pipeline.py
[2026-08-23T06:37:10.224+0000] {processor.py:925} INFO - DAG(s) 'daily_inventory_pipeline' retrieved from /opt/airflow/dags/daily_inventory_pipeline.py
[2026-08-23T06:37:10.245+0000] {logging_mixin.py:190} INFO - [2026-08-23T06:37:10.245+0000] {dag.py:3239} INFO - Sync 1 DAGs
[2026-08-23T06:37:10.263+0000] {logging_mixin.py:190} INFO - [2026-08-23T06:37:10.263+0000] {dag.py:4180} INFO - Setting next_dagrun for daily_inventory_pipeline to 2026-08-22 18:30:00+00:00, run_after=2026-08-23 18:30:00+00:00
[2026-08-23T06:37:10.277+0000] {processor.py:208} INFO - Processing /opt/airflow/dags/daily_inventory_pipeline.py took 0.148 seconds
[2026-08-23T06:37:40.648+0000] {processor.py:186} INFO - Started process (PID=7129) to work on /opt/airflow/dags/daily_inventory_pipeline.py
[2026-08-23T06:37:40.650+0000] {processor.py:914} INFO - Processing file /opt/airflow/dags/daily_inventory_pipeline.py for tasks to queue
[2026-08-23T06:37:40.653+0000] {logging_mixin.py:190} INFO - [2026-08-23T06:37:40.652+0000] {dagbag.py:588} INFO - Filling up the DagBag from /opt/airflow/dags/daily_inventory_pipeline.py
[2026-08-23T06:37:41.103+0000] {processor.py:925} INFO - DAG(s) 'daily_inventory_pipeline' retrieved from /opt/airflow/dags/daily_inventory_pipeline.py
[2026-08-23T06:37:41.127+0000] {logging_mixin.py:190} INFO - [2026-08-23T06:37:41.127+0000] {dag.py:3239} INFO - Sync 1 DAGs
[2026-08-23T06:37:41.146+0000] {logging_mixin.py:190} INFO - [2026-08-23T06:37:41.146+0000] {dag.py:4180} INFO - Setting next_dagrun for daily_inventory_pipeline to 2026-08-22 18:30:00+00:00, run_after=2026-08-23 18:30:00+00:00
[2026-08-23T06:37:41.162+0000] {processor.py:208} INFO - Processing /opt/airflow/dags/daily_inventory_pipeline.py took 0.520 seconds
[2026-08-23T06:38:11.540+0000] {processor.py:186} INFO - Started process (PID=7139) to work on /opt/airflow/dags/daily_inventory_pipeline.py
[2026-08-23T06:38:11.541+0000] {processor.py:914} INFO - Processing file /opt/airflow/dags/daily_inventory_pipeline.py for tasks to queue
[2026-08-23T06:38:11.543+0000] {logging_mixin.py:190} INFO - [2026-08-23T06:38:11.543+0000] {dagbag.py:588} INFO - Filling up the DagBag from /opt/airflow/dags/daily_inventory_pipeline.py
[2026-08-23T06:38:11.632+0000] {processor.py:925} INFO - DAG(s) 'daily_inventory_pipeline' retrieved from /opt/airflow/dags/daily_inventory_pipeline.py
[2026-08-23T06:38:11.654+0000] {logging_mixin.py:190} INFO - [2026-08-23T06:38:11.654+0000] {dag.py:3239} INFO - Sync 1 DAGs
[2026-08-23T06:38:11.672+0000] {logging_mixin.py:190} INFO - [2026-08-23T06:38:11.672+0000] {dag.py:4180} INFO - Setting next_dagrun for daily_inventory_pipeline to 2026-08-22 18:30:00+00:00, run_after=2026-08-23 18:30:00+00:00
[2026-08-23T06:38:11.687+0000] {processor.py:208} INFO - Processing /opt/airflow/dags/daily_inventory_pipeline.py took 0.153 seconds
[2026-08-23T06:38:41.829+0000] {processor.py:186} INFO - Started process (PID=7149) to work on /opt/airflow/dags/daily_inventory_pipeline.py
[2026-08-23T06:38:41.830+0000] {processor.py:914} INFO - Processing file /opt/airflow/dags/daily_inventory_pipeline.py for tasks to queue
[2026-08-23T06:38:41.832+0000] {logging_mixin.py:190} INFO - [2026-08-23T06:38:41.831+0000] {dagbag.py:588} INFO - Filling up the DagBag from /opt/airflow/dags/daily_inventory_pipeline.py
[2026-08-23T06:38:41.918+0000] {processor.py:925} INFO - DAG(s) 'daily_inventory_pipeline' retrieved from /opt/airflow/dags/daily_inventory_pipeline.py
[2026-08-23T06:38:41.940+0000] {logging_mixin.py:190} INFO - [2026-08-23T06:38:41.939+0000] {dag.py:3239} INFO - Sync 1 DAGs
[2026-08-23T06:38:41.956+0000] {logging_mixin.py:190} INFO - [2026-08-23T06:38:41.956+0000] {dag.py:4180} INFO - Setting next_dagrun for daily_inventory_pipeline to 2026-08-22 18:30:00+00:00, run_after=2026-08-23 18:30:00+00:00
[2026-08-23T06:38:41.970+0000] {processor.py:208} INFO - Processing /opt/airflow/dags/daily_inventory_pipeline.py took 0.147 seconds
[2026-08-23T06:39:12.172+0000] {processor.py:186} INFO - Started process (PID=7159) to work on /opt/airflow/dags/daily_inventory_pipeline.py
[2026-08-23T06:39:12.173+0000] {processor.py:914} INFO - Processing file /opt/airflow/dags/daily_inventory_pipeline.py for tasks to queue
[2026-08-23T06:39:12.175+0000] {logging_mixin.py:190} INFO - [2026-08-23T06:39:12.175+0000] {dagbag.py:588} INFO - Filling up the DagBag from /opt/airflow/dags/daily_inventory_pipeline.py
[2026-08-23T06:39:12.269+0000] {processor.py:925} INFO - DAG(s) 'daily_inventory_pipeline' retrieved from /opt/airflow/dags/daily_inventory_pipeline.py
[2026-08-23T06:39:12.290+0000] {logging_mixin.py:190} INFO - [2026-08-23T06:39:12.290+0000] {dag.py:3239} INFO - Sync 1 DAGs
[2026-08-23T06:39:12.306+0000] {logging_mixin.py:190} INFO - [2026-08-23T06:39:12.306+0000] {dag.py:4180} INFO - Setting next_dagrun for daily_inventory_pipeline to 2026-08-22 18:30:00+00:00, run_after=2026-08-23 18:30:00+00:00
[2026-08-23T06:39:12.321+0000] {processor.py:208} INFO - Processing /opt/airflow/dags/daily_inventory_pipeline.py took 0.156 seconds
[2026-08-23T06:39:42.602+0000] {processor.py:186} INFO - Started process (PID=7169) to work on /opt/airflow/dags/daily_inventory_pipeline.py
[2026-08-23T06:39:42.604+0000] {processor.py:914} INFO - Processing file /opt/airflow/dags/daily_inventory_pipeline.py for tasks to queue
[2026-08-23T06:39:42.606+0000] {logging_mixin.py:190} INFO - [2026-08-23T06:39:42.606+0000] {dagbag.py:588} INFO - Filling up the DagBag from /opt/airflow/dags/daily_inventory_pipeline.py
[2026-08-23T06:39:42.721+0000] {processor.py:925} INFO - DAG(s) 'daily_inventory_pipeline' retrieved from /opt/airflow/dags/daily_inventory_pipeline.py
[2026-08-23T06:39:42.742+0000] {logging_mixin.py:190} INFO - [2026-08-23T06:39:42.742+0000] {dag.py:3239} INFO - Sync 1 DAGs
[2026-08-23T06:39:42.759+0000] {logging_mixin.py:190} INFO - [2026-08-23T06:39:42.759+0000] {dag.py:4180} INFO - Setting next_dagrun for daily_inventory_pipeline to 2026-08-22 18:30:00+00:00, run_after=2026-08-23 18:30:00+00:00
[2026-08-23T06:39:42.773+0000] {processor.py:208} INFO - Processing /opt/airflow/dags/daily_inventory_pipeline.py took 0.180 seconds
[2026-08-23T06:40:12.928+0000] {processor.py:186} INFO - Started process (PID=7179) to work on /opt/airflow/dags/daily_inventory_pipeline.py
[2026-08-23T06:40:12.928+0000] {processor.py:914} INFO - Processing file /opt/airflow/dags/daily_inventory_pipeline.py for tasks to queue
[2026-08-23T06:40:12.930+0000] {logging_mixin.py:190} INFO - [2026-08-23T06:40:12.930+0000] {dagbag.py:588} INFO - Filling up the DagBag from /opt/airflow/dags/daily_inventory_pipeline.py
[2026-08-23T06:40:13.015+0000] {processor.py:925} INFO - DAG(s) 'daily_inventory_pipeline' retrieved from /opt/airflow/dags/daily_inventory_pipeline.py
[2026-08-23T06:40:13.035+0000] {logging_mixin.py:190} INFO - [2026-08-23T06:40:13.035+0000] {dag.py:3239} INFO - Sync 1 DAGs
[2026-08-23T06:40:13.052+0000] {logging_mixin.py:190} INFO - [2026-08-23T06:40:13.052+0000] {dag.py:4180} INFO - Setting next_dagrun for daily_inventory_pipeline to 2026-08-22 18:30:00+00:00, run_after=2026-08-23 18:30:00+00:00
[2026-08-23T06:40:13.065+0000] {processor.py:208} INFO - Processing /opt/airflow/dags/daily_inventory_pipeline.py took 0.143 seconds
[2026-08-23T06:40:43.235+0000] {processor.py:186} INFO - Started process (PID=7189) to work on /opt/airflow/dags/daily_inventory_pipeline.py
[2026-08-23T06:40:43.236+0000] {processor.py:914} INFO - Processing file /opt/airflow/dags/daily_inventory_pipeline.py for tasks to queue
[2026-08-23T06:40:43.238+0000] {logging_mixin.py:190} INFO - [2026-08-23T06:40:43.238+0000] {dagbag.py:588} INFO - Filling up the DagBag from /opt/airflow/dags/daily_inventory_pipeline.py
[2026-08-23T06:40:43.327+0000] {processor.py:925} INFO - DAG(s) 'daily_inventory_pipeline' retrieved from /opt/airflow/dags/daily_inventory_pipeline.py
[2026-08-23T06:40:43.349+0000] {logging_mixin.py:190} INFO - [2026-08-23T06:40:43.349+0000] {dag.py:3239} INFO - Sync 1 DAGs
[2026-08-23T06:40:43.365+0000] {logging_mixin.py:190} INFO - [2026-08-23T06:40:43.365+0000] {dag.py:4180} INFO - Setting next_dagrun for daily_inventory_pipeline to 2026-08-22 18:30:00+00:00, run_after=2026-08-23 18:30:00+00:00
[2026-08-23T06:40:43.382+0000] {processor.py:208} INFO - Processing /opt/airflow/dags/daily_inventory_pipeline.py took 0.153 seconds
[2026-08-23T06:41:13.703+0000] {processor.py:186} INFO - Started process (PID=7199) to work on /opt/airflow/dags/daily_inventory_pipeline.py
[2026-08-23T06:41:13.703+0000] {processor.py:914} INFO - Processing file /opt/airflow/dags/daily_inventory_pipeline.py for tasks to queue
[2026-08-23T06:41:13.705+0000] {logging_mixin.py:190} INFO - [2026-08-23T06:41:13.705+0000] {dagbag.py:588} INFO - Filling up the DagBag from /opt/airflow/dags/daily_inventory_pipeline.py
[2026-08-23T06:41:13.788+0000] {processor.py:925} INFO - DAG(s) 'daily_inventory_pipeline' retrieved from /opt/airflow/dags/daily_inventory_pipeline.py
[2026-08-23T06:41:13.807+0000] {logging_mixin.py:190} INFO - [2026-08-23T06:41:13.807+0000] {dag.py:3239} INFO - Sync 1 DAGs
[2026-08-23T06:41:13.823+0000] {logging_mixin.py:190} INFO - [2026-08-23T06:41:13.822+0000] {dag.py:4180} INFO - Setting next_dagrun for daily_inventory_pipeline to 2026-08-22 18:30:00+00:00, run_after=2026-08-23 18:30:00+00:00
[2026-08-23T06:41:13.836+0000] {processor.py:208} INFO - Processing /opt/airflow/dags/daily_inventory_pipeline.py took 0.139 seconds
[2026-08-23T06:41:44.085+0000] {processor.py:186} INFO - Started process (PID=7209) to work on /opt/airflow/dags/daily_inventory_pipeline.py
[2026-08-23T06:41:44.086+0000] {processor.py:914} INFO - Processing file /opt/airflow/dags/daily_inventory_pipeline.py for tasks to queue
[2026-08-23T06:41:44.087+0000] {logging_mixin.py:190} INFO - [2026-08-23T06:41:44.087+0000] {dagbag.py:588} INFO - Filling up the DagBag from /opt/airflow/dags/daily_inventory_pipeline.py
[2026-08-23T06:41:44.175+0000] {processor.py:925} INFO - DAG(s) 'daily_inventory_pipeline' retrieved from /opt/airflow/dags/daily_inventory_pipeline.py
[2026-08-23T06:41:44.194+0000] {logging_mixin.py:190} INFO - [2026-08-23T06:41:44.194+0000] {dag.py:3239} INFO - Sync 1 DAGs
[2026-08-23T06:41:44.209+0000] {logging_mixin.py:190} INFO - [2026-08-23T06:41:44.209+0000] {dag.py:4180} INFO - Setting next_dagrun for daily_inventory_pipeline to 2026-08-22 18:30:00+00:00, run_after=2026-08-23 18:30:00+00:00
[2026-08-23T06:41:44.225+0000] {processor.py:208} INFO - Processing /opt/airflow/dags/daily_inventory_pipeline.py took 0.146 seconds
[2026-08-23T06:42:14.424+0000] {processor.py:186} INFO - Started process (PID=7219) to work on /opt/airflow/dags/daily_inventory_pipeline.py
[2026-08-23T06:42:14.425+0000] {processor.py:914} INFO - Processing file /opt/airflow/dags/daily_inventory_pipeline.py for tasks to queue
[2026-08-23T06:42:14.427+0000] {logging_mixin.py:190} INFO - [2026-08-23T06:42:14.427+0000] {dagbag.py:588} INFO - Filling up the DagBag from /opt/airflow/dags/daily_inventory_pipeline.py
[2026-08-23T06:42:14.529+0000] {processor.py:925} INFO - DAG(s) 'daily_inventory_pipeline' retrieved from /opt/airflow/dags/daily_inventory_pipeline.py
[2026-08-23T06:42:14.552+0000] {logging_mixin.py:190} INFO - [2026-08-23T06:42:14.551+0000] {dag.py:3239} INFO - Sync 1 DAGs
[2026-08-23T06:42:14.571+0000] {logging_mixin.py:190} INFO - [2026-08-23T06:42:14.571+0000] {dag.py:4180} INFO - Setting next_dagrun for daily_inventory_pipeline to 2026-08-22 18:30:00+00:00, run_after=2026-08-23 18:30:00+00:00
[2026-08-23T06:42:14.586+0000] {processor.py:208} INFO - Processing /opt/airflow/dags/daily_inventory_pipeline.py took 0.168 seconds
[2026-08-23T06:42:44.799+0000] {processor.py:186} INFO - Started process (PID=7229) to work on /opt/airflow/dags/daily_inventory_pipeline.py
[2026-08-23T06:42:44.800+0000] {processor.py:914} INFO - Processing file /opt/airflow/dags/daily_inventory_pipeline.py for tasks to queue
[2026-08-23T06:42:44.802+0000] {logging_mixin.py:190} INFO - [2026-08-23T06:42:44.802+0000] {dagbag.py:588} INFO - Filling up the DagBag from /opt/airflow/dags/daily_inventory_pipeline.py
[2026-08-23T06:42:44.890+0000] {processor.py:925} INFO - DAG(s) 'daily_inventory_pipeline' retrieved from /opt/airflow/dags/daily_inventory_pipeline.py
[2026-08-23T06:42:44.910+0000] {logging_mixin.py:190} INFO - [2026-08-23T06:42:44.910+0000] {dag.py:3239} INFO - Sync 1 DAGs
[2026-08-23T06:42:44.927+0000] {logging_mixin.py:190} INFO - [2026-08-23T06:42:44.927+0000] {dag.py:4180} INFO - Setting next_dagrun for daily_inventory_pipeline to 2026-08-22 18:30:00+00:00, run_after=2026-08-23 18:30:00+00:00
[2026-08-23T06:42:44.941+0000] {processor.py:208} INFO - Processing /opt/airflow/dags/daily_inventory_pipeline.py took 0.147 seconds
[2026-08-23T06:43:15.212+0000] {processor.py:186} INFO - Started process (PID=7239) to work on /opt/airflow/dags/daily_inventory_pipeline.py
[2026-08-23T06:43:15.213+0000] {processor.py:914} INFO - Processing file /opt/airflow/dags/daily_inventory_pipeline.py for tasks to queue
[2026-08-23T06:43:15.214+0000] {logging_mixin.py:190} INFO - [2026-08-23T06:43:15.214+0000] {dagbag.py:588} INFO - Filling up the DagBag from /opt/airflow/dags/daily_inventory_pipeline.py
[2026-08-23T06:43:15.299+0000] {processor.py:925} INFO - DAG(s) 'daily_inventory_pipeline' retrieved from /opt/airflow/dags/daily_inventory_pipeline.py
[2026-08-23T06:43:15.319+0000] {logging_mixin.py:190} INFO - [2026-08-23T06:43:15.319+0000] {dag.py:3239} INFO - Sync 1 DAGs
[2026-08-23T06:43:15.335+0000] {logging_mixin.py:190} INFO - [2026-08-23T06:43:15.334+0000] {dag.py:4180} INFO - Setting next_dagrun for daily_inventory_pipeline to 2026-08-22 18:30:00+00:00, run_after=2026-08-23 18:30:00+00:00
[2026-08-23T06:43:15.352+0000] {processor.py:208} INFO - Processing /opt/airflow/dags/daily_inventory_pipeline.py took 0.145 seconds
[2026-08-23T06:43:45.660+0000] {processor.py:186} INFO - Started process (PID=7249) to work on /opt/airflow/dags/daily_inventory_pipeline.py
[2026-08-23T06:43:45.661+0000] {processor.py:914} INFO - Processing file /opt/airflow/dags/daily_inventory_pipeline.py for tasks to queue
[2026-08-23T06:43:45.663+0000] {logging_mixin.py:190} INFO - [2026-08-23T06:43:45.663+0000] {dagbag.py:588} INFO - Filling up the DagBag from /opt/airflow/dags/daily_inventory_pipeline.py
[2026-08-23T06:43:45.747+0000] {processor.py:925} INFO - DAG(s) 'daily_inventory_pipeline' retrieved from /opt/airflow/dags/daily_inventory_pipeline.py
[2026-08-23T06:43:45.767+0000] {logging_mixin.py:190} INFO - [2026-08-23T06:43:45.766+0000] {dag.py:3239} INFO - Sync 1 DAGs
[2026-08-23T06:43:45.784+0000] {logging_mixin.py:190} INFO - [2026-08-23T06:43:45.784+0000] {dag.py:4180} INFO - Setting next_dagrun for daily_inventory_pipeline to 2026-08-22 18:30:00+00:00, run_after=2026-08-23 18:30:00+00:00
[2026-08-23T06:43:45.802+0000] {processor.py:208} INFO - Processing /opt/airflow/dags/daily_inventory_pipeline.py took 0.148 seconds
[2026-08-23T06:44:16.038+0000] {processor.py:186} INFO - Started process (PID=7259) to work on /opt/airflow/dags/daily_inventory_pipeline.py
[2026-08-23T06:44:16.038+0000] {processor.py:914} INFO - Processing file /opt/airflow/dags/daily_inventory_pipeline.py for tasks to queue
[2026-08-23T06:44:16.040+0000] {logging_mixin.py:190} INFO - [2026-08-23T06:44:16.040+0000] {dagbag.py:588} INFO - Filling up the DagBag from /opt/airflow/dags/daily_inventory_pipeline.py
[2026-08-23T06:44:16.124+0000] {processor.py:925} INFO - DAG(s) 'daily_inventory_pipeline' retrieved from /opt/airflow/dags/daily_inventory_pipeline.py
[2026-08-23T06:44:16.146+0000] {logging_mixin.py:190} INFO - [2026-08-23T06:44:16.145+0000] {dag.py:3239} INFO - Sync 1 DAGs
[2026-08-23T06:44:16.161+0000] {logging_mixin.py:190} INFO - [2026-08-23T06:44:16.161+0000] {dag.py:4180} INFO - Setting next_dagrun for daily_inventory_pipeline to 2026-08-22 18:30:00+00:00, run_after=2026-08-23 18:30:00+00:00
[2026-08-23T06:44:16.178+0000] {processor.py:208} INFO - Processing /opt/airflow/dags/daily_inventory_pipeline.py took 0.146 seconds
[2026-08-23T06:44:46.460+0000] {processor.py:186} INFO - Started process (PID=7269) to work on /opt/airflow/dags/daily_inventory_pipeline.py
[2026-08-23T06:44:46.460+0000] {processor.py:914} INFO - Processing file /opt/airflow/dags/daily_inventory_pipeline.py for tasks to queue
[2026-08-23T06:44:46.462+0000] {logging_mixin.py:190} INFO - [2026-08-23T06:44:46.462+0000] {dagbag.py:588} INFO - Filling up the DagBag from /opt/airflow/dags/daily_inventory_pipeline.py
[2026-08-23T06:44:46.553+0000] {processor.py:925} INFO - DAG(s) 'daily_inventory_pipeline' retrieved from /opt/airflow/dags/daily_inventory_pipeline.py
[2026-08-23T06:44:46.573+0000] {logging_mixin.py:190} INFO - [2026-08-23T06:44:46.573+0000] {dag.py:3239} INFO - Sync 1 DAGs
[2026-08-23T06:44:46.588+0000] {logging_mixin.py:190} INFO - [2026-08-23T06:44:46.588+0000] {dag.py:4180} INFO - Setting next_dagrun for daily_inventory_pipeline to 2026-08-22 18:30:00+00:00, run_after=2026-08-23 18:30:00+00:00
[2026-08-23T06:44:46.601+0000] {processor.py:208} INFO - Processing /opt/airflow/dags/daily_inventory_pipeline.py took 0.147 seconds
[2026-08-23T06:45:16.785+0000] {processor.py:186} INFO - Started process (PID=7279) to work on /opt/airflow/dags/daily_inventory_pipeline.py
[2026-08-23T06:45:16.786+0000] {processor.py:914} INFO - Processing file /opt/airflow/dags/daily_inventory_pipeline.py for tasks to queue
[2026-08-23T06:45:16.788+0000] {logging_mixin.py:190} INFO - [2026-08-23T06:45:16.787+0000] {dagbag.py:588} INFO - Filling up the DagBag from /opt/airflow/dags/daily_inventory_pipeline.py
[2026-08-23T06:45:16.872+0000] {processor.py:925} INFO - DAG(s) 'daily_inventory_pipeline' retrieved from /opt/airflow/dags/daily_inventory_pipeline.py
[2026-08-23T06:45:16.893+0000] {logging_mixin.py:190} INFO - [2026-08-23T06:45:16.892+0000] {dag.py:3239} INFO - Sync 1 DAGs
[2026-08-23T06:45:16.910+0000] {logging_mixin.py:190} INFO - [2026-08-23T06:45:16.910+0000] {dag.py:4180} INFO - Setting next_dagrun for daily_inventory_pipeline to 2026-08-22 18:30:00+00:00, run_after=2026-08-23 18:30:00+00:00
[2026-08-23T06:45:16.928+0000] {processor.py:208} INFO - Processing /opt/airflow/dags/daily_inventory_pipeline.py took 0.149 seconds
[2026-08-23T06:45:47.216+0000] {processor.py:186} INFO - Started process (PID=7289) to work on /opt/airflow/dags/daily_inventory_pipeline.py
[2026-08-23T06:45:47.217+0000] {processor.py:914} INFO - Processing file /opt/airflow/dags/daily_inventory_pipeline.py for tasks to queue
[2026-08-23T06:45:47.220+0000] {logging_mixin.py:190} INFO - [2026-08-23T06:45:47.220+0000] {dagbag.py:588} INFO - Filling up the DagBag from /opt/airflow/dags/daily_inventory_pipeline.py
[2026-08-23T06:45:47.305+0000] {processor.py:925} INFO - DAG(s) 'daily_inventory_pipeline' retrieved from /opt/airflow/dags/daily_inventory_pipeline.py
[2026-08-23T06:45:47.325+0000] {logging_mixin.py:190} INFO - [2026-08-23T06:45:47.325+0000] {dag.py:3239} INFO - Sync 1 DAGs
[2026-08-23T06:45:47.343+0000] {logging_mixin.py:190} INFO - [2026-08-23T06:45:47.342+0000] {dag.py:4180} INFO - Setting next_dagrun for daily_inventory_pipeline to 2026-08-22 18:30:00+00:00, run_after=2026-08-23 18:30:00+00:00
[2026-08-23T06:45:47.387+0000] {processor.py:208} INFO - Processing /opt/airflow/dags/daily_inventory_pipeline.py took 0.177 seconds
[2026-08-23T06:46:17.519+0000] {processor.py:186} INFO - Started process (PID=7299) to work on /opt/airflow/dags/daily_inventory_pipeline.py
[2026-08-23T06:46:17.520+0000] {processor.py:914} INFO - Processing file /opt/airflow/dags/daily_inventory_pipeline.py for tasks to queue
[2026-08-23T06:46:17.523+0000] {logging_mixin.py:190} INFO - [2026-08-23T06:46:17.522+0000] {dagbag.py:588} INFO - Filling up the DagBag from /opt/airflow/dags/daily_inventory_pipeline.py
[2026-08-23T06:46:17.644+0000] {processor.py:925} INFO - DAG(s) 'daily_inventory_pipeline' retrieved from /opt/airflow/dags/daily_inventory_pipeline.py
[2026-08-23T06:46:17.668+0000] {logging_mixin.py:190} INFO - [2026-08-23T06:46:17.667+0000] {dag.py:3239} INFO - Sync 1 DAGs
[2026-08-23T06:46:17.686+0000] {logging_mixin.py:190} INFO - [2026-08-23T06:46:17.686+0000] {dag.py:4180} INFO - Setting next_dagrun for daily_inventory_pipeline to 2026-08-22 18:30:00+00:00, run_after=2026-08-23 18:30:00+00:00
[2026-08-23T06:46:17.702+0000] {processor.py:208} INFO - Processing /opt/airflow/dags/daily_inventory_pipeline.py took 0.190 seconds
[2026-08-23T06:46:47.837+0000] {processor.py:186} INFO - Started process (PID=7309) to work on /opt/airflow/dags/daily_inventory_pipeline.py
[2026-08-23T06:46:47.838+0000] {processor.py:914} INFO - Processing file /opt/airflow/dags/daily_inventory_pipeline.py for tasks to queue
[2026-08-23T06:46:47.840+0000] {logging_mixin.py:190} INFO - [2026-08-23T06:46:47.840+0000] {dagbag.py:588} INFO - Filling up the DagBag from /opt/airflow/dags/daily_inventory_pipeline.py
[2026-08-23T06:46:47.931+0000] {processor.py:925} INFO - DAG(s) 'daily_inventory_pipeline' retrieved from /opt/airflow/dags/daily_inventory_pipeline.py
[2026-08-23T06:46:47.950+0000] {logging_mixin.py:190} INFO - [2026-08-23T06:46:47.950+0000] {dag.py:3239} INFO - Sync 1 DAGs
[2026-08-23T06:46:47.965+0000] {logging_mixin.py:190} INFO - [2026-08-23T06:46:47.965+0000] {dag.py:4180} INFO - Setting next_dagrun for daily_inventory_pipeline to 2026-08-22 18:30:00+00:00, run_after=2026-08-23 18:30:00+00:00
[2026-08-23T06:46:47.981+0000] {processor.py:208} INFO - Processing /opt/airflow/dags/daily_inventory_pipeline.py took 0.149 seconds
[2026-08-23T06:47:18.239+0000] {processor.py:186} INFO - Started process (PID=7319) to work on /opt/airflow/dags/daily_inventory_pipeline.py
[2026-08-23T06:47:18.240+0000] {processor.py:914} INFO - Processing file /opt/airflow/dags/daily_inventory_pipeline.py for tasks to queue
[2026-08-23T06:47:18.242+0000] {logging_mixin.py:190} INFO - [2026-08-23T06:47:18.242+0000] {dagbag.py:588} INFO - Filling up the DagBag from /opt/airflow/dags/daily_inventory_pipeline.py
[2026-08-23T06:47:18.330+0000] {processor.py:925} INFO - DAG(s) 'daily_inventory_pipeline' retrieved from /opt/airflow/dags/daily_inventory_pipeline.py
[2026-08-23T06:47:18.349+0000] {logging_mixin.py:190} INFO - [2026-08-23T06:47:18.349+0000] {dag.py:3239} INFO - Sync 1 DAGs
[2026-08-23T06:47:18.364+0000] {logging_mixin.py:190} INFO - [2026-08-23T06:47:18.364+0000] {dag.py:4180} INFO - Setting next_dagrun for daily_inventory_pipeline to 2026-08-22 18:30:00+00:00, run_after=2026-08-23 18:30:00+00:00
[2026-08-23T06:47:18.380+0000] {processor.py:208} INFO - Processing /opt/airflow/dags/daily_inventory_pipeline.py took 0.146 seconds
[2026-08-23T06:47:48.633+0000] {processor.py:186} INFO - Started process (PID=7329) to work on /opt/airflow/dags/daily_inventory_pipeline.py
[2026-08-23T06:47:48.634+0000] {processor.py:914} INFO - Processing file /opt/airflow/dags/daily_inventory_pipeline.py for tasks to queue
[2026-08-23T06:47:48.635+0000] {logging_mixin.py:190} INFO - [2026-08-23T06:47:48.635+0000] {dagbag.py:588} INFO - Filling up the DagBag from /opt/airflow/dags/daily_inventory_pipeline.py
[2026-08-23T06:47:48.723+0000] {processor.py:925} INFO - DAG(s) 'daily_inventory_pipeline' retrieved from /opt/airflow/dags/daily_inventory_pipeline.py
[2026-08-23T06:47:48.744+0000] {logging_mixin.py:190} INFO - [2026-08-23T06:47:48.744+0000] {dag.py:3239} INFO - Sync 1 DAGs
[2026-08-23T06:47:48.762+0000] {logging_mixin.py:190} INFO - [2026-08-23T06:47:48.762+0000] {dag.py:4180} INFO - Setting next_dagrun for daily_inventory_pipeline to 2026-08-22 18:30:00+00:00, run_after=2026-08-23 18:30:00+00:00
[2026-08-23T06:47:48.777+0000] {processor.py:208} INFO - Processing /opt/airflow/dags/daily_inventory_pipeline.py took 0.150 seconds
[2026-08-23T06:48:19.052+0000] {processor.py:186} INFO - Started process (PID=7339) to work on /opt/airflow/dags/daily_inventory_pipeline.py
[2026-08-23T06:48:19.053+0000] {processor.py:914} INFO - Processing file /opt/airflow/dags/daily_inventory_pipeline.py for tasks to queue
[2026-08-23T06:48:19.055+0000] {logging_mixin.py:190} INFO - [2026-08-23T06:48:19.054+0000] {dagbag.py:588} INFO - Filling up the DagBag from /opt/airflow/dags/daily_inventory_pipeline.py
[2026-08-23T06:48:19.137+0000] {processor.py:925} INFO - DAG(s) 'daily_inventory_pipeline' retrieved from /opt/airflow/dags/daily_inventory_pipeline.py
[2026-08-23T06:48:19.158+0000] {logging_mixin.py:190} INFO - [2026-08-23T06:48:19.158+0000] {dag.py:3239} INFO - Sync 1 DAGs
[2026-08-23T06:48:19.176+0000] {logging_mixin.py:190} INFO - [2026-08-23T06:48:19.175+0000] {dag.py:4180} INFO - Setting next_dagrun for daily_inventory_pipeline to 2026-08-22 18:30:00+00:00, run_after=2026-08-23 18:30:00+00:00
[2026-08-23T06:48:19.187+0000] {processor.py:208} INFO - Processing /opt/airflow/dags/daily_inventory_pipeline.py took 0.141 seconds
[2026-08-23T06:48:49.391+0000] {processor.py:186} INFO - Started process (PID=7349) to work on /opt/airflow/dags/daily_inventory_pipeline.py
[2026-08-23T06:48:49.392+0000] {processor.py:914} INFO - Processing file /opt/airflow/dags/daily_inventory_pipeline.py for tasks to queue
[2026-08-23T06:48:49.394+0000] {logging_mixin.py:190} INFO - [2026-08-23T06:48:49.394+0000] {dagbag.py:588} INFO - Filling up the DagBag from /opt/airflow/dags/daily_inventory_pipeline.py
[2026-08-23T06:48:49.482+0000] {processor.py:925} INFO - DAG(s) 'daily_inventory_pipeline' retrieved from /opt/airflow/dags/daily_inventory_pipeline.py
[2026-08-23T06:48:49.503+0000] {logging_mixin.py:190} INFO - [2026-08-23T06:48:49.503+0000] {dag.py:3239} INFO - Sync 1 DAGs
[2026-08-23T06:48:49.518+0000] {logging_mixin.py:190} INFO - [2026-08-23T06:48:49.518+0000] {dag.py:4180} INFO - Setting next_dagrun for daily_inventory_pipeline to 2026-08-22 18:30:00+00:00, run_after=2026-08-23 18:30:00+00:00
[2026-08-23T06:48:49.532+0000] {processor.py:208} INFO - Processing /opt/airflow/dags/daily_inventory_pipeline.py took 0.147 seconds
[2026-08-23T06:49:19.820+0000] {processor.py:186} INFO - Started process (PID=7359) to work on /opt/airflow/dags/daily_inventory_pipeline.py
[2026-08-23T06:49:19.821+0000] {processor.py:914} INFO - Processing file /opt/airflow/dags/daily_inventory_pipeline.py for tasks to queue
[2026-08-23T06:49:19.823+0000] {logging_mixin.py:190} INFO - [2026-08-23T06:49:19.823+0000] {dagbag.py:588} INFO - Filling up the DagBag from /opt/airflow/dags/daily_inventory_pipeline.py
[2026-08-23T06:49:19.910+0000] {processor.py:925} INFO - DAG(s) 'daily_inventory_pipeline' retrieved from /opt/airflow/dags/daily_inventory_pipeline.py
[2026-08-23T06:49:19.931+0000] {logging_mixin.py:190} INFO - [2026-08-23T06:49:19.930+0000] {dag.py:3239} INFO - Sync 1 DAGs
[2026-08-23T06:49:19.946+0000] {logging_mixin.py:190} INFO - [2026-08-23T06:49:19.946+0000] {dag.py:4180} INFO - Setting next_dagrun for daily_inventory_pipeline to 2026-08-22 18:30:00+00:00, run_after=2026-08-23 18:30:00+00:00
[2026-08-23T06:49:19.963+0000] {processor.py:208} INFO - Processing /opt/airflow/dags/daily_inventory_pipeline.py took 0.149 seconds
[2026-08-23T06:49:50.205+0000] {processor.py:186} INFO - Started process (PID=7369) to work on /opt/airflow/dags/daily_inventory_pipeline.py
[2026-08-23T06:49:50.206+0000] {processor.py:914} INFO - Processing file /opt/airflow/dags/daily_inventory_pipeline.py for tasks to queue
[2026-08-23T06:49:50.208+0000] {logging_mixin.py:190} INFO - [2026-08-23T06:49:50.208+0000] {dagbag.py:588} INFO - Filling up the DagBag from /opt/airflow/dags/daily_inventory_pipeline.py
[2026-08-23T06:49:50.299+0000] {processor.py:925} INFO - DAG(s) 'daily_inventory_pipeline' retrieved from /opt/airflow/dags/daily_inventory_pipeline.py
[2026-08-23T06:49:50.319+0000] {logging_mixin.py:190} INFO - [2026-08-23T06:49:50.319+0000] {dag.py:3239} INFO - Sync 1 DAGs
[2026-08-23T06:49:50.334+0000] {logging_mixin.py:190} INFO - [2026-08-23T06:49:50.334+0000] {dag.py:4180} INFO - Setting next_dagrun for daily_inventory_pipeline to 2026-08-22 18:30:00+00:00, run_after=2026-08-23 18:30:00+00:00
[2026-08-23T06:49:50.347+0000] {processor.py:208} INFO - Processing /opt/airflow/dags/daily_inventory_pipeline.py took 0.147 seconds
[2026-08-23T06:50:20.660+0000] {processor.py:186} INFO - Started process (PID=7379) to work on /opt/airflow/dags/daily_inventory_pipeline.py
[2026-08-23T06:50:20.661+0000] {processor.py:914} INFO - Processing file /opt/airflow/dags/daily_inventory_pipeline.py for tasks to queue
[2026-08-23T06:50:20.664+0000] {logging_mixin.py:190} INFO - [2026-08-23T06:50:20.663+0000] {dagbag.py:588} INFO - Filling up the DagBag from /opt/airflow/dags/daily_inventory_pipeline.py
[2026-08-23T06:50:20.771+0000] {processor.py:925} INFO - DAG(s) 'daily_inventory_pipeline' retrieved from /opt/airflow/dags/daily_inventory_pipeline.py
[2026-08-23T06:50:20.793+0000] {logging_mixin.py:190} INFO - [2026-08-23T06:50:20.793+0000] {dag.py:3239} INFO - Sync 1 DAGs
[2026-08-23T06:50:20.811+0000] {logging_mixin.py:190} INFO - [2026-08-23T06:50:20.811+0000] {dag.py:4180} INFO - Setting next_dagrun for daily_inventory_pipeline to 2026-08-22 18:30:00+00:00, run_after=2026-08-23 18:30:00+00:00
[2026-08-23T06:50:20.826+0000] {processor.py:208} INFO - Processing /opt/airflow/dags/daily_inventory_pipeline.py took 0.172 seconds
[2026-08-23T06:50:50.981+0000] {processor.py:186} INFO - Started process (PID=7389) to work on /opt/airflow/dags/daily_inventory_pipeline.py
[2026-08-23T06:50:50.982+0000] {processor.py:914} INFO - Processing file /opt/airflow/dags/daily_inventory_pipeline.py for tasks to queue
[2026-08-23T06:50:50.984+0000] {logging_mixin.py:190} INFO - [2026-08-23T06:50:50.983+0000] {dagbag.py:588} INFO - Filling up the DagBag from /opt/airflow/dags/daily_inventory_pipeline.py
[2026-08-23T06:50:51.076+0000] {processor.py:925} INFO - DAG(s) 'daily_inventory_pipeline' retrieved from /opt/airflow/dags/daily_inventory_pipeline.py
[2026-08-23T06:50:51.096+0000] {logging_mixin.py:190} INFO - [2026-08-23T06:50:51.096+0000] {dag.py:3239} INFO - Sync 1 DAGs
[2026-08-23T06:50:51.113+0000] {logging_mixin.py:190} INFO - [2026-08-23T06:50:51.112+0000] {dag.py:4180} INFO - Setting next_dagrun for daily_inventory_pipeline to 2026-08-22 18:30:00+00:00, run_after=2026-08-23 18:30:00+00:00
[2026-08-23T06:50:51.125+0000] {processor.py:208} INFO - Processing /opt/airflow/dags/daily_inventory_pipeline.py took 0.149 seconds
[2026-08-23T06:51:21.306+0000] {processor.py:186} INFO - Started process (PID=7399) to work on /opt/airflow/dags/daily_inventory_pipeline.py
[2026-08-23T06:51:21.307+0000] {processor.py:914} INFO - Processing file /opt/airflow/dags/daily_inventory_pipeline.py for tasks to queue
[2026-08-23T06:51:21.309+0000] {logging_mixin.py:190} INFO - [2026-08-23T06:51:21.309+0000] {dagbag.py:588} INFO - Filling up the DagBag from /opt/airflow/dags/daily_inventory_pipeline.py
[2026-08-23T06:51:21.394+0000] {processor.py:925} INFO - DAG(s) 'daily_inventory_pipeline' retrieved from /opt/airflow/dags/daily_inventory_pipeline.py
[2026-08-23T06:51:21.415+0000] {logging_mixin.py:190} INFO - [2026-08-23T06:51:21.415+0000] {dag.py:3239} INFO - Sync 1 DAGs
[2026-08-23T06:51:21.433+0000] {logging_mixin.py:190} INFO - [2026-08-23T06:51:21.432+0000] {dag.py:4180} INFO - Setting next_dagrun for daily_inventory_pipeline to 2026-08-22 18:30:00+00:00, run_after=2026-08-23 18:30:00+00:00
[2026-08-23T06:51:21.445+0000] {processor.py:208} INFO - Processing /opt/airflow/dags/daily_inventory_pipeline.py took 0.144 seconds
[2026-08-23T06:51:51.813+0000] {processor.py:186} INFO - Started process (PID=7409) to work on /opt/airflow/dags/daily_inventory_pipeline.py
[2026-08-23T06:51:51.814+0000] {processor.py:914} INFO - Processing file /opt/airflow/dags/daily_inventory_pipeline.py for tasks to queue
[2026-08-23T06:51:51.815+0000] {logging_mixin.py:190} INFO - [2026-08-23T06:51:51.815+0000] {dagbag.py:588} INFO - Filling up the DagBag from /opt/airflow/dags/daily_inventory_pipeline.py
[2026-08-23T06:51:51.899+0000] {processor.py:925} INFO - DAG(s) 'daily_inventory_pipeline' retrieved from /opt/airflow/dags/daily_inventory_pipeline.py
[2026-08-23T06:51:51.920+0000] {logging_mixin.py:190} INFO - [2026-08-23T06:51:51.919+0000] {dag.py:3239} INFO - Sync 1 DAGs
[2026-08-23T06:51:51.935+0000] {logging_mixin.py:190} INFO - [2026-08-23T06:51:51.935+0000] {dag.py:4180} INFO - Setting next_dagrun for daily_inventory_pipeline to 2026-08-22 18:30:00+00:00, run_after=2026-08-23 18:30:00+00:00
[2026-08-23T06:51:51.948+0000] {processor.py:208} INFO - Processing /opt/airflow/dags/daily_inventory_pipeline.py took 0.140 seconds
[2026-08-23T06:52:22.121+0000] {processor.py:186} INFO - Started process (PID=7419) to work on /opt/airflow/dags/daily_inventory_pipeline.py
[2026-08-23T06:52:22.122+0000] {processor.py:914} INFO - Processing file /opt/airflow/dags/daily_inventory_pipeline.py for tasks to queue
[2026-08-23T06:52:22.124+0000] {logging_mixin.py:190} INFO - [2026-08-23T06:52:22.124+0000] {dagbag.py:588} INFO - Filling up the DagBag from /opt/airflow/dags/daily_inventory_pipeline.py
[2026-08-23T06:52:22.250+0000] {processor.py:925} INFO - DAG(s) 'daily_inventory_pipeline' retrieved from /opt/airflow/dags/daily_inventory_pipeline.py
[2026-08-23T06:52:22.271+0000] {logging_mixin.py:190} INFO - [2026-08-23T06:52:22.271+0000] {dag.py:3239} INFO - Sync 1 DAGs
[2026-08-23T06:52:22.287+0000] {logging_mixin.py:190} INFO - [2026-08-23T06:52:22.287+0000] {dag.py:4180} INFO - Setting next_dagrun for daily_inventory_pipeline to 2026-08-22 18:30:00+00:00, run_after=2026-08-23 18:30:00+00:00
[2026-08-23T06:52:22.300+0000] {processor.py:208} INFO - Processing /opt/airflow/dags/daily_inventory_pipeline.py took 0.184 seconds
[2026-08-23T06:52:52.582+0000] {processor.py:186} INFO - Started process (PID=7429) to work on /opt/airflow/dags/daily_inventory_pipeline.py
[2026-08-23T06:52:52.583+0000] {processor.py:914} INFO - Processing file /opt/airflow/dags/daily_inventory_pipeline.py for tasks to queue
[2026-08-23T06:52:52.584+0000] {logging_mixin.py:190} INFO - [2026-08-23T06:52:52.584+0000] {dagbag.py:588} INFO - Filling up the DagBag from /opt/airflow/dags/daily_inventory_pipeline.py
[2026-08-23T06:52:52.683+0000] {processor.py:925} INFO - DAG(s) 'daily_inventory_pipeline' retrieved from /opt/airflow/dags/daily_inventory_pipeline.py
[2026-08-23T06:52:52.703+0000] {logging_mixin.py:190} INFO - [2026-08-23T06:52:52.703+0000] {dag.py:3239} INFO - Sync 1 DAGs
[2026-08-23T06:52:52.718+0000] {logging_mixin.py:190} INFO - [2026-08-23T06:52:52.718+0000] {dag.py:4180} INFO - Setting next_dagrun for daily_inventory_pipeline to 2026-08-22 18:30:00+00:00, run_after=2026-08-23 18:30:00+00:00
[2026-08-23T06:52:52.731+0000] {processor.py:208} INFO - Processing /opt/airflow/dags/daily_inventory_pipeline.py took 0.155 seconds
[2026-08-23T06:53:22.910+0000] {processor.py:186} INFO - Started process (PID=7439) to work on /opt/airflow/dags/daily_inventory_pipeline.py
[2026-08-23T06:53:22.910+0000] {processor.py:914} INFO - Processing file /opt/airflow/dags/daily_inventory_pipeline.py for tasks to queue
[2026-08-23T06:53:22.912+0000] {logging_mixin.py:190} INFO - [2026-08-23T06:53:22.912+0000] {dagbag.py:588} INFO - Filling up the DagBag from /opt/airflow/dags/daily_inventory_pipeline.py
[2026-08-23T06:53:23.009+0000] {processor.py:925} INFO - DAG(s) 'daily_inventory_pipeline' retrieved from /opt/airflow/dags/daily_inventory_pipeline.py
[2026-08-23T06:53:23.029+0000] {logging_mixin.py:190} INFO - [2026-08-23T06:53:23.029+0000] {dag.py:3239} INFO - Sync 1 DAGs
[2026-08-23T06:53:23.047+0000] {logging_mixin.py:190} INFO - [2026-08-23T06:53:23.047+0000] {dag.py:4180} INFO - Setting next_dagrun for daily_inventory_pipeline to 2026-08-22 18:30:00+00:00, run_after=2026-08-23 18:30:00+00:00
[2026-08-23T06:53:23.061+0000] {processor.py:208} INFO - Processing /opt/airflow/dags/daily_inventory_pipeline.py took 0.158 seconds
[2026-08-23T06:53:53.211+0000] {processor.py:186} INFO - Started process (PID=7449) to work on /opt/airflow/dags/daily_inventory_pipeline.py
[2026-08-23T06:53:53.212+0000] {processor.py:914} INFO - Processing file /opt/airflow/dags/daily_inventory_pipeline.py for tasks to queue
[2026-08-23T06:53:53.213+0000] {logging_mixin.py:190} INFO - [2026-08-23T06:53:53.213+0000] {dagbag.py:588} INFO - Filling up the DagBag from /opt/airflow/dags/daily_inventory_pipeline.py
[2026-08-23T06:53:53.299+0000] {processor.py:925} INFO - DAG(s) 'daily_inventory_pipeline' retrieved from /opt/airflow/dags/daily_inventory_pipeline.py
[2026-08-23T06:53:53.319+0000] {logging_mixin.py:190} INFO - [2026-08-23T06:53:53.318+0000] {dag.py:3239} INFO - Sync 1 DAGs
[2026-08-23T06:53:53.335+0000] {logging_mixin.py:190} INFO - [2026-08-23T06:53:53.335+0000] {dag.py:4180} INFO - Setting next_dagrun for daily_inventory_pipeline to 2026-08-22 18:30:00+00:00, run_after=2026-08-23 18:30:00+00:00
[2026-08-23T06:53:53.351+0000] {processor.py:208} INFO - Processing /opt/airflow/dags/daily_inventory_pipeline.py took 0.145 seconds
[2026-08-23T06:54:23.586+0000] {processor.py:186} INFO - Started process (PID=7459) to work on /opt/airflow/dags/daily_inventory_pipeline.py
[2026-08-23T06:54:23.587+0000] {processor.py:914} INFO - Processing file /opt/airflow/dags/daily_inventory_pipeline.py for tasks to queue
[2026-08-23T06:54:23.589+0000] {logging_mixin.py:190} INFO - [2026-08-23T06:54:23.589+0000] {dagbag.py:588} INFO - Filling up the DagBag from /opt/airflow/dags/daily_inventory_pipeline.py
[2026-08-23T06:54:23.678+0000] {processor.py:925} INFO - DAG(s) 'daily_inventory_pipeline' retrieved from /opt/airflow/dags/daily_inventory_pipeline.py
[2026-08-23T06:54:23.698+0000] {logging_mixin.py:190} INFO - [2026-08-23T06:54:23.698+0000] {dag.py:3239} INFO - Sync 1 DAGs
[2026-08-23T06:54:23.713+0000] {logging_mixin.py:190} INFO - [2026-08-23T06:54:23.713+0000] {dag.py:4180} INFO - Setting next_dagrun for daily_inventory_pipeline to 2026-08-22 18:30:00+00:00, run_after=2026-08-23 18:30:00+00:00
[2026-08-23T06:54:23.729+0000] {processor.py:208} INFO - Processing /opt/airflow/dags/daily_inventory_pipeline.py took 0.149 seconds
[2026-08-23T06:54:54.052+0000] {processor.py:186} INFO - Started process (PID=7469) to work on /opt/airflow/dags/daily_inventory_pipeline.py
[2026-08-23T06:54:54.053+0000] {processor.py:914} INFO - Processing file /opt/airflow/dags/daily_inventory_pipeline.py for tasks to queue
[2026-08-23T06:54:54.055+0000] {logging_mixin.py:190} INFO - [2026-08-23T06:54:54.054+0000] {dagbag.py:588} INFO - Filling up the DagBag from /opt/airflow/dags/daily_inventory_pipeline.py
[2026-08-23T06:54:54.141+0000] {processor.py:925} INFO - DAG(s) 'daily_inventory_pipeline' retrieved from /opt/airflow/dags/daily_inventory_pipeline.py
[2026-08-23T06:54:54.161+0000] {logging_mixin.py:190} INFO - [2026-08-23T06:54:54.161+0000] {dag.py:3239} INFO - Sync 1 DAGs
[2026-08-23T06:54:54.178+0000] {logging_mixin.py:190} INFO - [2026-08-23T06:54:54.177+0000] {dag.py:4180} INFO - Setting next_dagrun for daily_inventory_pipeline to 2026-08-22 18:30:00+00:00, run_after=2026-08-23 18:30:00+00:00
[2026-08-23T06:54:54.191+0000] {processor.py:208} INFO - Processing /opt/airflow/dags/daily_inventory_pipeline.py took 0.145 seconds
[2026-08-23T06:55:24.437+0000] {processor.py:186} INFO - Started process (PID=7479) to work on /opt/airflow/dags/daily_inventory_pipeline.py
[2026-08-23T06:55:24.439+0000] {processor.py:914} INFO - Processing file /opt/airflow/dags/daily_inventory_pipeline.py for tasks to queue
[2026-08-23T06:55:24.442+0000] {logging_mixin.py:190} INFO - [2026-08-23T06:55:24.442+0000] {dagbag.py:588} INFO - Filling up the DagBag from /opt/airflow/dags/daily_inventory_pipeline.py
[2026-08-23T06:55:24.548+0000] {processor.py:925} INFO - DAG(s) 'daily_inventory_pipeline' retrieved from /opt/airflow/dags/daily_inventory_pipeline.py
[2026-08-23T06:55:24.567+0000] {logging_mixin.py:190} INFO - [2026-08-23T06:55:24.567+0000] {dag.py:3239} INFO - Sync 1 DAGs
[2026-08-23T06:55:24.583+0000] {logging_mixin.py:190} INFO - [2026-08-23T06:55:24.582+0000] {dag.py:4180} INFO - Setting next_dagrun for daily_inventory_pipeline to 2026-08-22 18:30:00+00:00, run_after=2026-08-23 18:30:00+00:00
[2026-08-23T06:55:24.600+0000] {processor.py:208} INFO - Processing /opt/airflow/dags/daily_inventory_pipeline.py took 0.173 seconds
[2026-08-23T06:55:54.873+0000] {processor.py:186} INFO - Started process (PID=7489) to work on /opt/airflow/dags/daily_inventory_pipeline.py
[2026-08-23T06:55:54.875+0000] {processor.py:914} INFO - Processing file /opt/airflow/dags/daily_inventory_pipeline.py for tasks to queue
[2026-08-23T06:55:54.877+0000] {logging_mixin.py:190} INFO - [2026-08-23T06:55:54.877+0000] {dagbag.py:588} INFO - Filling up the DagBag from /opt/airflow/dags/daily_inventory_pipeline.py
[2026-08-23T06:55:54.967+0000] {processor.py:925} INFO - DAG(s) 'daily_inventory_pipeline' retrieved from /opt/airflow/dags/daily_inventory_pipeline.py
[2026-08-23T06:55:54.988+0000] {logging_mixin.py:190} INFO - [2026-08-23T06:55:54.987+0000] {dag.py:3239} INFO - Sync 1 DAGs
[2026-08-23T06:55:55.004+0000] {logging_mixin.py:190} INFO - [2026-08-23T06:55:55.004+0000] {dag.py:4180} INFO - Setting next_dagrun for daily_inventory_pipeline to 2026-08-22 18:30:00+00:00, run_after=2026-08-23 18:30:00+00:00
[2026-08-23T06:55:55.018+0000] {processor.py:208} INFO - Processing /opt/airflow/dags/daily_inventory_pipeline.py took 0.150 seconds
[2026-08-23T06:56:25.213+0000] {processor.py:186} INFO - Started process (PID=7499) to work on /opt/airflow/dags/daily_inventory_pipeline.py
[2026-08-23T06:56:25.214+0000] {processor.py:914} INFO - Processing file /opt/airflow/dags/daily_inventory_pipeline.py for tasks to queue
[2026-08-23T06:56:25.216+0000] {logging_mixin.py:190} INFO - [2026-08-23T06:56:25.216+0000] {dagbag.py:588} INFO - Filling up the DagBag from /opt/airflow/dags/daily_inventory_pipeline.py
[2026-08-23T06:56:25.305+0000] {processor.py:925} INFO - DAG(s) 'daily_inventory_pipeline' retrieved from /opt/airflow/dags/daily_inventory_pipeline.py
[2026-08-23T06:56:25.324+0000] {logging_mixin.py:190} INFO - [2026-08-23T06:56:25.324+0000] {dag.py:3239} INFO - Sync 1 DAGs
[2026-08-23T06:56:25.340+0000] {logging_mixin.py:190} INFO - [2026-08-23T06:56:25.340+0000] {dag.py:4180} INFO - Setting next_dagrun for daily_inventory_pipeline to 2026-08-22 18:30:00+00:00, run_after=2026-08-23 18:30:00+00:00
[2026-08-23T06:56:25.356+0000] {processor.py:208} INFO - Processing /opt/airflow/dags/daily_inventory_pipeline.py took 0.148 seconds
[2026-08-23T06:56:55.552+0000] {processor.py:186} INFO - Started process (PID=7509) to work on /opt/airflow/dags/daily_inventory_pipeline.py
[2026-08-23T06:56:55.553+0000] {processor.py:914} INFO - Processing file /opt/airflow/dags/daily_inventory_pipeline.py for tasks to queue
[2026-08-23T06:56:55.555+0000] {logging_mixin.py:190} INFO - [2026-08-23T06:56:55.554+0000] {dagbag.py:588} INFO - Filling up the DagBag from /opt/airflow/dags/daily_inventory_pipeline.py
[2026-08-23T06:56:55.638+0000] {processor.py:925} INFO - DAG(s) 'daily_inventory_pipeline' retrieved from /opt/airflow/dags/daily_inventory_pipeline.py
[2026-08-23T06:56:55.657+0000] {logging_mixin.py:190} INFO - [2026-08-23T06:56:55.657+0000] {dag.py:3239} INFO - Sync 1 DAGs
[2026-08-23T06:56:55.675+0000] {logging_mixin.py:190} INFO - [2026-08-23T06:56:55.674+0000] {dag.py:4180} INFO - Setting next_dagrun for daily_inventory_pipeline to 2026-08-22 18:30:00+00:00, run_after=2026-08-23 18:30:00+00:00
[2026-08-23T06:56:55.691+0000] {processor.py:208} INFO - Processing /opt/airflow/dags/daily_inventory_pipeline.py took 0.145 seconds
[2026-08-23T06:57:25.896+0000] {processor.py:186} INFO - Started process (PID=7519) to work on /opt/airflow/dags/daily_inventory_pipeline.py
[2026-08-23T06:57:25.897+0000] {processor.py:914} INFO - Processing file /opt/airflow/dags/daily_inventory_pipeline.py for tasks to queue
[2026-08-23T06:57:25.899+0000] {logging_mixin.py:190} INFO - [2026-08-23T06:57:25.899+0000] {dagbag.py:588} INFO - Filling up the DagBag from /opt/airflow/dags/daily_inventory_pipeline.py
[2026-08-23T06:57:25.992+0000] {processor.py:925} INFO - DAG(s) 'daily_inventory_pipeline' retrieved from /opt/airflow/dags/daily_inventory_pipeline.py
[2026-08-23T06:57:26.012+0000] {logging_mixin.py:190} INFO - [2026-08-23T06:57:26.012+0000] {dag.py:3239} INFO - Sync 1 DAGs
[2026-08-23T06:57:26.027+0000] {logging_mixin.py:190} INFO - [2026-08-23T06:57:26.027+0000] {dag.py:4180} INFO - Setting next_dagrun for daily_inventory_pipeline to 2026-08-22 18:30:00+00:00, run_after=2026-08-23 18:30:00+00:00
[2026-08-23T06:57:26.039+0000] {processor.py:208} INFO - Processing /opt/airflow/dags/daily_inventory_pipeline.py took 0.148 seconds
[2026-08-23T06:57:56.334+0000] {processor.py:186} INFO - Started process (PID=7529) to work on /opt/airflow/dags/daily_inventory_pipeline.py
[2026-08-23T06:57:56.335+0000] {processor.py:914} INFO - Processing file /opt/airflow/dags/daily_inventory_pipeline.py for tasks to queue
[2026-08-23T06:57:56.337+0000] {logging_mixin.py:190} INFO - [2026-08-23T06:57:56.337+0000] {dagbag.py:588} INFO - Filling up the DagBag from /opt/airflow/dags/daily_inventory_pipeline.py
[2026-08-23T06:57:56.423+0000] {processor.py:925} INFO - DAG(s) 'daily_inventory_pipeline' retrieved from /opt/airflow/dags/daily_inventory_pipeline.py
[2026-08-23T06:57:56.442+0000] {logging_mixin.py:190} INFO - [2026-08-23T06:57:56.442+0000] {dag.py:3239} INFO - Sync 1 DAGs
[2026-08-23T06:57:56.457+0000] {logging_mixin.py:190} INFO - [2026-08-23T06:57:56.457+0000] {dag.py:4180} INFO - Setting next_dagrun for daily_inventory_pipeline to 2026-08-22 18:30:00+00:00, run_after=2026-08-23 18:30:00+00:00
[2026-08-23T06:57:56.469+0000] {processor.py:208} INFO - Processing /opt/airflow/dags/daily_inventory_pipeline.py took 0.140 seconds
[2026-08-23T06:58:26.688+0000] {processor.py:186} INFO - Started process (PID=7539) to work on /opt/airflow/dags/daily_inventory_pipeline.py
[2026-08-23T06:58:26.689+0000] {processor.py:914} INFO - Processing file /opt/airflow/dags/daily_inventory_pipeline.py for tasks to queue
[2026-08-23T06:58:26.691+0000] {logging_mixin.py:190} INFO - [2026-08-23T06:58:26.691+0000] {dagbag.py:588} INFO - Filling up the DagBag from /opt/airflow/dags/daily_inventory_pipeline.py
[2026-08-23T06:58:26.778+0000] {processor.py:925} INFO - DAG(s) 'daily_inventory_pipeline' retrieved from /opt/airflow/dags/daily_inventory_pipeline.py
[2026-08-23T06:58:26.800+0000] {logging_mixin.py:190} INFO - [2026-08-23T06:58:26.800+0000] {dag.py:3239} INFO - Sync 1 DAGs
[2026-08-23T06:58:26.817+0000] {logging_mixin.py:190} INFO - [2026-08-23T06:58:26.817+0000] {dag.py:4180} INFO - Setting next_dagrun for daily_inventory_pipeline to 2026-08-22 18:30:00+00:00, run_after=2026-08-23 18:30:00+00:00
[2026-08-23T06:58:26.829+0000] {processor.py:208} INFO - Processing /opt/airflow/dags/daily_inventory_pipeline.py took 0.146 seconds
[2026-08-23T06:58:57.059+0000] {processor.py:186} INFO - Started process (PID=7549) to work on /opt/airflow/dags/daily_inventory_pipeline.py
[2026-08-23T06:58:57.060+0000] {processor.py:914} INFO - Processing file /opt/airflow/dags/daily_inventory_pipeline.py for tasks to queue
[2026-08-23T06:58:57.063+0000] {logging_mixin.py:190} INFO - [2026-08-23T06:58:57.063+0000] {dagbag.py:588} INFO - Filling up the DagBag from /opt/airflow/dags/daily_inventory_pipeline.py
[2026-08-23T06:58:57.165+0000] {processor.py:925} INFO - DAG(s) 'daily_inventory_pipeline' retrieved from /opt/airflow/dags/daily_inventory_pipeline.py
[2026-08-23T06:58:57.187+0000] {logging_mixin.py:190} INFO - [2026-08-23T06:58:57.186+0000] {dag.py:3239} INFO - Sync 1 DAGs
[2026-08-23T06:58:57.204+0000] {logging_mixin.py:190} INFO - [2026-08-23T06:58:57.204+0000] {dag.py:4180} INFO - Setting next_dagrun for daily_inventory_pipeline to 2026-08-22 18:30:00+00:00, run_after=2026-08-23 18:30:00+00:00
[2026-08-23T06:58:57.223+0000] {processor.py:208} INFO - Processing /opt/airflow/dags/daily_inventory_pipeline.py took 0.170 seconds
[2026-08-23T06:59:27.297+0000] {processor.py:186} INFO - Started process (PID=7559) to work on /opt/airflow/dags/daily_inventory_pipeline.py
[2026-08-23T06:59:27.298+0000] {processor.py:914} INFO - Processing file /opt/airflow/dags/daily_inventory_pipeline.py for tasks to queue
[2026-08-23T06:59:27.300+0000] {logging_mixin.py:190} INFO - [2026-08-23T06:59:27.300+0000] {dagbag.py:588} INFO - Filling up the DagBag from /opt/airflow/dags/daily_inventory_pipeline.py
[2026-08-23T06:59:27.398+0000] {processor.py:925} INFO - DAG(s) 'daily_inventory_pipeline' retrieved from /opt/airflow/dags/daily_inventory_pipeline.py
[2026-08-23T06:59:27.420+0000] {logging_mixin.py:190} INFO - [2026-08-23T06:59:27.420+0000] {dag.py:3239} INFO - Sync 1 DAGs
[2026-08-23T06:59:27.439+0000] {logging_mixin.py:190} INFO - [2026-08-23T06:59:27.438+0000] {dag.py:4180} INFO - Setting next_dagrun for daily_inventory_pipeline to 2026-08-22 18:30:00+00:00, run_after=2026-08-23 18:30:00+00:00
[2026-08-23T06:59:27.453+0000] {processor.py:208} INFO - Processing /opt/airflow/dags/daily_inventory_pipeline.py took 0.162 seconds
[2026-08-23T06:59:57.639+0000] {processor.py:186} INFO - Started process (PID=7569) to work on /opt/airflow/dags/daily_inventory_pipeline.py
[2026-08-23T06:59:57.640+0000] {processor.py:914} INFO - Processing file /opt/airflow/dags/daily_inventory_pipeline.py for tasks to queue
[2026-08-23T06:59:57.642+0000] {logging_mixin.py:190} INFO - [2026-08-23T06:59:57.642+0000] {dagbag.py:588} INFO - Filling up the DagBag from /opt/airflow/dags/daily_inventory_pipeline.py
[2026-08-23T06:59:57.752+0000] {processor.py:925} INFO - DAG(s) 'daily_inventory_pipeline' retrieved from /opt/airflow/dags/daily_inventory_pipeline.py
[2026-08-23T06:59:57.773+0000] {logging_mixin.py:190} INFO - [2026-08-23T06:59:57.773+0000] {dag.py:3239} INFO - Sync 1 DAGs
[2026-08-23T06:59:57.788+0000] {logging_mixin.py:190} INFO - [2026-08-23T06:59:57.788+0000] {dag.py:4180} INFO - Setting next_dagrun for daily_inventory_pipeline to 2026-08-22 18:30:00+00:00, run_after=2026-08-23 18:30:00+00:00
[2026-08-23T06:59:57.806+0000] {processor.py:208} INFO - Processing /opt/airflow/dags/daily_inventory_pipeline.py took 0.172 seconds
[2026-08-23T07:00:27.988+0000] {processor.py:186} INFO - Started process (PID=7579) to work on /opt/airflow/dags/daily_inventory_pipeline.py
[2026-08-23T07:00:27.989+0000] {processor.py:914} INFO - Processing file /opt/airflow/dags/daily_inventory_pipeline.py for tasks to queue
[2026-08-23T07:00:27.990+0000] {logging_mixin.py:190} INFO - [2026-08-23T07:00:27.990+0000] {dagbag.py:588} INFO - Filling up the DagBag from /opt/airflow/dags/daily_inventory_pipeline.py
[2026-08-23T07:00:28.080+0000] {processor.py:925} INFO - DAG(s) 'daily_inventory_pipeline' retrieved from /opt/airflow/dags/daily_inventory_pipeline.py
[2026-08-23T07:00:28.102+0000] {logging_mixin.py:190} INFO - [2026-08-23T07:00:28.102+0000] {dag.py:3239} INFO - Sync 1 DAGs
[2026-08-23T07:00:28.119+0000] {logging_mixin.py:190} INFO - [2026-08-23T07:00:28.119+0000] {dag.py:4180} INFO - Setting next_dagrun for daily_inventory_pipeline to 2026-08-22 18:30:00+00:00, run_after=2026-08-23 18:30:00+00:00
[2026-08-23T07:00:28.136+0000] {processor.py:208} INFO - Processing /opt/airflow/dags/daily_inventory_pipeline.py took 0.154 seconds
[2026-08-23T07:00:58.331+0000] {processor.py:186} INFO - Started process (PID=7589) to work on /opt/airflow/dags/daily_inventory_pipeline.py
[2026-08-23T07:00:58.332+0000] {processor.py:914} INFO - Processing file /opt/airflow/dags/daily_inventory_pipeline.py for tasks to queue
[2026-08-23T07:00:58.334+0000] {logging_mixin.py:190} INFO - [2026-08-23T07:00:58.334+0000] {dagbag.py:588} INFO - Filling up the DagBag from /opt/airflow/dags/daily_inventory_pipeline.py
[2026-08-23T07:00:58.429+0000] {processor.py:925} INFO - DAG(s) 'daily_inventory_pipeline' retrieved from /opt/airflow/dags/daily_inventory_pipeline.py
[2026-08-23T07:00:58.449+0000] {logging_mixin.py:190} INFO - [2026-08-23T07:00:58.449+0000] {dag.py:3239} INFO - Sync 1 DAGs
[2026-08-23T07:00:58.464+0000] {logging_mixin.py:190} INFO - [2026-08-23T07:00:58.464+0000] {dag.py:4180} INFO - Setting next_dagrun for daily_inventory_pipeline to 2026-08-22 18:30:00+00:00, run_after=2026-08-23 18:30:00+00:00
[2026-08-23T07:00:58.476+0000] {processor.py:208} INFO - Processing /opt/airflow/dags/daily_inventory_pipeline.py took 0.150 seconds
[2026-08-23T07:01:28.790+0000] {processor.py:186} INFO - Started process (PID=7599) to work on /opt/airflow/dags/daily_inventory_pipeline.py
[2026-08-23T07:01:28.791+0000] {processor.py:914} INFO - Processing file /opt/airflow/dags/daily_inventory_pipeline.py for tasks to queue
[2026-08-23T07:01:28.794+0000] {logging_mixin.py:190} INFO - [2026-08-23T07:01:28.793+0000] {dagbag.py:588} INFO - Filling up the DagBag from /opt/airflow/dags/daily_inventory_pipeline.py
[2026-08-23T07:01:28.878+0000] {processor.py:925} INFO - DAG(s) 'daily_inventory_pipeline' retrieved from /opt/airflow/dags/daily_inventory_pipeline.py
[2026-08-23T07:01:28.899+0000] {logging_mixin.py:190} INFO - [2026-08-23T07:01:28.898+0000] {dag.py:3239} INFO - Sync 1 DAGs
[2026-08-23T07:01:28.915+0000] {logging_mixin.py:190} INFO - [2026-08-23T07:01:28.915+0000] {dag.py:4180} INFO - Setting next_dagrun for daily_inventory_pipeline to 2026-08-22 18:30:00+00:00, run_after=2026-08-23 18:30:00+00:00
[2026-08-23T07:01:28.933+0000] {processor.py:208} INFO - Processing /opt/airflow/dags/daily_inventory_pipeline.py took 0.148 seconds
[2026-08-23T07:01:59.165+0000] {processor.py:186} INFO - Started process (PID=7609) to work on /opt/airflow/dags/daily_inventory_pipeline.py
[2026-08-23T07:01:59.167+0000] {processor.py:914} INFO - Processing file /opt/airflow/dags/daily_inventory_pipeline.py for tasks to queue
[2026-08-23T07:01:59.170+0000] {logging_mixin.py:190} INFO - [2026-08-23T07:01:59.170+0000] {dagbag.py:588} INFO - Filling up the DagBag from /opt/airflow/dags/daily_inventory_pipeline.py
[2026-08-23T07:01:59.286+0000] {processor.py:925} INFO - DAG(s) 'daily_inventory_pipeline' retrieved from /opt/airflow/dags/daily_inventory_pipeline.py
[2026-08-23T07:01:59.309+0000] {logging_mixin.py:190} INFO - [2026-08-23T07:01:59.309+0000] {dag.py:3239} INFO - Sync 1 DAGs
[2026-08-23T07:01:59.327+0000] {logging_mixin.py:190} INFO - [2026-08-23T07:01:59.327+0000] {dag.py:4180} INFO - Setting next_dagrun for daily_inventory_pipeline to 2026-08-22 18:30:00+00:00, run_after=2026-08-23 18:30:00+00:00
[2026-08-23T07:01:59.341+0000] {processor.py:208} INFO - Processing /opt/airflow/dags/daily_inventory_pipeline.py took 0.181 seconds
[2026-08-23T07:02:29.446+0000] {processor.py:186} INFO - Started process (PID=7619) to work on /opt/airflow/dags/daily_inventory_pipeline.py
[2026-08-23T07:02:29.447+0000] {processor.py:914} INFO - Processing file /opt/airflow/dags/daily_inventory_pipeline.py for tasks to queue
[2026-08-23T07:02:29.449+0000] {logging_mixin.py:190} INFO - [2026-08-23T07:02:29.449+0000] {dagbag.py:588} INFO - Filling up the DagBag from /opt/airflow/dags/daily_inventory_pipeline.py
[2026-08-23T07:02:29.533+0000] {processor.py:925} INFO - DAG(s) 'daily_inventory_pipeline' retrieved from /opt/airflow/dags/daily_inventory_pipeline.py
[2026-08-23T07:02:29.553+0000] {logging_mixin.py:190} INFO - [2026-08-23T07:02:29.553+0000] {dag.py:3239} INFO - Sync 1 DAGs
[2026-08-23T07:02:29.570+0000] {logging_mixin.py:190} INFO - [2026-08-23T07:02:29.570+0000] {dag.py:4180} INFO - Setting next_dagrun for daily_inventory_pipeline to 2026-08-22 18:30:00+00:00, run_after=2026-08-23 18:30:00+00:00
[2026-08-23T07:02:29.582+0000] {processor.py:208} INFO - Processing /opt/airflow/dags/daily_inventory_pipeline.py took 0.142 seconds
[2026-08-23T07:02:59.640+0000] {processor.py:186} INFO - Started process (PID=7629) to work on /opt/airflow/dags/daily_inventory_pipeline.py
[2026-08-23T07:02:59.641+0000] {processor.py:914} INFO - Processing file /opt/airflow/dags/daily_inventory_pipeline.py for tasks to queue
[2026-08-23T07:02:59.643+0000] {logging_mixin.py:190} INFO - [2026-08-23T07:02:59.643+0000] {dagbag.py:588} INFO - Filling up the DagBag from /opt/airflow/dags/daily_inventory_pipeline.py
[2026-08-23T07:02:59.752+0000] {processor.py:925} INFO - DAG(s) 'daily_inventory_pipeline' retrieved from /opt/airflow/dags/daily_inventory_pipeline.py
[2026-08-23T07:02:59.775+0000] {logging_mixin.py:190} INFO - [2026-08-23T07:02:59.775+0000] {dag.py:3239} INFO - Sync 1 DAGs
[2026-08-23T07:02:59.792+0000] {logging_mixin.py:190} INFO - [2026-08-23T07:02:59.792+0000] {dag.py:4180} INFO - Setting next_dagrun for daily_inventory_pipeline to 2026-08-22 18:30:00+00:00, run_after=2026-08-23 18:30:00+00:00
[2026-08-23T07:02:59.806+0000] {processor.py:208} INFO - Processing /opt/airflow/dags/daily_inventory_pipeline.py took 0.173 seconds
[2026-08-23T07:03:30.037+0000] {processor.py:186} INFO - Started process (PID=7639) to work on /opt/airflow/dags/daily_inventory_pipeline.py
[2026-08-23T07:03:30.038+0000] {processor.py:914} INFO - Processing file /opt/airflow/dags/daily_inventory_pipeline.py for tasks to queue
[2026-08-23T07:03:30.040+0000] {logging_mixin.py:190} INFO - [2026-08-23T07:03:30.040+0000] {dagbag.py:588} INFO - Filling up the DagBag from /opt/airflow/dags/daily_inventory_pipeline.py
[2026-08-23T07:03:30.123+0000] {processor.py:925} INFO - DAG(s) 'daily_inventory_pipeline' retrieved from /opt/airflow/dags/daily_inventory_pipeline.py
[2026-08-23T07:03:30.143+0000] {logging_mixin.py:190} INFO - [2026-08-23T07:03:30.142+0000] {dag.py:3239} INFO - Sync 1 DAGs
[2026-08-23T07:03:30.158+0000] {logging_mixin.py:190} INFO - [2026-08-23T07:03:30.158+0000] {dag.py:4180} INFO - Setting next_dagrun for daily_inventory_pipeline to 2026-08-22 18:30:00+00:00, run_after=2026-08-23 18:30:00+00:00
[2026-08-23T07:03:30.176+0000] {processor.py:208} INFO - Processing /opt/airflow/dags/daily_inventory_pipeline.py took 0.144 seconds
[2026-08-23T07:04:00.223+0000] {processor.py:186} INFO - Started process (PID=7649) to work on /opt/airflow/dags/daily_inventory_pipeline.py
[2026-08-23T07:04:00.224+0000] {processor.py:914} INFO - Processing file /opt/airflow/dags/daily_inventory_pipeline.py for tasks to queue
[2026-08-23T07:04:00.226+0000] {logging_mixin.py:190} INFO - [2026-08-23T07:04:00.226+0000] {dagbag.py:588} INFO - Filling up the DagBag from /opt/airflow/dags/daily_inventory_pipeline.py
[2026-08-23T07:04:00.323+0000] {processor.py:925} INFO - DAG(s) 'daily_inventory_pipeline' retrieved from /opt/airflow/dags/daily_inventory_pipeline.py
[2026-08-23T07:04:00.346+0000] {logging_mixin.py:190} INFO - [2026-08-23T07:04:00.346+0000] {dag.py:3239} INFO - Sync 1 DAGs
[2026-08-23T07:04:00.363+0000] {logging_mixin.py:190} INFO - [2026-08-23T07:04:00.362+0000] {dag.py:4180} INFO - Setting next_dagrun for daily_inventory_pipeline to 2026-08-22 18:30:00+00:00, run_after=2026-08-23 18:30:00+00:00
[2026-08-23T07:04:00.377+0000] {processor.py:208} INFO - Processing /opt/airflow/dags/daily_inventory_pipeline.py took 0.160 seconds
[2026-08-23T07:04:30.580+0000] {processor.py:186} INFO - Started process (PID=7659) to work on /opt/airflow/dags/daily_inventory_pipeline.py
[2026-08-23T07:04:30.581+0000] {processor.py:914} INFO - Processing file /opt/airflow/dags/daily_inventory_pipeline.py for tasks to queue
[2026-08-23T07:04:30.583+0000] {logging_mixin.py:190} INFO - [2026-08-23T07:04:30.583+0000] {dagbag.py:588} INFO - Filling up the DagBag from /opt/airflow/dags/daily_inventory_pipeline.py
[2026-08-23T07:04:30.669+0000] {processor.py:925} INFO - DAG(s) 'daily_inventory_pipeline' retrieved from /opt/airflow/dags/daily_inventory_pipeline.py
[2026-08-23T07:04:30.689+0000] {logging_mixin.py:190} INFO - [2026-08-23T07:04:30.688+0000] {dag.py:3239} INFO - Sync 1 DAGs
[2026-08-23T07:04:30.704+0000] {logging_mixin.py:190} INFO - [2026-08-23T07:04:30.704+0000] {dag.py:4180} INFO - Setting next_dagrun for daily_inventory_pipeline to 2026-08-22 18:30:00+00:00, run_after=2026-08-23 18:30:00+00:00
[2026-08-23T07:04:30.722+0000] {processor.py:208} INFO - Processing /opt/airflow/dags/daily_inventory_pipeline.py took 0.147 seconds
[2026-08-23T07:05:00.842+0000] {processor.py:186} INFO - Started process (PID=7669) to work on /opt/airflow/dags/daily_inventory_pipeline.py
[2026-08-23T07:05:00.843+0000] {processor.py:914} INFO - Processing file /opt/airflow/dags/daily_inventory_pipeline.py for tasks to queue
[2026-08-23T07:05:00.845+0000] {logging_mixin.py:190} INFO - [2026-08-23T07:05:00.845+0000] {dagbag.py:588} INFO - Filling up the DagBag from /opt/airflow/dags/daily_inventory_pipeline.py
[2026-08-23T07:05:00.943+0000] {processor.py:925} INFO - DAG(s) 'daily_inventory_pipeline' retrieved from /opt/airflow/dags/daily_inventory_pipeline.py
[2026-08-23T07:05:00.966+0000] {logging_mixin.py:190} INFO - [2026-08-23T07:05:00.966+0000] {dag.py:3239} INFO - Sync 1 DAGs
[2026-08-23T07:05:00.984+0000] {logging_mixin.py:190} INFO - [2026-08-23T07:05:00.983+0000] {dag.py:4180} INFO - Setting next_dagrun for daily_inventory_pipeline to 2026-08-22 18:30:00+00:00, run_after=2026-08-23 18:30:00+00:00
[2026-08-23T07:05:00.998+0000] {processor.py:208} INFO - Processing /opt/airflow/dags/daily_inventory_pipeline.py took 0.162 seconds
[2026-08-23T07:05:31.144+0000] {processor.py:186} INFO - Started process (PID=7679) to work on /opt/airflow/dags/daily_inventory_pipeline.py
[2026-08-23T07:05:31.145+0000] {processor.py:914} INFO - Processing file /opt/airflow/dags/daily_inventory_pipeline.py for tasks to queue
[2026-08-23T07:05:31.148+0000] {logging_mixin.py:190} INFO - [2026-08-23T07:05:31.147+0000] {dagbag.py:588} INFO - Filling up the DagBag from /opt/airflow/dags/daily_inventory_pipeline.py
[2026-08-23T07:05:31.239+0000] {processor.py:925} INFO - DAG(s) 'daily_inventory_pipeline' retrieved from /opt/airflow/dags/daily_inventory_pipeline.py
[2026-08-23T07:05:31.260+0000] {logging_mixin.py:190} INFO - [2026-08-23T07:05:31.260+0000] {dag.py:3239} INFO - Sync 1 DAGs
[2026-08-23T07:05:31.278+0000] {logging_mixin.py:190} INFO - [2026-08-23T07:05:31.278+0000] {dag.py:4180} INFO - Setting next_dagrun for daily_inventory_pipeline to 2026-08-22 18:30:00+00:00, run_after=2026-08-23 18:30:00+00:00
[2026-08-23T07:05:31.291+0000] {processor.py:208} INFO - Processing /opt/airflow/dags/daily_inventory_pipeline.py took 0.154 seconds
[2026-08-23T07:06:01.466+0000] {processor.py:186} INFO - Started process (PID=7689) to work on /opt/airflow/dags/daily_inventory_pipeline.py
[2026-08-23T07:06:01.467+0000] {processor.py:914} INFO - Processing file /opt/airflow/dags/daily_inventory_pipeline.py for tasks to queue
[2026-08-23T07:06:01.470+0000] {logging_mixin.py:190} INFO - [2026-08-23T07:06:01.470+0000] {dagbag.py:588} INFO - Filling up the DagBag from /opt/airflow/dags/daily_inventory_pipeline.py
[2026-08-23T07:06:01.646+0000] {processor.py:925} INFO - DAG(s) 'daily_inventory_pipeline' retrieved from /opt/airflow/dags/daily_inventory_pipeline.py
[2026-08-23T07:06:01.670+0000] {logging_mixin.py:190} INFO - [2026-08-23T07:06:01.670+0000] {dag.py:3239} INFO - Sync 1 DAGs
[2026-08-23T07:06:01.688+0000] {logging_mixin.py:190} INFO - [2026-08-23T07:06:01.688+0000] {dag.py:4180} INFO - Setting next_dagrun for daily_inventory_pipeline to 2026-08-22 18:30:00+00:00, run_after=2026-08-23 18:30:00+00:00
[2026-08-23T07:06:01.704+0000] {processor.py:208} INFO - Processing /opt/airflow/dags/daily_inventory_pipeline.py took 0.247 seconds
[2026-08-23T07:06:31.909+0000] {processor.py:186} INFO - Started process (PID=7699) to work on /opt/airflow/dags/daily_inventory_pipeline.py
[2026-08-23T07:06:31.910+0000] {processor.py:914} INFO - Processing file /opt/airflow/dags/daily_inventory_pipeline.py for tasks to queue
[2026-08-23T07:06:31.912+0000] {logging_mixin.py:190} INFO - [2026-08-23T07:06:31.912+0000] {dagbag.py:588} INFO - Filling up the DagBag from /opt/airflow/dags/daily_inventory_pipeline.py
[2026-08-23T07:06:32.083+0000] {processor.py:925} INFO - DAG(s) 'daily_inventory_pipeline' retrieved from /opt/airflow/dags/daily_inventory_pipeline.py
[2026-08-23T07:06:32.105+0000] {logging_mixin.py:190} INFO - [2026-08-23T07:06:32.105+0000] {dag.py:3239} INFO - Sync 1 DAGs
[2026-08-23T07:06:32.123+0000] {logging_mixin.py:190} INFO - [2026-08-23T07:06:32.123+0000] {dag.py:4180} INFO - Setting next_dagrun for daily_inventory_pipeline to 2026-08-22 18:30:00+00:00, run_after=2026-08-23 18:30:00+00:00
[2026-08-23T07:06:32.138+0000] {processor.py:208} INFO - Processing /opt/airflow/dags/daily_inventory_pipeline.py took 0.237 seconds
[2026-08-23T07:07:02.293+0000] {processor.py:186} INFO - Started process (PID=7709) to work on /opt/airflow/dags/daily_inventory_pipeline.py
[2026-08-23T07:07:02.294+0000] {processor.py:914} INFO - Processing file /opt/airflow/dags/daily_inventory_pipeline.py for tasks to queue
[2026-08-23T07:07:02.295+0000] {logging_mixin.py:190} INFO - [2026-08-23T07:07:02.295+0000] {dagbag.py:588} INFO - Filling up the DagBag from /opt/airflow/dags/daily_inventory_pipeline.py
[2026-08-23T07:07:02.383+0000] {processor.py:925} INFO - DAG(s) 'daily_inventory_pipeline' retrieved from /opt/airflow/dags/daily_inventory_pipeline.py
[2026-08-23T07:07:02.403+0000] {logging_mixin.py:190} INFO - [2026-08-23T07:07:02.403+0000] {dag.py:3239} INFO - Sync 1 DAGs
[2026-08-23T07:07:02.420+0000] {logging_mixin.py:190} INFO - [2026-08-23T07:07:02.420+0000] {dag.py:4180} INFO - Setting next_dagrun for daily_inventory_pipeline to 2026-08-22 18:30:00+00:00, run_after=2026-08-23 18:30:00+00:00
[2026-08-23T07:07:02.433+0000] {processor.py:208} INFO - Processing /opt/airflow/dags/daily_inventory_pipeline.py took 0.146 seconds
[2026-08-23T07:07:32.668+0000] {processor.py:186} INFO - Started process (PID=7719) to work on /opt/airflow/dags/daily_inventory_pipeline.py
[2026-08-23T07:07:32.670+0000] {processor.py:914} INFO - Processing file /opt/airflow/dags/daily_inventory_pipeline.py for tasks to queue
[2026-08-23T07:07:32.672+0000] {logging_mixin.py:190} INFO - [2026-08-23T07:07:32.671+0000] {dagbag.py:588} INFO - Filling up the DagBag from /opt/airflow/dags/daily_inventory_pipeline.py
[2026-08-23T07:07:32.763+0000] {processor.py:925} INFO - DAG(s) 'daily_inventory_pipeline' retrieved from /opt/airflow/dags/daily_inventory_pipeline.py
[2026-08-23T07:07:32.783+0000] {logging_mixin.py:190} INFO - [2026-08-23T07:07:32.783+0000] {dag.py:3239} INFO - Sync 1 DAGs
[2026-08-23T07:07:32.801+0000] {logging_mixin.py:190} INFO - [2026-08-23T07:07:32.801+0000] {dag.py:4180} INFO - Setting next_dagrun for daily_inventory_pipeline to 2026-08-22 18:30:00+00:00, run_after=2026-08-23 18:30:00+00:00
[2026-08-23T07:07:32.818+0000] {processor.py:208} INFO - Processing /opt/airflow/dags/daily_inventory_pipeline.py took 0.156 seconds
[2026-08-23T07:08:02.996+0000] {processor.py:186} INFO - Started process (PID=7729) to work on /opt/airflow/dags/daily_inventory_pipeline.py
[2026-08-23T07:08:02.997+0000] {processor.py:914} INFO - Processing file /opt/airflow/dags/daily_inventory_pipeline.py for tasks to queue
[2026-08-23T07:08:03.000+0000] {logging_mixin.py:190} INFO - [2026-08-23T07:08:02.999+0000] {dagbag.py:588} INFO - Filling up the DagBag from /opt/airflow/dags/daily_inventory_pipeline.py
[2026-08-23T07:08:03.085+0000] {processor.py:925} INFO - DAG(s) 'daily_inventory_pipeline' retrieved from /opt/airflow/dags/daily_inventory_pipeline.py
[2026-08-23T07:08:03.106+0000] {logging_mixin.py:190} INFO - [2026-08-23T07:08:03.106+0000] {dag.py:3239} INFO - Sync 1 DAGs
[2026-08-23T07:08:03.123+0000] {logging_mixin.py:190} INFO - [2026-08-23T07:08:03.123+0000] {dag.py:4180} INFO - Setting next_dagrun for daily_inventory_pipeline to 2026-08-22 18:30:00+00:00, run_after=2026-08-23 18:30:00+00:00
[2026-08-23T07:08:03.141+0000] {processor.py:208} INFO - Processing /opt/airflow/dags/daily_inventory_pipeline.py took 0.151 seconds
[2026-08-23T07:08:33.385+0000] {processor.py:186} INFO - Started process (PID=7739) to work on /opt/airflow/dags/daily_inventory_pipeline.py
[2026-08-23T07:08:33.385+0000] {processor.py:914} INFO - Processing file /opt/airflow/dags/daily_inventory_pipeline.py for tasks to queue
[2026-08-23T07:08:33.388+0000] {logging_mixin.py:190} INFO - [2026-08-23T07:08:33.387+0000] {dagbag.py:588} INFO - Filling up the DagBag from /opt/airflow/dags/daily_inventory_pipeline.py
[2026-08-23T07:08:33.470+0000] {processor.py:925} INFO - DAG(s) 'daily_inventory_pipeline' retrieved from /opt/airflow/dags/daily_inventory_pipeline.py
[2026-08-23T07:08:33.491+0000] {logging_mixin.py:190} INFO - [2026-08-23T07:08:33.490+0000] {dag.py:3239} INFO - Sync 1 DAGs
[2026-08-23T07:08:33.506+0000] {logging_mixin.py:190} INFO - [2026-08-23T07:08:33.506+0000] {dag.py:4180} INFO - Setting next_dagrun for daily_inventory_pipeline to 2026-08-22 18:30:00+00:00, run_after=2026-08-23 18:30:00+00:00
[2026-08-23T07:08:33.519+0000] {processor.py:208} INFO - Processing /opt/airflow/dags/daily_inventory_pipeline.py took 0.140 seconds
[2026-08-23T07:09:03.661+0000] {processor.py:186} INFO - Started process (PID=7749) to work on /opt/airflow/dags/daily_inventory_pipeline.py
[2026-08-23T07:09:03.662+0000] {processor.py:914} INFO - Processing file /opt/airflow/dags/daily_inventory_pipeline.py for tasks to queue
[2026-08-23T07:09:03.664+0000] {logging_mixin.py:190} INFO - [2026-08-23T07:09:03.664+0000] {dagbag.py:588} INFO - Filling up the DagBag from /opt/airflow/dags/daily_inventory_pipeline.py
[2026-08-23T07:09:03.798+0000] {processor.py:925} INFO - DAG(s) 'daily_inventory_pipeline' retrieved from /opt/airflow/dags/daily_inventory_pipeline.py
[2026-08-23T07:09:03.823+0000] {logging_mixin.py:190} INFO - [2026-08-23T07:09:03.823+0000] {dag.py:3239} INFO - Sync 1 DAGs
[2026-08-23T07:09:03.843+0000] {logging_mixin.py:190} INFO - [2026-08-23T07:09:03.842+0000] {dag.py:4180} INFO - Setting next_dagrun for daily_inventory_pipeline to 2026-08-22 18:30:00+00:00, run_after=2026-08-23 18:30:00+00:00
[2026-08-23T07:09:03.858+0000] {processor.py:208} INFO - Processing /opt/airflow/dags/daily_inventory_pipeline.py took 0.208 seconds
[2026-08-23T07:09:33.929+0000] {processor.py:186} INFO - Started process (PID=7759) to work on /opt/airflow/dags/daily_inventory_pipeline.py
[2026-08-23T07:09:33.930+0000] {processor.py:914} INFO - Processing file /opt/airflow/dags/daily_inventory_pipeline.py for tasks to queue
[2026-08-23T07:09:33.932+0000] {logging_mixin.py:190} INFO - [2026-08-23T07:09:33.932+0000] {dagbag.py:588} INFO - Filling up the DagBag from /opt/airflow/dags/daily_inventory_pipeline.py
[2026-08-23T07:09:34.026+0000] {processor.py:925} INFO - DAG(s) 'daily_inventory_pipeline' retrieved from /opt/airflow/dags/daily_inventory_pipeline.py
[2026-08-23T07:09:34.048+0000] {logging_mixin.py:190} INFO - [2026-08-23T07:09:34.048+0000] {dag.py:3239} INFO - Sync 1 DAGs
[2026-08-23T07:09:34.066+0000] {logging_mixin.py:190} INFO - [2026-08-23T07:09:34.066+0000] {dag.py:4180} INFO - Setting next_dagrun for daily_inventory_pipeline to 2026-08-22 18:30:00+00:00, run_after=2026-08-23 18:30:00+00:00
[2026-08-23T07:09:34.080+0000] {processor.py:208} INFO - Processing /opt/airflow/dags/daily_inventory_pipeline.py took 0.158 seconds
[2026-08-23T07:10:04.313+0000] {processor.py:186} INFO - Started process (PID=7769) to work on /opt/airflow/dags/daily_inventory_pipeline.py
[2026-08-23T07:10:04.314+0000] {processor.py:914} INFO - Processing file /opt/airflow/dags/daily_inventory_pipeline.py for tasks to queue
[2026-08-23T07:10:04.315+0000] {logging_mixin.py:190} INFO - [2026-08-23T07:10:04.315+0000] {dagbag.py:588} INFO - Filling up the DagBag from /opt/airflow/dags/daily_inventory_pipeline.py
[2026-08-23T07:10:04.398+0000] {processor.py:925} INFO - DAG(s) 'daily_inventory_pipeline' retrieved from /opt/airflow/dags/daily_inventory_pipeline.py
[2026-08-23T07:10:04.418+0000] {logging_mixin.py:190} INFO - [2026-08-23T07:10:04.417+0000] {dag.py:3239} INFO - Sync 1 DAGs
[2026-08-23T07:10:04.433+0000] {logging_mixin.py:190} INFO - [2026-08-23T07:10:04.433+0000] {dag.py:4180} INFO - Setting next_dagrun for daily_inventory_pipeline to 2026-08-22 18:30:00+00:00, run_after=2026-08-23 18:30:00+00:00
[2026-08-23T07:10:04.446+0000] {processor.py:208} INFO - Processing /opt/airflow/dags/daily_inventory_pipeline.py took 0.139 seconds
[2026-08-23T07:10:34.657+0000] {processor.py:186} INFO - Started process (PID=7779) to work on /opt/airflow/dags/daily_inventory_pipeline.py
[2026-08-23T07:10:34.658+0000] {processor.py:914} INFO - Processing file /opt/airflow/dags/daily_inventory_pipeline.py for tasks to queue
[2026-08-23T07:10:34.659+0000] {logging_mixin.py:190} INFO - [2026-08-23T07:10:34.659+0000] {dagbag.py:588} INFO - Filling up the DagBag from /opt/airflow/dags/daily_inventory_pipeline.py
[2026-08-23T07:10:34.746+0000] {processor.py:925} INFO - DAG(s) 'daily_inventory_pipeline' retrieved from /opt/airflow/dags/daily_inventory_pipeline.py
[2026-08-23T07:10:34.766+0000] {logging_mixin.py:190} INFO - [2026-08-23T07:10:34.765+0000] {dag.py:3239} INFO - Sync 1 DAGs
[2026-08-23T07:10:34.782+0000] {logging_mixin.py:190} INFO - [2026-08-23T07:10:34.782+0000] {dag.py:4180} INFO - Setting next_dagrun for daily_inventory_pipeline to 2026-08-22 18:30:00+00:00, run_after=2026-08-23 18:30:00+00:00
[2026-08-23T07:10:34.796+0000] {processor.py:208} INFO - Processing /opt/airflow/dags/daily_inventory_pipeline.py took 0.145 seconds
[2026-08-23T07:11:05.126+0000] {processor.py:186} INFO - Started process (PID=7789) to work on /opt/airflow/dags/daily_inventory_pipeline.py
[2026-08-23T07:11:05.127+0000] {processor.py:914} INFO - Processing file /opt/airflow/dags/daily_inventory_pipeline.py for tasks to queue
[2026-08-23T07:11:05.129+0000] {logging_mixin.py:190} INFO - [2026-08-23T07:11:05.129+0000] {dagbag.py:588} INFO - Filling up the DagBag from /opt/airflow/dags/daily_inventory_pipeline.py
[2026-08-23T07:11:05.221+0000] {processor.py:925} INFO - DAG(s) 'daily_inventory_pipeline' retrieved from /opt/airflow/dags/daily_inventory_pipeline.py
[2026-08-23T07:11:05.242+0000] {logging_mixin.py:190} INFO - [2026-08-23T07:11:05.242+0000] {dag.py:3239} INFO - Sync 1 DAGs
[2026-08-23T07:11:05.260+0000] {logging_mixin.py:190} INFO - [2026-08-23T07:11:05.259+0000] {dag.py:4180} INFO - Setting next_dagrun for daily_inventory_pipeline to 2026-08-22 18:30:00+00:00, run_after=2026-08-23 18:30:00+00:00
[2026-08-23T07:11:05.274+0000] {processor.py:208} INFO - Processing /opt/airflow/dags/daily_inventory_pipeline.py took 0.154 seconds
[2026-08-23T07:11:35.404+0000] {processor.py:186} INFO - Started process (PID=7799) to work on /opt/airflow/dags/daily_inventory_pipeline.py
[2026-08-23T07:11:35.404+0000] {processor.py:914} INFO - Processing file /opt/airflow/dags/daily_inventory_pipeline.py for tasks to queue
[2026-08-23T07:11:35.407+0000] {logging_mixin.py:190} INFO - [2026-08-23T07:11:35.406+0000] {dagbag.py:588} INFO - Filling up the DagBag from /opt/airflow/dags/daily_inventory_pipeline.py
[2026-08-23T07:11:35.496+0000] {processor.py:925} INFO - DAG(s) 'daily_inventory_pipeline' retrieved from /opt/airflow/dags/daily_inventory_pipeline.py
[2026-08-23T07:11:35.515+0000] {logging_mixin.py:190} INFO - [2026-08-23T07:11:35.515+0000] {dag.py:3239} INFO - Sync 1 DAGs
[2026-08-23T07:11:35.530+0000] {logging_mixin.py:190} INFO - [2026-08-23T07:11:35.530+0000] {dag.py:4180} INFO - Setting next_dagrun for daily_inventory_pipeline to 2026-08-22 18:30:00+00:00, run_after=2026-08-23 18:30:00+00:00
[2026-08-23T07:11:35.543+0000] {processor.py:208} INFO - Processing /opt/airflow/dags/daily_inventory_pipeline.py took 0.145 seconds
[2026-08-23T07:12:05.748+0000] {processor.py:186} INFO - Started process (PID=7809) to work on /opt/airflow/dags/daily_inventory_pipeline.py
[2026-08-23T07:12:05.749+0000] {processor.py:914} INFO - Processing file /opt/airflow/dags/daily_inventory_pipeline.py for tasks to queue
[2026-08-23T07:12:05.752+0000] {logging_mixin.py:190} INFO - [2026-08-23T07:12:05.751+0000] {dagbag.py:588} INFO - Filling up the DagBag from /opt/airflow/dags/daily_inventory_pipeline.py
[2026-08-23T07:12:05.848+0000] {processor.py:925} INFO - DAG(s) 'daily_inventory_pipeline' retrieved from /opt/airflow/dags/daily_inventory_pipeline.py
[2026-08-23T07:12:05.870+0000] {logging_mixin.py:190} INFO - [2026-08-23T07:12:05.870+0000] {dag.py:3239} INFO - Sync 1 DAGs
[2026-08-23T07:12:05.888+0000] {logging_mixin.py:190} INFO - [2026-08-23T07:12:05.888+0000] {dag.py:4180} INFO - Setting next_dagrun for daily_inventory_pipeline to 2026-08-22 18:30:00+00:00, run_after=2026-08-23 18:30:00+00:00
[2026-08-23T07:12:05.903+0000] {processor.py:208} INFO - Processing /opt/airflow/dags/daily_inventory_pipeline.py took 0.161 seconds
[2026-08-23T07:12:36.032+0000] {processor.py:186} INFO - Started process (PID=7819) to work on /opt/airflow/dags/daily_inventory_pipeline.py
[2026-08-23T07:12:36.033+0000] {processor.py:914} INFO - Processing file /opt/airflow/dags/daily_inventory_pipeline.py for tasks to queue
[2026-08-23T07:12:36.035+0000] {logging_mixin.py:190} INFO - [2026-08-23T07:12:36.034+0000] {dagbag.py:588} INFO - Filling up the DagBag from /opt/airflow/dags/daily_inventory_pipeline.py
[2026-08-23T07:12:36.125+0000] {processor.py:925} INFO - DAG(s) 'daily_inventory_pipeline' retrieved from /opt/airflow/dags/daily_inventory_pipeline.py
[2026-08-23T07:12:36.145+0000] {logging_mixin.py:190} INFO - [2026-08-23T07:12:36.145+0000] {dag.py:3239} INFO - Sync 1 DAGs
[2026-08-23T07:12:36.161+0000] {logging_mixin.py:190} INFO - [2026-08-23T07:12:36.161+0000] {dag.py:4180} INFO - Setting next_dagrun for daily_inventory_pipeline to 2026-08-22 18:30:00+00:00, run_after=2026-08-23 18:30:00+00:00
[2026-08-23T07:12:36.174+0000] {processor.py:208} INFO - Processing /opt/airflow/dags/daily_inventory_pipeline.py took 0.147 seconds
[2026-08-23T07:13:06.474+0000] {processor.py:186} INFO - Started process (PID=7829) to work on /opt/airflow/dags/daily_inventory_pipeline.py
[2026-08-23T07:13:06.475+0000] {processor.py:914} INFO - Processing file /opt/airflow/dags/daily_inventory_pipeline.py for tasks to queue
[2026-08-23T07:13:06.477+0000] {logging_mixin.py:190} INFO - [2026-08-23T07:13:06.476+0000] {dagbag.py:588} INFO - Filling up the DagBag from /opt/airflow/dags/daily_inventory_pipeline.py
[2026-08-23T07:13:06.571+0000] {processor.py:925} INFO - DAG(s) 'daily_inventory_pipeline' retrieved from /opt/airflow/dags/daily_inventory_pipeline.py
[2026-08-23T07:13:06.593+0000] {logging_mixin.py:190} INFO - [2026-08-23T07:13:06.592+0000] {dag.py:3239} INFO - Sync 1 DAGs
[2026-08-23T07:13:06.612+0000] {logging_mixin.py:190} INFO - [2026-08-23T07:13:06.611+0000] {dag.py:4180} INFO - Setting next_dagrun for daily_inventory_pipeline to 2026-08-22 18:30:00+00:00, run_after=2026-08-23 18:30:00+00:00
[2026-08-23T07:13:06.625+0000] {processor.py:208} INFO - Processing /opt/airflow/dags/daily_inventory_pipeline.py took 0.157 seconds
[2026-08-23T07:13:36.713+0000] {processor.py:186} INFO - Started process (PID=7839) to work on /opt/airflow/dags/daily_inventory_pipeline.py
[2026-08-23T07:13:36.714+0000] {processor.py:914} INFO - Processing file /opt/airflow/dags/daily_inventory_pipeline.py for tasks to queue
[2026-08-23T07:13:36.716+0000] {logging_mixin.py:190} INFO - [2026-08-23T07:13:36.716+0000] {dagbag.py:588} INFO - Filling up the DagBag from /opt/airflow/dags/daily_inventory_pipeline.py
[2026-08-23T07:13:36.815+0000] {processor.py:925} INFO - DAG(s) 'daily_inventory_pipeline' retrieved from /opt/airflow/dags/daily_inventory_pipeline.py
[2026-08-23T07:13:36.838+0000] {logging_mixin.py:190} INFO - [2026-08-23T07:13:36.838+0000] {dag.py:3239} INFO - Sync 1 DAGs
[2026-08-23T07:13:36.857+0000] {logging_mixin.py:190} INFO - [2026-08-23T07:13:36.857+0000] {dag.py:4180} INFO - Setting next_dagrun for daily_inventory_pipeline to 2026-08-22 18:30:00+00:00, run_after=2026-08-23 18:30:00+00:00
[2026-08-23T07:13:36.870+0000] {processor.py:208} INFO - Processing /opt/airflow/dags/daily_inventory_pipeline.py took 0.163 seconds
[2026-08-23T07:14:07.163+0000] {processor.py:186} INFO - Started process (PID=7849) to work on /opt/airflow/dags/daily_inventory_pipeline.py
[2026-08-23T07:14:07.164+0000] {processor.py:914} INFO - Processing file /opt/airflow/dags/daily_inventory_pipeline.py for tasks to queue
[2026-08-23T07:14:07.166+0000] {logging_mixin.py:190} INFO - [2026-08-23T07:14:07.166+0000] {dagbag.py:588} INFO - Filling up the DagBag from /opt/airflow/dags/daily_inventory_pipeline.py
[2026-08-23T07:14:07.253+0000] {processor.py:925} INFO - DAG(s) 'daily_inventory_pipeline' retrieved from /opt/airflow/dags/daily_inventory_pipeline.py
[2026-08-23T07:14:07.274+0000] {logging_mixin.py:190} INFO - [2026-08-23T07:14:07.273+0000] {dag.py:3239} INFO - Sync 1 DAGs
[2026-08-23T07:14:07.289+0000] {logging_mixin.py:190} INFO - [2026-08-23T07:14:07.289+0000] {dag.py:4180} INFO - Setting next_dagrun for daily_inventory_pipeline to 2026-08-22 18:30:00+00:00, run_after=2026-08-23 18:30:00+00:00
[2026-08-23T07:14:07.303+0000] {processor.py:208} INFO - Processing /opt/airflow/dags/daily_inventory_pipeline.py took 0.145 seconds
[2026-08-23T07:14:37.405+0000] {processor.py:186} INFO - Started process (PID=7859) to work on /opt/airflow/dags/daily_inventory_pipeline.py
[2026-08-23T07:14:37.406+0000] {processor.py:914} INFO - Processing file /opt/airflow/dags/daily_inventory_pipeline.py for tasks to queue
[2026-08-23T07:14:37.408+0000] {logging_mixin.py:190} INFO - [2026-08-23T07:14:37.408+0000] {dagbag.py:588} INFO - Filling up the DagBag from /opt/airflow/dags/daily_inventory_pipeline.py
[2026-08-23T07:14:37.500+0000] {processor.py:925} INFO - DAG(s) 'daily_inventory_pipeline' retrieved from /opt/airflow/dags/daily_inventory_pipeline.py
[2026-08-23T07:14:37.523+0000] {logging_mixin.py:190} INFO - [2026-08-23T07:14:37.522+0000] {dag.py:3239} INFO - Sync 1 DAGs
[2026-08-23T07:14:37.539+0000] {logging_mixin.py:190} INFO - [2026-08-23T07:14:37.539+0000] {dag.py:4180} INFO - Setting next_dagrun for daily_inventory_pipeline to 2026-08-22 18:30:00+00:00, run_after=2026-08-23 18:30:00+00:00
[2026-08-23T07:14:37.553+0000] {processor.py:208} INFO - Processing /opt/airflow/dags/daily_inventory_pipeline.py took 0.154 seconds
[2026-08-23T07:15:07.890+0000] {processor.py:186} INFO - Started process (PID=7869) to work on /opt/airflow/dags/daily_inventory_pipeline.py
[2026-08-23T07:15:07.890+0000] {processor.py:914} INFO - Processing file /opt/airflow/dags/daily_inventory_pipeline.py for tasks to queue
[2026-08-23T07:15:07.893+0000] {logging_mixin.py:190} INFO - [2026-08-23T07:15:07.893+0000] {dagbag.py:588} INFO - Filling up the DagBag from /opt/airflow/dags/daily_inventory_pipeline.py
[2026-08-23T07:15:07.977+0000] {processor.py:925} INFO - DAG(s) 'daily_inventory_pipeline' retrieved from /opt/airflow/dags/daily_inventory_pipeline.py
[2026-08-23T07:15:07.997+0000] {logging_mixin.py:190} INFO - [2026-08-23T07:15:07.997+0000] {dag.py:3239} INFO - Sync 1 DAGs
[2026-08-23T07:15:08.013+0000] {logging_mixin.py:190} INFO - [2026-08-23T07:15:08.013+0000] {dag.py:4180} INFO - Setting next_dagrun for daily_inventory_pipeline to 2026-08-22 18:30:00+00:00, run_after=2026-08-23 18:30:00+00:00
[2026-08-23T07:15:08.026+0000] {processor.py:208} INFO - Processing /opt/airflow/dags/daily_inventory_pipeline.py took 0.142 seconds
[2026-08-23T07:15:38.158+0000] {processor.py:186} INFO - Started process (PID=7879) to work on /opt/airflow/dags/daily_inventory_pipeline.py
[2026-08-23T07:15:38.159+0000] {processor.py:914} INFO - Processing file /opt/airflow/dags/daily_inventory_pipeline.py for tasks to queue
[2026-08-23T07:15:38.161+0000] {logging_mixin.py:190} INFO - [2026-08-23T07:15:38.161+0000] {dagbag.py:588} INFO - Filling up the DagBag from /opt/airflow/dags/daily_inventory_pipeline.py
[2026-08-23T07:15:38.249+0000] {processor.py:925} INFO - DAG(s) 'daily_inventory_pipeline' retrieved from /opt/airflow/dags/daily_inventory_pipeline.py
[2026-08-23T07:15:38.270+0000] {logging_mixin.py:190} INFO - [2026-08-23T07:15:38.270+0000] {dag.py:3239} INFO - Sync 1 DAGs
[2026-08-23T07:15:38.287+0000] {logging_mixin.py:190} INFO - [2026-08-23T07:15:38.287+0000] {dag.py:4180} INFO - Setting next_dagrun for daily_inventory_pipeline to 2026-08-22 18:30:00+00:00, run_after=2026-08-23 18:30:00+00:00
[2026-08-23T07:15:38.300+0000] {processor.py:208} INFO - Processing /opt/airflow/dags/daily_inventory_pipeline.py took 0.148 seconds
[2026-08-23T07:16:08.448+0000] {processor.py:186} INFO - Started process (PID=7889) to work on /opt/airflow/dags/daily_inventory_pipeline.py
[2026-08-23T07:16:08.449+0000] {processor.py:914} INFO - Processing file /opt/airflow/dags/daily_inventory_pipeline.py for tasks to queue
[2026-08-23T07:16:08.450+0000] {logging_mixin.py:190} INFO - [2026-08-23T07:16:08.450+0000] {dagbag.py:588} INFO - Filling up the DagBag from /opt/airflow/dags/daily_inventory_pipeline.py
[2026-08-23T07:16:08.536+0000] {processor.py:925} INFO - DAG(s) 'daily_inventory_pipeline' retrieved from /opt/airflow/dags/daily_inventory_pipeline.py
[2026-08-23T07:16:08.557+0000] {logging_mixin.py:190} INFO - [2026-08-23T07:16:08.557+0000] {dag.py:3239} INFO - Sync 1 DAGs
[2026-08-23T07:16:08.573+0000] {logging_mixin.py:190} INFO - [2026-08-23T07:16:08.573+0000] {dag.py:4180} INFO - Setting next_dagrun for daily_inventory_pipeline to 2026-08-22 18:30:00+00:00, run_after=2026-08-23 18:30:00+00:00
[2026-08-23T07:16:08.590+0000] {processor.py:208} INFO - Processing /opt/airflow/dags/daily_inventory_pipeline.py took 0.148 seconds
[2026-08-23T07:16:38.814+0000] {processor.py:186} INFO - Started process (PID=7899) to work on /opt/airflow/dags/daily_inventory_pipeline.py
[2026-08-23T07:16:38.815+0000] {processor.py:914} INFO - Processing file /opt/airflow/dags/daily_inventory_pipeline.py for tasks to queue
[2026-08-23T07:16:38.817+0000] {logging_mixin.py:190} INFO - [2026-08-23T07:16:38.817+0000] {dagbag.py:588} INFO - Filling up the DagBag from /opt/airflow/dags/daily_inventory_pipeline.py
[2026-08-23T07:16:38.917+0000] {processor.py:925} INFO - DAG(s) 'daily_inventory_pipeline' retrieved from /opt/airflow/dags/daily_inventory_pipeline.py
[2026-08-23T07:16:38.938+0000] {logging_mixin.py:190} INFO - [2026-08-23T07:16:38.938+0000] {dag.py:3239} INFO - Sync 1 DAGs
[2026-08-23T07:16:38.958+0000] {logging_mixin.py:190} INFO - [2026-08-23T07:16:38.957+0000] {dag.py:4180} INFO - Setting next_dagrun for daily_inventory_pipeline to 2026-08-22 18:30:00+00:00, run_after=2026-08-23 18:30:00+00:00
[2026-08-23T07:16:38.978+0000] {processor.py:208} INFO - Processing /opt/airflow/dags/daily_inventory_pipeline.py took 0.171 seconds
[2026-08-23T07:17:09.030+0000] {processor.py:186} INFO - Started process (PID=7909) to work on /opt/airflow/dags/daily_inventory_pipeline.py
[2026-08-23T07:17:09.031+0000] {processor.py:914} INFO - Processing file /opt/airflow/dags/daily_inventory_pipeline.py for tasks to queue
[2026-08-23T07:17:09.033+0000] {logging_mixin.py:190} INFO - [2026-08-23T07:17:09.033+0000] {dagbag.py:588} INFO - Filling up the DagBag from /opt/airflow/dags/daily_inventory_pipeline.py
[2026-08-23T07:17:09.141+0000] {processor.py:925} INFO - DAG(s) 'daily_inventory_pipeline' retrieved from /opt/airflow/dags/daily_inventory_pipeline.py
[2026-08-23T07:17:09.165+0000] {logging_mixin.py:190} INFO - [2026-08-23T07:17:09.165+0000] {dag.py:3239} INFO - Sync 1 DAGs
[2026-08-23T07:17:09.182+0000] {logging_mixin.py:190} INFO - [2026-08-23T07:17:09.182+0000] {dag.py:4180} INFO - Setting next_dagrun for daily_inventory_pipeline to 2026-08-22 18:30:00+00:00, run_after=2026-08-23 18:30:00+00:00
[2026-08-23T07:17:09.196+0000] {processor.py:208} INFO - Processing /opt/airflow/dags/daily_inventory_pipeline.py took 0.173 seconds
[2026-08-23T07:17:39.327+0000] {processor.py:186} INFO - Started process (PID=7919) to work on /opt/airflow/dags/daily_inventory_pipeline.py
[2026-08-23T07:17:39.329+0000] {processor.py:914} INFO - Processing file /opt/airflow/dags/daily_inventory_pipeline.py for tasks to queue
[2026-08-23T07:17:39.331+0000] {logging_mixin.py:190} INFO - [2026-08-23T07:17:39.330+0000] {dagbag.py:588} INFO - Filling up the DagBag from /opt/airflow/dags/daily_inventory_pipeline.py
[2026-08-23T07:17:39.434+0000] {processor.py:925} INFO - DAG(s) 'daily_inventory_pipeline' retrieved from /opt/airflow/dags/daily_inventory_pipeline.py
[2026-08-23T07:17:39.455+0000] {logging_mixin.py:190} INFO - [2026-08-23T07:17:39.455+0000] {dag.py:3239} INFO - Sync 1 DAGs
[2026-08-23T07:17:39.474+0000] {logging_mixin.py:190} INFO - [2026-08-23T07:17:39.473+0000] {dag.py:4180} INFO - Setting next_dagrun for daily_inventory_pipeline to 2026-08-22 18:30:00+00:00, run_after=2026-08-23 18:30:00+00:00
[2026-08-23T07:17:39.488+0000] {processor.py:208} INFO - Processing /opt/airflow/dags/daily_inventory_pipeline.py took 0.167 seconds
[2026-08-23T07:18:09.553+0000] {processor.py:186} INFO - Started process (PID=7929) to work on /opt/airflow/dags/daily_inventory_pipeline.py
[2026-08-23T07:18:09.554+0000] {processor.py:914} INFO - Processing file /opt/airflow/dags/daily_inventory_pipeline.py for tasks to queue
[2026-08-23T07:18:09.555+0000] {logging_mixin.py:190} INFO - [2026-08-23T07:18:09.555+0000] {dagbag.py:588} INFO - Filling up the DagBag from /opt/airflow/dags/daily_inventory_pipeline.py
[2026-08-23T07:18:09.652+0000] {processor.py:925} INFO - DAG(s) 'daily_inventory_pipeline' retrieved from /opt/airflow/dags/daily_inventory_pipeline.py
[2026-08-23T07:18:09.673+0000] {logging_mixin.py:190} INFO - [2026-08-23T07:18:09.673+0000] {dag.py:3239} INFO - Sync 1 DAGs
[2026-08-23T07:18:09.690+0000] {logging_mixin.py:190} INFO - [2026-08-23T07:18:09.690+0000] {dag.py:4180} INFO - Setting next_dagrun for daily_inventory_pipeline to 2026-08-22 18:30:00+00:00, run_after=2026-08-23 18:30:00+00:00
[2026-08-23T07:18:09.705+0000] {processor.py:208} INFO - Processing /opt/airflow/dags/daily_inventory_pipeline.py took 0.158 seconds
[2026-08-23T07:18:39.854+0000] {processor.py:186} INFO - Started process (PID=7939) to work on /opt/airflow/dags/daily_inventory_pipeline.py
[2026-08-23T07:18:39.855+0000] {processor.py:914} INFO - Processing file /opt/airflow/dags/daily_inventory_pipeline.py for tasks to queue
[2026-08-23T07:18:39.857+0000] {logging_mixin.py:190} INFO - [2026-08-23T07:18:39.857+0000] {dagbag.py:588} INFO - Filling up the DagBag from /opt/airflow/dags/daily_inventory_pipeline.py
[2026-08-23T07:18:39.949+0000] {processor.py:925} INFO - DAG(s) 'daily_inventory_pipeline' retrieved from /opt/airflow/dags/daily_inventory_pipeline.py
[2026-08-23T07:18:39.971+0000] {logging_mixin.py:190} INFO - [2026-08-23T07:18:39.970+0000] {dag.py:3239} INFO - Sync 1 DAGs
[2026-08-23T07:18:39.987+0000] {logging_mixin.py:190} INFO - [2026-08-23T07:18:39.987+0000] {dag.py:4180} INFO - Setting next_dagrun for daily_inventory_pipeline to 2026-08-22 18:30:00+00:00, run_after=2026-08-23 18:30:00+00:00
[2026-08-23T07:18:40.002+0000] {processor.py:208} INFO - Processing /opt/airflow/dags/daily_inventory_pipeline.py took 0.155 seconds
[2026-08-23T07:19:10.070+0000] {processor.py:186} INFO - Started process (PID=7949) to work on /opt/airflow/dags/daily_inventory_pipeline.py
[2026-08-23T07:19:10.071+0000] {processor.py:914} INFO - Processing file /opt/airflow/dags/daily_inventory_pipeline.py for tasks to queue
[2026-08-23T07:19:10.073+0000] {logging_mixin.py:190} INFO - [2026-08-23T07:19:10.073+0000] {dagbag.py:588} INFO - Filling up the DagBag from /opt/airflow/dags/daily_inventory_pipeline.py
[2026-08-23T07:19:10.201+0000] {processor.py:925} INFO - DAG(s) 'daily_inventory_pipeline' retrieved from /opt/airflow/dags/daily_inventory_pipeline.py
[2026-08-23T07:19:10.225+0000] {logging_mixin.py:190} INFO - [2026-08-23T07:19:10.224+0000] {dag.py:3239} INFO - Sync 1 DAGs
[2026-08-23T07:19:10.244+0000] {logging_mixin.py:190} INFO - [2026-08-23T07:19:10.244+0000] {dag.py:4180} INFO - Setting next_dagrun for daily_inventory_pipeline to 2026-08-22 18:30:00+00:00, run_after=2026-08-23 18:30:00+00:00
[2026-08-23T07:19:10.259+0000] {processor.py:208} INFO - Processing /opt/airflow/dags/daily_inventory_pipeline.py took 0.197 seconds
[2026-08-23T07:19:40.359+0000] {processor.py:186} INFO - Started process (PID=7959) to work on /opt/airflow/dags/daily_inventory_pipeline.py
[2026-08-23T07:19:40.360+0000] {processor.py:914} INFO - Processing file /opt/airflow/dags/daily_inventory_pipeline.py for tasks to queue
[2026-08-23T07:19:40.362+0000] {logging_mixin.py:190} INFO - [2026-08-23T07:19:40.362+0000] {dagbag.py:588} INFO - Filling up the DagBag from /opt/airflow/dags/daily_inventory_pipeline.py
[2026-08-23T07:19:40.469+0000] {processor.py:925} INFO - DAG(s) 'daily_inventory_pipeline' retrieved from /opt/airflow/dags/daily_inventory_pipeline.py
[2026-08-23T07:19:40.490+0000] {logging_mixin.py:190} INFO - [2026-08-23T07:19:40.490+0000] {dag.py:3239} INFO - Sync 1 DAGs
[2026-08-23T07:19:40.508+0000] {logging_mixin.py:190} INFO - [2026-08-23T07:19:40.508+0000] {dag.py:4180} INFO - Setting next_dagrun for daily_inventory_pipeline to 2026-08-22 18:30:00+00:00, run_after=2026-08-23 18:30:00+00:00
[2026-08-23T07:19:40.523+0000] {processor.py:208} INFO - Processing /opt/airflow/dags/daily_inventory_pipeline.py took 0.170 seconds
[2026-08-23T07:20:10.613+0000] {processor.py:186} INFO - Started process (PID=7969) to work on /opt/airflow/dags/daily_inventory_pipeline.py
[2026-08-23T07:20:10.614+0000] {processor.py:914} INFO - Processing file /opt/airflow/dags/daily_inventory_pipeline.py for tasks to queue
[2026-08-23T07:20:10.617+0000] {logging_mixin.py:190} INFO - [2026-08-23T07:20:10.617+0000] {dagbag.py:588} INFO - Filling up the DagBag from /opt/airflow/dags/daily_inventory_pipeline.py
[2026-08-23T07:20:10.713+0000] {processor.py:925} INFO - DAG(s) 'daily_inventory_pipeline' retrieved from /opt/airflow/dags/daily_inventory_pipeline.py
[2026-08-23T07:20:10.736+0000] {logging_mixin.py:190} INFO - [2026-08-23T07:20:10.736+0000] {dag.py:3239} INFO - Sync 1 DAGs
[2026-08-23T07:20:10.755+0000] {logging_mixin.py:190} INFO - [2026-08-23T07:20:10.755+0000] {dag.py:4180} INFO - Setting next_dagrun for daily_inventory_pipeline to 2026-08-22 18:30:00+00:00, run_after=2026-08-23 18:30:00+00:00
[2026-08-23T07:20:10.773+0000] {processor.py:208} INFO - Processing /opt/airflow/dags/daily_inventory_pipeline.py took 0.165 seconds
[2026-08-23T07:20:40.884+0000] {processor.py:186} INFO - Started process (PID=7979) to work on /opt/airflow/dags/daily_inventory_pipeline.py
[2026-08-23T07:20:40.885+0000] {processor.py:914} INFO - Processing file /opt/airflow/dags/daily_inventory_pipeline.py for tasks to queue
[2026-08-23T07:20:40.887+0000] {logging_mixin.py:190} INFO - [2026-08-23T07:20:40.887+0000] {dagbag.py:588} INFO - Filling up the DagBag from /opt/airflow/dags/daily_inventory_pipeline.py
[2026-08-23T07:20:40.982+0000] {processor.py:925} INFO - DAG(s) 'daily_inventory_pipeline' retrieved from /opt/airflow/dags/daily_inventory_pipeline.py
[2026-08-23T07:20:41.003+0000] {logging_mixin.py:190} INFO - [2026-08-23T07:20:41.003+0000] {dag.py:3239} INFO - Sync 1 DAGs
[2026-08-23T07:20:41.021+0000] {logging_mixin.py:190} INFO - [2026-08-23T07:20:41.021+0000] {dag.py:4180} INFO - Setting next_dagrun for daily_inventory_pipeline to 2026-08-22 18:30:00+00:00, run_after=2026-08-23 18:30:00+00:00
[2026-08-23T07:20:41.035+0000] {processor.py:208} INFO - Processing /opt/airflow/dags/daily_inventory_pipeline.py took 0.158 seconds
[2026-08-23T07:21:11.161+0000] {processor.py:186} INFO - Started process (PID=7989) to work on /opt/airflow/dags/daily_inventory_pipeline.py
[2026-08-23T07:21:11.162+0000] {processor.py:914} INFO - Processing file /opt/airflow/dags/daily_inventory_pipeline.py for tasks to queue
[2026-08-23T07:21:11.164+0000] {logging_mixin.py:190} INFO - [2026-08-23T07:21:11.164+0000] {dagbag.py:588} INFO - Filling up the DagBag from /opt/airflow/dags/daily_inventory_pipeline.py
[2026-08-23T07:21:11.300+0000] {processor.py:925} INFO - DAG(s) 'daily_inventory_pipeline' retrieved from /opt/airflow/dags/daily_inventory_pipeline.py
[2026-08-23T07:21:11.326+0000] {logging_mixin.py:190} INFO - [2026-08-23T07:21:11.325+0000] {dag.py:3239} INFO - Sync 1 DAGs
[2026-08-23T07:21:11.345+0000] {logging_mixin.py:190} INFO - [2026-08-23T07:21:11.345+0000] {dag.py:4180} INFO - Setting next_dagrun for daily_inventory_pipeline to 2026-08-22 18:30:00+00:00, run_after=2026-08-23 18:30:00+00:00
[2026-08-23T07:21:11.362+0000] {processor.py:208} INFO - Processing /opt/airflow/dags/daily_inventory_pipeline.py took 0.209 seconds
[2026-08-23T07:21:41.488+0000] {processor.py:186} INFO - Started process (PID=7999) to work on /opt/airflow/dags/daily_inventory_pipeline.py
[2026-08-23T07:21:41.489+0000] {processor.py:914} INFO - Processing file /opt/airflow/dags/daily_inventory_pipeline.py for tasks to queue
[2026-08-23T07:21:41.492+0000] {logging_mixin.py:190} INFO - [2026-08-23T07:21:41.491+0000] {dagbag.py:588} INFO - Filling up the DagBag from /opt/airflow/dags/daily_inventory_pipeline.py
[2026-08-23T07:21:41.619+0000] {processor.py:925} INFO - DAG(s) 'daily_inventory_pipeline' retrieved from /opt/airflow/dags/daily_inventory_pipeline.py
[2026-08-23T07:21:41.638+0000] {logging_mixin.py:190} INFO - [2026-08-23T07:21:41.638+0000] {dag.py:3239} INFO - Sync 1 DAGs
[2026-08-23T07:21:41.655+0000] {logging_mixin.py:190} INFO - [2026-08-23T07:21:41.655+0000] {dag.py:4180} INFO - Setting next_dagrun for daily_inventory_pipeline to 2026-08-22 18:30:00+00:00, run_after=2026-08-23 18:30:00+00:00
[2026-08-23T07:21:41.667+0000] {processor.py:208} INFO - Processing /opt/airflow/dags/daily_inventory_pipeline.py took 0.185 seconds
[2026-08-23T07:22:11.854+0000] {processor.py:186} INFO - Started process (PID=8009) to work on /opt/airflow/dags/daily_inventory_pipeline.py
[2026-08-23T07:22:11.855+0000] {processor.py:914} INFO - Processing file /opt/airflow/dags/daily_inventory_pipeline.py for tasks to queue
[2026-08-23T07:22:11.858+0000] {logging_mixin.py:190} INFO - [2026-08-23T07:22:11.857+0000] {dagbag.py:588} INFO - Filling up the DagBag from /opt/airflow/dags/daily_inventory_pipeline.py
[2026-08-23T07:22:11.962+0000] {processor.py:925} INFO - DAG(s) 'daily_inventory_pipeline' retrieved from /opt/airflow/dags/daily_inventory_pipeline.py
[2026-08-23T07:22:11.983+0000] {logging_mixin.py:190} INFO - [2026-08-23T07:22:11.983+0000] {dag.py:3239} INFO - Sync 1 DAGs
[2026-08-23T07:22:12.002+0000] {logging_mixin.py:190} INFO - [2026-08-23T07:22:12.001+0000] {dag.py:4180} INFO - Setting next_dagrun for daily_inventory_pipeline to 2026-08-22 18:30:00+00:00, run_after=2026-08-23 18:30:00+00:00
[2026-08-23T07:22:12.016+0000] {processor.py:208} INFO - Processing /opt/airflow/dags/daily_inventory_pipeline.py took 0.169 seconds
[2026-08-23T07:22:42.160+0000] {processor.py:186} INFO - Started process (PID=8019) to work on /opt/airflow/dags/daily_inventory_pipeline.py
[2026-08-23T07:22:42.160+0000] {processor.py:914} INFO - Processing file /opt/airflow/dags/daily_inventory_pipeline.py for tasks to queue
[2026-08-23T07:22:42.163+0000] {logging_mixin.py:190} INFO - [2026-08-23T07:22:42.162+0000] {dagbag.py:588} INFO - Filling up the DagBag from /opt/airflow/dags/daily_inventory_pipeline.py
[2026-08-23T07:22:42.257+0000] {processor.py:925} INFO - DAG(s) 'daily_inventory_pipeline' retrieved from /opt/airflow/dags/daily_inventory_pipeline.py
[2026-08-23T07:22:42.278+0000] {logging_mixin.py:190} INFO - [2026-08-23T07:22:42.278+0000] {dag.py:3239} INFO - Sync 1 DAGs
[2026-08-23T07:22:42.296+0000] {logging_mixin.py:190} INFO - [2026-08-23T07:22:42.296+0000] {dag.py:4180} INFO - Setting next_dagrun for daily_inventory_pipeline to 2026-08-22 18:30:00+00:00, run_after=2026-08-23 18:30:00+00:00
[2026-08-23T07:22:42.310+0000] {processor.py:208} INFO - Processing /opt/airflow/dags/daily_inventory_pipeline.py took 0.157 seconds
[2026-08-23T07:23:12.418+0000] {processor.py:186} INFO - Started process (PID=8029) to work on /opt/airflow/dags/daily_inventory_pipeline.py
[2026-08-23T07:23:12.418+0000] {processor.py:914} INFO - Processing file /opt/airflow/dags/daily_inventory_pipeline.py for tasks to queue
[2026-08-23T07:23:12.420+0000] {logging_mixin.py:190} INFO - [2026-08-23T07:23:12.420+0000] {dagbag.py:588} INFO - Filling up the DagBag from /opt/airflow/dags/daily_inventory_pipeline.py
[2026-08-23T07:23:12.518+0000] {processor.py:925} INFO - DAG(s) 'daily_inventory_pipeline' retrieved from /opt/airflow/dags/daily_inventory_pipeline.py
[2026-08-23T07:23:12.539+0000] {logging_mixin.py:190} INFO - [2026-08-23T07:23:12.539+0000] {dag.py:3239} INFO - Sync 1 DAGs
[2026-08-23T07:23:12.556+0000] {logging_mixin.py:190} INFO - [2026-08-23T07:23:12.555+0000] {dag.py:4180} INFO - Setting next_dagrun for daily_inventory_pipeline to 2026-08-22 18:30:00+00:00, run_after=2026-08-23 18:30:00+00:00
[2026-08-23T07:23:12.569+0000] {processor.py:208} INFO - Processing /opt/airflow/dags/daily_inventory_pipeline.py took 0.158 seconds
[2026-08-23T07:23:42.659+0000] {processor.py:186} INFO - Started process (PID=8039) to work on /opt/airflow/dags/daily_inventory_pipeline.py
[2026-08-23T07:23:42.660+0000] {processor.py:914} INFO - Processing file /opt/airflow/dags/daily_inventory_pipeline.py for tasks to queue
[2026-08-23T07:23:42.662+0000] {logging_mixin.py:190} INFO - [2026-08-23T07:23:42.662+0000] {dagbag.py:588} INFO - Filling up the DagBag from /opt/airflow/dags/daily_inventory_pipeline.py
[2026-08-23T07:23:42.776+0000] {processor.py:925} INFO - DAG(s) 'daily_inventory_pipeline' retrieved from /opt/airflow/dags/daily_inventory_pipeline.py
[2026-08-23T07:23:42.799+0000] {logging_mixin.py:190} INFO - [2026-08-23T07:23:42.799+0000] {dag.py:3239} INFO - Sync 1 DAGs
[2026-08-23T07:23:42.818+0000] {logging_mixin.py:190} INFO - [2026-08-23T07:23:42.818+0000] {dag.py:4180} INFO - Setting next_dagrun for daily_inventory_pipeline to 2026-08-22 18:30:00+00:00, run_after=2026-08-23 18:30:00+00:00
[2026-08-23T07:23:42.833+0000] {processor.py:208} INFO - Processing /opt/airflow/dags/daily_inventory_pipeline.py took 0.181 seconds
[2026-08-23T07:24:12.913+0000] {processor.py:186} INFO - Started process (PID=8049) to work on /opt/airflow/dags/daily_inventory_pipeline.py
[2026-08-23T07:24:12.914+0000] {processor.py:914} INFO - Processing file /opt/airflow/dags/daily_inventory_pipeline.py for tasks to queue
[2026-08-23T07:24:12.915+0000] {logging_mixin.py:190} INFO - [2026-08-23T07:24:12.915+0000] {dagbag.py:588} INFO - Filling up the DagBag from /opt/airflow/dags/daily_inventory_pipeline.py
[2026-08-23T07:24:13.016+0000] {processor.py:925} INFO - DAG(s) 'daily_inventory_pipeline' retrieved from /opt/airflow/dags/daily_inventory_pipeline.py
[2026-08-23T07:24:13.039+0000] {logging_mixin.py:190} INFO - [2026-08-23T07:24:13.039+0000] {dag.py:3239} INFO - Sync 1 DAGs
[2026-08-23T07:24:13.060+0000] {logging_mixin.py:190} INFO - [2026-08-23T07:24:13.060+0000] {dag.py:4180} INFO - Setting next_dagrun for daily_inventory_pipeline to 2026-08-22 18:30:00+00:00, run_after=2026-08-23 18:30:00+00:00
[2026-08-23T07:24:13.077+0000] {processor.py:208} INFO - Processing /opt/airflow/dags/daily_inventory_pipeline.py took 0.171 seconds
[2026-08-23T07:24:43.184+0000] {processor.py:186} INFO - Started process (PID=8059) to work on /opt/airflow/dags/daily_inventory_pipeline.py
[2026-08-23T07:24:43.184+0000] {processor.py:914} INFO - Processing file /opt/airflow/dags/daily_inventory_pipeline.py for tasks to queue
[2026-08-23T07:24:43.186+0000] {logging_mixin.py:190} INFO - [2026-08-23T07:24:43.186+0000] {dagbag.py:588} INFO - Filling up the DagBag from /opt/airflow/dags/daily_inventory_pipeline.py
[2026-08-23T07:24:43.280+0000] {processor.py:925} INFO - DAG(s) 'daily_inventory_pipeline' retrieved from /opt/airflow/dags/daily_inventory_pipeline.py
[2026-08-23T07:24:43.302+0000] {logging_mixin.py:190} INFO - [2026-08-23T07:24:43.302+0000] {dag.py:3239} INFO - Sync 1 DAGs
[2026-08-23T07:24:43.320+0000] {logging_mixin.py:190} INFO - [2026-08-23T07:24:43.320+0000] {dag.py:4180} INFO - Setting next_dagrun for daily_inventory_pipeline to 2026-08-22 18:30:00+00:00, run_after=2026-08-23 18:30:00+00:00
[2026-08-23T07:24:43.336+0000] {processor.py:208} INFO - Processing /opt/airflow/dags/daily_inventory_pipeline.py took 0.159 seconds
[2026-08-23T07:25:13.613+0000] {processor.py:186} INFO - Started process (PID=8069) to work on /opt/airflow/dags/daily_inventory_pipeline.py
[2026-08-23T07:25:13.614+0000] {processor.py:914} INFO - Processing file /opt/airflow/dags/daily_inventory_pipeline.py for tasks to queue
[2026-08-23T07:25:13.616+0000] {logging_mixin.py:190} INFO - [2026-08-23T07:25:13.616+0000] {dagbag.py:588} INFO - Filling up the DagBag from /opt/airflow/dags/daily_inventory_pipeline.py
[2026-08-23T07:25:13.707+0000] {processor.py:925} INFO - DAG(s) 'daily_inventory_pipeline' retrieved from /opt/airflow/dags/daily_inventory_pipeline.py
[2026-08-23T07:25:13.730+0000] {logging_mixin.py:190} INFO - [2026-08-23T07:25:13.730+0000] {dag.py:3239} INFO - Sync 1 DAGs
[2026-08-23T07:25:13.747+0000] {logging_mixin.py:190} INFO - [2026-08-23T07:25:13.746+0000] {dag.py:4180} INFO - Setting next_dagrun for daily_inventory_pipeline to 2026-08-22 18:30:00+00:00, run_after=2026-08-23 18:30:00+00:00
[2026-08-23T07:25:13.763+0000] {processor.py:208} INFO - Processing /opt/airflow/dags/daily_inventory_pipeline.py took 0.156 seconds
[2026-08-23T07:25:43.937+0000] {processor.py:186} INFO - Started process (PID=8079) to work on /opt/airflow/dags/daily_inventory_pipeline.py
[2026-08-23T07:25:43.938+0000] {processor.py:914} INFO - Processing file /opt/airflow/dags/daily_inventory_pipeline.py for tasks to queue
[2026-08-23T07:25:43.940+0000] {logging_mixin.py:190} INFO - [2026-08-23T07:25:43.940+0000] {dagbag.py:588} INFO - Filling up the DagBag from /opt/airflow/dags/daily_inventory_pipeline.py
[2026-08-23T07:25:44.028+0000] {processor.py:925} INFO - DAG(s) 'daily_inventory_pipeline' retrieved from /opt/airflow/dags/daily_inventory_pipeline.py
[2026-08-23T07:25:44.049+0000] {logging_mixin.py:190} INFO - [2026-08-23T07:25:44.049+0000] {dag.py:3239} INFO - Sync 1 DAGs
[2026-08-23T07:25:44.066+0000] {logging_mixin.py:190} INFO - [2026-08-23T07:25:44.066+0000] {dag.py:4180} INFO - Setting next_dagrun for daily_inventory_pipeline to 2026-08-22 18:30:00+00:00, run_after=2026-08-23 18:30:00+00:00
[2026-08-23T07:25:44.078+0000] {processor.py:208} INFO - Processing /opt/airflow/dags/daily_inventory_pipeline.py took 0.147 seconds
[2026-08-23T07:26:14.307+0000] {processor.py:186} INFO - Started process (PID=8089) to work on /opt/airflow/dags/daily_inventory_pipeline.py
[2026-08-23T07:26:14.308+0000] {processor.py:914} INFO - Processing file /opt/airflow/dags/daily_inventory_pipeline.py for tasks to queue
[2026-08-23T07:26:14.310+0000] {logging_mixin.py:190} INFO - [2026-08-23T07:26:14.309+0000] {dagbag.py:588} INFO - Filling up the DagBag from /opt/airflow/dags/daily_inventory_pipeline.py
[2026-08-23T07:26:14.405+0000] {processor.py:925} INFO - DAG(s) 'daily_inventory_pipeline' retrieved from /opt/airflow/dags/daily_inventory_pipeline.py
[2026-08-23T07:26:14.427+0000] {logging_mixin.py:190} INFO - [2026-08-23T07:26:14.427+0000] {dag.py:3239} INFO - Sync 1 DAGs
[2026-08-23T07:26:14.446+0000] {logging_mixin.py:190} INFO - [2026-08-23T07:26:14.445+0000] {dag.py:4180} INFO - Setting next_dagrun for daily_inventory_pipeline to 2026-08-22 18:30:00+00:00, run_after=2026-08-23 18:30:00+00:00
[2026-08-23T07:26:14.461+0000] {processor.py:208} INFO - Processing /opt/airflow/dags/daily_inventory_pipeline.py took 0.160 seconds
[2026-08-23T07:26:44.524+0000] {processor.py:186} INFO - Started process (PID=8099) to work on /opt/airflow/dags/daily_inventory_pipeline.py
[2026-08-23T07:26:44.525+0000] {processor.py:914} INFO - Processing file /opt/airflow/dags/daily_inventory_pipeline.py for tasks to queue
[2026-08-23T07:26:44.527+0000] {logging_mixin.py:190} INFO - [2026-08-23T07:26:44.526+0000] {dagbag.py:588} INFO - Filling up the DagBag from /opt/airflow/dags/daily_inventory_pipeline.py
[2026-08-23T07:26:44.617+0000] {processor.py:925} INFO - DAG(s) 'daily_inventory_pipeline' retrieved from /opt/airflow/dags/daily_inventory_pipeline.py
[2026-08-23T07:26:44.638+0000] {logging_mixin.py:190} INFO - [2026-08-23T07:26:44.638+0000] {dag.py:3239} INFO - Sync 1 DAGs
[2026-08-23T07:26:44.655+0000] {logging_mixin.py:190} INFO - [2026-08-23T07:26:44.655+0000] {dag.py:4180} INFO - Setting next_dagrun for daily_inventory_pipeline to 2026-08-22 18:30:00+00:00, run_after=2026-08-23 18:30:00+00:00
[2026-08-23T07:26:44.668+0000] {processor.py:208} INFO - Processing /opt/airflow/dags/daily_inventory_pipeline.py took 0.151 seconds
[2026-08-23T07:27:14.825+0000] {processor.py:186} INFO - Started process (PID=8109) to work on /opt/airflow/dags/daily_inventory_pipeline.py
[2026-08-23T07:27:14.826+0000] {processor.py:914} INFO - Processing file /opt/airflow/dags/daily_inventory_pipeline.py for tasks to queue
[2026-08-23T07:27:14.829+0000] {logging_mixin.py:190} INFO - [2026-08-23T07:27:14.828+0000] {dagbag.py:588} INFO - Filling up the DagBag from /opt/airflow/dags/daily_inventory_pipeline.py
[2026-08-23T07:27:14.923+0000] {processor.py:925} INFO - DAG(s) 'daily_inventory_pipeline' retrieved from /opt/airflow/dags/daily_inventory_pipeline.py
[2026-08-23T07:27:14.945+0000] {logging_mixin.py:190} INFO - [2026-08-23T07:27:14.944+0000] {dag.py:3239} INFO - Sync 1 DAGs
[2026-08-23T07:27:14.963+0000] {logging_mixin.py:190} INFO - [2026-08-23T07:27:14.963+0000] {dag.py:4180} INFO - Setting next_dagrun for daily_inventory_pipeline to 2026-08-22 18:30:00+00:00, run_after=2026-08-23 18:30:00+00:00
[2026-08-23T07:27:14.978+0000] {processor.py:208} INFO - Processing /opt/airflow/dags/daily_inventory_pipeline.py took 0.160 seconds
[2026-08-23T07:27:45.017+0000] {processor.py:186} INFO - Started process (PID=8119) to work on /opt/airflow/dags/daily_inventory_pipeline.py
[2026-08-23T07:27:45.019+0000] {processor.py:914} INFO - Processing file /opt/airflow/dags/daily_inventory_pipeline.py for tasks to queue
[2026-08-23T07:27:45.021+0000] {logging_mixin.py:190} INFO - [2026-08-23T07:27:45.021+0000] {dagbag.py:588} INFO - Filling up the DagBag from /opt/airflow/dags/daily_inventory_pipeline.py
[2026-08-23T07:27:45.117+0000] {processor.py:925} INFO - DAG(s) 'daily_inventory_pipeline' retrieved from /opt/airflow/dags/daily_inventory_pipeline.py
[2026-08-23T07:27:45.139+0000] {logging_mixin.py:190} INFO - [2026-08-23T07:27:45.139+0000] {dag.py:3239} INFO - Sync 1 DAGs
[2026-08-23T07:27:45.159+0000] {logging_mixin.py:190} INFO - [2026-08-23T07:27:45.159+0000] {dag.py:4180} INFO - Setting next_dagrun for daily_inventory_pipeline to 2026-08-22 18:30:00+00:00, run_after=2026-08-23 18:30:00+00:00
[2026-08-23T07:27:45.173+0000] {processor.py:208} INFO - Processing /opt/airflow/dags/daily_inventory_pipeline.py took 0.162 seconds
[2026-08-23T07:28:15.328+0000] {processor.py:186} INFO - Started process (PID=8129) to work on /opt/airflow/dags/daily_inventory_pipeline.py
[2026-08-23T07:28:15.329+0000] {processor.py:914} INFO - Processing file /opt/airflow/dags/daily_inventory_pipeline.py for tasks to queue
[2026-08-23T07:28:15.332+0000] {logging_mixin.py:190} INFO - [2026-08-23T07:28:15.332+0000] {dagbag.py:588} INFO - Filling up the DagBag from /opt/airflow/dags/daily_inventory_pipeline.py
[2026-08-23T07:28:15.441+0000] {processor.py:925} INFO - DAG(s) 'daily_inventory_pipeline' retrieved from /opt/airflow/dags/daily_inventory_pipeline.py
[2026-08-23T07:28:15.464+0000] {logging_mixin.py:190} INFO - [2026-08-23T07:28:15.464+0000] {dag.py:3239} INFO - Sync 1 DAGs
[2026-08-23T07:28:15.482+0000] {logging_mixin.py:190} INFO - [2026-08-23T07:28:15.481+0000] {dag.py:4180} INFO - Setting next_dagrun for daily_inventory_pipeline to 2026-08-22 18:30:00+00:00, run_after=2026-08-23 18:30:00+00:00
[2026-08-23T07:28:15.497+0000] {processor.py:208} INFO - Processing /opt/airflow/dags/daily_inventory_pipeline.py took 0.178 seconds
[2026-08-23T07:28:45.688+0000] {processor.py:186} INFO - Started process (PID=8139) to work on /opt/airflow/dags/daily_inventory_pipeline.py
[2026-08-23T07:28:45.689+0000] {processor.py:914} INFO - Processing file /opt/airflow/dags/daily_inventory_pipeline.py for tasks to queue
[2026-08-23T07:28:45.691+0000] {logging_mixin.py:190} INFO - [2026-08-23T07:28:45.690+0000] {dagbag.py:588} INFO - Filling up the DagBag from /opt/airflow/dags/daily_inventory_pipeline.py
[2026-08-23T07:28:45.786+0000] {processor.py:925} INFO - DAG(s) 'daily_inventory_pipeline' retrieved from /opt/airflow/dags/daily_inventory_pipeline.py
[2026-08-23T07:28:45.808+0000] {logging_mixin.py:190} INFO - [2026-08-23T07:28:45.808+0000] {dag.py:3239} INFO - Sync 1 DAGs
[2026-08-23T07:28:45.825+0000] {logging_mixin.py:190} INFO - [2026-08-23T07:28:45.825+0000] {dag.py:4180} INFO - Setting next_dagrun for daily_inventory_pipeline to 2026-08-22 18:30:00+00:00, run_after=2026-08-23 18:30:00+00:00
[2026-08-23T07:28:45.840+0000] {processor.py:208} INFO - Processing /opt/airflow/dags/daily_inventory_pipeline.py took 0.158 seconds
[2026-08-23T07:29:16.027+0000] {processor.py:186} INFO - Started process (PID=8149) to work on /opt/airflow/dags/daily_inventory_pipeline.py
[2026-08-23T07:29:16.027+0000] {processor.py:914} INFO - Processing file /opt/airflow/dags/daily_inventory_pipeline.py for tasks to queue
[2026-08-23T07:29:16.029+0000] {logging_mixin.py:190} INFO - [2026-08-23T07:29:16.029+0000] {dagbag.py:588} INFO - Filling up the DagBag from /opt/airflow/dags/daily_inventory_pipeline.py
[2026-08-23T07:29:16.129+0000] {processor.py:925} INFO - DAG(s) 'daily_inventory_pipeline' retrieved from /opt/airflow/dags/daily_inventory_pipeline.py
[2026-08-23T07:29:16.151+0000] {logging_mixin.py:190} INFO - [2026-08-23T07:29:16.151+0000] {dag.py:3239} INFO - Sync 1 DAGs
[2026-08-23T07:29:16.172+0000] {logging_mixin.py:190} INFO - [2026-08-23T07:29:16.172+0000] {dag.py:4180} INFO - Setting next_dagrun for daily_inventory_pipeline to 2026-08-22 18:30:00+00:00, run_after=2026-08-23 18:30:00+00:00
[2026-08-23T07:29:16.192+0000] {processor.py:208} INFO - Processing /opt/airflow/dags/daily_inventory_pipeline.py took 0.171 seconds
[2026-08-23T07:29:46.375+0000] {processor.py:186} INFO - Started process (PID=8159) to work on /opt/airflow/dags/daily_inventory_pipeline.py
[2026-08-23T07:29:46.376+0000] {processor.py:914} INFO - Processing file /opt/airflow/dags/daily_inventory_pipeline.py for tasks to queue
[2026-08-23T07:29:46.378+0000] {logging_mixin.py:190} INFO - [2026-08-23T07:29:46.378+0000] {dagbag.py:588} INFO - Filling up the DagBag from /opt/airflow/dags/daily_inventory_pipeline.py
[2026-08-23T07:29:46.516+0000] {processor.py:925} INFO - DAG(s) 'daily_inventory_pipeline' retrieved from /opt/airflow/dags/daily_inventory_pipeline.py
[2026-08-23T07:29:46.539+0000] {logging_mixin.py:190} INFO - [2026-08-23T07:29:46.539+0000] {dag.py:3239} INFO - Sync 1 DAGs
[2026-08-23T07:29:46.557+0000] {logging_mixin.py:190} INFO - [2026-08-23T07:29:46.556+0000] {dag.py:4180} INFO - Setting next_dagrun for daily_inventory_pipeline to 2026-08-22 18:30:00+00:00, run_after=2026-08-23 18:30:00+00:00
[2026-08-23T07:29:46.578+0000] {processor.py:208} INFO - Processing /opt/airflow/dags/daily_inventory_pipeline.py took 0.210 seconds
[2026-08-23T07:30:16.692+0000] {processor.py:186} INFO - Started process (PID=8169) to work on /opt/airflow/dags/daily_inventory_pipeline.py
[2026-08-23T07:30:16.693+0000] {processor.py:914} INFO - Processing file /opt/airflow/dags/daily_inventory_pipeline.py for tasks to queue
[2026-08-23T07:30:16.694+0000] {logging_mixin.py:190} INFO - [2026-08-23T07:30:16.694+0000] {dagbag.py:588} INFO - Filling up the DagBag from /opt/airflow/dags/daily_inventory_pipeline.py
[2026-08-23T07:30:16.778+0000] {processor.py:925} INFO - DAG(s) 'daily_inventory_pipeline' retrieved from /opt/airflow/dags/daily_inventory_pipeline.py
[2026-08-23T07:30:16.798+0000] {logging_mixin.py:190} INFO - [2026-08-23T07:30:16.798+0000] {dag.py:3239} INFO - Sync 1 DAGs
[2026-08-23T07:30:16.814+0000] {logging_mixin.py:190} INFO - [2026-08-23T07:30:16.814+0000] {dag.py:4180} INFO - Setting next_dagrun for daily_inventory_pipeline to 2026-08-22 18:30:00+00:00, run_after=2026-08-23 18:30:00+00:00
[2026-08-23T07:30:16.827+0000] {processor.py:208} INFO - Processing /opt/airflow/dags/daily_inventory_pipeline.py took 0.141 seconds
[2026-08-23T07:30:46.959+0000] {processor.py:186} INFO - Started process (PID=8179) to work on /opt/airflow/dags/daily_inventory_pipeline.py
[2026-08-23T07:30:46.960+0000] {processor.py:914} INFO - Processing file /opt/airflow/dags/daily_inventory_pipeline.py for tasks to queue
[2026-08-23T07:30:46.962+0000] {logging_mixin.py:190} INFO - [2026-08-23T07:30:46.962+0000] {dagbag.py:588} INFO - Filling up the DagBag from /opt/airflow/dags/daily_inventory_pipeline.py
[2026-08-23T07:30:47.045+0000] {processor.py:925} INFO - DAG(s) 'daily_inventory_pipeline' retrieved from /opt/airflow/dags/daily_inventory_pipeline.py
[2026-08-23T07:30:47.065+0000] {logging_mixin.py:190} INFO - [2026-08-23T07:30:47.065+0000] {dag.py:3239} INFO - Sync 1 DAGs
[2026-08-23T07:30:47.081+0000] {logging_mixin.py:190} INFO - [2026-08-23T07:30:47.081+0000] {dag.py:4180} INFO - Setting next_dagrun for daily_inventory_pipeline to 2026-08-22 18:30:00+00:00, run_after=2026-08-23 18:30:00+00:00
[2026-08-23T07:30:47.094+0000] {processor.py:208} INFO - Processing /opt/airflow/dags/daily_inventory_pipeline.py took 0.140 seconds
[2026-08-23T07:31:17.243+0000] {processor.py:186} INFO - Started process (PID=8189) to work on /opt/airflow/dags/daily_inventory_pipeline.py
[2026-08-23T07:31:17.244+0000] {processor.py:914} INFO - Processing file /opt/airflow/dags/daily_inventory_pipeline.py for tasks to queue
[2026-08-23T07:31:17.246+0000] {logging_mixin.py:190} INFO - [2026-08-23T07:31:17.246+0000] {dagbag.py:588} INFO - Filling up the DagBag from /opt/airflow/dags/daily_inventory_pipeline.py
[2026-08-23T07:31:17.344+0000] {processor.py:925} INFO - DAG(s) 'daily_inventory_pipeline' retrieved from /opt/airflow/dags/daily_inventory_pipeline.py
[2026-08-23T07:31:17.368+0000] {logging_mixin.py:190} INFO - [2026-08-23T07:31:17.368+0000] {dag.py:3239} INFO - Sync 1 DAGs
[2026-08-23T07:31:17.387+0000] {logging_mixin.py:190} INFO - [2026-08-23T07:31:17.387+0000] {dag.py:4180} INFO - Setting next_dagrun for daily_inventory_pipeline to 2026-08-22 18:30:00+00:00, run_after=2026-08-23 18:30:00+00:00
[2026-08-23T07:31:17.401+0000] {processor.py:208} INFO - Processing /opt/airflow/dags/daily_inventory_pipeline.py took 0.165 seconds
[2026-08-23T07:31:47.723+0000] {processor.py:186} INFO - Started process (PID=8199) to work on /opt/airflow/dags/daily_inventory_pipeline.py
[2026-08-23T07:31:47.724+0000] {processor.py:914} INFO - Processing file /opt/airflow/dags/daily_inventory_pipeline.py for tasks to queue
[2026-08-23T07:31:47.726+0000] {logging_mixin.py:190} INFO - [2026-08-23T07:31:47.725+0000] {dagbag.py:588} INFO - Filling up the DagBag from /opt/airflow/dags/daily_inventory_pipeline.py
[2026-08-23T07:31:47.817+0000] {processor.py:925} INFO - DAG(s) 'daily_inventory_pipeline' retrieved from /opt/airflow/dags/daily_inventory_pipeline.py
[2026-08-23T07:31:47.837+0000] {logging_mixin.py:190} INFO - [2026-08-23T07:31:47.837+0000] {dag.py:3239} INFO - Sync 1 DAGs
[2026-08-23T07:31:47.853+0000] {logging_mixin.py:190} INFO - [2026-08-23T07:31:47.853+0000] {dag.py:4180} INFO - Setting next_dagrun for daily_inventory_pipeline to 2026-08-22 18:30:00+00:00, run_after=2026-08-23 18:30:00+00:00
[2026-08-23T07:31:47.866+0000] {processor.py:208} INFO - Processing /opt/airflow/dags/daily_inventory_pipeline.py took 0.151 seconds
[2026-08-23T07:32:17.980+0000] {processor.py:186} INFO - Started process (PID=8209) to work on /opt/airflow/dags/daily_inventory_pipeline.py
[2026-08-23T07:32:17.981+0000] {processor.py:914} INFO - Processing file /opt/airflow/dags/daily_inventory_pipeline.py for tasks to queue
[2026-08-23T07:32:17.982+0000] {logging_mixin.py:190} INFO - [2026-08-23T07:32:17.982+0000] {dagbag.py:588} INFO - Filling up the DagBag from /opt/airflow/dags/daily_inventory_pipeline.py
[2026-08-23T07:32:18.066+0000] {processor.py:925} INFO - DAG(s) 'daily_inventory_pipeline' retrieved from /opt/airflow/dags/daily_inventory_pipeline.py
[2026-08-23T07:32:18.087+0000] {logging_mixin.py:190} INFO - [2026-08-23T07:32:18.086+0000] {dag.py:3239} INFO - Sync 1 DAGs
[2026-08-23T07:32:18.102+0000] {logging_mixin.py:190} INFO - [2026-08-23T07:32:18.102+0000] {dag.py:4180} INFO - Setting next_dagrun for daily_inventory_pipeline to 2026-08-22 18:30:00+00:00, run_after=2026-08-23 18:30:00+00:00
[2026-08-23T07:32:18.115+0000] {processor.py:208} INFO - Processing /opt/airflow/dags/daily_inventory_pipeline.py took 0.141 seconds
[2026-08-23T07:32:48.395+0000] {processor.py:186} INFO - Started process (PID=8219) to work on /opt/airflow/dags/daily_inventory_pipeline.py
[2026-08-23T07:32:48.396+0000] {processor.py:914} INFO - Processing file /opt/airflow/dags/daily_inventory_pipeline.py for tasks to queue
[2026-08-23T07:32:48.398+0000] {logging_mixin.py:190} INFO - [2026-08-23T07:32:48.398+0000] {dagbag.py:588} INFO - Filling up the DagBag from /opt/airflow/dags/daily_inventory_pipeline.py
[2026-08-23T07:32:48.483+0000] {processor.py:925} INFO - DAG(s) 'daily_inventory_pipeline' retrieved from /opt/airflow/dags/daily_inventory_pipeline.py
[2026-08-23T07:32:48.503+0000] {logging_mixin.py:190} INFO - [2026-08-23T07:32:48.503+0000] {dag.py:3239} INFO - Sync 1 DAGs
[2026-08-23T07:32:48.519+0000] {logging_mixin.py:190} INFO - [2026-08-23T07:32:48.519+0000] {dag.py:4180} INFO - Setting next_dagrun for daily_inventory_pipeline to 2026-08-22 18:30:00+00:00, run_after=2026-08-23 18:30:00+00:00
[2026-08-23T07:32:48.536+0000] {processor.py:208} INFO - Processing /opt/airflow/dags/daily_inventory_pipeline.py took 0.146 seconds
[2026-08-23T07:33:18.726+0000] {processor.py:186} INFO - Started process (PID=8229) to work on /opt/airflow/dags/daily_inventory_pipeline.py
[2026-08-23T07:33:18.726+0000] {processor.py:914} INFO - Processing file /opt/airflow/dags/daily_inventory_pipeline.py for tasks to queue
[2026-08-23T07:33:18.728+0000] {logging_mixin.py:190} INFO - [2026-08-23T07:33:18.728+0000] {dagbag.py:588} INFO - Filling up the DagBag from /opt/airflow/dags/daily_inventory_pipeline.py
[2026-08-23T07:33:18.839+0000] {processor.py:925} INFO - DAG(s) 'daily_inventory_pipeline' retrieved from /opt/airflow/dags/daily_inventory_pipeline.py
[2026-08-23T07:33:18.861+0000] {logging_mixin.py:190} INFO - [2026-08-23T07:33:18.860+0000] {dag.py:3239} INFO - Sync 1 DAGs
[2026-08-23T07:33:18.878+0000] {logging_mixin.py:190} INFO - [2026-08-23T07:33:18.878+0000] {dag.py:4180} INFO - Setting next_dagrun for daily_inventory_pipeline to 2026-08-22 18:30:00+00:00, run_after=2026-08-23 18:30:00+00:00
[2026-08-23T07:33:18.891+0000] {processor.py:208} INFO - Processing /opt/airflow/dags/daily_inventory_pipeline.py took 0.171 seconds
[2026-08-23T07:33:49.034+0000] {processor.py:186} INFO - Started process (PID=8239) to work on /opt/airflow/dags/daily_inventory_pipeline.py
[2026-08-23T07:33:49.035+0000] {processor.py:914} INFO - Processing file /opt/airflow/dags/daily_inventory_pipeline.py for tasks to queue
[2026-08-23T07:33:49.037+0000] {logging_mixin.py:190} INFO - [2026-08-23T07:33:49.037+0000] {dagbag.py:588} INFO - Filling up the DagBag from /opt/airflow/dags/daily_inventory_pipeline.py
[2026-08-23T07:33:49.128+0000] {processor.py:925} INFO - DAG(s) 'daily_inventory_pipeline' retrieved from /opt/airflow/dags/daily_inventory_pipeline.py
[2026-08-23T07:33:49.149+0000] {logging_mixin.py:190} INFO - [2026-08-23T07:33:49.149+0000] {dag.py:3239} INFO - Sync 1 DAGs
[2026-08-23T07:33:49.165+0000] {logging_mixin.py:190} INFO - [2026-08-23T07:33:49.165+0000] {dag.py:4180} INFO - Setting next_dagrun for daily_inventory_pipeline to 2026-08-22 18:30:00+00:00, run_after=2026-08-23 18:30:00+00:00
[2026-08-23T07:33:49.178+0000] {processor.py:208} INFO - Processing /opt/airflow/dags/daily_inventory_pipeline.py took 0.150 seconds
[2026-08-23T07:34:19.326+0000] {processor.py:186} INFO - Started process (PID=8249) to work on /opt/airflow/dags/daily_inventory_pipeline.py
[2026-08-23T07:34:19.327+0000] {processor.py:914} INFO - Processing file /opt/airflow/dags/daily_inventory_pipeline.py for tasks to queue
[2026-08-23T07:34:19.330+0000] {logging_mixin.py:190} INFO - [2026-08-23T07:34:19.330+0000] {dagbag.py:588} INFO - Filling up the DagBag from /opt/airflow/dags/daily_inventory_pipeline.py
[2026-08-23T07:34:19.429+0000] {processor.py:925} INFO - DAG(s) 'daily_inventory_pipeline' retrieved from /opt/airflow/dags/daily_inventory_pipeline.py
[2026-08-23T07:34:19.453+0000] {logging_mixin.py:190} INFO - [2026-08-23T07:34:19.453+0000] {dag.py:3239} INFO - Sync 1 DAGs
[2026-08-23T07:34:19.471+0000] {logging_mixin.py:190} INFO - [2026-08-23T07:34:19.471+0000] {dag.py:4180} INFO - Setting next_dagrun for daily_inventory_pipeline to 2026-08-22 18:30:00+00:00, run_after=2026-08-23 18:30:00+00:00
[2026-08-23T07:34:19.485+0000] {processor.py:208} INFO - Processing /opt/airflow/dags/daily_inventory_pipeline.py took 0.166 seconds
[2026-08-23T07:34:49.596+0000] {processor.py:186} INFO - Started process (PID=8259) to work on /opt/airflow/dags/daily_inventory_pipeline.py
[2026-08-23T07:34:49.597+0000] {processor.py:914} INFO - Processing file /opt/airflow/dags/daily_inventory_pipeline.py for tasks to queue
[2026-08-23T07:34:49.599+0000] {logging_mixin.py:190} INFO - [2026-08-23T07:34:49.599+0000] {dagbag.py:588} INFO - Filling up the DagBag from /opt/airflow/dags/daily_inventory_pipeline.py
[2026-08-23T07:34:49.712+0000] {processor.py:925} INFO - DAG(s) 'daily_inventory_pipeline' retrieved from /opt/airflow/dags/daily_inventory_pipeline.py
[2026-08-23T07:34:49.731+0000] {logging_mixin.py:190} INFO - [2026-08-23T07:34:49.731+0000] {dag.py:3239} INFO - Sync 1 DAGs
[2026-08-23T07:34:49.747+0000] {logging_mixin.py:190} INFO - [2026-08-23T07:34:49.747+0000] {dag.py:4180} INFO - Setting next_dagrun for daily_inventory_pipeline to 2026-08-22 18:30:00+00:00, run_after=2026-08-23 18:30:00+00:00
[2026-08-23T07:34:49.759+0000] {processor.py:208} INFO - Processing /opt/airflow/dags/daily_inventory_pipeline.py took 0.170 seconds
[2026-08-23T07:35:19.978+0000] {processor.py:186} INFO - Started process (PID=8269) to work on /opt/airflow/dags/daily_inventory_pipeline.py
[2026-08-23T07:35:19.979+0000] {processor.py:914} INFO - Processing file /opt/airflow/dags/daily_inventory_pipeline.py for tasks to queue
[2026-08-23T07:35:19.981+0000] {logging_mixin.py:190} INFO - [2026-08-23T07:35:19.981+0000] {dagbag.py:588} INFO - Filling up the DagBag from /opt/airflow/dags/daily_inventory_pipeline.py
[2026-08-23T07:35:20.070+0000] {processor.py:925} INFO - DAG(s) 'daily_inventory_pipeline' retrieved from /opt/airflow/dags/daily_inventory_pipeline.py
[2026-08-23T07:35:20.090+0000] {logging_mixin.py:190} INFO - [2026-08-23T07:35:20.090+0000] {dag.py:3239} INFO - Sync 1 DAGs
[2026-08-23T07:35:20.106+0000] {logging_mixin.py:190} INFO - [2026-08-23T07:35:20.106+0000] {dag.py:4180} INFO - Setting next_dagrun for daily_inventory_pipeline to 2026-08-22 18:30:00+00:00, run_after=2026-08-23 18:30:00+00:00
[2026-08-23T07:35:20.118+0000] {processor.py:208} INFO - Processing /opt/airflow/dags/daily_inventory_pipeline.py took 0.146 seconds
[2026-08-23T07:35:50.298+0000] {processor.py:186} INFO - Started process (PID=8279) to work on /opt/airflow/dags/daily_inventory_pipeline.py
[2026-08-23T07:35:50.299+0000] {processor.py:914} INFO - Processing file /opt/airflow/dags/daily_inventory_pipeline.py for tasks to queue
[2026-08-23T07:35:50.301+0000] {logging_mixin.py:190} INFO - [2026-08-23T07:35:50.301+0000] {dagbag.py:588} INFO - Filling up the DagBag from /opt/airflow/dags/daily_inventory_pipeline.py
[2026-08-23T07:35:50.415+0000] {processor.py:925} INFO - DAG(s) 'daily_inventory_pipeline' retrieved from /opt/airflow/dags/daily_inventory_pipeline.py
[2026-08-23T07:35:50.438+0000] {logging_mixin.py:190} INFO - [2026-08-23T07:35:50.438+0000] {dag.py:3239} INFO - Sync 1 DAGs
[2026-08-23T07:35:50.459+0000] {logging_mixin.py:190} INFO - [2026-08-23T07:35:50.459+0000] {dag.py:4180} INFO - Setting next_dagrun for daily_inventory_pipeline to 2026-08-22 18:30:00+00:00, run_after=2026-08-23 18:30:00+00:00
[2026-08-23T07:35:50.477+0000] {processor.py:208} INFO - Processing /opt/airflow/dags/daily_inventory_pipeline.py took 0.186 seconds
[2026-08-23T07:36:20.569+0000] {processor.py:186} INFO - Started process (PID=8289) to work on /opt/airflow/dags/daily_inventory_pipeline.py
[2026-08-23T07:36:20.570+0000] {processor.py:914} INFO - Processing file /opt/airflow/dags/daily_inventory_pipeline.py for tasks to queue
[2026-08-23T07:36:20.572+0000] {logging_mixin.py:190} INFO - [2026-08-23T07:36:20.571+0000] {dagbag.py:588} INFO - Filling up the DagBag from /opt/airflow/dags/daily_inventory_pipeline.py
[2026-08-23T07:36:20.670+0000] {processor.py:925} INFO - DAG(s) 'daily_inventory_pipeline' retrieved from /opt/airflow/dags/daily_inventory_pipeline.py
[2026-08-23T07:36:20.693+0000] {logging_mixin.py:190} INFO - [2026-08-23T07:36:20.693+0000] {dag.py:3239} INFO - Sync 1 DAGs
[2026-08-23T07:36:20.712+0000] {logging_mixin.py:190} INFO - [2026-08-23T07:36:20.712+0000] {dag.py:4180} INFO - Setting next_dagrun for daily_inventory_pipeline to 2026-08-22 18:30:00+00:00, run_after=2026-08-23 18:30:00+00:00
[2026-08-23T07:36:20.725+0000] {processor.py:208} INFO - Processing /opt/airflow/dags/daily_inventory_pipeline.py took 0.163 seconds
[2026-08-23T07:36:50.938+0000] {processor.py:186} INFO - Started process (PID=8299) to work on /opt/airflow/dags/daily_inventory_pipeline.py
[2026-08-23T07:36:50.939+0000] {processor.py:914} INFO - Processing file /opt/airflow/dags/daily_inventory_pipeline.py for tasks to queue
[2026-08-23T07:36:50.942+0000] {logging_mixin.py:190} INFO - [2026-08-23T07:36:50.941+0000] {dagbag.py:588} INFO - Filling up the DagBag from /opt/airflow/dags/daily_inventory_pipeline.py
[2026-08-23T07:36:51.063+0000] {processor.py:925} INFO - DAG(s) 'daily_inventory_pipeline' retrieved from /opt/airflow/dags/daily_inventory_pipeline.py
[2026-08-23T07:36:51.086+0000] {logging_mixin.py:190} INFO - [2026-08-23T07:36:51.086+0000] {dag.py:3239} INFO - Sync 1 DAGs
[2026-08-23T07:36:51.104+0000] {logging_mixin.py:190} INFO - [2026-08-23T07:36:51.104+0000] {dag.py:4180} INFO - Setting next_dagrun for daily_inventory_pipeline to 2026-08-22 18:30:00+00:00, run_after=2026-08-23 18:30:00+00:00
[2026-08-23T07:36:51.117+0000] {processor.py:208} INFO - Processing /opt/airflow/dags/daily_inventory_pipeline.py took 0.186 seconds
[2026-08-23T07:37:21.313+0000] {processor.py:186} INFO - Started process (PID=8309) to work on /opt/airflow/dags/daily_inventory_pipeline.py
[2026-08-23T07:37:21.314+0000] {processor.py:914} INFO - Processing file /opt/airflow/dags/daily_inventory_pipeline.py for tasks to queue
[2026-08-23T07:37:21.316+0000] {logging_mixin.py:190} INFO - [2026-08-23T07:37:21.316+0000] {dagbag.py:588} INFO - Filling up the DagBag from /opt/airflow/dags/daily_inventory_pipeline.py
[2026-08-23T07:37:21.409+0000] {processor.py:925} INFO - DAG(s) 'daily_inventory_pipeline' retrieved from /opt/airflow/dags/daily_inventory_pipeline.py
[2026-08-23T07:37:21.430+0000] {logging_mixin.py:190} INFO - [2026-08-23T07:37:21.430+0000] {dag.py:3239} INFO - Sync 1 DAGs
[2026-08-23T07:37:21.448+0000] {logging_mixin.py:190} INFO - [2026-08-23T07:37:21.448+0000] {dag.py:4180} INFO - Setting next_dagrun for daily_inventory_pipeline to 2026-08-22 18:30:00+00:00, run_after=2026-08-23 18:30:00+00:00
[2026-08-23T07:37:21.463+0000] {processor.py:208} INFO - Processing /opt/airflow/dags/daily_inventory_pipeline.py took 0.157 seconds
[2026-08-23T07:37:51.653+0000] {processor.py:186} INFO - Started process (PID=8319) to work on /opt/airflow/dags/daily_inventory_pipeline.py
[2026-08-23T07:37:51.654+0000] {processor.py:914} INFO - Processing file /opt/airflow/dags/daily_inventory_pipeline.py for tasks to queue
[2026-08-23T07:37:51.656+0000] {logging_mixin.py:190} INFO - [2026-08-23T07:37:51.656+0000] {dagbag.py:588} INFO - Filling up the DagBag from /opt/airflow/dags/daily_inventory_pipeline.py
[2026-08-23T07:37:51.962+0000] {processor.py:925} INFO - DAG(s) 'daily_inventory_pipeline' retrieved from /opt/airflow/dags/daily_inventory_pipeline.py
[2026-08-23T07:37:51.986+0000] {logging_mixin.py:190} INFO - [2026-08-23T07:37:51.986+0000] {dag.py:3239} INFO - Sync 1 DAGs
[2026-08-23T07:37:52.007+0000] {logging_mixin.py:190} INFO - [2026-08-23T07:37:52.007+0000] {dag.py:4180} INFO - Setting next_dagrun for daily_inventory_pipeline to 2026-08-22 18:30:00+00:00, run_after=2026-08-23 18:30:00+00:00
[2026-08-23T07:37:52.022+0000] {processor.py:208} INFO - Processing /opt/airflow/dags/daily_inventory_pipeline.py took 0.375 seconds
[2026-08-23T07:38:22.288+0000] {processor.py:186} INFO - Started process (PID=8331) to work on /opt/airflow/dags/daily_inventory_pipeline.py
[2026-08-23T07:38:22.289+0000] {processor.py:914} INFO - Processing file /opt/airflow/dags/daily_inventory_pipeline.py for tasks to queue
[2026-08-23T07:38:22.292+0000] {logging_mixin.py:190} INFO - [2026-08-23T07:38:22.291+0000] {dagbag.py:588} INFO - Filling up the DagBag from /opt/airflow/dags/daily_inventory_pipeline.py
[2026-08-23T07:38:22.429+0000] {processor.py:925} INFO - DAG(s) 'daily_inventory_pipeline' retrieved from /opt/airflow/dags/daily_inventory_pipeline.py
[2026-08-23T07:38:22.449+0000] {logging_mixin.py:190} INFO - [2026-08-23T07:38:22.449+0000] {dag.py:3239} INFO - Sync 1 DAGs
[2026-08-23T07:38:22.466+0000] {logging_mixin.py:190} INFO - [2026-08-23T07:38:22.466+0000] {dag.py:4180} INFO - Setting next_dagrun for daily_inventory_pipeline to 2026-08-22 18:30:00+00:00, run_after=2026-08-23 18:30:00+00:00
[2026-08-23T07:38:22.478+0000] {processor.py:208} INFO - Processing /opt/airflow/dags/daily_inventory_pipeline.py took 0.196 seconds
[2026-08-23T07:38:52.553+0000] {processor.py:186} INFO - Started process (PID=8339) to work on /opt/airflow/dags/daily_inventory_pipeline.py
[2026-08-23T07:38:52.554+0000] {processor.py:914} INFO - Processing file /opt/airflow/dags/daily_inventory_pipeline.py for tasks to queue
[2026-08-23T07:38:52.556+0000] {logging_mixin.py:190} INFO - [2026-08-23T07:38:52.555+0000] {dagbag.py:588} INFO - Filling up the DagBag from /opt/airflow/dags/daily_inventory_pipeline.py
[2026-08-23T07:38:52.647+0000] {processor.py:925} INFO - DAG(s) 'daily_inventory_pipeline' retrieved from /opt/airflow/dags/daily_inventory_pipeline.py
[2026-08-23T07:38:52.668+0000] {logging_mixin.py:190} INFO - [2026-08-23T07:38:52.668+0000] {dag.py:3239} INFO - Sync 1 DAGs
[2026-08-23T07:38:52.685+0000] {logging_mixin.py:190} INFO - [2026-08-23T07:38:52.685+0000] {dag.py:4180} INFO - Setting next_dagrun for daily_inventory_pipeline to 2026-08-22 18:30:00+00:00, run_after=2026-08-23 18:30:00+00:00
[2026-08-23T07:38:52.702+0000] {processor.py:208} INFO - Processing /opt/airflow/dags/daily_inventory_pipeline.py took 0.155 seconds
[2026-08-23T07:39:22.832+0000] {processor.py:186} INFO - Started process (PID=8349) to work on /opt/airflow/dags/daily_inventory_pipeline.py
[2026-08-23T07:39:22.833+0000] {processor.py:914} INFO - Processing file /opt/airflow/dags/daily_inventory_pipeline.py for tasks to queue
[2026-08-23T07:39:22.835+0000] {logging_mixin.py:190} INFO - [2026-08-23T07:39:22.835+0000] {dagbag.py:588} INFO - Filling up the DagBag from /opt/airflow/dags/daily_inventory_pipeline.py
[2026-08-23T07:39:22.939+0000] {processor.py:925} INFO - DAG(s) 'daily_inventory_pipeline' retrieved from /opt/airflow/dags/daily_inventory_pipeline.py
[2026-08-23T07:39:22.961+0000] {logging_mixin.py:190} INFO - [2026-08-23T07:39:22.961+0000] {dag.py:3239} INFO - Sync 1 DAGs
[2026-08-23T07:39:22.978+0000] {logging_mixin.py:190} INFO - [2026-08-23T07:39:22.977+0000] {dag.py:4180} INFO - Setting next_dagrun for daily_inventory_pipeline to 2026-08-22 18:30:00+00:00, run_after=2026-08-23 18:30:00+00:00
[2026-08-23T07:39:22.992+0000] {processor.py:208} INFO - Processing /opt/airflow/dags/daily_inventory_pipeline.py took 0.166 seconds
[2026-08-23T07:39:53.105+0000] {processor.py:186} INFO - Started process (PID=8359) to work on /opt/airflow/dags/daily_inventory_pipeline.py
[2026-08-23T07:39:53.106+0000] {processor.py:914} INFO - Processing file /opt/airflow/dags/daily_inventory_pipeline.py for tasks to queue
[2026-08-23T07:39:53.109+0000] {logging_mixin.py:190} INFO - [2026-08-23T07:39:53.108+0000] {dagbag.py:588} INFO - Filling up the DagBag from /opt/airflow/dags/daily_inventory_pipeline.py
[2026-08-23T07:39:53.216+0000] {processor.py:925} INFO - DAG(s) 'daily_inventory_pipeline' retrieved from /opt/airflow/dags/daily_inventory_pipeline.py
[2026-08-23T07:39:53.240+0000] {logging_mixin.py:190} INFO - [2026-08-23T07:39:53.240+0000] {dag.py:3239} INFO - Sync 1 DAGs
[2026-08-23T07:39:53.259+0000] {logging_mixin.py:190} INFO - [2026-08-23T07:39:53.258+0000] {dag.py:4180} INFO - Setting next_dagrun for daily_inventory_pipeline to 2026-08-22 18:30:00+00:00, run_after=2026-08-23 18:30:00+00:00
[2026-08-23T07:39:53.274+0000] {processor.py:208} INFO - Processing /opt/airflow/dags/daily_inventory_pipeline.py took 0.174 seconds
[2026-08-23T07:40:23.340+0000] {processor.py:186} INFO - Started process (PID=8369) to work on /opt/airflow/dags/daily_inventory_pipeline.py
[2026-08-23T07:40:23.341+0000] {processor.py:914} INFO - Processing file /opt/airflow/dags/daily_inventory_pipeline.py for tasks to queue
[2026-08-23T07:40:23.344+0000] {logging_mixin.py:190} INFO - [2026-08-23T07:40:23.344+0000] {dagbag.py:588} INFO - Filling up the DagBag from /opt/airflow/dags/daily_inventory_pipeline.py
[2026-08-23T07:40:23.452+0000] {processor.py:925} INFO - DAG(s) 'daily_inventory_pipeline' retrieved from /opt/airflow/dags/daily_inventory_pipeline.py
[2026-08-23T07:40:23.474+0000] {logging_mixin.py:190} INFO - [2026-08-23T07:40:23.474+0000] {dag.py:3239} INFO - Sync 1 DAGs
[2026-08-23T07:40:23.491+0000] {logging_mixin.py:190} INFO - [2026-08-23T07:40:23.490+0000] {dag.py:4180} INFO - Setting next_dagrun for daily_inventory_pipeline to 2026-08-22 18:30:00+00:00, run_after=2026-08-23 18:30:00+00:00
[2026-08-23T07:40:23.505+0000] {processor.py:208} INFO - Processing /opt/airflow/dags/daily_inventory_pipeline.py took 0.171 seconds
[2026-08-23T07:40:53.624+0000] {processor.py:186} INFO - Started process (PID=8379) to work on /opt/airflow/dags/daily_inventory_pipeline.py
[2026-08-23T07:40:53.625+0000] {processor.py:914} INFO - Processing file /opt/airflow/dags/daily_inventory_pipeline.py for tasks to queue
[2026-08-23T07:40:53.627+0000] {logging_mixin.py:190} INFO - [2026-08-23T07:40:53.627+0000] {dagbag.py:588} INFO - Filling up the DagBag from /opt/airflow/dags/daily_inventory_pipeline.py
[2026-08-23T07:40:53.722+0000] {processor.py:925} INFO - DAG(s) 'daily_inventory_pipeline' retrieved from /opt/airflow/dags/daily_inventory_pipeline.py
[2026-08-23T07:40:53.743+0000] {logging_mixin.py:190} INFO - [2026-08-23T07:40:53.743+0000] {dag.py:3239} INFO - Sync 1 DAGs
[2026-08-23T07:40:53.760+0000] {logging_mixin.py:190} INFO - [2026-08-23T07:40:53.760+0000] {dag.py:4180} INFO - Setting next_dagrun for daily_inventory_pipeline to 2026-08-22 18:30:00+00:00, run_after=2026-08-23 18:30:00+00:00
[2026-08-23T07:40:53.773+0000] {processor.py:208} INFO - Processing /opt/airflow/dags/daily_inventory_pipeline.py took 0.155 seconds
[2026-08-23T07:41:23.858+0000] {processor.py:186} INFO - Started process (PID=8389) to work on /opt/airflow/dags/daily_inventory_pipeline.py
[2026-08-23T07:41:23.859+0000] {processor.py:914} INFO - Processing file /opt/airflow/dags/daily_inventory_pipeline.py for tasks to queue
[2026-08-23T07:41:23.861+0000] {logging_mixin.py:190} INFO - [2026-08-23T07:41:23.861+0000] {dagbag.py:588} INFO - Filling up the DagBag from /opt/airflow/dags/daily_inventory_pipeline.py
[2026-08-23T07:41:23.959+0000] {processor.py:925} INFO - DAG(s) 'daily_inventory_pipeline' retrieved from /opt/airflow/dags/daily_inventory_pipeline.py
[2026-08-23T07:41:23.980+0000] {logging_mixin.py:190} INFO - [2026-08-23T07:41:23.980+0000] {dag.py:3239} INFO - Sync 1 DAGs
[2026-08-23T07:41:23.998+0000] {logging_mixin.py:190} INFO - [2026-08-23T07:41:23.998+0000] {dag.py:4180} INFO - Setting next_dagrun for daily_inventory_pipeline to 2026-08-22 18:30:00+00:00, run_after=2026-08-23 18:30:00+00:00
[2026-08-23T07:41:24.017+0000] {processor.py:208} INFO - Processing /opt/airflow/dags/daily_inventory_pipeline.py took 0.165 seconds
[2026-08-23T07:41:54.144+0000] {processor.py:186} INFO - Started process (PID=8399) to work on /opt/airflow/dags/daily_inventory_pipeline.py
[2026-08-23T07:41:54.145+0000] {processor.py:914} INFO - Processing file /opt/airflow/dags/daily_inventory_pipeline.py for tasks to queue
[2026-08-23T07:41:54.148+0000] {logging_mixin.py:190} INFO - [2026-08-23T07:41:54.147+0000] {dagbag.py:588} INFO - Filling up the DagBag from /opt/airflow/dags/daily_inventory_pipeline.py
[2026-08-23T07:41:54.240+0000] {processor.py:925} INFO - DAG(s) 'daily_inventory_pipeline' retrieved from /opt/airflow/dags/daily_inventory_pipeline.py
[2026-08-23T07:41:54.261+0000] {logging_mixin.py:190} INFO - [2026-08-23T07:41:54.261+0000] {dag.py:3239} INFO - Sync 1 DAGs
[2026-08-23T07:41:54.280+0000] {logging_mixin.py:190} INFO - [2026-08-23T07:41:54.279+0000] {dag.py:4180} INFO - Setting next_dagrun for daily_inventory_pipeline to 2026-08-22 18:30:00+00:00, run_after=2026-08-23 18:30:00+00:00
[2026-08-23T07:41:54.298+0000] {processor.py:208} INFO - Processing /opt/airflow/dags/daily_inventory_pipeline.py took 0.160 seconds
[2026-08-23T07:42:24.368+0000] {processor.py:186} INFO - Started process (PID=8409) to work on /opt/airflow/dags/daily_inventory_pipeline.py
[2026-08-23T07:42:24.369+0000] {processor.py:914} INFO - Processing file /opt/airflow/dags/daily_inventory_pipeline.py for tasks to queue
[2026-08-23T07:42:24.371+0000] {logging_mixin.py:190} INFO - [2026-08-23T07:42:24.371+0000] {dagbag.py:588} INFO - Filling up the DagBag from /opt/airflow/dags/daily_inventory_pipeline.py
[2026-08-23T07:42:24.467+0000] {processor.py:925} INFO - DAG(s) 'daily_inventory_pipeline' retrieved from /opt/airflow/dags/daily_inventory_pipeline.py
[2026-08-23T07:42:24.491+0000] {logging_mixin.py:190} INFO - [2026-08-23T07:42:24.491+0000] {dag.py:3239} INFO - Sync 1 DAGs
[2026-08-23T07:42:24.509+0000] {logging_mixin.py:190} INFO - [2026-08-23T07:42:24.509+0000] {dag.py:4180} INFO - Setting next_dagrun for daily_inventory_pipeline to 2026-08-22 18:30:00+00:00, run_after=2026-08-23 18:30:00+00:00
[2026-08-23T07:42:24.525+0000] {processor.py:208} INFO - Processing /opt/airflow/dags/daily_inventory_pipeline.py took 0.163 seconds
[2026-08-23T07:42:54.676+0000] {processor.py:186} INFO - Started process (PID=8419) to work on /opt/airflow/dags/daily_inventory_pipeline.py
[2026-08-23T07:42:54.677+0000] {processor.py:914} INFO - Processing file /opt/airflow/dags/daily_inventory_pipeline.py for tasks to queue
[2026-08-23T07:42:54.680+0000] {logging_mixin.py:190} INFO - [2026-08-23T07:42:54.679+0000] {dagbag.py:588} INFO - Filling up the DagBag from /opt/airflow/dags/daily_inventory_pipeline.py
[2026-08-23T07:42:54.787+0000] {processor.py:925} INFO - DAG(s) 'daily_inventory_pipeline' retrieved from /opt/airflow/dags/daily_inventory_pipeline.py
[2026-08-23T07:42:54.807+0000] {logging_mixin.py:190} INFO - [2026-08-23T07:42:54.807+0000] {dag.py:3239} INFO - Sync 1 DAGs
[2026-08-23T07:42:54.824+0000] {logging_mixin.py:190} INFO - [2026-08-23T07:42:54.824+0000] {dag.py:4180} INFO - Setting next_dagrun for daily_inventory_pipeline to 2026-08-22 18:30:00+00:00, run_after=2026-08-23 18:30:00+00:00
[2026-08-23T07:42:54.837+0000] {processor.py:208} INFO - Processing /opt/airflow/dags/daily_inventory_pipeline.py took 0.171 seconds
[2026-08-23T07:43:24.882+0000] {processor.py:186} INFO - Started process (PID=8429) to work on /opt/airflow/dags/daily_inventory_pipeline.py
[2026-08-23T07:43:24.883+0000] {processor.py:914} INFO - Processing file /opt/airflow/dags/daily_inventory_pipeline.py for tasks to queue
[2026-08-23T07:43:24.884+0000] {logging_mixin.py:190} INFO - [2026-08-23T07:43:24.884+0000] {dagbag.py:588} INFO - Filling up the DagBag from /opt/airflow/dags/daily_inventory_pipeline.py
[2026-08-23T07:43:24.981+0000] {processor.py:925} INFO - DAG(s) 'daily_inventory_pipeline' retrieved from /opt/airflow/dags/daily_inventory_pipeline.py
[2026-08-23T07:43:25.002+0000] {logging_mixin.py:190} INFO - [2026-08-23T07:43:25.002+0000] {dag.py:3239} INFO - Sync 1 DAGs
[2026-08-23T07:43:25.019+0000] {logging_mixin.py:190} INFO - [2026-08-23T07:43:25.019+0000] {dag.py:4180} INFO - Setting next_dagrun for daily_inventory_pipeline to 2026-08-22 18:30:00+00:00, run_after=2026-08-23 18:30:00+00:00
[2026-08-23T07:43:25.033+0000] {processor.py:208} INFO - Processing /opt/airflow/dags/daily_inventory_pipeline.py took 0.158 seconds
[2026-08-23T07:43:55.189+0000] {processor.py:186} INFO - Started process (PID=8439) to work on /opt/airflow/dags/daily_inventory_pipeline.py
[2026-08-23T07:43:55.190+0000] {processor.py:914} INFO - Processing file /opt/airflow/dags/daily_inventory_pipeline.py for tasks to queue
[2026-08-23T07:43:55.192+0000] {logging_mixin.py:190} INFO - [2026-08-23T07:43:55.192+0000] {dagbag.py:588} INFO - Filling up the DagBag from /opt/airflow/dags/daily_inventory_pipeline.py
[2026-08-23T07:43:55.285+0000] {processor.py:925} INFO - DAG(s) 'daily_inventory_pipeline' retrieved from /opt/airflow/dags/daily_inventory_pipeline.py
[2026-08-23T07:43:55.306+0000] {logging_mixin.py:190} INFO - [2026-08-23T07:43:55.306+0000] {dag.py:3239} INFO - Sync 1 DAGs
[2026-08-23T07:43:55.323+0000] {logging_mixin.py:190} INFO - [2026-08-23T07:43:55.323+0000] {dag.py:4180} INFO - Setting next_dagrun for daily_inventory_pipeline to 2026-08-22 18:30:00+00:00, run_after=2026-08-23 18:30:00+00:00
[2026-08-23T07:43:55.338+0000] {processor.py:208} INFO - Processing /opt/airflow/dags/daily_inventory_pipeline.py took 0.156 seconds
[2026-08-23T07:44:25.521+0000] {processor.py:186} INFO - Started process (PID=8449) to work on /opt/airflow/dags/daily_inventory_pipeline.py
[2026-08-23T07:44:25.522+0000] {processor.py:914} INFO - Processing file /opt/airflow/dags/daily_inventory_pipeline.py for tasks to queue
[2026-08-23T07:44:25.525+0000] {logging_mixin.py:190} INFO - [2026-08-23T07:44:25.524+0000] {dagbag.py:588} INFO - Filling up the DagBag from /opt/airflow/dags/daily_inventory_pipeline.py
[2026-08-23T07:44:25.617+0000] {processor.py:925} INFO - DAG(s) 'daily_inventory_pipeline' retrieved from /opt/airflow/dags/daily_inventory_pipeline.py
[2026-08-23T07:44:25.638+0000] {logging_mixin.py:190} INFO - [2026-08-23T07:44:25.638+0000] {dag.py:3239} INFO - Sync 1 DAGs
[2026-08-23T07:44:25.657+0000] {logging_mixin.py:190} INFO - [2026-08-23T07:44:25.656+0000] {dag.py:4180} INFO - Setting next_dagrun for daily_inventory_pipeline to 2026-08-22 18:30:00+00:00, run_after=2026-08-23 18:30:00+00:00
[2026-08-23T07:44:25.670+0000] {processor.py:208} INFO - Processing /opt/airflow/dags/daily_inventory_pipeline.py took 0.155 seconds
[2026-08-23T07:44:55.855+0000] {processor.py:186} INFO - Started process (PID=8459) to work on /opt/airflow/dags/daily_inventory_pipeline.py
[2026-08-23T07:44:55.856+0000] {processor.py:914} INFO - Processing file /opt/airflow/dags/daily_inventory_pipeline.py for tasks to queue
[2026-08-23T07:44:55.858+0000] {logging_mixin.py:190} INFO - [2026-08-23T07:44:55.858+0000] {dagbag.py:588} INFO - Filling up the DagBag from /opt/airflow/dags/daily_inventory_pipeline.py
[2026-08-23T07:44:56.007+0000] {processor.py:925} INFO - DAG(s) 'daily_inventory_pipeline' retrieved from /opt/airflow/dags/daily_inventory_pipeline.py
[2026-08-23T07:44:56.029+0000] {logging_mixin.py:190} INFO - [2026-08-23T07:44:56.028+0000] {dag.py:3239} INFO - Sync 1 DAGs
[2026-08-23T07:44:56.047+0000] {logging_mixin.py:190} INFO - [2026-08-23T07:44:56.047+0000] {dag.py:4180} INFO - Setting next_dagrun for daily_inventory_pipeline to 2026-08-22 18:30:00+00:00, run_after=2026-08-23 18:30:00+00:00
[2026-08-23T07:44:56.061+0000] {processor.py:208} INFO - Processing /opt/airflow/dags/daily_inventory_pipeline.py took 0.212 seconds
[2026-08-23T07:45:26.098+0000] {processor.py:186} INFO - Started process (PID=8469) to work on /opt/airflow/dags/daily_inventory_pipeline.py
[2026-08-23T07:45:26.099+0000] {processor.py:914} INFO - Processing file /opt/airflow/dags/daily_inventory_pipeline.py for tasks to queue
[2026-08-23T07:45:26.101+0000] {logging_mixin.py:190} INFO - [2026-08-23T07:45:26.101+0000] {dagbag.py:588} INFO - Filling up the DagBag from /opt/airflow/dags/daily_inventory_pipeline.py
[2026-08-23T07:45:26.199+0000] {processor.py:925} INFO - DAG(s) 'daily_inventory_pipeline' retrieved from /opt/airflow/dags/daily_inventory_pipeline.py
[2026-08-23T07:45:26.223+0000] {logging_mixin.py:190} INFO - [2026-08-23T07:45:26.223+0000] {dag.py:3239} INFO - Sync 1 DAGs
[2026-08-23T07:45:26.240+0000] {logging_mixin.py:190} INFO - [2026-08-23T07:45:26.240+0000] {dag.py:4180} INFO - Setting next_dagrun for daily_inventory_pipeline to 2026-08-22 18:30:00+00:00, run_after=2026-08-23 18:30:00+00:00
[2026-08-23T07:45:26.255+0000] {processor.py:208} INFO - Processing /opt/airflow/dags/daily_inventory_pipeline.py took 0.162 seconds
[2026-08-23T07:45:56.409+0000] {processor.py:186} INFO - Started process (PID=8479) to work on /opt/airflow/dags/daily_inventory_pipeline.py
[2026-08-23T07:45:56.410+0000] {processor.py:914} INFO - Processing file /opt/airflow/dags/daily_inventory_pipeline.py for tasks to queue
[2026-08-23T07:45:56.413+0000] {logging_mixin.py:190} INFO - [2026-08-23T07:45:56.412+0000] {dagbag.py:588} INFO - Filling up the DagBag from /opt/airflow/dags/daily_inventory_pipeline.py
[2026-08-23T07:45:56.526+0000] {processor.py:925} INFO - DAG(s) 'daily_inventory_pipeline' retrieved from /opt/airflow/dags/daily_inventory_pipeline.py
[2026-08-23T07:45:56.550+0000] {logging_mixin.py:190} INFO - [2026-08-23T07:45:56.550+0000] {dag.py:3239} INFO - Sync 1 DAGs
[2026-08-23T07:45:56.570+0000] {logging_mixin.py:190} INFO - [2026-08-23T07:45:56.569+0000] {dag.py:4180} INFO - Setting next_dagrun for daily_inventory_pipeline to 2026-08-22 18:30:00+00:00, run_after=2026-08-23 18:30:00+00:00
[2026-08-23T07:45:56.585+0000] {processor.py:208} INFO - Processing /opt/airflow/dags/daily_inventory_pipeline.py took 0.183 seconds
[2026-08-23T07:46:26.768+0000] {processor.py:186} INFO - Started process (PID=8489) to work on /opt/airflow/dags/daily_inventory_pipeline.py
[2026-08-23T07:46:26.771+0000] {processor.py:914} INFO - Processing file /opt/airflow/dags/daily_inventory_pipeline.py for tasks to queue
[2026-08-23T07:46:26.773+0000] {logging_mixin.py:190} INFO - [2026-08-23T07:46:26.773+0000] {dagbag.py:588} INFO - Filling up the DagBag from /opt/airflow/dags/daily_inventory_pipeline.py
[2026-08-23T07:46:26.903+0000] {processor.py:925} INFO - DAG(s) 'daily_inventory_pipeline' retrieved from /opt/airflow/dags/daily_inventory_pipeline.py
[2026-08-23T07:46:26.926+0000] {logging_mixin.py:190} INFO - [2026-08-23T07:46:26.926+0000] {dag.py:3239} INFO - Sync 1 DAGs
[2026-08-23T07:46:26.945+0000] {logging_mixin.py:190} INFO - [2026-08-23T07:46:26.945+0000] {dag.py:4180} INFO - Setting next_dagrun for daily_inventory_pipeline to 2026-08-22 18:30:00+00:00, run_after=2026-08-23 18:30:00+00:00
[2026-08-23T07:46:26.960+0000] {processor.py:208} INFO - Processing /opt/airflow/dags/daily_inventory_pipeline.py took 0.200 seconds
[2026-08-23T07:46:57.021+0000] {processor.py:186} INFO - Started process (PID=8499) to work on /opt/airflow/dags/daily_inventory_pipeline.py
[2026-08-23T07:46:57.022+0000] {processor.py:914} INFO - Processing file /opt/airflow/dags/daily_inventory_pipeline.py for tasks to queue
[2026-08-23T07:46:57.024+0000] {logging_mixin.py:190} INFO - [2026-08-23T07:46:57.024+0000] {dagbag.py:588} INFO - Filling up the DagBag from /opt/airflow/dags/daily_inventory_pipeline.py
[2026-08-23T07:46:57.107+0000] {processor.py:925} INFO - DAG(s) 'daily_inventory_pipeline' retrieved from /opt/airflow/dags/daily_inventory_pipeline.py
[2026-08-23T07:46:57.126+0000] {logging_mixin.py:190} INFO - [2026-08-23T07:46:57.126+0000] {dag.py:3239} INFO - Sync 1 DAGs
[2026-08-23T07:46:57.144+0000] {logging_mixin.py:190} INFO - [2026-08-23T07:46:57.143+0000] {dag.py:4180} INFO - Setting next_dagrun for daily_inventory_pipeline to 2026-08-22 18:30:00+00:00, run_after=2026-08-23 18:30:00+00:00
[2026-08-23T07:46:57.157+0000] {processor.py:208} INFO - Processing /opt/airflow/dags/daily_inventory_pipeline.py took 0.141 seconds
[2026-08-23T07:47:27.319+0000] {processor.py:186} INFO - Started process (PID=8509) to work on /opt/airflow/dags/daily_inventory_pipeline.py
[2026-08-23T07:47:27.320+0000] {processor.py:914} INFO - Processing file /opt/airflow/dags/daily_inventory_pipeline.py for tasks to queue
[2026-08-23T07:47:27.322+0000] {logging_mixin.py:190} INFO - [2026-08-23T07:47:27.322+0000] {dagbag.py:588} INFO - Filling up the DagBag from /opt/airflow/dags/daily_inventory_pipeline.py
[2026-08-23T07:47:27.403+0000] {processor.py:925} INFO - DAG(s) 'daily_inventory_pipeline' retrieved from /opt/airflow/dags/daily_inventory_pipeline.py
[2026-08-23T07:47:27.424+0000] {logging_mixin.py:190} INFO - [2026-08-23T07:47:27.424+0000] {dag.py:3239} INFO - Sync 1 DAGs
[2026-08-23T07:47:27.440+0000] {logging_mixin.py:190} INFO - [2026-08-23T07:47:27.440+0000] {dag.py:4180} INFO - Setting next_dagrun for daily_inventory_pipeline to 2026-08-22 18:30:00+00:00, run_after=2026-08-23 18:30:00+00:00
[2026-08-23T07:47:27.453+0000] {processor.py:208} INFO - Processing /opt/airflow/dags/daily_inventory_pipeline.py took 0.139 seconds
[2026-08-23T07:47:57.693+0000] {processor.py:186} INFO - Started process (PID=8519) to work on /opt/airflow/dags/daily_inventory_pipeline.py
[2026-08-23T07:47:57.695+0000] {processor.py:914} INFO - Processing file /opt/airflow/dags/daily_inventory_pipeline.py for tasks to queue
[2026-08-23T07:47:57.697+0000] {logging_mixin.py:190} INFO - [2026-08-23T07:47:57.697+0000] {dagbag.py:588} INFO - Filling up the DagBag from /opt/airflow/dags/daily_inventory_pipeline.py
[2026-08-23T07:47:57.786+0000] {processor.py:925} INFO - DAG(s) 'daily_inventory_pipeline' retrieved from /opt/airflow/dags/daily_inventory_pipeline.py
[2026-08-23T07:47:57.808+0000] {logging_mixin.py:190} INFO - [2026-08-23T07:47:57.808+0000] {dag.py:3239} INFO - Sync 1 DAGs
[2026-08-23T07:47:57.824+0000] {logging_mixin.py:190} INFO - [2026-08-23T07:47:57.824+0000] {dag.py:4180} INFO - Setting next_dagrun for daily_inventory_pipeline to 2026-08-22 18:30:00+00:00, run_after=2026-08-23 18:30:00+00:00
[2026-08-23T07:47:57.837+0000] {processor.py:208} INFO - Processing /opt/airflow/dags/daily_inventory_pipeline.py took 0.150 seconds
[2026-08-23T07:48:28.191+0000] {processor.py:186} INFO - Started process (PID=8529) to work on /opt/airflow/dags/daily_inventory_pipeline.py
[2026-08-23T07:48:28.192+0000] {processor.py:914} INFO - Processing file /opt/airflow/dags/daily_inventory_pipeline.py for tasks to queue
[2026-08-23T07:48:28.194+0000] {logging_mixin.py:190} INFO - [2026-08-23T07:48:28.193+0000] {dagbag.py:588} INFO - Filling up the DagBag from /opt/airflow/dags/daily_inventory_pipeline.py
[2026-08-23T07:48:28.275+0000] {processor.py:925} INFO - DAG(s) 'daily_inventory_pipeline' retrieved from /opt/airflow/dags/daily_inventory_pipeline.py
[2026-08-23T07:48:28.294+0000] {logging_mixin.py:190} INFO - [2026-08-23T07:48:28.294+0000] {dag.py:3239} INFO - Sync 1 DAGs
[2026-08-23T07:48:28.309+0000] {logging_mixin.py:190} INFO - [2026-08-23T07:48:28.309+0000] {dag.py:4180} INFO - Setting next_dagrun for daily_inventory_pipeline to 2026-08-22 18:30:00+00:00, run_after=2026-08-23 18:30:00+00:00
[2026-08-23T07:48:28.327+0000] {processor.py:208} INFO - Processing /opt/airflow/dags/daily_inventory_pipeline.py took 0.141 seconds
[2026-08-23T07:48:58.537+0000] {processor.py:186} INFO - Started process (PID=8539) to work on /opt/airflow/dags/daily_inventory_pipeline.py
[2026-08-23T07:48:58.538+0000] {processor.py:914} INFO - Processing file /opt/airflow/dags/daily_inventory_pipeline.py for tasks to queue
[2026-08-23T07:48:58.540+0000] {logging_mixin.py:190} INFO - [2026-08-23T07:48:58.540+0000] {dagbag.py:588} INFO - Filling up the DagBag from /opt/airflow/dags/daily_inventory_pipeline.py
[2026-08-23T07:48:58.626+0000] {processor.py:925} INFO - DAG(s) 'daily_inventory_pipeline' retrieved from /opt/airflow/dags/daily_inventory_pipeline.py
[2026-08-23T07:48:58.645+0000] {logging_mixin.py:190} INFO - [2026-08-23T07:48:58.645+0000] {dag.py:3239} INFO - Sync 1 DAGs
[2026-08-23T07:48:58.661+0000] {logging_mixin.py:190} INFO - [2026-08-23T07:48:58.661+0000] {dag.py:4180} INFO - Setting next_dagrun for daily_inventory_pipeline to 2026-08-22 18:30:00+00:00, run_after=2026-08-23 18:30:00+00:00
[2026-08-23T07:48:58.677+0000] {processor.py:208} INFO - Processing /opt/airflow/dags/daily_inventory_pipeline.py took 0.146 seconds
[2026-08-23T07:49:28.918+0000] {processor.py:186} INFO - Started process (PID=8549) to work on /opt/airflow/dags/daily_inventory_pipeline.py
[2026-08-23T07:49:28.919+0000] {processor.py:914} INFO - Processing file /opt/airflow/dags/daily_inventory_pipeline.py for tasks to queue
[2026-08-23T07:49:28.920+0000] {logging_mixin.py:190} INFO - [2026-08-23T07:49:28.920+0000] {dagbag.py:588} INFO - Filling up the DagBag from /opt/airflow/dags/daily_inventory_pipeline.py
[2026-08-23T07:49:29.012+0000] {processor.py:925} INFO - DAG(s) 'daily_inventory_pipeline' retrieved from /opt/airflow/dags/daily_inventory_pipeline.py
[2026-08-23T07:49:29.033+0000] {logging_mixin.py:190} INFO - [2026-08-23T07:49:29.033+0000] {dag.py:3239} INFO - Sync 1 DAGs
[2026-08-23T07:49:29.050+0000] {logging_mixin.py:190} INFO - [2026-08-23T07:49:29.050+0000] {dag.py:4180} INFO - Setting next_dagrun for daily_inventory_pipeline to 2026-08-22 18:30:00+00:00, run_after=2026-08-23 18:30:00+00:00
[2026-08-23T07:49:29.068+0000] {processor.py:208} INFO - Processing /opt/airflow/dags/daily_inventory_pipeline.py took 0.157 seconds
[2026-08-23T07:49:59.267+0000] {processor.py:186} INFO - Started process (PID=8559) to work on /opt/airflow/dags/daily_inventory_pipeline.py
[2026-08-23T07:49:59.269+0000] {processor.py:914} INFO - Processing file /opt/airflow/dags/daily_inventory_pipeline.py for tasks to queue
[2026-08-23T07:49:59.271+0000] {logging_mixin.py:190} INFO - [2026-08-23T07:49:59.271+0000] {dagbag.py:588} INFO - Filling up the DagBag from /opt/airflow/dags/daily_inventory_pipeline.py
[2026-08-23T07:49:59.358+0000] {processor.py:925} INFO - DAG(s) 'daily_inventory_pipeline' retrieved from /opt/airflow/dags/daily_inventory_pipeline.py
[2026-08-23T07:49:59.377+0000] {logging_mixin.py:190} INFO - [2026-08-23T07:49:59.377+0000] {dag.py:3239} INFO - Sync 1 DAGs
[2026-08-23T07:49:59.394+0000] {logging_mixin.py:190} INFO - [2026-08-23T07:49:59.393+0000] {dag.py:4180} INFO - Setting next_dagrun for daily_inventory_pipeline to 2026-08-22 18:30:00+00:00, run_after=2026-08-23 18:30:00+00:00
[2026-08-23T07:49:59.406+0000] {processor.py:208} INFO - Processing /opt/airflow/dags/daily_inventory_pipeline.py took 0.144 seconds
[2026-08-23T07:50:29.708+0000] {processor.py:186} INFO - Started process (PID=8569) to work on /opt/airflow/dags/daily_inventory_pipeline.py
[2026-08-23T07:50:29.709+0000] {processor.py:914} INFO - Processing file /opt/airflow/dags/daily_inventory_pipeline.py for tasks to queue
[2026-08-23T07:50:29.711+0000] {logging_mixin.py:190} INFO - [2026-08-23T07:50:29.710+0000] {dagbag.py:588} INFO - Filling up the DagBag from /opt/airflow/dags/daily_inventory_pipeline.py
[2026-08-23T07:50:29.817+0000] {processor.py:925} INFO - DAG(s) 'daily_inventory_pipeline' retrieved from /opt/airflow/dags/daily_inventory_pipeline.py
[2026-08-23T07:50:29.837+0000] {logging_mixin.py:190} INFO - [2026-08-23T07:50:29.837+0000] {dag.py:3239} INFO - Sync 1 DAGs
[2026-08-23T07:50:29.854+0000] {logging_mixin.py:190} INFO - [2026-08-23T07:50:29.854+0000] {dag.py:4180} INFO - Setting next_dagrun for daily_inventory_pipeline to 2026-08-22 18:30:00+00:00, run_after=2026-08-23 18:30:00+00:00
[2026-08-23T07:50:29.867+0000] {processor.py:208} INFO - Processing /opt/airflow/dags/daily_inventory_pipeline.py took 0.165 seconds
[2026-08-23T07:50:59.987+0000] {processor.py:186} INFO - Started process (PID=8579) to work on /opt/airflow/dags/daily_inventory_pipeline.py
[2026-08-23T07:50:59.988+0000] {processor.py:914} INFO - Processing file /opt/airflow/dags/daily_inventory_pipeline.py for tasks to queue
[2026-08-23T07:50:59.990+0000] {logging_mixin.py:190} INFO - [2026-08-23T07:50:59.990+0000] {dagbag.py:588} INFO - Filling up the DagBag from /opt/airflow/dags/daily_inventory_pipeline.py
[2026-08-23T07:51:00.105+0000] {processor.py:925} INFO - DAG(s) 'daily_inventory_pipeline' retrieved from /opt/airflow/dags/daily_inventory_pipeline.py
[2026-08-23T07:51:00.126+0000] {logging_mixin.py:190} INFO - [2026-08-23T07:51:00.126+0000] {dag.py:3239} INFO - Sync 1 DAGs
[2026-08-23T07:51:00.142+0000] {logging_mixin.py:190} INFO - [2026-08-23T07:51:00.141+0000] {dag.py:4180} INFO - Setting next_dagrun for daily_inventory_pipeline to 2026-08-22 18:30:00+00:00, run_after=2026-08-23 18:30:00+00:00
[2026-08-23T07:51:00.154+0000] {processor.py:208} INFO - Processing /opt/airflow/dags/daily_inventory_pipeline.py took 0.172 seconds
[2026-08-23T07:51:30.242+0000] {processor.py:186} INFO - Started process (PID=8589) to work on /opt/airflow/dags/daily_inventory_pipeline.py
[2026-08-23T07:51:30.243+0000] {processor.py:914} INFO - Processing file /opt/airflow/dags/daily_inventory_pipeline.py for tasks to queue
[2026-08-23T07:51:30.245+0000] {logging_mixin.py:190} INFO - [2026-08-23T07:51:30.244+0000] {dagbag.py:588} INFO - Filling up the DagBag from /opt/airflow/dags/daily_inventory_pipeline.py
[2026-08-23T07:51:30.332+0000] {processor.py:925} INFO - DAG(s) 'daily_inventory_pipeline' retrieved from /opt/airflow/dags/daily_inventory_pipeline.py
[2026-08-23T07:51:30.351+0000] {logging_mixin.py:190} INFO - [2026-08-23T07:51:30.351+0000] {dag.py:3239} INFO - Sync 1 DAGs
[2026-08-23T07:51:30.366+0000] {logging_mixin.py:190} INFO - [2026-08-23T07:51:30.366+0000] {dag.py:4180} INFO - Setting next_dagrun for daily_inventory_pipeline to 2026-08-22 18:30:00+00:00, run_after=2026-08-23 18:30:00+00:00
[2026-08-23T07:51:30.383+0000] {processor.py:208} INFO - Processing /opt/airflow/dags/daily_inventory_pipeline.py took 0.147 seconds
[2026-08-23T07:52:00.491+0000] {processor.py:186} INFO - Started process (PID=8599) to work on /opt/airflow/dags/daily_inventory_pipeline.py
[2026-08-23T07:52:00.492+0000] {processor.py:914} INFO - Processing file /opt/airflow/dags/daily_inventory_pipeline.py for tasks to queue
[2026-08-23T07:52:00.494+0000] {logging_mixin.py:190} INFO - [2026-08-23T07:52:00.494+0000] {dagbag.py:588} INFO - Filling up the DagBag from /opt/airflow/dags/daily_inventory_pipeline.py
[2026-08-23T07:52:00.586+0000] {processor.py:925} INFO - DAG(s) 'daily_inventory_pipeline' retrieved from /opt/airflow/dags/daily_inventory_pipeline.py
[2026-08-23T07:52:00.608+0000] {logging_mixin.py:190} INFO - [2026-08-23T07:52:00.608+0000] {dag.py:3239} INFO - Sync 1 DAGs
[2026-08-23T07:52:00.625+0000] {logging_mixin.py:190} INFO - [2026-08-23T07:52:00.625+0000] {dag.py:4180} INFO - Setting next_dagrun for daily_inventory_pipeline to 2026-08-22 18:30:00+00:00, run_after=2026-08-23 18:30:00+00:00
[2026-08-23T07:52:00.642+0000] {processor.py:208} INFO - Processing /opt/airflow/dags/daily_inventory_pipeline.py took 0.157 seconds
[2026-08-23T07:52:30.895+0000] {processor.py:186} INFO - Started process (PID=8609) to work on /opt/airflow/dags/daily_inventory_pipeline.py
[2026-08-23T07:52:30.896+0000] {processor.py:914} INFO - Processing file /opt/airflow/dags/daily_inventory_pipeline.py for tasks to queue
[2026-08-23T07:52:30.898+0000] {logging_mixin.py:190} INFO - [2026-08-23T07:52:30.898+0000] {dagbag.py:588} INFO - Filling up the DagBag from /opt/airflow/dags/daily_inventory_pipeline.py
[2026-08-23T07:52:30.990+0000] {processor.py:925} INFO - DAG(s) 'daily_inventory_pipeline' retrieved from /opt/airflow/dags/daily_inventory_pipeline.py
[2026-08-23T07:52:31.009+0000] {logging_mixin.py:190} INFO - [2026-08-23T07:52:31.009+0000] {dag.py:3239} INFO - Sync 1 DAGs
[2026-08-23T07:52:31.026+0000] {logging_mixin.py:190} INFO - [2026-08-23T07:52:31.026+0000] {dag.py:4180} INFO - Setting next_dagrun for daily_inventory_pipeline to 2026-08-22 18:30:00+00:00, run_after=2026-08-23 18:30:00+00:00
[2026-08-23T07:52:31.044+0000] {processor.py:208} INFO - Processing /opt/airflow/dags/daily_inventory_pipeline.py took 0.154 seconds
[2026-08-23T07:53:01.128+0000] {processor.py:186} INFO - Started process (PID=8619) to work on /opt/airflow/dags/daily_inventory_pipeline.py
[2026-08-23T07:53:01.129+0000] {processor.py:914} INFO - Processing file /opt/airflow/dags/daily_inventory_pipeline.py for tasks to queue
[2026-08-23T07:53:01.131+0000] {logging_mixin.py:190} INFO - [2026-08-23T07:53:01.130+0000] {dagbag.py:588} INFO - Filling up the DagBag from /opt/airflow/dags/daily_inventory_pipeline.py
[2026-08-23T07:53:01.229+0000] {processor.py:925} INFO - DAG(s) 'daily_inventory_pipeline' retrieved from /opt/airflow/dags/daily_inventory_pipeline.py
[2026-08-23T07:53:01.250+0000] {logging_mixin.py:190} INFO - [2026-08-23T07:53:01.250+0000] {dag.py:3239} INFO - Sync 1 DAGs
[2026-08-23T07:53:01.267+0000] {logging_mixin.py:190} INFO - [2026-08-23T07:53:01.267+0000] {dag.py:4180} INFO - Setting next_dagrun for daily_inventory_pipeline to 2026-08-22 18:30:00+00:00, run_after=2026-08-23 18:30:00+00:00
[2026-08-23T07:53:01.281+0000] {processor.py:208} INFO - Processing /opt/airflow/dags/daily_inventory_pipeline.py took 0.158 seconds
[2026-08-23T07:53:31.498+0000] {processor.py:186} INFO - Started process (PID=8629) to work on /opt/airflow/dags/daily_inventory_pipeline.py
[2026-08-23T07:53:31.499+0000] {processor.py:914} INFO - Processing file /opt/airflow/dags/daily_inventory_pipeline.py for tasks to queue
[2026-08-23T07:53:31.501+0000] {logging_mixin.py:190} INFO - [2026-08-23T07:53:31.500+0000] {dagbag.py:588} INFO - Filling up the DagBag from /opt/airflow/dags/daily_inventory_pipeline.py
[2026-08-23T07:53:31.581+0000] {processor.py:925} INFO - DAG(s) 'daily_inventory_pipeline' retrieved from /opt/airflow/dags/daily_inventory_pipeline.py
[2026-08-23T07:53:31.602+0000] {logging_mixin.py:190} INFO - [2026-08-23T07:53:31.601+0000] {dag.py:3239} INFO - Sync 1 DAGs
[2026-08-23T07:53:31.616+0000] {logging_mixin.py:190} INFO - [2026-08-23T07:53:31.616+0000] {dag.py:4180} INFO - Setting next_dagrun for daily_inventory_pipeline to 2026-08-22 18:30:00+00:00, run_after=2026-08-23 18:30:00+00:00
[2026-08-23T07:53:31.632+0000] {processor.py:208} INFO - Processing /opt/airflow/dags/daily_inventory_pipeline.py took 0.140 seconds
[2026-08-23T07:54:01.733+0000] {processor.py:186} INFO - Started process (PID=8639) to work on /opt/airflow/dags/daily_inventory_pipeline.py
[2026-08-23T07:54:01.734+0000] {processor.py:914} INFO - Processing file /opt/airflow/dags/daily_inventory_pipeline.py for tasks to queue
[2026-08-23T07:54:01.736+0000] {logging_mixin.py:190} INFO - [2026-08-23T07:54:01.736+0000] {dagbag.py:588} INFO - Filling up the DagBag from /opt/airflow/dags/daily_inventory_pipeline.py
[2026-08-23T07:54:01.837+0000] {processor.py:925} INFO - DAG(s) 'daily_inventory_pipeline' retrieved from /opt/airflow/dags/daily_inventory_pipeline.py
[2026-08-23T07:54:01.864+0000] {logging_mixin.py:190} INFO - [2026-08-23T07:54:01.863+0000] {dag.py:3239} INFO - Sync 1 DAGs
[2026-08-23T07:54:01.881+0000] {logging_mixin.py:190} INFO - [2026-08-23T07:54:01.880+0000] {dag.py:4180} INFO - Setting next_dagrun for daily_inventory_pipeline to 2026-08-22 18:30:00+00:00, run_after=2026-08-23 18:30:00+00:00
[2026-08-23T07:54:01.894+0000] {processor.py:208} INFO - Processing /opt/airflow/dags/daily_inventory_pipeline.py took 0.166 seconds
[2026-08-23T07:54:32.115+0000] {processor.py:186} INFO - Started process (PID=8649) to work on /opt/airflow/dags/daily_inventory_pipeline.py
[2026-08-23T07:54:32.115+0000] {processor.py:914} INFO - Processing file /opt/airflow/dags/daily_inventory_pipeline.py for tasks to queue
[2026-08-23T07:54:32.118+0000] {logging_mixin.py:190} INFO - [2026-08-23T07:54:32.118+0000] {dagbag.py:588} INFO - Filling up the DagBag from /opt/airflow/dags/daily_inventory_pipeline.py
[2026-08-23T07:54:32.217+0000] {processor.py:925} INFO - DAG(s) 'daily_inventory_pipeline' retrieved from /opt/airflow/dags/daily_inventory_pipeline.py
[2026-08-23T07:54:32.237+0000] {logging_mixin.py:190} INFO - [2026-08-23T07:54:32.237+0000] {dag.py:3239} INFO - Sync 1 DAGs
[2026-08-23T07:54:32.253+0000] {logging_mixin.py:190} INFO - [2026-08-23T07:54:32.252+0000] {dag.py:4180} INFO - Setting next_dagrun for daily_inventory_pipeline to 2026-08-22 18:30:00+00:00, run_after=2026-08-23 18:30:00+00:00
[2026-08-23T07:54:32.265+0000] {processor.py:208} INFO - Processing /opt/airflow/dags/daily_inventory_pipeline.py took 0.157 seconds
[2026-08-23T07:55:02.526+0000] {processor.py:186} INFO - Started process (PID=8659) to work on /opt/airflow/dags/daily_inventory_pipeline.py
[2026-08-23T07:55:02.527+0000] {processor.py:914} INFO - Processing file /opt/airflow/dags/daily_inventory_pipeline.py for tasks to queue
[2026-08-23T07:55:02.529+0000] {logging_mixin.py:190} INFO - [2026-08-23T07:55:02.529+0000] {dagbag.py:588} INFO - Filling up the DagBag from /opt/airflow/dags/daily_inventory_pipeline.py
[2026-08-23T07:55:02.625+0000] {processor.py:925} INFO - DAG(s) 'daily_inventory_pipeline' retrieved from /opt/airflow/dags/daily_inventory_pipeline.py
[2026-08-23T07:55:02.645+0000] {logging_mixin.py:190} INFO - [2026-08-23T07:55:02.644+0000] {dag.py:3239} INFO - Sync 1 DAGs
[2026-08-23T07:55:02.659+0000] {logging_mixin.py:190} INFO - [2026-08-23T07:55:02.659+0000] {dag.py:4180} INFO - Setting next_dagrun for daily_inventory_pipeline to 2026-08-22 18:30:00+00:00, run_after=2026-08-23 18:30:00+00:00
[2026-08-23T07:55:02.672+0000] {processor.py:208} INFO - Processing /opt/airflow/dags/daily_inventory_pipeline.py took 0.153 seconds
[2026-08-23T07:55:32.828+0000] {processor.py:186} INFO - Started process (PID=8669) to work on /opt/airflow/dags/daily_inventory_pipeline.py
[2026-08-23T07:55:32.829+0000] {processor.py:914} INFO - Processing file /opt/airflow/dags/daily_inventory_pipeline.py for tasks to queue
[2026-08-23T07:55:32.831+0000] {logging_mixin.py:190} INFO - [2026-08-23T07:55:32.831+0000] {dagbag.py:588} INFO - Filling up the DagBag from /opt/airflow/dags/daily_inventory_pipeline.py
[2026-08-23T07:55:32.971+0000] {processor.py:925} INFO - DAG(s) 'daily_inventory_pipeline' retrieved from /opt/airflow/dags/daily_inventory_pipeline.py
[2026-08-23T07:55:32.995+0000] {logging_mixin.py:190} INFO - [2026-08-23T07:55:32.995+0000] {dag.py:3239} INFO - Sync 1 DAGs
[2026-08-23T07:55:33.015+0000] {logging_mixin.py:190} INFO - [2026-08-23T07:55:33.015+0000] {dag.py:4180} INFO - Setting next_dagrun for daily_inventory_pipeline to 2026-08-22 18:30:00+00:00, run_after=2026-08-23 18:30:00+00:00
[2026-08-23T07:55:33.032+0000] {processor.py:208} INFO - Processing /opt/airflow/dags/daily_inventory_pipeline.py took 0.210 seconds
[2026-08-23T07:56:03.109+0000] {processor.py:186} INFO - Started process (PID=8679) to work on /opt/airflow/dags/daily_inventory_pipeline.py
[2026-08-23T07:56:03.110+0000] {processor.py:914} INFO - Processing file /opt/airflow/dags/daily_inventory_pipeline.py for tasks to queue
[2026-08-23T07:56:03.113+0000] {logging_mixin.py:190} INFO - [2026-08-23T07:56:03.112+0000] {dagbag.py:588} INFO - Filling up the DagBag from /opt/airflow/dags/daily_inventory_pipeline.py
[2026-08-23T07:56:03.242+0000] {processor.py:925} INFO - DAG(s) 'daily_inventory_pipeline' retrieved from /opt/airflow/dags/daily_inventory_pipeline.py
[2026-08-23T07:56:03.265+0000] {logging_mixin.py:190} INFO - [2026-08-23T07:56:03.265+0000] {dag.py:3239} INFO - Sync 1 DAGs
[2026-08-23T07:56:03.284+0000] {logging_mixin.py:190} INFO - [2026-08-23T07:56:03.284+0000] {dag.py:4180} INFO - Setting next_dagrun for daily_inventory_pipeline to 2026-08-22 18:30:00+00:00, run_after=2026-08-23 18:30:00+00:00
[2026-08-23T07:56:03.298+0000] {processor.py:208} INFO - Processing /opt/airflow/dags/daily_inventory_pipeline.py took 0.195 seconds
[2026-08-23T07:56:33.611+0000] {processor.py:186} INFO - Started process (PID=8689) to work on /opt/airflow/dags/daily_inventory_pipeline.py
[2026-08-23T07:56:33.611+0000] {processor.py:914} INFO - Processing file /opt/airflow/dags/daily_inventory_pipeline.py for tasks to queue
[2026-08-23T07:56:33.613+0000] {logging_mixin.py:190} INFO - [2026-08-23T07:56:33.613+0000] {dagbag.py:588} INFO - Filling up the DagBag from /opt/airflow/dags/daily_inventory_pipeline.py
[2026-08-23T07:56:33.695+0000] {processor.py:925} INFO - DAG(s) 'daily_inventory_pipeline' retrieved from /opt/airflow/dags/daily_inventory_pipeline.py
[2026-08-23T07:56:33.714+0000] {logging_mixin.py:190} INFO - [2026-08-23T07:56:33.714+0000] {dag.py:3239} INFO - Sync 1 DAGs
[2026-08-23T07:56:33.729+0000] {logging_mixin.py:190} INFO - [2026-08-23T07:56:33.729+0000] {dag.py:4180} INFO - Setting next_dagrun for daily_inventory_pipeline to 2026-08-22 18:30:00+00:00, run_after=2026-08-23 18:30:00+00:00
[2026-08-23T07:56:33.742+0000] {processor.py:208} INFO - Processing /opt/airflow/dags/daily_inventory_pipeline.py took 0.136 seconds
[2026-08-23T07:57:04.016+0000] {processor.py:186} INFO - Started process (PID=8699) to work on /opt/airflow/dags/daily_inventory_pipeline.py
[2026-08-23T07:57:04.018+0000] {processor.py:914} INFO - Processing file /opt/airflow/dags/daily_inventory_pipeline.py for tasks to queue
[2026-08-23T07:57:04.021+0000] {logging_mixin.py:190} INFO - [2026-08-23T07:57:04.021+0000] {dagbag.py:588} INFO - Filling up the DagBag from /opt/airflow/dags/daily_inventory_pipeline.py
[2026-08-23T07:57:04.113+0000] {processor.py:925} INFO - DAG(s) 'daily_inventory_pipeline' retrieved from /opt/airflow/dags/daily_inventory_pipeline.py
[2026-08-23T07:57:04.134+0000] {logging_mixin.py:190} INFO - [2026-08-23T07:57:04.134+0000] {dag.py:3239} INFO - Sync 1 DAGs
[2026-08-23T07:57:04.151+0000] {logging_mixin.py:190} INFO - [2026-08-23T07:57:04.151+0000] {dag.py:4180} INFO - Setting next_dagrun for daily_inventory_pipeline to 2026-08-22 18:30:00+00:00, run_after=2026-08-23 18:30:00+00:00
[2026-08-23T07:57:04.164+0000] {processor.py:208} INFO - Processing /opt/airflow/dags/daily_inventory_pipeline.py took 0.153 seconds
[2026-08-23T07:57:34.279+0000] {processor.py:186} INFO - Started process (PID=8709) to work on /opt/airflow/dags/daily_inventory_pipeline.py
[2026-08-23T07:57:34.280+0000] {processor.py:914} INFO - Processing file /opt/airflow/dags/daily_inventory_pipeline.py for tasks to queue
[2026-08-23T07:57:34.282+0000] {logging_mixin.py:190} INFO - [2026-08-23T07:57:34.282+0000] {dagbag.py:588} INFO - Filling up the DagBag from /opt/airflow/dags/daily_inventory_pipeline.py
[2026-08-23T07:57:34.377+0000] {processor.py:925} INFO - DAG(s) 'daily_inventory_pipeline' retrieved from /opt/airflow/dags/daily_inventory_pipeline.py
[2026-08-23T07:57:34.398+0000] {logging_mixin.py:190} INFO - [2026-08-23T07:57:34.398+0000] {dag.py:3239} INFO - Sync 1 DAGs
[2026-08-23T07:57:34.414+0000] {logging_mixin.py:190} INFO - [2026-08-23T07:57:34.414+0000] {dag.py:4180} INFO - Setting next_dagrun for daily_inventory_pipeline to 2026-08-22 18:30:00+00:00, run_after=2026-08-23 18:30:00+00:00
[2026-08-23T07:57:34.433+0000] {processor.py:208} INFO - Processing /opt/airflow/dags/daily_inventory_pipeline.py took 0.159 seconds
[2026-08-23T07:58:04.531+0000] {processor.py:186} INFO - Started process (PID=8719) to work on /opt/airflow/dags/daily_inventory_pipeline.py
[2026-08-23T07:58:04.532+0000] {processor.py:914} INFO - Processing file /opt/airflow/dags/daily_inventory_pipeline.py for tasks to queue
[2026-08-23T07:58:04.534+0000] {logging_mixin.py:190} INFO - [2026-08-23T07:58:04.533+0000] {dagbag.py:588} INFO - Filling up the DagBag from /opt/airflow/dags/daily_inventory_pipeline.py
[2026-08-23T07:58:04.648+0000] {processor.py:925} INFO - DAG(s) 'daily_inventory_pipeline' retrieved from /opt/airflow/dags/daily_inventory_pipeline.py
[2026-08-23T07:58:04.669+0000] {logging_mixin.py:190} INFO - [2026-08-23T07:58:04.669+0000] {dag.py:3239} INFO - Sync 1 DAGs
[2026-08-23T07:58:04.686+0000] {logging_mixin.py:190} INFO - [2026-08-23T07:58:04.685+0000] {dag.py:4180} INFO - Setting next_dagrun for daily_inventory_pipeline to 2026-08-22 18:30:00+00:00, run_after=2026-08-23 18:30:00+00:00
[2026-08-23T07:58:04.703+0000] {processor.py:208} INFO - Processing /opt/airflow/dags/daily_inventory_pipeline.py took 0.178 seconds
[2026-08-23T07:58:34.771+0000] {processor.py:186} INFO - Started process (PID=8729) to work on /opt/airflow/dags/daily_inventory_pipeline.py
[2026-08-23T07:58:34.772+0000] {processor.py:914} INFO - Processing file /opt/airflow/dags/daily_inventory_pipeline.py for tasks to queue
[2026-08-23T07:58:34.773+0000] {logging_mixin.py:190} INFO - [2026-08-23T07:58:34.773+0000] {dagbag.py:588} INFO - Filling up the DagBag from /opt/airflow/dags/daily_inventory_pipeline.py
[2026-08-23T07:58:34.854+0000] {processor.py:925} INFO - DAG(s) 'daily_inventory_pipeline' retrieved from /opt/airflow/dags/daily_inventory_pipeline.py
[2026-08-23T07:58:34.876+0000] {logging_mixin.py:190} INFO - [2026-08-23T07:58:34.876+0000] {dag.py:3239} INFO - Sync 1 DAGs
[2026-08-23T07:58:34.892+0000] {logging_mixin.py:190} INFO - [2026-08-23T07:58:34.892+0000] {dag.py:4180} INFO - Setting next_dagrun for daily_inventory_pipeline to 2026-08-22 18:30:00+00:00, run_after=2026-08-23 18:30:00+00:00
[2026-08-23T07:58:34.907+0000] {processor.py:208} INFO - Processing /opt/airflow/dags/daily_inventory_pipeline.py took 0.141 seconds
[2026-08-23T07:59:05.096+0000] {processor.py:186} INFO - Started process (PID=8739) to work on /opt/airflow/dags/daily_inventory_pipeline.py
[2026-08-23T07:59:05.097+0000] {processor.py:914} INFO - Processing file /opt/airflow/dags/daily_inventory_pipeline.py for tasks to queue
[2026-08-23T07:59:05.100+0000] {logging_mixin.py:190} INFO - [2026-08-23T07:59:05.100+0000] {dagbag.py:588} INFO - Filling up the DagBag from /opt/airflow/dags/daily_inventory_pipeline.py
[2026-08-23T07:59:05.275+0000] {processor.py:925} INFO - DAG(s) 'daily_inventory_pipeline' retrieved from /opt/airflow/dags/daily_inventory_pipeline.py
[2026-08-23T07:59:05.297+0000] {logging_mixin.py:190} INFO - [2026-08-23T07:59:05.297+0000] {dag.py:3239} INFO - Sync 1 DAGs
[2026-08-23T07:59:05.313+0000] {logging_mixin.py:190} INFO - [2026-08-23T07:59:05.313+0000] {dag.py:4180} INFO - Setting next_dagrun for daily_inventory_pipeline to 2026-08-22 18:30:00+00:00, run_after=2026-08-23 18:30:00+00:00
[2026-08-23T07:59:05.327+0000] {processor.py:208} INFO - Processing /opt/airflow/dags/daily_inventory_pipeline.py took 0.241 seconds
[2026-08-23T07:59:35.519+0000] {processor.py:186} INFO - Started process (PID=8749) to work on /opt/airflow/dags/daily_inventory_pipeline.py
[2026-08-23T07:59:35.520+0000] {processor.py:914} INFO - Processing file /opt/airflow/dags/daily_inventory_pipeline.py for tasks to queue
[2026-08-23T07:59:35.522+0000] {logging_mixin.py:190} INFO - [2026-08-23T07:59:35.522+0000] {dagbag.py:588} INFO - Filling up the DagBag from /opt/airflow/dags/daily_inventory_pipeline.py
[2026-08-23T07:59:35.624+0000] {processor.py:925} INFO - DAG(s) 'daily_inventory_pipeline' retrieved from /opt/airflow/dags/daily_inventory_pipeline.py
[2026-08-23T07:59:35.646+0000] {logging_mixin.py:190} INFO - [2026-08-23T07:59:35.646+0000] {dag.py:3239} INFO - Sync 1 DAGs
[2026-08-23T07:59:35.663+0000] {logging_mixin.py:190} INFO - [2026-08-23T07:59:35.663+0000] {dag.py:4180} INFO - Setting next_dagrun for daily_inventory_pipeline to 2026-08-22 18:30:00+00:00, run_after=2026-08-23 18:30:00+00:00
[2026-08-23T07:59:35.680+0000] {processor.py:208} INFO - Processing /opt/airflow/dags/daily_inventory_pipeline.py took 0.166 seconds
