[2026-08-23T00:31:52.340+0000] {processor.py:186} INFO - Started process (PID=196) to work on /opt/airflow/dags/weekly_segment.py
[2026-08-23T00:31:52.341+0000] {processor.py:914} INFO - Processing file /opt/airflow/dags/weekly_segment.py for tasks to queue
[2026-08-23T00:31:52.344+0000] {logging_mixin.py:190} INFO - [2026-08-23T00:31:52.343+0000] {dagbag.py:588} INFO - Filling up the DagBag from /opt/airflow/dags/weekly_segment.py
[2026-08-23T00:31:52.358+0000] {logging_mixin.py:190} INFO - [2026-08-23T00:31:52.355+0000] {dagbag.py:387} ERROR - Failed to import: /opt/airflow/dags/weekly_segment.py
Traceback (most recent call last):
  File "/home/airflow/.local/lib/python3.12/site-packages/airflow/models/dagbag.py", line 383, in parse
    loader.exec_module(new_module)
  File "<frozen importlib._bootstrap_external>", line 999, in exec_module
  File "<frozen importlib._bootstrap>", line 488, in _call_with_frames_removed
  File "/opt/airflow/dags/weekly_segment.py", line 13, in <module>
    from jobs import tasks
ModuleNotFoundError: No module named 'jobs'
[2026-08-23T00:31:52.359+0000] {processor.py:927} WARNING - No viable dags retrieved from /opt/airflow/dags/weekly_segment.py
[2026-08-23T00:31:52.378+0000] {processor.py:208} INFO - Processing /opt/airflow/dags/weekly_segment.py took 0.044 seconds
[2026-08-23T00:32:22.732+0000] {processor.py:186} INFO - Started process (PID=206) to work on /opt/airflow/dags/weekly_segment.py
[2026-08-23T00:32:22.733+0000] {processor.py:914} INFO - Processing file /opt/airflow/dags/weekly_segment.py for tasks to queue
[2026-08-23T00:32:22.735+0000] {logging_mixin.py:190} INFO - [2026-08-23T00:32:22.735+0000] {dagbag.py:588} INFO - Filling up the DagBag from /opt/airflow/dags/weekly_segment.py
[2026-08-23T00:32:22.745+0000] {logging_mixin.py:190} INFO - [2026-08-23T00:32:22.742+0000] {dagbag.py:387} ERROR - Failed to import: /opt/airflow/dags/weekly_segment.py
Traceback (most recent call last):
  File "/home/airflow/.local/lib/python3.12/site-packages/airflow/models/dagbag.py", line 383, in parse
    loader.exec_module(new_module)
  File "<frozen importlib._bootstrap_external>", line 999, in exec_module
  File "<frozen importlib._bootstrap>", line 488, in _call_with_frames_removed
  File "/opt/airflow/dags/weekly_segment.py", line 13, in <module>
    from jobs import tasks
ModuleNotFoundError: No module named 'jobs'
[2026-08-23T00:32:22.746+0000] {processor.py:927} WARNING - No viable dags retrieved from /opt/airflow/dags/weekly_segment.py
[2026-08-23T00:32:22.762+0000] {processor.py:208} INFO - Processing /opt/airflow/dags/weekly_segment.py took 0.035 seconds
[2026-08-23T00:32:53.162+0000] {processor.py:186} INFO - Started process (PID=230) to work on /opt/airflow/dags/weekly_segment.py
[2026-08-23T00:32:53.163+0000] {processor.py:914} INFO - Processing file /opt/airflow/dags/weekly_segment.py for tasks to queue
[2026-08-23T00:32:53.165+0000] {logging_mixin.py:190} INFO - [2026-08-23T00:32:53.165+0000] {dagbag.py:588} INFO - Filling up the DagBag from /opt/airflow/dags/weekly_segment.py
[2026-08-23T00:32:53.176+0000] {logging_mixin.py:190} INFO - [2026-08-23T00:32:53.173+0000] {dagbag.py:387} ERROR - Failed to import: /opt/airflow/dags/weekly_segment.py
Traceback (most recent call last):
  File "/home/airflow/.local/lib/python3.12/site-packages/airflow/models/dagbag.py", line 383, in parse
    loader.exec_module(new_module)
  File "<frozen importlib._bootstrap_external>", line 999, in exec_module
  File "<frozen importlib._bootstrap>", line 488, in _call_with_frames_removed
  File "/opt/airflow/dags/weekly_segment.py", line 13, in <module>
    from jobs import tasks
ModuleNotFoundError: No module named 'jobs'
[2026-08-23T00:32:53.177+0000] {processor.py:927} WARNING - No viable dags retrieved from /opt/airflow/dags/weekly_segment.py
[2026-08-23T00:32:53.196+0000] {processor.py:208} INFO - Processing /opt/airflow/dags/weekly_segment.py took 0.040 seconds
[2026-08-23T00:33:20.489+0000] {processor.py:186} INFO - Started process (PID=257) to work on /opt/airflow/dags/weekly_segment.py
[2026-08-23T00:33:20.489+0000] {processor.py:914} INFO - Processing file /opt/airflow/dags/weekly_segment.py for tasks to queue
[2026-08-23T00:33:20.491+0000] {logging_mixin.py:190} INFO - [2026-08-23T00:33:20.491+0000] {dagbag.py:588} INFO - Filling up the DagBag from /opt/airflow/dags/weekly_segment.py
[2026-08-23T00:33:20.510+0000] {logging_mixin.py:190} INFO - [2026-08-23T00:33:20.507+0000] {dagbag.py:387} ERROR - Failed to import: /opt/airflow/dags/weekly_segment.py
Traceback (most recent call last):
  File "/home/airflow/.local/lib/python3.12/site-packages/airflow/models/dagbag.py", line 383, in parse
    loader.exec_module(new_module)
  File "<frozen importlib._bootstrap_external>", line 999, in exec_module
  File "<frozen importlib._bootstrap>", line 488, in _call_with_frames_removed
  File "/opt/airflow/dags/weekly_segment.py", line 24, in <module>
    from jobs import tasks
ModuleNotFoundError: No module named 'jobs'
[2026-08-23T00:33:20.511+0000] {processor.py:927} WARNING - No viable dags retrieved from /opt/airflow/dags/weekly_segment.py
[2026-08-23T00:33:20.529+0000] {processor.py:208} INFO - Processing /opt/airflow/dags/weekly_segment.py took 0.045 seconds
[2026-08-23T00:33:32.627+0000] {processor.py:186} INFO - Started process (PID=196) to work on /opt/airflow/dags/weekly_segment.py
[2026-08-23T00:33:32.628+0000] {processor.py:914} INFO - Processing file /opt/airflow/dags/weekly_segment.py for tasks to queue
[2026-08-23T00:33:32.630+0000] {logging_mixin.py:190} INFO - [2026-08-23T00:33:32.630+0000] {dagbag.py:588} INFO - Filling up the DagBag from /opt/airflow/dags/weekly_segment.py
[2026-08-23T00:33:32.641+0000] {logging_mixin.py:190} INFO - [2026-08-23T00:33:32.639+0000] {dagbag.py:387} ERROR - Failed to import: /opt/airflow/dags/weekly_segment.py
Traceback (most recent call last):
  File "/home/airflow/.local/lib/python3.12/site-packages/airflow/models/dagbag.py", line 383, in parse
    loader.exec_module(new_module)
  File "<frozen importlib._bootstrap_external>", line 999, in exec_module
  File "<frozen importlib._bootstrap>", line 488, in _call_with_frames_removed
  File "/opt/airflow/dags/weekly_segment.py", line 24, in <module>
    from jobs import tasks
ModuleNotFoundError: No module named 'jobs'
[2026-08-23T00:33:32.642+0000] {processor.py:927} WARNING - No viable dags retrieved from /opt/airflow/dags/weekly_segment.py
[2026-08-23T00:33:32.659+0000] {processor.py:208} INFO - Processing /opt/airflow/dags/weekly_segment.py took 0.038 seconds
[2026-08-23T00:34:02.885+0000] {processor.py:186} INFO - Started process (PID=238) to work on /opt/airflow/dags/weekly_segment.py
[2026-08-23T00:34:02.885+0000] {processor.py:914} INFO - Processing file /opt/airflow/dags/weekly_segment.py for tasks to queue
[2026-08-23T00:34:02.887+0000] {logging_mixin.py:190} INFO - [2026-08-23T00:34:02.887+0000] {dagbag.py:588} INFO - Filling up the DagBag from /opt/airflow/dags/weekly_segment.py
[2026-08-23T00:34:02.897+0000] {logging_mixin.py:190} INFO - [2026-08-23T00:34:02.894+0000] {dagbag.py:387} ERROR - Failed to import: /opt/airflow/dags/weekly_segment.py
Traceback (most recent call last):
  File "/home/airflow/.local/lib/python3.12/site-packages/airflow/models/dagbag.py", line 383, in parse
    loader.exec_module(new_module)
  File "<frozen importlib._bootstrap_external>", line 999, in exec_module
  File "<frozen importlib._bootstrap>", line 488, in _call_with_frames_removed
  File "/opt/airflow/dags/weekly_segment.py", line 24, in <module>
    from jobs import tasks
ModuleNotFoundError: No module named 'jobs'
[2026-08-23T00:34:02.898+0000] {processor.py:927} WARNING - No viable dags retrieved from /opt/airflow/dags/weekly_segment.py
[2026-08-23T00:34:02.914+0000] {processor.py:208} INFO - Processing /opt/airflow/dags/weekly_segment.py took 0.034 seconds
[2026-08-23T00:34:08.242+0000] {processor.py:186} INFO - Started process (PID=253) to work on /opt/airflow/dags/weekly_segment.py
[2026-08-23T00:34:08.243+0000] {processor.py:914} INFO - Processing file /opt/airflow/dags/weekly_segment.py for tasks to queue
[2026-08-23T00:34:08.245+0000] {logging_mixin.py:190} INFO - [2026-08-23T00:34:08.245+0000] {dagbag.py:588} INFO - Filling up the DagBag from /opt/airflow/dags/weekly_segment.py
[2026-08-23T00:34:08.398+0000] {logging_mixin.py:190} INFO - [2026-08-23T00:34:08.387+0000] {dagbag.py:387} ERROR - Failed to import: /opt/airflow/dags/weekly_segment.py
Traceback (most recent call last):
  File "/home/airflow/.local/lib/python3.12/site-packages/airflow/models/dagbag.py", line 383, in parse
    loader.exec_module(new_module)
  File "<frozen importlib._bootstrap_external>", line 999, in exec_module
  File "<frozen importlib._bootstrap>", line 488, in _call_with_frames_removed
  File "/opt/airflow/dags/weekly_segment.py", line 24, in <module>
    from jobs import tasks
  File "/opt/airflow/jobs/tasks.py", line 14, in <module>
    from keio_inventory.infra.db.models import (
  File "/opt/airflow/src/keio_inventory/infra/db/models.py", line 10, in <module>
    from sqlalchemy.orm import DeclarativeBase, relationship
ImportError: cannot import name 'DeclarativeBase' from 'sqlalchemy.orm' (/home/airflow/.local/lib/python3.12/site-packages/sqlalchemy/orm/__init__.py)
[2026-08-23T00:34:08.402+0000] {processor.py:927} WARNING - No viable dags retrieved from /opt/airflow/dags/weekly_segment.py
[2026-08-23T00:34:08.420+0000] {processor.py:208} INFO - Processing /opt/airflow/dags/weekly_segment.py took 0.182 seconds
[2026-08-23T00:34:21.562+0000] {processor.py:186} INFO - Started process (PID=196) to work on /opt/airflow/dags/weekly_segment.py
[2026-08-23T00:34:21.563+0000] {processor.py:914} INFO - Processing file /opt/airflow/dags/weekly_segment.py for tasks to queue
[2026-08-23T00:34:21.565+0000] {logging_mixin.py:190} INFO - [2026-08-23T00:34:21.565+0000] {dagbag.py:588} INFO - Filling up the DagBag from /opt/airflow/dags/weekly_segment.py
[2026-08-23T00:34:21.637+0000] {logging_mixin.py:190} INFO - [2026-08-23T00:34:21.629+0000] {dagbag.py:387} ERROR - Failed to import: /opt/airflow/dags/weekly_segment.py
Traceback (most recent call last):
  File "/home/airflow/.local/lib/python3.12/site-packages/airflow/models/dagbag.py", line 383, in parse
    loader.exec_module(new_module)
  File "<frozen importlib._bootstrap_external>", line 999, in exec_module
  File "<frozen importlib._bootstrap>", line 488, in _call_with_frames_removed
  File "/opt/airflow/dags/weekly_segment.py", line 24, in <module>
    from jobs import tasks
  File "/opt/airflow/jobs/tasks.py", line 14, in <module>
    from keio_inventory.infra.db.models import (
  File "/opt/airflow/src/keio_inventory/infra/db/models.py", line 10, in <module>
    from sqlalchemy.orm import DeclarativeBase, relationship
ImportError: cannot import name 'DeclarativeBase' from 'sqlalchemy.orm' (/home/airflow/.local/lib/python3.12/site-packages/sqlalchemy/orm/__init__.py)
[2026-08-23T00:34:21.640+0000] {processor.py:927} WARNING - No viable dags retrieved from /opt/airflow/dags/weekly_segment.py
[2026-08-23T00:34:21.656+0000] {processor.py:208} INFO - Processing /opt/airflow/dags/weekly_segment.py took 0.100 seconds
[2026-08-23T00:34:51.840+0000] {processor.py:186} INFO - Started process (PID=290) to work on /opt/airflow/dags/weekly_segment.py
[2026-08-23T00:34:51.841+0000] {processor.py:914} INFO - Processing file /opt/airflow/dags/weekly_segment.py for tasks to queue
[2026-08-23T00:34:51.843+0000] {logging_mixin.py:190} INFO - [2026-08-23T00:34:51.843+0000] {dagbag.py:588} INFO - Filling up the DagBag from /opt/airflow/dags/weekly_segment.py
[2026-08-23T00:34:51.936+0000] {logging_mixin.py:190} INFO - [2026-08-23T00:34:51.928+0000] {dagbag.py:387} ERROR - Failed to import: /opt/airflow/dags/weekly_segment.py
Traceback (most recent call last):
  File "/home/airflow/.local/lib/python3.12/site-packages/airflow/models/dagbag.py", line 383, in parse
    loader.exec_module(new_module)
  File "<frozen importlib._bootstrap_external>", line 999, in exec_module
  File "<frozen importlib._bootstrap>", line 488, in _call_with_frames_removed
  File "/opt/airflow/dags/weekly_segment.py", line 24, in <module>
    from jobs import tasks
  File "/opt/airflow/jobs/tasks.py", line 14, in <module>
    from keio_inventory.infra.db.models import (
  File "/opt/airflow/src/keio_inventory/infra/db/models.py", line 10, in <module>
    from sqlalchemy.orm import DeclarativeBase, relationship
ImportError: cannot import name 'DeclarativeBase' from 'sqlalchemy.orm' (/home/airflow/.local/lib/python3.12/site-packages/sqlalchemy/orm/__init__.py)
[2026-08-23T00:34:51.941+0000] {processor.py:927} WARNING - No viable dags retrieved from /opt/airflow/dags/weekly_segment.py
[2026-08-23T00:34:51.959+0000] {processor.py:208} INFO - Processing /opt/airflow/dags/weekly_segment.py took 0.124 seconds
[2026-08-23T00:35:26.445+0000] {processor.py:186} INFO - Started process (PID=196) to work on /opt/airflow/dags/weekly_segment.py
[2026-08-23T00:35:26.446+0000] {processor.py:914} INFO - Processing file /opt/airflow/dags/weekly_segment.py for tasks to queue
[2026-08-23T00:35:26.449+0000] {logging_mixin.py:190} INFO - [2026-08-23T00:35:26.449+0000] {dagbag.py:588} INFO - Filling up the DagBag from /opt/airflow/dags/weekly_segment.py
[2026-08-23T00:35:26.577+0000] {processor.py:925} INFO - DAG(s) 'weekly_segment' retrieved from /opt/airflow/dags/weekly_segment.py
[2026-08-23T00:35:26.736+0000] {logging_mixin.py:190} INFO - [2026-08-23T00:35:26.736+0000] {override.py:1912} INFO - Created Permission View: can edit on DAG:weekly_segment
[2026-08-23T00:35:26.744+0000] {logging_mixin.py:190} INFO - [2026-08-23T00:35:26.744+0000] {override.py:1912} INFO - Created Permission View: can delete on DAG:weekly_segment
[2026-08-23T00:35:26.749+0000] {logging_mixin.py:190} INFO - [2026-08-23T00:35:26.749+0000] {override.py:1912} INFO - Created Permission View: can read on DAG:weekly_segment
[2026-08-23T00:35:26.755+0000] {logging_mixin.py:190} INFO - [2026-08-23T00:35:26.754+0000] {override.py:1912} INFO - Created Permission View: can create on DAG Run:weekly_segment
[2026-08-23T00:35:26.759+0000] {logging_mixin.py:190} INFO - [2026-08-23T00:35:26.759+0000] {override.py:1912} INFO - Created Permission View: can delete on DAG Run:weekly_segment
[2026-08-23T00:35:26.764+0000] {logging_mixin.py:190} INFO - [2026-08-23T00:35:26.764+0000] {override.py:1912} INFO - Created Permission View: menu access on DAG Run:weekly_segment
[2026-08-23T00:35:26.769+0000] {logging_mixin.py:190} INFO - [2026-08-23T00:35:26.769+0000] {override.py:1912} INFO - Created Permission View: can read on DAG Run:weekly_segment
[2026-08-23T00:35:26.770+0000] {logging_mixin.py:190} INFO - [2026-08-23T00:35:26.770+0000] {dag.py:3239} INFO - Sync 1 DAGs
[2026-08-23T00:35:26.781+0000] {logging_mixin.py:190} INFO - [2026-08-23T00:35:26.780+0000] {dag.py:3262} INFO - Creating ORM DAG for weekly_segment
[2026-08-23T00:35:26.789+0000] {logging_mixin.py:190} INFO - [2026-08-23T00:35:26.789+0000] {dag.py:4180} INFO - Setting next_dagrun for weekly_segment to 2026-08-15 16:00:00+00:00, run_after=2026-08-22 16:00:00+00:00
[2026-08-23T00:35:26.806+0000] {processor.py:208} INFO - Processing /opt/airflow/dags/weekly_segment.py took 0.367 seconds
[2026-08-23T00:35:57.002+0000] {processor.py:186} INFO - Started process (PID=309) to work on /opt/airflow/dags/weekly_segment.py
[2026-08-23T00:35:57.003+0000] {processor.py:914} INFO - Processing file /opt/airflow/dags/weekly_segment.py for tasks to queue
[2026-08-23T00:35:57.005+0000] {logging_mixin.py:190} INFO - [2026-08-23T00:35:57.005+0000] {dagbag.py:588} INFO - Filling up the DagBag from /opt/airflow/dags/weekly_segment.py
[2026-08-23T00:35:57.095+0000] {processor.py:925} INFO - DAG(s) 'weekly_segment' retrieved from /opt/airflow/dags/weekly_segment.py
[2026-08-23T00:35:57.116+0000] {logging_mixin.py:190} INFO - [2026-08-23T00:35:57.116+0000] {dag.py:3239} INFO - Sync 1 DAGs
[2026-08-23T00:35:57.133+0000] {logging_mixin.py:190} INFO - [2026-08-23T00:35:57.132+0000] {dag.py:4180} INFO - Setting next_dagrun for weekly_segment to 2026-08-22 16:00:00+00:00, run_after=2026-08-29 16:00:00+00:00
[2026-08-23T00:35:57.146+0000] {processor.py:208} INFO - Processing /opt/airflow/dags/weekly_segment.py took 0.149 seconds
[2026-08-23T00:36:27.247+0000] {processor.py:186} INFO - Started process (PID=333) to work on /opt/airflow/dags/weekly_segment.py
[2026-08-23T00:36:27.248+0000] {processor.py:914} INFO - Processing file /opt/airflow/dags/weekly_segment.py for tasks to queue
[2026-08-23T00:36:27.249+0000] {logging_mixin.py:190} INFO - [2026-08-23T00:36:27.249+0000] {dagbag.py:588} INFO - Filling up the DagBag from /opt/airflow/dags/weekly_segment.py
[2026-08-23T00:36:27.347+0000] {processor.py:925} INFO - DAG(s) 'weekly_segment' retrieved from /opt/airflow/dags/weekly_segment.py
[2026-08-23T00:36:27.367+0000] {logging_mixin.py:190} INFO - [2026-08-23T00:36:27.367+0000] {dag.py:3239} INFO - Sync 1 DAGs
[2026-08-23T00:36:27.383+0000] {logging_mixin.py:190} INFO - [2026-08-23T00:36:27.383+0000] {dag.py:4180} INFO - Setting next_dagrun for weekly_segment to 2026-08-22 16:00:00+00:00, run_after=2026-08-29 16:00:00+00:00
[2026-08-23T00:36:27.396+0000] {processor.py:208} INFO - Processing /opt/airflow/dags/weekly_segment.py took 0.154 seconds
[2026-08-23T00:36:57.691+0000] {processor.py:186} INFO - Started process (PID=383) to work on /opt/airflow/dags/weekly_segment.py
[2026-08-23T00:36:57.692+0000] {processor.py:914} INFO - Processing file /opt/airflow/dags/weekly_segment.py for tasks to queue
[2026-08-23T00:36:57.694+0000] {logging_mixin.py:190} INFO - [2026-08-23T00:36:57.693+0000] {dagbag.py:588} INFO - Filling up the DagBag from /opt/airflow/dags/weekly_segment.py
[2026-08-23T00:36:57.789+0000] {processor.py:925} INFO - DAG(s) 'weekly_segment' retrieved from /opt/airflow/dags/weekly_segment.py
[2026-08-23T00:36:57.809+0000] {logging_mixin.py:190} INFO - [2026-08-23T00:36:57.809+0000] {dag.py:3239} INFO - Sync 1 DAGs
[2026-08-23T00:36:57.826+0000] {logging_mixin.py:190} INFO - [2026-08-23T00:36:57.825+0000] {dag.py:4180} INFO - Setting next_dagrun for weekly_segment to 2026-08-22 16:00:00+00:00, run_after=2026-08-29 16:00:00+00:00
[2026-08-23T00:36:57.844+0000] {processor.py:208} INFO - Processing /opt/airflow/dags/weekly_segment.py took 0.159 seconds
[2026-08-23T00:37:27.932+0000] {processor.py:186} INFO - Started process (PID=414) to work on /opt/airflow/dags/weekly_segment.py
[2026-08-23T00:37:27.932+0000] {processor.py:914} INFO - Processing file /opt/airflow/dags/weekly_segment.py for tasks to queue
[2026-08-23T00:37:27.934+0000] {logging_mixin.py:190} INFO - [2026-08-23T00:37:27.934+0000] {dagbag.py:588} INFO - Filling up the DagBag from /opt/airflow/dags/weekly_segment.py
[2026-08-23T00:37:28.026+0000] {processor.py:925} INFO - DAG(s) 'weekly_segment' retrieved from /opt/airflow/dags/weekly_segment.py
[2026-08-23T00:37:28.046+0000] {logging_mixin.py:190} INFO - [2026-08-23T00:37:28.046+0000] {dag.py:3239} INFO - Sync 1 DAGs
[2026-08-23T00:37:28.062+0000] {logging_mixin.py:190} INFO - [2026-08-23T00:37:28.062+0000] {dag.py:4180} INFO - Setting next_dagrun for weekly_segment to 2026-08-22 16:00:00+00:00, run_after=2026-08-29 16:00:00+00:00
[2026-08-23T00:37:28.075+0000] {processor.py:208} INFO - Processing /opt/airflow/dags/weekly_segment.py took 0.148 seconds
[2026-08-23T00:37:58.262+0000] {processor.py:186} INFO - Started process (PID=450) to work on /opt/airflow/dags/weekly_segment.py
[2026-08-23T00:37:58.264+0000] {processor.py:914} INFO - Processing file /opt/airflow/dags/weekly_segment.py for tasks to queue
[2026-08-23T00:37:58.266+0000] {logging_mixin.py:190} INFO - [2026-08-23T00:37:58.266+0000] {dagbag.py:588} INFO - Filling up the DagBag from /opt/airflow/dags/weekly_segment.py
[2026-08-23T00:37:58.372+0000] {processor.py:925} INFO - DAG(s) 'weekly_segment' retrieved from /opt/airflow/dags/weekly_segment.py
[2026-08-23T00:37:58.396+0000] {logging_mixin.py:190} INFO - [2026-08-23T00:37:58.396+0000] {dag.py:3239} INFO - Sync 1 DAGs
[2026-08-23T00:37:58.417+0000] {logging_mixin.py:190} INFO - [2026-08-23T00:37:58.417+0000] {dag.py:4180} INFO - Setting next_dagrun for weekly_segment to 2026-08-22 16:00:00+00:00, run_after=2026-08-29 16:00:00+00:00
[2026-08-23T00:37:58.434+0000] {processor.py:208} INFO - Processing /opt/airflow/dags/weekly_segment.py took 0.179 seconds
[2026-08-23T00:38:28.483+0000] {processor.py:186} INFO - Started process (PID=460) to work on /opt/airflow/dags/weekly_segment.py
[2026-08-23T00:38:28.484+0000] {processor.py:914} INFO - Processing file /opt/airflow/dags/weekly_segment.py for tasks to queue
[2026-08-23T00:38:28.486+0000] {logging_mixin.py:190} INFO - [2026-08-23T00:38:28.486+0000] {dagbag.py:588} INFO - Filling up the DagBag from /opt/airflow/dags/weekly_segment.py
[2026-08-23T00:38:28.591+0000] {processor.py:925} INFO - DAG(s) 'weekly_segment' retrieved from /opt/airflow/dags/weekly_segment.py
[2026-08-23T00:38:28.616+0000] {logging_mixin.py:190} INFO - [2026-08-23T00:38:28.615+0000] {dag.py:3239} INFO - Sync 1 DAGs
[2026-08-23T00:38:28.636+0000] {logging_mixin.py:190} INFO - [2026-08-23T00:38:28.636+0000] {dag.py:4180} INFO - Setting next_dagrun for weekly_segment to 2026-08-22 16:00:00+00:00, run_after=2026-08-29 16:00:00+00:00
[2026-08-23T00:38:28.652+0000] {processor.py:208} INFO - Processing /opt/airflow/dags/weekly_segment.py took 0.175 seconds
[2026-08-23T00:38:58.935+0000] {processor.py:186} INFO - Started process (PID=470) to work on /opt/airflow/dags/weekly_segment.py
[2026-08-23T00:38:58.936+0000] {processor.py:914} INFO - Processing file /opt/airflow/dags/weekly_segment.py for tasks to queue
[2026-08-23T00:38:58.938+0000] {logging_mixin.py:190} INFO - [2026-08-23T00:38:58.938+0000] {dagbag.py:588} INFO - Filling up the DagBag from /opt/airflow/dags/weekly_segment.py
[2026-08-23T00:38:59.030+0000] {processor.py:925} INFO - DAG(s) 'weekly_segment' retrieved from /opt/airflow/dags/weekly_segment.py
[2026-08-23T00:38:59.050+0000] {logging_mixin.py:190} INFO - [2026-08-23T00:38:59.050+0000] {dag.py:3239} INFO - Sync 1 DAGs
[2026-08-23T00:38:59.066+0000] {logging_mixin.py:190} INFO - [2026-08-23T00:38:59.066+0000] {dag.py:4180} INFO - Setting next_dagrun for weekly_segment to 2026-08-22 16:00:00+00:00, run_after=2026-08-29 16:00:00+00:00
[2026-08-23T00:38:59.078+0000] {processor.py:208} INFO - Processing /opt/airflow/dags/weekly_segment.py took 0.148 seconds
[2026-08-23T00:39:29.216+0000] {processor.py:186} INFO - Started process (PID=486) to work on /opt/airflow/dags/weekly_segment.py
[2026-08-23T00:39:29.217+0000] {processor.py:914} INFO - Processing file /opt/airflow/dags/weekly_segment.py for tasks to queue
[2026-08-23T00:39:29.219+0000] {logging_mixin.py:190} INFO - [2026-08-23T00:39:29.219+0000] {dagbag.py:588} INFO - Filling up the DagBag from /opt/airflow/dags/weekly_segment.py
[2026-08-23T00:39:29.324+0000] {processor.py:925} INFO - DAG(s) 'weekly_segment' retrieved from /opt/airflow/dags/weekly_segment.py
[2026-08-23T00:39:29.346+0000] {logging_mixin.py:190} INFO - [2026-08-23T00:39:29.346+0000] {dag.py:3239} INFO - Sync 1 DAGs
[2026-08-23T00:39:29.364+0000] {logging_mixin.py:190} INFO - [2026-08-23T00:39:29.364+0000] {dag.py:4180} INFO - Setting next_dagrun for weekly_segment to 2026-08-22 16:00:00+00:00, run_after=2026-08-29 16:00:00+00:00
[2026-08-23T00:39:29.383+0000] {processor.py:208} INFO - Processing /opt/airflow/dags/weekly_segment.py took 0.172 seconds
[2026-08-23T00:39:59.483+0000] {processor.py:186} INFO - Started process (PID=577) to work on /opt/airflow/dags/weekly_segment.py
[2026-08-23T00:39:59.484+0000] {processor.py:914} INFO - Processing file /opt/airflow/dags/weekly_segment.py for tasks to queue
[2026-08-23T00:39:59.486+0000] {logging_mixin.py:190} INFO - [2026-08-23T00:39:59.486+0000] {dagbag.py:588} INFO - Filling up the DagBag from /opt/airflow/dags/weekly_segment.py
[2026-08-23T00:39:59.576+0000] {processor.py:925} INFO - DAG(s) 'weekly_segment' retrieved from /opt/airflow/dags/weekly_segment.py
[2026-08-23T00:39:59.595+0000] {logging_mixin.py:190} INFO - [2026-08-23T00:39:59.595+0000] {dag.py:3239} INFO - Sync 1 DAGs
[2026-08-23T00:39:59.611+0000] {logging_mixin.py:190} INFO - [2026-08-23T00:39:59.611+0000] {dag.py:4180} INFO - Setting next_dagrun for weekly_segment to 2026-08-22 16:00:00+00:00, run_after=2026-08-29 16:00:00+00:00
[2026-08-23T00:39:59.625+0000] {processor.py:208} INFO - Processing /opt/airflow/dags/weekly_segment.py took 0.147 seconds
[2026-08-23T00:40:29.819+0000] {processor.py:186} INFO - Started process (PID=593) to work on /opt/airflow/dags/weekly_segment.py
[2026-08-23T00:40:29.820+0000] {processor.py:914} INFO - Processing file /opt/airflow/dags/weekly_segment.py for tasks to queue
[2026-08-23T00:40:29.823+0000] {logging_mixin.py:190} INFO - [2026-08-23T00:40:29.822+0000] {dagbag.py:588} INFO - Filling up the DagBag from /opt/airflow/dags/weekly_segment.py
[2026-08-23T00:40:29.927+0000] {processor.py:925} INFO - DAG(s) 'weekly_segment' retrieved from /opt/airflow/dags/weekly_segment.py
[2026-08-23T00:40:29.948+0000] {logging_mixin.py:190} INFO - [2026-08-23T00:40:29.948+0000] {dag.py:3239} INFO - Sync 1 DAGs
[2026-08-23T00:40:29.966+0000] {logging_mixin.py:190} INFO - [2026-08-23T00:40:29.966+0000] {dag.py:4180} INFO - Setting next_dagrun for weekly_segment to 2026-08-22 16:00:00+00:00, run_after=2026-08-29 16:00:00+00:00
[2026-08-23T00:40:29.980+0000] {processor.py:208} INFO - Processing /opt/airflow/dags/weekly_segment.py took 0.166 seconds
[2026-08-23T00:41:00.059+0000] {processor.py:186} INFO - Started process (PID=603) to work on /opt/airflow/dags/weekly_segment.py
[2026-08-23T00:41:00.060+0000] {processor.py:914} INFO - Processing file /opt/airflow/dags/weekly_segment.py for tasks to queue
[2026-08-23T00:41:00.062+0000] {logging_mixin.py:190} INFO - [2026-08-23T00:41:00.062+0000] {dagbag.py:588} INFO - Filling up the DagBag from /opt/airflow/dags/weekly_segment.py
[2026-08-23T00:41:00.166+0000] {processor.py:925} INFO - DAG(s) 'weekly_segment' retrieved from /opt/airflow/dags/weekly_segment.py
[2026-08-23T00:41:00.187+0000] {logging_mixin.py:190} INFO - [2026-08-23T00:41:00.186+0000] {dag.py:3239} INFO - Sync 1 DAGs
[2026-08-23T00:41:00.204+0000] {logging_mixin.py:190} INFO - [2026-08-23T00:41:00.204+0000] {dag.py:4180} INFO - Setting next_dagrun for weekly_segment to 2026-08-22 16:00:00+00:00, run_after=2026-08-29 16:00:00+00:00
[2026-08-23T00:41:00.218+0000] {processor.py:208} INFO - Processing /opt/airflow/dags/weekly_segment.py took 0.164 seconds
[2026-08-23T00:41:30.427+0000] {processor.py:186} INFO - Started process (PID=613) to work on /opt/airflow/dags/weekly_segment.py
[2026-08-23T00:41:30.428+0000] {processor.py:914} INFO - Processing file /opt/airflow/dags/weekly_segment.py for tasks to queue
[2026-08-23T00:41:30.430+0000] {logging_mixin.py:190} INFO - [2026-08-23T00:41:30.429+0000] {dagbag.py:588} INFO - Filling up the DagBag from /opt/airflow/dags/weekly_segment.py
[2026-08-23T00:41:30.516+0000] {processor.py:925} INFO - DAG(s) 'weekly_segment' retrieved from /opt/airflow/dags/weekly_segment.py
[2026-08-23T00:41:30.538+0000] {logging_mixin.py:190} INFO - [2026-08-23T00:41:30.537+0000] {dag.py:3239} INFO - Sync 1 DAGs
[2026-08-23T00:41:30.554+0000] {logging_mixin.py:190} INFO - [2026-08-23T00:41:30.554+0000] {dag.py:4180} INFO - Setting next_dagrun for weekly_segment to 2026-08-22 16:00:00+00:00, run_after=2026-08-29 16:00:00+00:00
[2026-08-23T00:41:30.566+0000] {processor.py:208} INFO - Processing /opt/airflow/dags/weekly_segment.py took 0.145 seconds
[2026-08-23T00:42:00.732+0000] {processor.py:186} INFO - Started process (PID=623) to work on /opt/airflow/dags/weekly_segment.py
[2026-08-23T00:42:00.733+0000] {processor.py:914} INFO - Processing file /opt/airflow/dags/weekly_segment.py for tasks to queue
[2026-08-23T00:42:00.735+0000] {logging_mixin.py:190} INFO - [2026-08-23T00:42:00.735+0000] {dagbag.py:588} INFO - Filling up the DagBag from /opt/airflow/dags/weekly_segment.py
[2026-08-23T00:42:00.827+0000] {processor.py:925} INFO - DAG(s) 'weekly_segment' retrieved from /opt/airflow/dags/weekly_segment.py
[2026-08-23T00:42:00.848+0000] {logging_mixin.py:190} INFO - [2026-08-23T00:42:00.848+0000] {dag.py:3239} INFO - Sync 1 DAGs
[2026-08-23T00:42:00.864+0000] {logging_mixin.py:190} INFO - [2026-08-23T00:42:00.864+0000] {dag.py:4180} INFO - Setting next_dagrun for weekly_segment to 2026-08-22 16:00:00+00:00, run_after=2026-08-29 16:00:00+00:00
[2026-08-23T00:42:00.884+0000] {processor.py:208} INFO - Processing /opt/airflow/dags/weekly_segment.py took 0.157 seconds
[2026-08-23T00:42:30.992+0000] {processor.py:186} INFO - Started process (PID=633) to work on /opt/airflow/dags/weekly_segment.py
[2026-08-23T00:42:30.994+0000] {processor.py:914} INFO - Processing file /opt/airflow/dags/weekly_segment.py for tasks to queue
[2026-08-23T00:42:30.996+0000] {logging_mixin.py:190} INFO - [2026-08-23T00:42:30.996+0000] {dagbag.py:588} INFO - Filling up the DagBag from /opt/airflow/dags/weekly_segment.py
[2026-08-23T00:42:31.097+0000] {processor.py:925} INFO - DAG(s) 'weekly_segment' retrieved from /opt/airflow/dags/weekly_segment.py
[2026-08-23T00:42:31.119+0000] {logging_mixin.py:190} INFO - [2026-08-23T00:42:31.119+0000] {dag.py:3239} INFO - Sync 1 DAGs
[2026-08-23T00:42:31.137+0000] {logging_mixin.py:190} INFO - [2026-08-23T00:42:31.137+0000] {dag.py:4180} INFO - Setting next_dagrun for weekly_segment to 2026-08-22 16:00:00+00:00, run_after=2026-08-29 16:00:00+00:00
[2026-08-23T00:42:31.152+0000] {processor.py:208} INFO - Processing /opt/airflow/dags/weekly_segment.py took 0.166 seconds
[2026-08-23T00:43:01.251+0000] {processor.py:186} INFO - Started process (PID=643) to work on /opt/airflow/dags/weekly_segment.py
[2026-08-23T00:43:01.252+0000] {processor.py:914} INFO - Processing file /opt/airflow/dags/weekly_segment.py for tasks to queue
[2026-08-23T00:43:01.254+0000] {logging_mixin.py:190} INFO - [2026-08-23T00:43:01.254+0000] {dagbag.py:588} INFO - Filling up the DagBag from /opt/airflow/dags/weekly_segment.py
[2026-08-23T00:43:01.356+0000] {processor.py:925} INFO - DAG(s) 'weekly_segment' retrieved from /opt/airflow/dags/weekly_segment.py
[2026-08-23T00:43:01.378+0000] {logging_mixin.py:190} INFO - [2026-08-23T00:43:01.377+0000] {dag.py:3239} INFO - Sync 1 DAGs
[2026-08-23T00:43:01.395+0000] {logging_mixin.py:190} INFO - [2026-08-23T00:43:01.395+0000] {dag.py:4180} INFO - Setting next_dagrun for weekly_segment to 2026-08-22 16:00:00+00:00, run_after=2026-08-29 16:00:00+00:00
[2026-08-23T00:43:01.412+0000] {processor.py:208} INFO - Processing /opt/airflow/dags/weekly_segment.py took 0.166 seconds
[2026-08-23T00:43:31.509+0000] {processor.py:186} INFO - Started process (PID=653) to work on /opt/airflow/dags/weekly_segment.py
[2026-08-23T00:43:31.510+0000] {processor.py:914} INFO - Processing file /opt/airflow/dags/weekly_segment.py for tasks to queue
[2026-08-23T00:43:31.512+0000] {logging_mixin.py:190} INFO - [2026-08-23T00:43:31.512+0000] {dagbag.py:588} INFO - Filling up the DagBag from /opt/airflow/dags/weekly_segment.py
[2026-08-23T00:43:31.618+0000] {processor.py:925} INFO - DAG(s) 'weekly_segment' retrieved from /opt/airflow/dags/weekly_segment.py
[2026-08-23T00:43:31.641+0000] {logging_mixin.py:190} INFO - [2026-08-23T00:43:31.640+0000] {dag.py:3239} INFO - Sync 1 DAGs
[2026-08-23T00:43:31.659+0000] {logging_mixin.py:190} INFO - [2026-08-23T00:43:31.659+0000] {dag.py:4180} INFO - Setting next_dagrun for weekly_segment to 2026-08-22 16:00:00+00:00, run_after=2026-08-29 16:00:00+00:00
[2026-08-23T00:43:31.676+0000] {processor.py:208} INFO - Processing /opt/airflow/dags/weekly_segment.py took 0.172 seconds
[2026-08-23T00:44:01.770+0000] {processor.py:186} INFO - Started process (PID=663) to work on /opt/airflow/dags/weekly_segment.py
[2026-08-23T00:44:01.771+0000] {processor.py:914} INFO - Processing file /opt/airflow/dags/weekly_segment.py for tasks to queue
[2026-08-23T00:44:01.773+0000] {logging_mixin.py:190} INFO - [2026-08-23T00:44:01.773+0000] {dagbag.py:588} INFO - Filling up the DagBag from /opt/airflow/dags/weekly_segment.py
[2026-08-23T00:44:01.876+0000] {processor.py:925} INFO - DAG(s) 'weekly_segment' retrieved from /opt/airflow/dags/weekly_segment.py
[2026-08-23T00:44:01.898+0000] {logging_mixin.py:190} INFO - [2026-08-23T00:44:01.898+0000] {dag.py:3239} INFO - Sync 1 DAGs
[2026-08-23T00:44:01.917+0000] {logging_mixin.py:190} INFO - [2026-08-23T00:44:01.917+0000] {dag.py:4180} INFO - Setting next_dagrun for weekly_segment to 2026-08-22 16:00:00+00:00, run_after=2026-08-29 16:00:00+00:00
[2026-08-23T00:44:01.932+0000] {processor.py:208} INFO - Processing /opt/airflow/dags/weekly_segment.py took 0.168 seconds
[2026-08-23T00:44:32.074+0000] {processor.py:186} INFO - Started process (PID=673) to work on /opt/airflow/dags/weekly_segment.py
[2026-08-23T00:44:32.075+0000] {processor.py:914} INFO - Processing file /opt/airflow/dags/weekly_segment.py for tasks to queue
[2026-08-23T00:44:32.078+0000] {logging_mixin.py:190} INFO - [2026-08-23T00:44:32.077+0000] {dagbag.py:588} INFO - Filling up the DagBag from /opt/airflow/dags/weekly_segment.py
[2026-08-23T00:44:32.228+0000] {processor.py:925} INFO - DAG(s) 'weekly_segment' retrieved from /opt/airflow/dags/weekly_segment.py
[2026-08-23T00:44:32.248+0000] {logging_mixin.py:190} INFO - [2026-08-23T00:44:32.247+0000] {dag.py:3239} INFO - Sync 1 DAGs
[2026-08-23T00:44:32.264+0000] {logging_mixin.py:190} INFO - [2026-08-23T00:44:32.264+0000] {dag.py:4180} INFO - Setting next_dagrun for weekly_segment to 2026-08-22 16:00:00+00:00, run_after=2026-08-29 16:00:00+00:00
[2026-08-23T00:44:32.280+0000] {processor.py:208} INFO - Processing /opt/airflow/dags/weekly_segment.py took 0.210 seconds
[2026-08-23T00:45:02.488+0000] {processor.py:186} INFO - Started process (PID=683) to work on /opt/airflow/dags/weekly_segment.py
[2026-08-23T00:45:02.489+0000] {processor.py:914} INFO - Processing file /opt/airflow/dags/weekly_segment.py for tasks to queue
[2026-08-23T00:45:02.491+0000] {logging_mixin.py:190} INFO - [2026-08-23T00:45:02.491+0000] {dagbag.py:588} INFO - Filling up the DagBag from /opt/airflow/dags/weekly_segment.py
[2026-08-23T00:45:02.607+0000] {processor.py:925} INFO - DAG(s) 'weekly_segment' retrieved from /opt/airflow/dags/weekly_segment.py
[2026-08-23T00:45:02.634+0000] {logging_mixin.py:190} INFO - [2026-08-23T00:45:02.633+0000] {dag.py:3239} INFO - Sync 1 DAGs
[2026-08-23T00:45:02.652+0000] {logging_mixin.py:190} INFO - [2026-08-23T00:45:02.652+0000] {dag.py:4180} INFO - Setting next_dagrun for weekly_segment to 2026-08-22 16:00:00+00:00, run_after=2026-08-29 16:00:00+00:00
[2026-08-23T00:45:02.671+0000] {processor.py:208} INFO - Processing /opt/airflow/dags/weekly_segment.py took 0.189 seconds
[2026-08-23T00:45:32.891+0000] {processor.py:186} INFO - Started process (PID=693) to work on /opt/airflow/dags/weekly_segment.py
[2026-08-23T00:45:32.891+0000] {processor.py:914} INFO - Processing file /opt/airflow/dags/weekly_segment.py for tasks to queue
[2026-08-23T00:45:32.894+0000] {logging_mixin.py:190} INFO - [2026-08-23T00:45:32.894+0000] {dagbag.py:588} INFO - Filling up the DagBag from /opt/airflow/dags/weekly_segment.py
[2026-08-23T00:45:32.994+0000] {processor.py:925} INFO - DAG(s) 'weekly_segment' retrieved from /opt/airflow/dags/weekly_segment.py
[2026-08-23T00:45:33.016+0000] {logging_mixin.py:190} INFO - [2026-08-23T00:45:33.016+0000] {dag.py:3239} INFO - Sync 1 DAGs
[2026-08-23T00:45:33.034+0000] {logging_mixin.py:190} INFO - [2026-08-23T00:45:33.034+0000] {dag.py:4180} INFO - Setting next_dagrun for weekly_segment to 2026-08-22 16:00:00+00:00, run_after=2026-08-29 16:00:00+00:00
[2026-08-23T00:45:33.053+0000] {processor.py:208} INFO - Processing /opt/airflow/dags/weekly_segment.py took 0.168 seconds
[2026-08-23T00:46:03.088+0000] {processor.py:186} INFO - Started process (PID=703) to work on /opt/airflow/dags/weekly_segment.py
[2026-08-23T00:46:03.088+0000] {processor.py:914} INFO - Processing file /opt/airflow/dags/weekly_segment.py for tasks to queue
[2026-08-23T00:46:03.091+0000] {logging_mixin.py:190} INFO - [2026-08-23T00:46:03.090+0000] {dagbag.py:588} INFO - Filling up the DagBag from /opt/airflow/dags/weekly_segment.py
[2026-08-23T00:46:03.188+0000] {processor.py:925} INFO - DAG(s) 'weekly_segment' retrieved from /opt/airflow/dags/weekly_segment.py
[2026-08-23T00:46:03.209+0000] {logging_mixin.py:190} INFO - [2026-08-23T00:46:03.209+0000] {dag.py:3239} INFO - Sync 1 DAGs
[2026-08-23T00:46:03.226+0000] {logging_mixin.py:190} INFO - [2026-08-23T00:46:03.226+0000] {dag.py:4180} INFO - Setting next_dagrun for weekly_segment to 2026-08-22 16:00:00+00:00, run_after=2026-08-29 16:00:00+00:00
[2026-08-23T00:46:03.241+0000] {processor.py:208} INFO - Processing /opt/airflow/dags/weekly_segment.py took 0.158 seconds
[2026-08-23T00:46:33.421+0000] {processor.py:186} INFO - Started process (PID=713) to work on /opt/airflow/dags/weekly_segment.py
[2026-08-23T00:46:33.422+0000] {processor.py:914} INFO - Processing file /opt/airflow/dags/weekly_segment.py for tasks to queue
[2026-08-23T00:46:33.425+0000] {logging_mixin.py:190} INFO - [2026-08-23T00:46:33.425+0000] {dagbag.py:588} INFO - Filling up the DagBag from /opt/airflow/dags/weekly_segment.py
[2026-08-23T00:46:33.551+0000] {processor.py:925} INFO - DAG(s) 'weekly_segment' retrieved from /opt/airflow/dags/weekly_segment.py
[2026-08-23T00:46:33.575+0000] {logging_mixin.py:190} INFO - [2026-08-23T00:46:33.575+0000] {dag.py:3239} INFO - Sync 1 DAGs
[2026-08-23T00:46:33.596+0000] {logging_mixin.py:190} INFO - [2026-08-23T00:46:33.596+0000] {dag.py:4180} INFO - Setting next_dagrun for weekly_segment to 2026-08-22 16:00:00+00:00, run_after=2026-08-29 16:00:00+00:00
[2026-08-23T00:46:33.612+0000] {processor.py:208} INFO - Processing /opt/airflow/dags/weekly_segment.py took 0.197 seconds
[2026-08-23T00:47:03.653+0000] {processor.py:186} INFO - Started process (PID=723) to work on /opt/airflow/dags/weekly_segment.py
[2026-08-23T00:47:03.654+0000] {processor.py:914} INFO - Processing file /opt/airflow/dags/weekly_segment.py for tasks to queue
[2026-08-23T00:47:03.656+0000] {logging_mixin.py:190} INFO - [2026-08-23T00:47:03.656+0000] {dagbag.py:588} INFO - Filling up the DagBag from /opt/airflow/dags/weekly_segment.py
[2026-08-23T00:47:03.768+0000] {processor.py:925} INFO - DAG(s) 'weekly_segment' retrieved from /opt/airflow/dags/weekly_segment.py
[2026-08-23T00:47:03.789+0000] {logging_mixin.py:190} INFO - [2026-08-23T00:47:03.789+0000] {dag.py:3239} INFO - Sync 1 DAGs
[2026-08-23T00:47:03.807+0000] {logging_mixin.py:190} INFO - [2026-08-23T00:47:03.806+0000] {dag.py:4180} INFO - Setting next_dagrun for weekly_segment to 2026-08-22 16:00:00+00:00, run_after=2026-08-29 16:00:00+00:00
[2026-08-23T00:47:03.822+0000] {processor.py:208} INFO - Processing /opt/airflow/dags/weekly_segment.py took 0.174 seconds
[2026-08-23T00:47:34.024+0000] {processor.py:186} INFO - Started process (PID=733) to work on /opt/airflow/dags/weekly_segment.py
[2026-08-23T00:47:34.024+0000] {processor.py:914} INFO - Processing file /opt/airflow/dags/weekly_segment.py for tasks to queue
[2026-08-23T00:47:34.026+0000] {logging_mixin.py:190} INFO - [2026-08-23T00:47:34.026+0000] {dagbag.py:588} INFO - Filling up the DagBag from /opt/airflow/dags/weekly_segment.py
[2026-08-23T00:47:34.126+0000] {processor.py:925} INFO - DAG(s) 'weekly_segment' retrieved from /opt/airflow/dags/weekly_segment.py
[2026-08-23T00:47:34.149+0000] {logging_mixin.py:190} INFO - [2026-08-23T00:47:34.149+0000] {dag.py:3239} INFO - Sync 1 DAGs
[2026-08-23T00:47:34.167+0000] {logging_mixin.py:190} INFO - [2026-08-23T00:47:34.167+0000] {dag.py:4180} INFO - Setting next_dagrun for weekly_segment to 2026-08-22 16:00:00+00:00, run_after=2026-08-29 16:00:00+00:00
[2026-08-23T00:47:34.181+0000] {processor.py:208} INFO - Processing /opt/airflow/dags/weekly_segment.py took 0.164 seconds
[2026-08-23T00:48:04.246+0000] {processor.py:186} INFO - Started process (PID=743) to work on /opt/airflow/dags/weekly_segment.py
[2026-08-23T00:48:04.247+0000] {processor.py:914} INFO - Processing file /opt/airflow/dags/weekly_segment.py for tasks to queue
[2026-08-23T00:48:04.249+0000] {logging_mixin.py:190} INFO - [2026-08-23T00:48:04.249+0000] {dagbag.py:588} INFO - Filling up the DagBag from /opt/airflow/dags/weekly_segment.py
[2026-08-23T00:48:04.351+0000] {processor.py:925} INFO - DAG(s) 'weekly_segment' retrieved from /opt/airflow/dags/weekly_segment.py
[2026-08-23T00:48:04.372+0000] {logging_mixin.py:190} INFO - [2026-08-23T00:48:04.372+0000] {dag.py:3239} INFO - Sync 1 DAGs
[2026-08-23T00:48:04.389+0000] {logging_mixin.py:190} INFO - [2026-08-23T00:48:04.389+0000] {dag.py:4180} INFO - Setting next_dagrun for weekly_segment to 2026-08-22 16:00:00+00:00, run_after=2026-08-29 16:00:00+00:00
[2026-08-23T00:48:04.407+0000] {processor.py:208} INFO - Processing /opt/airflow/dags/weekly_segment.py took 0.167 seconds
[2026-08-23T00:48:34.607+0000] {processor.py:186} INFO - Started process (PID=753) to work on /opt/airflow/dags/weekly_segment.py
[2026-08-23T00:48:34.608+0000] {processor.py:914} INFO - Processing file /opt/airflow/dags/weekly_segment.py for tasks to queue
[2026-08-23T00:48:34.610+0000] {logging_mixin.py:190} INFO - [2026-08-23T00:48:34.610+0000] {dagbag.py:588} INFO - Filling up the DagBag from /opt/airflow/dags/weekly_segment.py
[2026-08-23T00:48:34.746+0000] {processor.py:925} INFO - DAG(s) 'weekly_segment' retrieved from /opt/airflow/dags/weekly_segment.py
[2026-08-23T00:48:34.771+0000] {logging_mixin.py:190} INFO - [2026-08-23T00:48:34.771+0000] {dag.py:3239} INFO - Sync 1 DAGs
[2026-08-23T00:48:34.789+0000] {logging_mixin.py:190} INFO - [2026-08-23T00:48:34.789+0000] {dag.py:4180} INFO - Setting next_dagrun for weekly_segment to 2026-08-22 16:00:00+00:00, run_after=2026-08-29 16:00:00+00:00
[2026-08-23T00:48:34.804+0000] {processor.py:208} INFO - Processing /opt/airflow/dags/weekly_segment.py took 0.203 seconds
[2026-08-23T00:49:04.992+0000] {processor.py:186} INFO - Started process (PID=763) to work on /opt/airflow/dags/weekly_segment.py
[2026-08-23T00:49:04.992+0000] {processor.py:914} INFO - Processing file /opt/airflow/dags/weekly_segment.py for tasks to queue
[2026-08-23T00:49:04.994+0000] {logging_mixin.py:190} INFO - [2026-08-23T00:49:04.994+0000] {dagbag.py:588} INFO - Filling up the DagBag from /opt/airflow/dags/weekly_segment.py
[2026-08-23T00:49:05.142+0000] {processor.py:925} INFO - DAG(s) 'weekly_segment' retrieved from /opt/airflow/dags/weekly_segment.py
[2026-08-23T00:49:05.163+0000] {logging_mixin.py:190} INFO - [2026-08-23T00:49:05.162+0000] {dag.py:3239} INFO - Sync 1 DAGs
[2026-08-23T00:49:05.181+0000] {logging_mixin.py:190} INFO - [2026-08-23T00:49:05.181+0000] {dag.py:4180} INFO - Setting next_dagrun for weekly_segment to 2026-08-22 16:00:00+00:00, run_after=2026-08-29 16:00:00+00:00
[2026-08-23T00:49:05.197+0000] {processor.py:208} INFO - Processing /opt/airflow/dags/weekly_segment.py took 0.210 seconds
[2026-08-23T00:49:35.406+0000] {processor.py:186} INFO - Started process (PID=773) to work on /opt/airflow/dags/weekly_segment.py
[2026-08-23T00:49:35.407+0000] {processor.py:914} INFO - Processing file /opt/airflow/dags/weekly_segment.py for tasks to queue
[2026-08-23T00:49:35.409+0000] {logging_mixin.py:190} INFO - [2026-08-23T00:49:35.409+0000] {dagbag.py:588} INFO - Filling up the DagBag from /opt/airflow/dags/weekly_segment.py
[2026-08-23T00:49:35.537+0000] {processor.py:925} INFO - DAG(s) 'weekly_segment' retrieved from /opt/airflow/dags/weekly_segment.py
[2026-08-23T00:49:35.560+0000] {logging_mixin.py:190} INFO - [2026-08-23T00:49:35.560+0000] {dag.py:3239} INFO - Sync 1 DAGs
[2026-08-23T00:49:35.580+0000] {logging_mixin.py:190} INFO - [2026-08-23T00:49:35.579+0000] {dag.py:4180} INFO - Setting next_dagrun for weekly_segment to 2026-08-22 16:00:00+00:00, run_after=2026-08-29 16:00:00+00:00
[2026-08-23T00:49:35.595+0000] {processor.py:208} INFO - Processing /opt/airflow/dags/weekly_segment.py took 0.196 seconds
[2026-08-23T00:50:05.774+0000] {processor.py:186} INFO - Started process (PID=783) to work on /opt/airflow/dags/weekly_segment.py
[2026-08-23T00:50:05.775+0000] {processor.py:914} INFO - Processing file /opt/airflow/dags/weekly_segment.py for tasks to queue
[2026-08-23T00:50:05.778+0000] {logging_mixin.py:190} INFO - [2026-08-23T00:50:05.777+0000] {dagbag.py:588} INFO - Filling up the DagBag from /opt/airflow/dags/weekly_segment.py
[2026-08-23T00:50:05.874+0000] {processor.py:925} INFO - DAG(s) 'weekly_segment' retrieved from /opt/airflow/dags/weekly_segment.py
[2026-08-23T00:50:05.896+0000] {logging_mixin.py:190} INFO - [2026-08-23T00:50:05.896+0000] {dag.py:3239} INFO - Sync 1 DAGs
[2026-08-23T00:50:05.914+0000] {logging_mixin.py:190} INFO - [2026-08-23T00:50:05.914+0000] {dag.py:4180} INFO - Setting next_dagrun for weekly_segment to 2026-08-22 16:00:00+00:00, run_after=2026-08-29 16:00:00+00:00
[2026-08-23T00:50:05.928+0000] {processor.py:208} INFO - Processing /opt/airflow/dags/weekly_segment.py took 0.160 seconds
[2026-08-23T00:50:35.981+0000] {processor.py:186} INFO - Started process (PID=793) to work on /opt/airflow/dags/weekly_segment.py
[2026-08-23T00:50:35.982+0000] {processor.py:914} INFO - Processing file /opt/airflow/dags/weekly_segment.py for tasks to queue
[2026-08-23T00:50:35.984+0000] {logging_mixin.py:190} INFO - [2026-08-23T00:50:35.983+0000] {dagbag.py:588} INFO - Filling up the DagBag from /opt/airflow/dags/weekly_segment.py
[2026-08-23T00:50:36.079+0000] {processor.py:925} INFO - DAG(s) 'weekly_segment' retrieved from /opt/airflow/dags/weekly_segment.py
[2026-08-23T00:50:36.100+0000] {logging_mixin.py:190} INFO - [2026-08-23T00:50:36.100+0000] {dag.py:3239} INFO - Sync 1 DAGs
[2026-08-23T00:50:36.116+0000] {logging_mixin.py:190} INFO - [2026-08-23T00:50:36.116+0000] {dag.py:4180} INFO - Setting next_dagrun for weekly_segment to 2026-08-22 16:00:00+00:00, run_after=2026-08-29 16:00:00+00:00
[2026-08-23T00:50:36.131+0000] {processor.py:208} INFO - Processing /opt/airflow/dags/weekly_segment.py took 0.157 seconds
[2026-08-23T00:50:51.728+0000] {processor.py:186} INFO - Started process (PID=196) to work on /opt/airflow/dags/weekly_segment.py
[2026-08-23T00:50:51.729+0000] {processor.py:914} INFO - Processing file /opt/airflow/dags/weekly_segment.py for tasks to queue
[2026-08-23T00:50:51.731+0000] {logging_mixin.py:190} INFO - [2026-08-23T00:50:51.731+0000] {dagbag.py:588} INFO - Filling up the DagBag from /opt/airflow/dags/weekly_segment.py
[2026-08-23T00:50:51.835+0000] {processor.py:925} INFO - DAG(s) 'weekly_segment' retrieved from /opt/airflow/dags/weekly_segment.py
[2026-08-23T00:50:51.855+0000] {logging_mixin.py:190} INFO - [2026-08-23T00:50:51.855+0000] {dag.py:3239} INFO - Sync 1 DAGs
[2026-08-23T00:50:51.873+0000] {logging_mixin.py:190} INFO - [2026-08-23T00:50:51.872+0000] {dag.py:4180} INFO - Setting next_dagrun for weekly_segment to 2026-08-22 16:00:00+00:00, run_after=2026-08-29 16:00:00+00:00
[2026-08-23T00:50:51.886+0000] {processor.py:208} INFO - Processing /opt/airflow/dags/weekly_segment.py took 0.163 seconds
[2026-08-23T00:51:21.921+0000] {processor.py:186} INFO - Started process (PID=258) to work on /opt/airflow/dags/weekly_segment.py
[2026-08-23T00:51:21.922+0000] {processor.py:914} INFO - Processing file /opt/airflow/dags/weekly_segment.py for tasks to queue
[2026-08-23T00:51:21.924+0000] {logging_mixin.py:190} INFO - [2026-08-23T00:51:21.923+0000] {dagbag.py:588} INFO - Filling up the DagBag from /opt/airflow/dags/weekly_segment.py
[2026-08-23T00:51:22.025+0000] {processor.py:925} INFO - DAG(s) 'weekly_segment' retrieved from /opt/airflow/dags/weekly_segment.py
[2026-08-23T00:51:22.048+0000] {logging_mixin.py:190} INFO - [2026-08-23T00:51:22.048+0000] {dag.py:3239} INFO - Sync 1 DAGs
[2026-08-23T00:51:22.066+0000] {logging_mixin.py:190} INFO - [2026-08-23T00:51:22.065+0000] {dag.py:4180} INFO - Setting next_dagrun for weekly_segment to 2026-08-22 16:00:00+00:00, run_after=2026-08-29 16:00:00+00:00
[2026-08-23T00:51:22.080+0000] {processor.py:208} INFO - Processing /opt/airflow/dags/weekly_segment.py took 0.164 seconds
[2026-08-23T00:51:52.217+0000] {processor.py:186} INFO - Started process (PID=275) to work on /opt/airflow/dags/weekly_segment.py
[2026-08-23T00:51:52.217+0000] {processor.py:914} INFO - Processing file /opt/airflow/dags/weekly_segment.py for tasks to queue
[2026-08-23T00:51:52.219+0000] {logging_mixin.py:190} INFO - [2026-08-23T00:51:52.219+0000] {dagbag.py:588} INFO - Filling up the DagBag from /opt/airflow/dags/weekly_segment.py
[2026-08-23T00:51:52.323+0000] {processor.py:925} INFO - DAG(s) 'weekly_segment' retrieved from /opt/airflow/dags/weekly_segment.py
[2026-08-23T00:51:52.344+0000] {logging_mixin.py:190} INFO - [2026-08-23T00:51:52.344+0000] {dag.py:3239} INFO - Sync 1 DAGs
[2026-08-23T00:51:52.362+0000] {logging_mixin.py:190} INFO - [2026-08-23T00:51:52.362+0000] {dag.py:4180} INFO - Setting next_dagrun for weekly_segment to 2026-08-22 16:00:00+00:00, run_after=2026-08-29 16:00:00+00:00
[2026-08-23T00:51:52.380+0000] {processor.py:208} INFO - Processing /opt/airflow/dags/weekly_segment.py took 0.170 seconds
[2026-08-23T00:52:22.431+0000] {processor.py:186} INFO - Started process (PID=305) to work on /opt/airflow/dags/weekly_segment.py
[2026-08-23T00:52:22.433+0000] {processor.py:914} INFO - Processing file /opt/airflow/dags/weekly_segment.py for tasks to queue
[2026-08-23T00:52:22.435+0000] {logging_mixin.py:190} INFO - [2026-08-23T00:52:22.434+0000] {dagbag.py:588} INFO - Filling up the DagBag from /opt/airflow/dags/weekly_segment.py
[2026-08-23T00:52:22.540+0000] {processor.py:925} INFO - DAG(s) 'weekly_segment' retrieved from /opt/airflow/dags/weekly_segment.py
[2026-08-23T00:52:22.564+0000] {logging_mixin.py:190} INFO - [2026-08-23T00:52:22.563+0000] {dag.py:3239} INFO - Sync 1 DAGs
[2026-08-23T00:52:22.581+0000] {logging_mixin.py:190} INFO - [2026-08-23T00:52:22.580+0000] {dag.py:4180} INFO - Setting next_dagrun for weekly_segment to 2026-08-22 16:00:00+00:00, run_after=2026-08-29 16:00:00+00:00
[2026-08-23T00:52:22.596+0000] {processor.py:208} INFO - Processing /opt/airflow/dags/weekly_segment.py took 0.170 seconds
[2026-08-23T00:52:52.718+0000] {processor.py:186} INFO - Started process (PID=338) to work on /opt/airflow/dags/weekly_segment.py
[2026-08-23T00:52:52.721+0000] {processor.py:914} INFO - Processing file /opt/airflow/dags/weekly_segment.py for tasks to queue
[2026-08-23T00:52:52.723+0000] {logging_mixin.py:190} INFO - [2026-08-23T00:52:52.723+0000] {dagbag.py:588} INFO - Filling up the DagBag from /opt/airflow/dags/weekly_segment.py
[2026-08-23T00:52:52.841+0000] {processor.py:925} INFO - DAG(s) 'weekly_segment' retrieved from /opt/airflow/dags/weekly_segment.py
[2026-08-23T00:52:52.862+0000] {logging_mixin.py:190} INFO - [2026-08-23T00:52:52.862+0000] {dag.py:3239} INFO - Sync 1 DAGs
[2026-08-23T00:52:52.879+0000] {logging_mixin.py:190} INFO - [2026-08-23T00:52:52.879+0000] {dag.py:4180} INFO - Setting next_dagrun for weekly_segment to 2026-08-22 16:00:00+00:00, run_after=2026-08-29 16:00:00+00:00
[2026-08-23T00:52:52.892+0000] {processor.py:208} INFO - Processing /opt/airflow/dags/weekly_segment.py took 0.179 seconds
[2026-08-23T00:53:23.058+0000] {processor.py:186} INFO - Started process (PID=348) to work on /opt/airflow/dags/weekly_segment.py
[2026-08-23T00:53:23.059+0000] {processor.py:914} INFO - Processing file /opt/airflow/dags/weekly_segment.py for tasks to queue
[2026-08-23T00:53:23.061+0000] {logging_mixin.py:190} INFO - [2026-08-23T00:53:23.061+0000] {dagbag.py:588} INFO - Filling up the DagBag from /opt/airflow/dags/weekly_segment.py
[2026-08-23T00:53:23.149+0000] {processor.py:925} INFO - DAG(s) 'weekly_segment' retrieved from /opt/airflow/dags/weekly_segment.py
[2026-08-23T00:53:23.172+0000] {logging_mixin.py:190} INFO - [2026-08-23T00:53:23.172+0000] {dag.py:3239} INFO - Sync 1 DAGs
[2026-08-23T00:53:23.189+0000] {logging_mixin.py:190} INFO - [2026-08-23T00:53:23.188+0000] {dag.py:4180} INFO - Setting next_dagrun for weekly_segment to 2026-08-22 16:00:00+00:00, run_after=2026-08-29 16:00:00+00:00
[2026-08-23T00:53:23.201+0000] {processor.py:208} INFO - Processing /opt/airflow/dags/weekly_segment.py took 0.147 seconds
[2026-08-23T00:53:53.417+0000] {processor.py:186} INFO - Started process (PID=358) to work on /opt/airflow/dags/weekly_segment.py
[2026-08-23T00:53:53.418+0000] {processor.py:914} INFO - Processing file /opt/airflow/dags/weekly_segment.py for tasks to queue
[2026-08-23T00:53:53.421+0000] {logging_mixin.py:190} INFO - [2026-08-23T00:53:53.420+0000] {dagbag.py:588} INFO - Filling up the DagBag from /opt/airflow/dags/weekly_segment.py
[2026-08-23T00:53:53.513+0000] {processor.py:925} INFO - DAG(s) 'weekly_segment' retrieved from /opt/airflow/dags/weekly_segment.py
[2026-08-23T00:53:53.533+0000] {logging_mixin.py:190} INFO - [2026-08-23T00:53:53.533+0000] {dag.py:3239} INFO - Sync 1 DAGs
[2026-08-23T00:53:53.550+0000] {logging_mixin.py:190} INFO - [2026-08-23T00:53:53.550+0000] {dag.py:4180} INFO - Setting next_dagrun for weekly_segment to 2026-08-22 16:00:00+00:00, run_after=2026-08-29 16:00:00+00:00
[2026-08-23T00:53:53.568+0000] {processor.py:208} INFO - Processing /opt/airflow/dags/weekly_segment.py took 0.156 seconds
[2026-08-23T00:54:23.677+0000] {processor.py:186} INFO - Started process (PID=368) to work on /opt/airflow/dags/weekly_segment.py
[2026-08-23T00:54:23.678+0000] {processor.py:914} INFO - Processing file /opt/airflow/dags/weekly_segment.py for tasks to queue
[2026-08-23T00:54:23.680+0000] {logging_mixin.py:190} INFO - [2026-08-23T00:54:23.680+0000] {dagbag.py:588} INFO - Filling up the DagBag from /opt/airflow/dags/weekly_segment.py
[2026-08-23T00:54:23.770+0000] {processor.py:925} INFO - DAG(s) 'weekly_segment' retrieved from /opt/airflow/dags/weekly_segment.py
[2026-08-23T00:54:23.790+0000] {logging_mixin.py:190} INFO - [2026-08-23T00:54:23.790+0000] {dag.py:3239} INFO - Sync 1 DAGs
[2026-08-23T00:54:23.806+0000] {logging_mixin.py:190} INFO - [2026-08-23T00:54:23.805+0000] {dag.py:4180} INFO - Setting next_dagrun for weekly_segment to 2026-08-22 16:00:00+00:00, run_after=2026-08-29 16:00:00+00:00
[2026-08-23T00:54:23.819+0000] {processor.py:208} INFO - Processing /opt/airflow/dags/weekly_segment.py took 0.146 seconds
[2026-08-23T00:54:54.086+0000] {processor.py:186} INFO - Started process (PID=378) to work on /opt/airflow/dags/weekly_segment.py
[2026-08-23T00:54:54.087+0000] {processor.py:914} INFO - Processing file /opt/airflow/dags/weekly_segment.py for tasks to queue
[2026-08-23T00:54:54.089+0000] {logging_mixin.py:190} INFO - [2026-08-23T00:54:54.089+0000] {dagbag.py:588} INFO - Filling up the DagBag from /opt/airflow/dags/weekly_segment.py
[2026-08-23T00:54:54.178+0000] {processor.py:925} INFO - DAG(s) 'weekly_segment' retrieved from /opt/airflow/dags/weekly_segment.py
[2026-08-23T00:54:54.197+0000] {logging_mixin.py:190} INFO - [2026-08-23T00:54:54.196+0000] {dag.py:3239} INFO - Sync 1 DAGs
[2026-08-23T00:54:54.212+0000] {logging_mixin.py:190} INFO - [2026-08-23T00:54:54.211+0000] {dag.py:4180} INFO - Setting next_dagrun for weekly_segment to 2026-08-22 16:00:00+00:00, run_after=2026-08-29 16:00:00+00:00
[2026-08-23T00:54:54.224+0000] {processor.py:208} INFO - Processing /opt/airflow/dags/weekly_segment.py took 0.143 seconds
[2026-08-23T00:55:24.324+0000] {processor.py:186} INFO - Started process (PID=388) to work on /opt/airflow/dags/weekly_segment.py
[2026-08-23T00:55:24.325+0000] {processor.py:914} INFO - Processing file /opt/airflow/dags/weekly_segment.py for tasks to queue
[2026-08-23T00:55:24.327+0000] {logging_mixin.py:190} INFO - [2026-08-23T00:55:24.327+0000] {dagbag.py:588} INFO - Filling up the DagBag from /opt/airflow/dags/weekly_segment.py
[2026-08-23T00:55:24.437+0000] {processor.py:925} INFO - DAG(s) 'weekly_segment' retrieved from /opt/airflow/dags/weekly_segment.py
[2026-08-23T00:55:24.457+0000] {logging_mixin.py:190} INFO - [2026-08-23T00:55:24.457+0000] {dag.py:3239} INFO - Sync 1 DAGs
[2026-08-23T00:55:24.474+0000] {logging_mixin.py:190} INFO - [2026-08-23T00:55:24.474+0000] {dag.py:4180} INFO - Setting next_dagrun for weekly_segment to 2026-08-22 16:00:00+00:00, run_after=2026-08-29 16:00:00+00:00
[2026-08-23T00:55:24.487+0000] {processor.py:208} INFO - Processing /opt/airflow/dags/weekly_segment.py took 0.169 seconds
[2026-08-23T00:55:54.521+0000] {processor.py:186} INFO - Started process (PID=398) to work on /opt/airflow/dags/weekly_segment.py
[2026-08-23T00:55:54.522+0000] {processor.py:914} INFO - Processing file /opt/airflow/dags/weekly_segment.py for tasks to queue
[2026-08-23T00:55:54.524+0000] {logging_mixin.py:190} INFO - [2026-08-23T00:55:54.524+0000] {dagbag.py:588} INFO - Filling up the DagBag from /opt/airflow/dags/weekly_segment.py
[2026-08-23T00:55:54.617+0000] {processor.py:925} INFO - DAG(s) 'weekly_segment' retrieved from /opt/airflow/dags/weekly_segment.py
[2026-08-23T00:55:54.638+0000] {logging_mixin.py:190} INFO - [2026-08-23T00:55:54.638+0000] {dag.py:3239} INFO - Sync 1 DAGs
[2026-08-23T00:55:54.655+0000] {logging_mixin.py:190} INFO - [2026-08-23T00:55:54.655+0000] {dag.py:4180} INFO - Setting next_dagrun for weekly_segment to 2026-08-22 16:00:00+00:00, run_after=2026-08-29 16:00:00+00:00
[2026-08-23T00:55:54.669+0000] {processor.py:208} INFO - Processing /opt/airflow/dags/weekly_segment.py took 0.153 seconds
[2026-08-23T00:56:24.778+0000] {processor.py:186} INFO - Started process (PID=408) to work on /opt/airflow/dags/weekly_segment.py
[2026-08-23T00:56:24.779+0000] {processor.py:914} INFO - Processing file /opt/airflow/dags/weekly_segment.py for tasks to queue
[2026-08-23T00:56:24.781+0000] {logging_mixin.py:190} INFO - [2026-08-23T00:56:24.781+0000] {dagbag.py:588} INFO - Filling up the DagBag from /opt/airflow/dags/weekly_segment.py
[2026-08-23T00:56:24.877+0000] {processor.py:925} INFO - DAG(s) 'weekly_segment' retrieved from /opt/airflow/dags/weekly_segment.py
[2026-08-23T00:56:24.898+0000] {logging_mixin.py:190} INFO - [2026-08-23T00:56:24.898+0000] {dag.py:3239} INFO - Sync 1 DAGs
[2026-08-23T00:56:24.916+0000] {logging_mixin.py:190} INFO - [2026-08-23T00:56:24.916+0000] {dag.py:4180} INFO - Setting next_dagrun for weekly_segment to 2026-08-22 16:00:00+00:00, run_after=2026-08-29 16:00:00+00:00
[2026-08-23T00:56:24.932+0000] {processor.py:208} INFO - Processing /opt/airflow/dags/weekly_segment.py took 0.159 seconds
[2026-08-23T00:56:55.220+0000] {processor.py:186} INFO - Started process (PID=418) to work on /opt/airflow/dags/weekly_segment.py
[2026-08-23T00:56:55.221+0000] {processor.py:914} INFO - Processing file /opt/airflow/dags/weekly_segment.py for tasks to queue
[2026-08-23T00:56:55.222+0000] {logging_mixin.py:190} INFO - [2026-08-23T00:56:55.222+0000] {dagbag.py:588} INFO - Filling up the DagBag from /opt/airflow/dags/weekly_segment.py
[2026-08-23T00:56:55.307+0000] {processor.py:925} INFO - DAG(s) 'weekly_segment' retrieved from /opt/airflow/dags/weekly_segment.py
[2026-08-23T00:56:55.327+0000] {logging_mixin.py:190} INFO - [2026-08-23T00:56:55.327+0000] {dag.py:3239} INFO - Sync 1 DAGs
[2026-08-23T00:56:55.342+0000] {logging_mixin.py:190} INFO - [2026-08-23T00:56:55.342+0000] {dag.py:4180} INFO - Setting next_dagrun for weekly_segment to 2026-08-22 16:00:00+00:00, run_after=2026-08-29 16:00:00+00:00
[2026-08-23T00:56:55.354+0000] {processor.py:208} INFO - Processing /opt/airflow/dags/weekly_segment.py took 0.139 seconds
[2026-08-23T00:57:25.468+0000] {processor.py:186} INFO - Started process (PID=428) to work on /opt/airflow/dags/weekly_segment.py
[2026-08-23T00:57:25.469+0000] {processor.py:914} INFO - Processing file /opt/airflow/dags/weekly_segment.py for tasks to queue
[2026-08-23T00:57:25.471+0000] {logging_mixin.py:190} INFO - [2026-08-23T00:57:25.470+0000] {dagbag.py:588} INFO - Filling up the DagBag from /opt/airflow/dags/weekly_segment.py
[2026-08-23T00:57:25.563+0000] {processor.py:925} INFO - DAG(s) 'weekly_segment' retrieved from /opt/airflow/dags/weekly_segment.py
[2026-08-23T00:57:25.584+0000] {logging_mixin.py:190} INFO - [2026-08-23T00:57:25.583+0000] {dag.py:3239} INFO - Sync 1 DAGs
[2026-08-23T00:57:25.600+0000] {logging_mixin.py:190} INFO - [2026-08-23T00:57:25.600+0000] {dag.py:4180} INFO - Setting next_dagrun for weekly_segment to 2026-08-22 16:00:00+00:00, run_after=2026-08-29 16:00:00+00:00
[2026-08-23T00:57:25.617+0000] {processor.py:208} INFO - Processing /opt/airflow/dags/weekly_segment.py took 0.154 seconds
[2026-08-23T00:57:55.750+0000] {processor.py:186} INFO - Started process (PID=438) to work on /opt/airflow/dags/weekly_segment.py
[2026-08-23T00:57:55.751+0000] {processor.py:914} INFO - Processing file /opt/airflow/dags/weekly_segment.py for tasks to queue
[2026-08-23T00:57:55.753+0000] {logging_mixin.py:190} INFO - [2026-08-23T00:57:55.753+0000] {dagbag.py:588} INFO - Filling up the DagBag from /opt/airflow/dags/weekly_segment.py
[2026-08-23T00:57:55.849+0000] {processor.py:925} INFO - DAG(s) 'weekly_segment' retrieved from /opt/airflow/dags/weekly_segment.py
[2026-08-23T00:57:55.870+0000] {logging_mixin.py:190} INFO - [2026-08-23T00:57:55.870+0000] {dag.py:3239} INFO - Sync 1 DAGs
[2026-08-23T00:57:55.887+0000] {logging_mixin.py:190} INFO - [2026-08-23T00:57:55.887+0000] {dag.py:4180} INFO - Setting next_dagrun for weekly_segment to 2026-08-22 16:00:00+00:00, run_after=2026-08-29 16:00:00+00:00
[2026-08-23T00:57:55.905+0000] {processor.py:208} INFO - Processing /opt/airflow/dags/weekly_segment.py took 0.160 seconds
[2026-08-23T00:58:26.009+0000] {processor.py:186} INFO - Started process (PID=448) to work on /opt/airflow/dags/weekly_segment.py
[2026-08-23T00:58:26.010+0000] {processor.py:914} INFO - Processing file /opt/airflow/dags/weekly_segment.py for tasks to queue
[2026-08-23T00:58:26.011+0000] {logging_mixin.py:190} INFO - [2026-08-23T00:58:26.011+0000] {dagbag.py:588} INFO - Filling up the DagBag from /opt/airflow/dags/weekly_segment.py
[2026-08-23T00:58:26.113+0000] {processor.py:925} INFO - DAG(s) 'weekly_segment' retrieved from /opt/airflow/dags/weekly_segment.py
[2026-08-23T00:58:26.134+0000] {logging_mixin.py:190} INFO - [2026-08-23T00:58:26.134+0000] {dag.py:3239} INFO - Sync 1 DAGs
[2026-08-23T00:58:26.151+0000] {logging_mixin.py:190} INFO - [2026-08-23T00:58:26.151+0000] {dag.py:4180} INFO - Setting next_dagrun for weekly_segment to 2026-08-22 16:00:00+00:00, run_after=2026-08-29 16:00:00+00:00
[2026-08-23T00:58:26.170+0000] {processor.py:208} INFO - Processing /opt/airflow/dags/weekly_segment.py took 0.166 seconds
[2026-08-23T00:58:56.398+0000] {processor.py:186} INFO - Started process (PID=458) to work on /opt/airflow/dags/weekly_segment.py
[2026-08-23T00:58:56.399+0000] {processor.py:914} INFO - Processing file /opt/airflow/dags/weekly_segment.py for tasks to queue
[2026-08-23T00:58:56.400+0000] {logging_mixin.py:190} INFO - [2026-08-23T00:58:56.400+0000] {dagbag.py:588} INFO - Filling up the DagBag from /opt/airflow/dags/weekly_segment.py
[2026-08-23T00:58:56.501+0000] {processor.py:925} INFO - DAG(s) 'weekly_segment' retrieved from /opt/airflow/dags/weekly_segment.py
[2026-08-23T00:58:56.522+0000] {logging_mixin.py:190} INFO - [2026-08-23T00:58:56.522+0000] {dag.py:3239} INFO - Sync 1 DAGs
[2026-08-23T00:58:56.541+0000] {logging_mixin.py:190} INFO - [2026-08-23T00:58:56.540+0000] {dag.py:4180} INFO - Setting next_dagrun for weekly_segment to 2026-08-22 16:00:00+00:00, run_after=2026-08-29 16:00:00+00:00
[2026-08-23T00:58:56.554+0000] {processor.py:208} INFO - Processing /opt/airflow/dags/weekly_segment.py took 0.162 seconds
[2026-08-23T00:59:27.751+0000] {processor.py:186} INFO - Started process (PID=468) to work on /opt/airflow/dags/weekly_segment.py
[2026-08-23T00:59:27.761+0000] {processor.py:914} INFO - Processing file /opt/airflow/dags/weekly_segment.py for tasks to queue
[2026-08-23T00:59:27.776+0000] {logging_mixin.py:190} INFO - [2026-08-23T00:59:27.776+0000] {dagbag.py:588} INFO - Filling up the DagBag from /opt/airflow/dags/weekly_segment.py
[2026-08-23T00:59:30.284+0000] {processor.py:925} INFO - DAG(s) 'weekly_segment' retrieved from /opt/airflow/dags/weekly_segment.py
[2026-08-23T00:59:30.320+0000] {logging_mixin.py:190} INFO - [2026-08-23T00:59:30.320+0000] {dag.py:3239} INFO - Sync 1 DAGs
[2026-08-23T00:59:30.344+0000] {logging_mixin.py:190} INFO - [2026-08-23T00:59:30.343+0000] {dag.py:4180} INFO - Setting next_dagrun for weekly_segment to 2026-08-22 16:00:00+00:00, run_after=2026-08-29 16:00:00+00:00
[2026-08-23T00:59:30.392+0000] {processor.py:208} INFO - Processing /opt/airflow/dags/weekly_segment.py took 2.663 seconds
[2026-08-23T01:00:00.491+0000] {processor.py:186} INFO - Started process (PID=479) to work on /opt/airflow/dags/weekly_segment.py
[2026-08-23T01:00:00.492+0000] {processor.py:914} INFO - Processing file /opt/airflow/dags/weekly_segment.py for tasks to queue
[2026-08-23T01:00:00.495+0000] {logging_mixin.py:190} INFO - [2026-08-23T01:00:00.494+0000] {dagbag.py:588} INFO - Filling up the DagBag from /opt/airflow/dags/weekly_segment.py
[2026-08-23T01:00:00.609+0000] {processor.py:925} INFO - DAG(s) 'weekly_segment' retrieved from /opt/airflow/dags/weekly_segment.py
[2026-08-23T01:00:00.632+0000] {logging_mixin.py:190} INFO - [2026-08-23T01:00:00.631+0000] {dag.py:3239} INFO - Sync 1 DAGs
[2026-08-23T01:00:00.651+0000] {logging_mixin.py:190} INFO - [2026-08-23T01:00:00.651+0000] {dag.py:4180} INFO - Setting next_dagrun for weekly_segment to 2026-08-22 16:00:00+00:00, run_after=2026-08-29 16:00:00+00:00
[2026-08-23T01:00:00.668+0000] {processor.py:208} INFO - Processing /opt/airflow/dags/weekly_segment.py took 0.183 seconds
[2026-08-23T01:00:30.733+0000] {processor.py:186} INFO - Started process (PID=494) to work on /opt/airflow/dags/weekly_segment.py
[2026-08-23T01:00:30.734+0000] {processor.py:914} INFO - Processing file /opt/airflow/dags/weekly_segment.py for tasks to queue
[2026-08-23T01:00:30.736+0000] {logging_mixin.py:190} INFO - [2026-08-23T01:00:30.735+0000] {dagbag.py:588} INFO - Filling up the DagBag from /opt/airflow/dags/weekly_segment.py
[2026-08-23T01:00:30.826+0000] {processor.py:925} INFO - DAG(s) 'weekly_segment' retrieved from /opt/airflow/dags/weekly_segment.py
[2026-08-23T01:00:30.846+0000] {logging_mixin.py:190} INFO - [2026-08-23T01:00:30.846+0000] {dag.py:3239} INFO - Sync 1 DAGs
[2026-08-23T01:00:30.862+0000] {logging_mixin.py:190} INFO - [2026-08-23T01:00:30.862+0000] {dag.py:4180} INFO - Setting next_dagrun for weekly_segment to 2026-08-22 16:00:00+00:00, run_after=2026-08-29 16:00:00+00:00
[2026-08-23T01:00:30.875+0000] {processor.py:208} INFO - Processing /opt/airflow/dags/weekly_segment.py took 0.146 seconds
[2026-08-23T01:01:01.145+0000] {processor.py:186} INFO - Started process (PID=504) to work on /opt/airflow/dags/weekly_segment.py
[2026-08-23T01:01:01.146+0000] {processor.py:914} INFO - Processing file /opt/airflow/dags/weekly_segment.py for tasks to queue
[2026-08-23T01:01:01.148+0000] {logging_mixin.py:190} INFO - [2026-08-23T01:01:01.148+0000] {dagbag.py:588} INFO - Filling up the DagBag from /opt/airflow/dags/weekly_segment.py
[2026-08-23T01:01:01.242+0000] {processor.py:925} INFO - DAG(s) 'weekly_segment' retrieved from /opt/airflow/dags/weekly_segment.py
[2026-08-23T01:01:01.264+0000] {logging_mixin.py:190} INFO - [2026-08-23T01:01:01.264+0000] {dag.py:3239} INFO - Sync 1 DAGs
[2026-08-23T01:01:01.283+0000] {logging_mixin.py:190} INFO - [2026-08-23T01:01:01.283+0000] {dag.py:4180} INFO - Setting next_dagrun for weekly_segment to 2026-08-22 16:00:00+00:00, run_after=2026-08-29 16:00:00+00:00
[2026-08-23T01:01:01.299+0000] {processor.py:208} INFO - Processing /opt/airflow/dags/weekly_segment.py took 0.160 seconds
[2026-08-23T01:01:31.484+0000] {processor.py:186} INFO - Started process (PID=517) to work on /opt/airflow/dags/weekly_segment.py
[2026-08-23T01:01:31.486+0000] {processor.py:914} INFO - Processing file /opt/airflow/dags/weekly_segment.py for tasks to queue
[2026-08-23T01:01:31.488+0000] {logging_mixin.py:190} INFO - [2026-08-23T01:01:31.488+0000] {dagbag.py:588} INFO - Filling up the DagBag from /opt/airflow/dags/weekly_segment.py
[2026-08-23T01:01:31.632+0000] {processor.py:925} INFO - DAG(s) 'weekly_segment' retrieved from /opt/airflow/dags/weekly_segment.py
[2026-08-23T01:01:31.655+0000] {logging_mixin.py:190} INFO - [2026-08-23T01:01:31.654+0000] {dag.py:3239} INFO - Sync 1 DAGs
[2026-08-23T01:01:31.673+0000] {logging_mixin.py:190} INFO - [2026-08-23T01:01:31.673+0000] {dag.py:4180} INFO - Setting next_dagrun for weekly_segment to 2026-08-22 16:00:00+00:00, run_after=2026-08-29 16:00:00+00:00
[2026-08-23T01:01:31.688+0000] {processor.py:208} INFO - Processing /opt/airflow/dags/weekly_segment.py took 0.209 seconds
[2026-08-23T01:02:01.969+0000] {processor.py:186} INFO - Started process (PID=524) to work on /opt/airflow/dags/weekly_segment.py
[2026-08-23T01:02:01.970+0000] {processor.py:914} INFO - Processing file /opt/airflow/dags/weekly_segment.py for tasks to queue
[2026-08-23T01:02:01.972+0000] {logging_mixin.py:190} INFO - [2026-08-23T01:02:01.972+0000] {dagbag.py:588} INFO - Filling up the DagBag from /opt/airflow/dags/weekly_segment.py
[2026-08-23T01:02:02.058+0000] {processor.py:925} INFO - DAG(s) 'weekly_segment' retrieved from /opt/airflow/dags/weekly_segment.py
[2026-08-23T01:02:02.078+0000] {logging_mixin.py:190} INFO - [2026-08-23T01:02:02.078+0000] {dag.py:3239} INFO - Sync 1 DAGs
[2026-08-23T01:02:02.095+0000] {logging_mixin.py:190} INFO - [2026-08-23T01:02:02.095+0000] {dag.py:4180} INFO - Setting next_dagrun for weekly_segment to 2026-08-22 16:00:00+00:00, run_after=2026-08-29 16:00:00+00:00
[2026-08-23T01:02:02.107+0000] {processor.py:208} INFO - Processing /opt/airflow/dags/weekly_segment.py took 0.143 seconds
[2026-08-23T01:02:32.255+0000] {processor.py:186} INFO - Started process (PID=534) to work on /opt/airflow/dags/weekly_segment.py
[2026-08-23T01:02:32.256+0000] {processor.py:914} INFO - Processing file /opt/airflow/dags/weekly_segment.py for tasks to queue
[2026-08-23T01:02:32.259+0000] {logging_mixin.py:190} INFO - [2026-08-23T01:02:32.259+0000] {dagbag.py:588} INFO - Filling up the DagBag from /opt/airflow/dags/weekly_segment.py
[2026-08-23T01:02:32.407+0000] {processor.py:925} INFO - DAG(s) 'weekly_segment' retrieved from /opt/airflow/dags/weekly_segment.py
[2026-08-23T01:02:32.430+0000] {logging_mixin.py:190} INFO - [2026-08-23T01:02:32.430+0000] {dag.py:3239} INFO - Sync 1 DAGs
[2026-08-23T01:02:32.449+0000] {logging_mixin.py:190} INFO - [2026-08-23T01:02:32.449+0000] {dag.py:4180} INFO - Setting next_dagrun for weekly_segment to 2026-08-22 16:00:00+00:00, run_after=2026-08-29 16:00:00+00:00
[2026-08-23T01:02:32.466+0000] {processor.py:208} INFO - Processing /opt/airflow/dags/weekly_segment.py took 0.217 seconds
[2026-08-23T01:03:02.598+0000] {processor.py:186} INFO - Started process (PID=544) to work on /opt/airflow/dags/weekly_segment.py
[2026-08-23T01:03:02.600+0000] {processor.py:914} INFO - Processing file /opt/airflow/dags/weekly_segment.py for tasks to queue
[2026-08-23T01:03:02.603+0000] {logging_mixin.py:190} INFO - [2026-08-23T01:03:02.603+0000] {dagbag.py:588} INFO - Filling up the DagBag from /opt/airflow/dags/weekly_segment.py
[2026-08-23T01:03:02.743+0000] {processor.py:925} INFO - DAG(s) 'weekly_segment' retrieved from /opt/airflow/dags/weekly_segment.py
[2026-08-23T01:03:02.767+0000] {logging_mixin.py:190} INFO - [2026-08-23T01:03:02.767+0000] {dag.py:3239} INFO - Sync 1 DAGs
[2026-08-23T01:03:02.786+0000] {logging_mixin.py:190} INFO - [2026-08-23T01:03:02.786+0000] {dag.py:4180} INFO - Setting next_dagrun for weekly_segment to 2026-08-22 16:00:00+00:00, run_after=2026-08-29 16:00:00+00:00
[2026-08-23T01:03:02.807+0000] {processor.py:208} INFO - Processing /opt/airflow/dags/weekly_segment.py took 0.215 seconds
[2026-08-23T01:03:32.987+0000] {processor.py:186} INFO - Started process (PID=554) to work on /opt/airflow/dags/weekly_segment.py
[2026-08-23T01:03:32.989+0000] {processor.py:914} INFO - Processing file /opt/airflow/dags/weekly_segment.py for tasks to queue
[2026-08-23T01:03:32.991+0000] {logging_mixin.py:190} INFO - [2026-08-23T01:03:32.991+0000] {dagbag.py:588} INFO - Filling up the DagBag from /opt/airflow/dags/weekly_segment.py
[2026-08-23T01:03:33.154+0000] {processor.py:925} INFO - DAG(s) 'weekly_segment' retrieved from /opt/airflow/dags/weekly_segment.py
[2026-08-23T01:03:33.179+0000] {logging_mixin.py:190} INFO - [2026-08-23T01:03:33.179+0000] {dag.py:3239} INFO - Sync 1 DAGs
[2026-08-23T01:03:33.199+0000] {logging_mixin.py:190} INFO - [2026-08-23T01:03:33.199+0000] {dag.py:4180} INFO - Setting next_dagrun for weekly_segment to 2026-08-22 16:00:00+00:00, run_after=2026-08-29 16:00:00+00:00
[2026-08-23T01:03:33.224+0000] {processor.py:208} INFO - Processing /opt/airflow/dags/weekly_segment.py took 0.243 seconds
[2026-08-23T01:04:03.528+0000] {processor.py:186} INFO - Started process (PID=564) to work on /opt/airflow/dags/weekly_segment.py
[2026-08-23T01:04:03.529+0000] {processor.py:914} INFO - Processing file /opt/airflow/dags/weekly_segment.py for tasks to queue
[2026-08-23T01:04:03.532+0000] {logging_mixin.py:190} INFO - [2026-08-23T01:04:03.531+0000] {dagbag.py:588} INFO - Filling up the DagBag from /opt/airflow/dags/weekly_segment.py
[2026-08-23T01:04:03.688+0000] {processor.py:925} INFO - DAG(s) 'weekly_segment' retrieved from /opt/airflow/dags/weekly_segment.py
[2026-08-23T01:04:03.710+0000] {logging_mixin.py:190} INFO - [2026-08-23T01:04:03.710+0000] {dag.py:3239} INFO - Sync 1 DAGs
[2026-08-23T01:04:03.728+0000] {logging_mixin.py:190} INFO - [2026-08-23T01:04:03.728+0000] {dag.py:4180} INFO - Setting next_dagrun for weekly_segment to 2026-08-22 16:00:00+00:00, run_after=2026-08-29 16:00:00+00:00
[2026-08-23T01:04:03.746+0000] {processor.py:208} INFO - Processing /opt/airflow/dags/weekly_segment.py took 0.224 seconds
[2026-08-23T01:04:34.050+0000] {processor.py:186} INFO - Started process (PID=574) to work on /opt/airflow/dags/weekly_segment.py
[2026-08-23T01:04:34.051+0000] {processor.py:914} INFO - Processing file /opt/airflow/dags/weekly_segment.py for tasks to queue
[2026-08-23T01:04:34.054+0000] {logging_mixin.py:190} INFO - [2026-08-23T01:04:34.053+0000] {dagbag.py:588} INFO - Filling up the DagBag from /opt/airflow/dags/weekly_segment.py
[2026-08-23T01:04:34.276+0000] {processor.py:925} INFO - DAG(s) 'weekly_segment' retrieved from /opt/airflow/dags/weekly_segment.py
[2026-08-23T01:04:34.301+0000] {logging_mixin.py:190} INFO - [2026-08-23T01:04:34.301+0000] {dag.py:3239} INFO - Sync 1 DAGs
[2026-08-23T01:04:34.322+0000] {logging_mixin.py:190} INFO - [2026-08-23T01:04:34.322+0000] {dag.py:4180} INFO - Setting next_dagrun for weekly_segment to 2026-08-22 16:00:00+00:00, run_after=2026-08-29 16:00:00+00:00
[2026-08-23T01:04:34.339+0000] {processor.py:208} INFO - Processing /opt/airflow/dags/weekly_segment.py took 0.294 seconds
[2026-08-23T01:05:04.635+0000] {processor.py:186} INFO - Started process (PID=584) to work on /opt/airflow/dags/weekly_segment.py
[2026-08-23T01:05:04.638+0000] {processor.py:914} INFO - Processing file /opt/airflow/dags/weekly_segment.py for tasks to queue
[2026-08-23T01:05:04.641+0000] {logging_mixin.py:190} INFO - [2026-08-23T01:05:04.641+0000] {dagbag.py:588} INFO - Filling up the DagBag from /opt/airflow/dags/weekly_segment.py
[2026-08-23T01:05:04.834+0000] {processor.py:925} INFO - DAG(s) 'weekly_segment' retrieved from /opt/airflow/dags/weekly_segment.py
[2026-08-23T01:05:04.863+0000] {logging_mixin.py:190} INFO - [2026-08-23T01:05:04.863+0000] {dag.py:3239} INFO - Sync 1 DAGs
[2026-08-23T01:05:04.883+0000] {logging_mixin.py:190} INFO - [2026-08-23T01:05:04.883+0000] {dag.py:4180} INFO - Setting next_dagrun for weekly_segment to 2026-08-22 16:00:00+00:00, run_after=2026-08-29 16:00:00+00:00
[2026-08-23T01:05:04.899+0000] {processor.py:208} INFO - Processing /opt/airflow/dags/weekly_segment.py took 0.272 seconds
[2026-08-23T01:05:35.137+0000] {processor.py:186} INFO - Started process (PID=594) to work on /opt/airflow/dags/weekly_segment.py
[2026-08-23T01:05:35.140+0000] {processor.py:914} INFO - Processing file /opt/airflow/dags/weekly_segment.py for tasks to queue
[2026-08-23T01:05:35.142+0000] {logging_mixin.py:190} INFO - [2026-08-23T01:05:35.142+0000] {dagbag.py:588} INFO - Filling up the DagBag from /opt/airflow/dags/weekly_segment.py
[2026-08-23T01:05:35.369+0000] {processor.py:925} INFO - DAG(s) 'weekly_segment' retrieved from /opt/airflow/dags/weekly_segment.py
[2026-08-23T01:05:35.392+0000] {logging_mixin.py:190} INFO - [2026-08-23T01:05:35.392+0000] {dag.py:3239} INFO - Sync 1 DAGs
[2026-08-23T01:05:35.409+0000] {logging_mixin.py:190} INFO - [2026-08-23T01:05:35.409+0000] {dag.py:4180} INFO - Setting next_dagrun for weekly_segment to 2026-08-22 16:00:00+00:00, run_after=2026-08-29 16:00:00+00:00
[2026-08-23T01:05:35.424+0000] {processor.py:208} INFO - Processing /opt/airflow/dags/weekly_segment.py took 0.298 seconds
[2026-08-23T01:06:05.720+0000] {processor.py:186} INFO - Started process (PID=604) to work on /opt/airflow/dags/weekly_segment.py
[2026-08-23T01:06:05.722+0000] {processor.py:914} INFO - Processing file /opt/airflow/dags/weekly_segment.py for tasks to queue
[2026-08-23T01:06:05.723+0000] {logging_mixin.py:190} INFO - [2026-08-23T01:06:05.723+0000] {dagbag.py:588} INFO - Filling up the DagBag from /opt/airflow/dags/weekly_segment.py
[2026-08-23T01:06:05.825+0000] {processor.py:925} INFO - DAG(s) 'weekly_segment' retrieved from /opt/airflow/dags/weekly_segment.py
[2026-08-23T01:06:05.846+0000] {logging_mixin.py:190} INFO - [2026-08-23T01:06:05.846+0000] {dag.py:3239} INFO - Sync 1 DAGs
[2026-08-23T01:06:05.863+0000] {logging_mixin.py:190} INFO - [2026-08-23T01:06:05.863+0000] {dag.py:4180} INFO - Setting next_dagrun for weekly_segment to 2026-08-22 16:00:00+00:00, run_after=2026-08-29 16:00:00+00:00
[2026-08-23T01:06:05.924+0000] {processor.py:208} INFO - Processing /opt/airflow/dags/weekly_segment.py took 0.208 seconds
[2026-08-23T01:06:36.160+0000] {processor.py:186} INFO - Started process (PID=614) to work on /opt/airflow/dags/weekly_segment.py
[2026-08-23T01:06:36.161+0000] {processor.py:914} INFO - Processing file /opt/airflow/dags/weekly_segment.py for tasks to queue
[2026-08-23T01:06:36.162+0000] {logging_mixin.py:190} INFO - [2026-08-23T01:06:36.162+0000] {dagbag.py:588} INFO - Filling up the DagBag from /opt/airflow/dags/weekly_segment.py
[2026-08-23T01:06:36.263+0000] {processor.py:925} INFO - DAG(s) 'weekly_segment' retrieved from /opt/airflow/dags/weekly_segment.py
[2026-08-23T01:06:36.285+0000] {logging_mixin.py:190} INFO - [2026-08-23T01:06:36.285+0000] {dag.py:3239} INFO - Sync 1 DAGs
[2026-08-23T01:06:36.302+0000] {logging_mixin.py:190} INFO - [2026-08-23T01:06:36.302+0000] {dag.py:4180} INFO - Setting next_dagrun for weekly_segment to 2026-08-22 16:00:00+00:00, run_after=2026-08-29 16:00:00+00:00
[2026-08-23T01:06:36.317+0000] {processor.py:208} INFO - Processing /opt/airflow/dags/weekly_segment.py took 0.162 seconds
[2026-08-23T01:07:06.443+0000] {processor.py:186} INFO - Started process (PID=624) to work on /opt/airflow/dags/weekly_segment.py
[2026-08-23T01:07:06.444+0000] {processor.py:914} INFO - Processing file /opt/airflow/dags/weekly_segment.py for tasks to queue
[2026-08-23T01:07:06.446+0000] {logging_mixin.py:190} INFO - [2026-08-23T01:07:06.446+0000] {dagbag.py:588} INFO - Filling up the DagBag from /opt/airflow/dags/weekly_segment.py
[2026-08-23T01:07:06.534+0000] {processor.py:925} INFO - DAG(s) 'weekly_segment' retrieved from /opt/airflow/dags/weekly_segment.py
[2026-08-23T01:07:06.554+0000] {logging_mixin.py:190} INFO - [2026-08-23T01:07:06.554+0000] {dag.py:3239} INFO - Sync 1 DAGs
[2026-08-23T01:07:06.570+0000] {logging_mixin.py:190} INFO - [2026-08-23T01:07:06.570+0000] {dag.py:4180} INFO - Setting next_dagrun for weekly_segment to 2026-08-22 16:00:00+00:00, run_after=2026-08-29 16:00:00+00:00
[2026-08-23T01:07:06.583+0000] {processor.py:208} INFO - Processing /opt/airflow/dags/weekly_segment.py took 0.146 seconds
[2026-08-23T01:07:36.806+0000] {processor.py:186} INFO - Started process (PID=634) to work on /opt/airflow/dags/weekly_segment.py
[2026-08-23T01:07:36.807+0000] {processor.py:914} INFO - Processing file /opt/airflow/dags/weekly_segment.py for tasks to queue
[2026-08-23T01:07:36.809+0000] {logging_mixin.py:190} INFO - [2026-08-23T01:07:36.809+0000] {dagbag.py:588} INFO - Filling up the DagBag from /opt/airflow/dags/weekly_segment.py
[2026-08-23T01:07:36.906+0000] {processor.py:925} INFO - DAG(s) 'weekly_segment' retrieved from /opt/airflow/dags/weekly_segment.py
[2026-08-23T01:07:36.927+0000] {logging_mixin.py:190} INFO - [2026-08-23T01:07:36.927+0000] {dag.py:3239} INFO - Sync 1 DAGs
[2026-08-23T01:07:36.945+0000] {logging_mixin.py:190} INFO - [2026-08-23T01:07:36.945+0000] {dag.py:4180} INFO - Setting next_dagrun for weekly_segment to 2026-08-22 16:00:00+00:00, run_after=2026-08-29 16:00:00+00:00
[2026-08-23T01:07:36.964+0000] {processor.py:208} INFO - Processing /opt/airflow/dags/weekly_segment.py took 0.163 seconds
[2026-08-23T01:08:07.152+0000] {processor.py:186} INFO - Started process (PID=644) to work on /opt/airflow/dags/weekly_segment.py
[2026-08-23T01:08:07.153+0000] {processor.py:914} INFO - Processing file /opt/airflow/dags/weekly_segment.py for tasks to queue
[2026-08-23T01:08:07.156+0000] {logging_mixin.py:190} INFO - [2026-08-23T01:08:07.155+0000] {dagbag.py:588} INFO - Filling up the DagBag from /opt/airflow/dags/weekly_segment.py
[2026-08-23T01:08:07.266+0000] {processor.py:925} INFO - DAG(s) 'weekly_segment' retrieved from /opt/airflow/dags/weekly_segment.py
[2026-08-23T01:08:07.289+0000] {logging_mixin.py:190} INFO - [2026-08-23T01:08:07.288+0000] {dag.py:3239} INFO - Sync 1 DAGs
[2026-08-23T01:08:07.306+0000] {logging_mixin.py:190} INFO - [2026-08-23T01:08:07.306+0000] {dag.py:4180} INFO - Setting next_dagrun for weekly_segment to 2026-08-22 16:00:00+00:00, run_after=2026-08-29 16:00:00+00:00
[2026-08-23T01:08:07.320+0000] {processor.py:208} INFO - Processing /opt/airflow/dags/weekly_segment.py took 0.174 seconds
[2026-08-23T01:08:37.509+0000] {processor.py:186} INFO - Started process (PID=654) to work on /opt/airflow/dags/weekly_segment.py
[2026-08-23T01:08:37.509+0000] {processor.py:914} INFO - Processing file /opt/airflow/dags/weekly_segment.py for tasks to queue
[2026-08-23T01:08:37.511+0000] {logging_mixin.py:190} INFO - [2026-08-23T01:08:37.511+0000] {dagbag.py:588} INFO - Filling up the DagBag from /opt/airflow/dags/weekly_segment.py
[2026-08-23T01:08:37.612+0000] {processor.py:925} INFO - DAG(s) 'weekly_segment' retrieved from /opt/airflow/dags/weekly_segment.py
[2026-08-23T01:08:37.636+0000] {logging_mixin.py:190} INFO - [2026-08-23T01:08:37.636+0000] {dag.py:3239} INFO - Sync 1 DAGs
[2026-08-23T01:08:37.655+0000] {logging_mixin.py:190} INFO - [2026-08-23T01:08:37.654+0000] {dag.py:4180} INFO - Setting next_dagrun for weekly_segment to 2026-08-22 16:00:00+00:00, run_after=2026-08-29 16:00:00+00:00
[2026-08-23T01:08:37.669+0000] {processor.py:208} INFO - Processing /opt/airflow/dags/weekly_segment.py took 0.165 seconds
[2026-08-23T01:09:07.847+0000] {processor.py:186} INFO - Started process (PID=664) to work on /opt/airflow/dags/weekly_segment.py
[2026-08-23T01:09:07.848+0000] {processor.py:914} INFO - Processing file /opt/airflow/dags/weekly_segment.py for tasks to queue
[2026-08-23T01:09:07.851+0000] {logging_mixin.py:190} INFO - [2026-08-23T01:09:07.850+0000] {dagbag.py:588} INFO - Filling up the DagBag from /opt/airflow/dags/weekly_segment.py
[2026-08-23T01:09:07.947+0000] {processor.py:925} INFO - DAG(s) 'weekly_segment' retrieved from /opt/airflow/dags/weekly_segment.py
[2026-08-23T01:09:07.968+0000] {logging_mixin.py:190} INFO - [2026-08-23T01:09:07.968+0000] {dag.py:3239} INFO - Sync 1 DAGs
[2026-08-23T01:09:07.984+0000] {logging_mixin.py:190} INFO - [2026-08-23T01:09:07.984+0000] {dag.py:4180} INFO - Setting next_dagrun for weekly_segment to 2026-08-22 16:00:00+00:00, run_after=2026-08-29 16:00:00+00:00
[2026-08-23T01:09:07.998+0000] {processor.py:208} INFO - Processing /opt/airflow/dags/weekly_segment.py took 0.156 seconds
[2026-08-23T01:09:38.183+0000] {processor.py:186} INFO - Started process (PID=674) to work on /opt/airflow/dags/weekly_segment.py
[2026-08-23T01:09:38.184+0000] {processor.py:914} INFO - Processing file /opt/airflow/dags/weekly_segment.py for tasks to queue
[2026-08-23T01:09:38.186+0000] {logging_mixin.py:190} INFO - [2026-08-23T01:09:38.186+0000] {dagbag.py:588} INFO - Filling up the DagBag from /opt/airflow/dags/weekly_segment.py
[2026-08-23T01:09:38.289+0000] {processor.py:925} INFO - DAG(s) 'weekly_segment' retrieved from /opt/airflow/dags/weekly_segment.py
[2026-08-23T01:09:38.310+0000] {logging_mixin.py:190} INFO - [2026-08-23T01:09:38.310+0000] {dag.py:3239} INFO - Sync 1 DAGs
[2026-08-23T01:09:38.327+0000] {logging_mixin.py:190} INFO - [2026-08-23T01:09:38.326+0000] {dag.py:4180} INFO - Setting next_dagrun for weekly_segment to 2026-08-22 16:00:00+00:00, run_after=2026-08-29 16:00:00+00:00
[2026-08-23T01:09:38.345+0000] {processor.py:208} INFO - Processing /opt/airflow/dags/weekly_segment.py took 0.168 seconds
[2026-08-23T01:10:08.533+0000] {processor.py:186} INFO - Started process (PID=684) to work on /opt/airflow/dags/weekly_segment.py
[2026-08-23T01:10:08.534+0000] {processor.py:914} INFO - Processing file /opt/airflow/dags/weekly_segment.py for tasks to queue
[2026-08-23T01:10:08.536+0000] {logging_mixin.py:190} INFO - [2026-08-23T01:10:08.535+0000] {dagbag.py:588} INFO - Filling up the DagBag from /opt/airflow/dags/weekly_segment.py
[2026-08-23T01:10:08.645+0000] {processor.py:925} INFO - DAG(s) 'weekly_segment' retrieved from /opt/airflow/dags/weekly_segment.py
[2026-08-23T01:10:08.668+0000] {logging_mixin.py:190} INFO - [2026-08-23T01:10:08.668+0000] {dag.py:3239} INFO - Sync 1 DAGs
[2026-08-23T01:10:08.687+0000] {logging_mixin.py:190} INFO - [2026-08-23T01:10:08.686+0000] {dag.py:4180} INFO - Setting next_dagrun for weekly_segment to 2026-08-22 16:00:00+00:00, run_after=2026-08-29 16:00:00+00:00
[2026-08-23T01:10:08.701+0000] {processor.py:208} INFO - Processing /opt/airflow/dags/weekly_segment.py took 0.174 seconds
[2026-08-23T01:10:38.879+0000] {processor.py:186} INFO - Started process (PID=694) to work on /opt/airflow/dags/weekly_segment.py
[2026-08-23T01:10:38.881+0000] {processor.py:914} INFO - Processing file /opt/airflow/dags/weekly_segment.py for tasks to queue
[2026-08-23T01:10:38.884+0000] {logging_mixin.py:190} INFO - [2026-08-23T01:10:38.884+0000] {dagbag.py:588} INFO - Filling up the DagBag from /opt/airflow/dags/weekly_segment.py
[2026-08-23T01:10:39.004+0000] {processor.py:925} INFO - DAG(s) 'weekly_segment' retrieved from /opt/airflow/dags/weekly_segment.py
[2026-08-23T01:10:39.026+0000] {logging_mixin.py:190} INFO - [2026-08-23T01:10:39.026+0000] {dag.py:3239} INFO - Sync 1 DAGs
[2026-08-23T01:10:39.046+0000] {logging_mixin.py:190} INFO - [2026-08-23T01:10:39.046+0000] {dag.py:4180} INFO - Setting next_dagrun for weekly_segment to 2026-08-22 16:00:00+00:00, run_after=2026-08-29 16:00:00+00:00
[2026-08-23T01:10:39.061+0000] {processor.py:208} INFO - Processing /opt/airflow/dags/weekly_segment.py took 0.188 seconds
[2026-08-23T01:11:09.256+0000] {processor.py:186} INFO - Started process (PID=707) to work on /opt/airflow/dags/weekly_segment.py
[2026-08-23T01:11:09.258+0000] {processor.py:914} INFO - Processing file /opt/airflow/dags/weekly_segment.py for tasks to queue
[2026-08-23T01:11:09.266+0000] {logging_mixin.py:190} INFO - [2026-08-23T01:11:09.265+0000] {dagbag.py:588} INFO - Filling up the DagBag from /opt/airflow/dags/weekly_segment.py
[2026-08-23T01:11:09.510+0000] {processor.py:925} INFO - DAG(s) 'weekly_segment' retrieved from /opt/airflow/dags/weekly_segment.py
[2026-08-23T01:11:09.532+0000] {logging_mixin.py:190} INFO - [2026-08-23T01:11:09.532+0000] {dag.py:3239} INFO - Sync 1 DAGs
[2026-08-23T01:11:09.550+0000] {logging_mixin.py:190} INFO - [2026-08-23T01:11:09.550+0000] {dag.py:4180} INFO - Setting next_dagrun for weekly_segment to 2026-08-22 16:00:00+00:00, run_after=2026-08-29 16:00:00+00:00
[2026-08-23T01:11:09.564+0000] {processor.py:208} INFO - Processing /opt/airflow/dags/weekly_segment.py took 0.316 seconds
[2026-08-23T01:11:39.769+0000] {processor.py:186} INFO - Started process (PID=717) to work on /opt/airflow/dags/weekly_segment.py
[2026-08-23T01:11:39.770+0000] {processor.py:914} INFO - Processing file /opt/airflow/dags/weekly_segment.py for tasks to queue
[2026-08-23T01:11:39.772+0000] {logging_mixin.py:190} INFO - [2026-08-23T01:11:39.772+0000] {dagbag.py:588} INFO - Filling up the DagBag from /opt/airflow/dags/weekly_segment.py
[2026-08-23T01:11:39.943+0000] {processor.py:925} INFO - DAG(s) 'weekly_segment' retrieved from /opt/airflow/dags/weekly_segment.py
[2026-08-23T01:11:39.965+0000] {logging_mixin.py:190} INFO - [2026-08-23T01:11:39.965+0000] {dag.py:3239} INFO - Sync 1 DAGs
[2026-08-23T01:11:39.984+0000] {logging_mixin.py:190} INFO - [2026-08-23T01:11:39.984+0000] {dag.py:4180} INFO - Setting next_dagrun for weekly_segment to 2026-08-22 16:00:00+00:00, run_after=2026-08-29 16:00:00+00:00
[2026-08-23T01:11:39.999+0000] {processor.py:208} INFO - Processing /opt/airflow/dags/weekly_segment.py took 0.237 seconds
[2026-08-23T01:12:10.197+0000] {processor.py:186} INFO - Started process (PID=727) to work on /opt/airflow/dags/weekly_segment.py
[2026-08-23T01:12:10.198+0000] {processor.py:914} INFO - Processing file /opt/airflow/dags/weekly_segment.py for tasks to queue
[2026-08-23T01:12:10.200+0000] {logging_mixin.py:190} INFO - [2026-08-23T01:12:10.200+0000] {dagbag.py:588} INFO - Filling up the DagBag from /opt/airflow/dags/weekly_segment.py
[2026-08-23T01:12:10.340+0000] {processor.py:925} INFO - DAG(s) 'weekly_segment' retrieved from /opt/airflow/dags/weekly_segment.py
[2026-08-23T01:12:10.359+0000] {logging_mixin.py:190} INFO - [2026-08-23T01:12:10.359+0000] {dag.py:3239} INFO - Sync 1 DAGs
[2026-08-23T01:12:10.375+0000] {logging_mixin.py:190} INFO - [2026-08-23T01:12:10.375+0000] {dag.py:4180} INFO - Setting next_dagrun for weekly_segment to 2026-08-22 16:00:00+00:00, run_after=2026-08-29 16:00:00+00:00
[2026-08-23T01:12:10.388+0000] {processor.py:208} INFO - Processing /opt/airflow/dags/weekly_segment.py took 0.197 seconds
[2026-08-23T01:12:40.598+0000] {processor.py:186} INFO - Started process (PID=734) to work on /opt/airflow/dags/weekly_segment.py
[2026-08-23T01:12:40.599+0000] {processor.py:914} INFO - Processing file /opt/airflow/dags/weekly_segment.py for tasks to queue
[2026-08-23T01:12:40.601+0000] {logging_mixin.py:190} INFO - [2026-08-23T01:12:40.600+0000] {dagbag.py:588} INFO - Filling up the DagBag from /opt/airflow/dags/weekly_segment.py
[2026-08-23T01:12:40.699+0000] {processor.py:925} INFO - DAG(s) 'weekly_segment' retrieved from /opt/airflow/dags/weekly_segment.py
[2026-08-23T01:12:40.721+0000] {logging_mixin.py:190} INFO - [2026-08-23T01:12:40.721+0000] {dag.py:3239} INFO - Sync 1 DAGs
[2026-08-23T01:12:40.739+0000] {logging_mixin.py:190} INFO - [2026-08-23T01:12:40.739+0000] {dag.py:4180} INFO - Setting next_dagrun for weekly_segment to 2026-08-22 16:00:00+00:00, run_after=2026-08-29 16:00:00+00:00
[2026-08-23T01:12:40.757+0000] {processor.py:208} INFO - Processing /opt/airflow/dags/weekly_segment.py took 0.167 seconds
[2026-08-23T01:13:11.016+0000] {processor.py:186} INFO - Started process (PID=744) to work on /opt/airflow/dags/weekly_segment.py
[2026-08-23T01:13:11.017+0000] {processor.py:914} INFO - Processing file /opt/airflow/dags/weekly_segment.py for tasks to queue
[2026-08-23T01:13:11.019+0000] {logging_mixin.py:190} INFO - [2026-08-23T01:13:11.019+0000] {dagbag.py:588} INFO - Filling up the DagBag from /opt/airflow/dags/weekly_segment.py
[2026-08-23T01:13:11.138+0000] {processor.py:925} INFO - DAG(s) 'weekly_segment' retrieved from /opt/airflow/dags/weekly_segment.py
[2026-08-23T01:13:11.160+0000] {logging_mixin.py:190} INFO - [2026-08-23T01:13:11.160+0000] {dag.py:3239} INFO - Sync 1 DAGs
[2026-08-23T01:13:11.179+0000] {logging_mixin.py:190} INFO - [2026-08-23T01:13:11.179+0000] {dag.py:4180} INFO - Setting next_dagrun for weekly_segment to 2026-08-22 16:00:00+00:00, run_after=2026-08-29 16:00:00+00:00
[2026-08-23T01:13:11.194+0000] {processor.py:208} INFO - Processing /opt/airflow/dags/weekly_segment.py took 0.185 seconds
[2026-08-23T01:13:41.241+0000] {processor.py:186} INFO - Started process (PID=754) to work on /opt/airflow/dags/weekly_segment.py
[2026-08-23T01:13:41.242+0000] {processor.py:914} INFO - Processing file /opt/airflow/dags/weekly_segment.py for tasks to queue
[2026-08-23T01:13:41.244+0000] {logging_mixin.py:190} INFO - [2026-08-23T01:13:41.243+0000] {dagbag.py:588} INFO - Filling up the DagBag from /opt/airflow/dags/weekly_segment.py
[2026-08-23T01:13:41.333+0000] {processor.py:925} INFO - DAG(s) 'weekly_segment' retrieved from /opt/airflow/dags/weekly_segment.py
[2026-08-23T01:13:41.352+0000] {logging_mixin.py:190} INFO - [2026-08-23T01:13:41.351+0000] {dag.py:3239} INFO - Sync 1 DAGs
[2026-08-23T01:13:41.368+0000] {logging_mixin.py:190} INFO - [2026-08-23T01:13:41.368+0000] {dag.py:4180} INFO - Setting next_dagrun for weekly_segment to 2026-08-22 16:00:00+00:00, run_after=2026-08-29 16:00:00+00:00
[2026-08-23T01:13:41.380+0000] {processor.py:208} INFO - Processing /opt/airflow/dags/weekly_segment.py took 0.145 seconds
[2026-08-23T01:14:11.495+0000] {processor.py:186} INFO - Started process (PID=764) to work on /opt/airflow/dags/weekly_segment.py
[2026-08-23T01:14:11.496+0000] {processor.py:914} INFO - Processing file /opt/airflow/dags/weekly_segment.py for tasks to queue
[2026-08-23T01:14:11.498+0000] {logging_mixin.py:190} INFO - [2026-08-23T01:14:11.498+0000] {dagbag.py:588} INFO - Filling up the DagBag from /opt/airflow/dags/weekly_segment.py
[2026-08-23T01:14:11.604+0000] {processor.py:925} INFO - DAG(s) 'weekly_segment' retrieved from /opt/airflow/dags/weekly_segment.py
[2026-08-23T01:14:11.627+0000] {logging_mixin.py:190} INFO - [2026-08-23T01:14:11.626+0000] {dag.py:3239} INFO - Sync 1 DAGs
[2026-08-23T01:14:11.644+0000] {logging_mixin.py:190} INFO - [2026-08-23T01:14:11.643+0000] {dag.py:4180} INFO - Setting next_dagrun for weekly_segment to 2026-08-22 16:00:00+00:00, run_after=2026-08-29 16:00:00+00:00
[2026-08-23T01:14:11.662+0000] {processor.py:208} INFO - Processing /opt/airflow/dags/weekly_segment.py took 0.174 seconds
[2026-08-23T01:14:41.845+0000] {processor.py:186} INFO - Started process (PID=774) to work on /opt/airflow/dags/weekly_segment.py
[2026-08-23T01:14:41.846+0000] {processor.py:914} INFO - Processing file /opt/airflow/dags/weekly_segment.py for tasks to queue
[2026-08-23T01:14:41.848+0000] {logging_mixin.py:190} INFO - [2026-08-23T01:14:41.848+0000] {dagbag.py:588} INFO - Filling up the DagBag from /opt/airflow/dags/weekly_segment.py
[2026-08-23T01:14:41.942+0000] {processor.py:925} INFO - DAG(s) 'weekly_segment' retrieved from /opt/airflow/dags/weekly_segment.py
[2026-08-23T01:14:41.962+0000] {logging_mixin.py:190} INFO - [2026-08-23T01:14:41.962+0000] {dag.py:3239} INFO - Sync 1 DAGs
[2026-08-23T01:14:41.978+0000] {logging_mixin.py:190} INFO - [2026-08-23T01:14:41.978+0000] {dag.py:4180} INFO - Setting next_dagrun for weekly_segment to 2026-08-22 16:00:00+00:00, run_after=2026-08-29 16:00:00+00:00
[2026-08-23T01:14:41.991+0000] {processor.py:208} INFO - Processing /opt/airflow/dags/weekly_segment.py took 0.152 seconds
[2026-08-23T01:15:12.117+0000] {processor.py:186} INFO - Started process (PID=784) to work on /opt/airflow/dags/weekly_segment.py
[2026-08-23T01:15:12.118+0000] {processor.py:914} INFO - Processing file /opt/airflow/dags/weekly_segment.py for tasks to queue
[2026-08-23T01:15:12.121+0000] {logging_mixin.py:190} INFO - [2026-08-23T01:15:12.120+0000] {dagbag.py:588} INFO - Filling up the DagBag from /opt/airflow/dags/weekly_segment.py
[2026-08-23T01:15:12.255+0000] {processor.py:925} INFO - DAG(s) 'weekly_segment' retrieved from /opt/airflow/dags/weekly_segment.py
[2026-08-23T01:15:12.277+0000] {logging_mixin.py:190} INFO - [2026-08-23T01:15:12.277+0000] {dag.py:3239} INFO - Sync 1 DAGs
[2026-08-23T01:15:12.295+0000] {logging_mixin.py:190} INFO - [2026-08-23T01:15:12.295+0000] {dag.py:4180} INFO - Setting next_dagrun for weekly_segment to 2026-08-22 16:00:00+00:00, run_after=2026-08-29 16:00:00+00:00
[2026-08-23T01:15:12.310+0000] {processor.py:208} INFO - Processing /opt/airflow/dags/weekly_segment.py took 0.201 seconds
[2026-08-23T01:15:42.505+0000] {processor.py:186} INFO - Started process (PID=794) to work on /opt/airflow/dags/weekly_segment.py
[2026-08-23T01:15:42.506+0000] {processor.py:914} INFO - Processing file /opt/airflow/dags/weekly_segment.py for tasks to queue
[2026-08-23T01:15:42.508+0000] {logging_mixin.py:190} INFO - [2026-08-23T01:15:42.508+0000] {dagbag.py:588} INFO - Filling up the DagBag from /opt/airflow/dags/weekly_segment.py
[2026-08-23T01:15:42.611+0000] {processor.py:925} INFO - DAG(s) 'weekly_segment' retrieved from /opt/airflow/dags/weekly_segment.py
[2026-08-23T01:15:42.632+0000] {logging_mixin.py:190} INFO - [2026-08-23T01:15:42.632+0000] {dag.py:3239} INFO - Sync 1 DAGs
[2026-08-23T01:15:42.653+0000] {logging_mixin.py:190} INFO - [2026-08-23T01:15:42.652+0000] {dag.py:4180} INFO - Setting next_dagrun for weekly_segment to 2026-08-22 16:00:00+00:00, run_after=2026-08-29 16:00:00+00:00
[2026-08-23T01:15:42.670+0000] {processor.py:208} INFO - Processing /opt/airflow/dags/weekly_segment.py took 0.171 seconds
[2026-08-23T01:16:12.937+0000] {processor.py:186} INFO - Started process (PID=804) to work on /opt/airflow/dags/weekly_segment.py
[2026-08-23T01:16:12.938+0000] {processor.py:914} INFO - Processing file /opt/airflow/dags/weekly_segment.py for tasks to queue
[2026-08-23T01:16:12.941+0000] {logging_mixin.py:190} INFO - [2026-08-23T01:16:12.940+0000] {dagbag.py:588} INFO - Filling up the DagBag from /opt/airflow/dags/weekly_segment.py
[2026-08-23T01:16:13.029+0000] {processor.py:925} INFO - DAG(s) 'weekly_segment' retrieved from /opt/airflow/dags/weekly_segment.py
[2026-08-23T01:16:13.048+0000] {logging_mixin.py:190} INFO - [2026-08-23T01:16:13.047+0000] {dag.py:3239} INFO - Sync 1 DAGs
[2026-08-23T01:16:13.064+0000] {logging_mixin.py:190} INFO - [2026-08-23T01:16:13.064+0000] {dag.py:4180} INFO - Setting next_dagrun for weekly_segment to 2026-08-22 16:00:00+00:00, run_after=2026-08-29 16:00:00+00:00
[2026-08-23T01:16:13.082+0000] {processor.py:208} INFO - Processing /opt/airflow/dags/weekly_segment.py took 0.151 seconds
[2026-08-23T01:16:43.218+0000] {processor.py:186} INFO - Started process (PID=814) to work on /opt/airflow/dags/weekly_segment.py
[2026-08-23T01:16:43.219+0000] {processor.py:914} INFO - Processing file /opt/airflow/dags/weekly_segment.py for tasks to queue
[2026-08-23T01:16:43.221+0000] {logging_mixin.py:190} INFO - [2026-08-23T01:16:43.220+0000] {dagbag.py:588} INFO - Filling up the DagBag from /opt/airflow/dags/weekly_segment.py
[2026-08-23T01:16:43.329+0000] {processor.py:925} INFO - DAG(s) 'weekly_segment' retrieved from /opt/airflow/dags/weekly_segment.py
[2026-08-23T01:16:43.351+0000] {logging_mixin.py:190} INFO - [2026-08-23T01:16:43.351+0000] {dag.py:3239} INFO - Sync 1 DAGs
[2026-08-23T01:16:43.367+0000] {logging_mixin.py:190} INFO - [2026-08-23T01:16:43.367+0000] {dag.py:4180} INFO - Setting next_dagrun for weekly_segment to 2026-08-22 16:00:00+00:00, run_after=2026-08-29 16:00:00+00:00
[2026-08-23T01:16:43.380+0000] {processor.py:208} INFO - Processing /opt/airflow/dags/weekly_segment.py took 0.169 seconds
[2026-08-23T01:17:13.604+0000] {processor.py:186} INFO - Started process (PID=824) to work on /opt/airflow/dags/weekly_segment.py
[2026-08-23T01:17:13.605+0000] {processor.py:914} INFO - Processing file /opt/airflow/dags/weekly_segment.py for tasks to queue
[2026-08-23T01:17:13.607+0000] {logging_mixin.py:190} INFO - [2026-08-23T01:17:13.607+0000] {dagbag.py:588} INFO - Filling up the DagBag from /opt/airflow/dags/weekly_segment.py
[2026-08-23T01:17:13.715+0000] {processor.py:925} INFO - DAG(s) 'weekly_segment' retrieved from /opt/airflow/dags/weekly_segment.py
[2026-08-23T01:17:13.737+0000] {logging_mixin.py:190} INFO - [2026-08-23T01:17:13.737+0000] {dag.py:3239} INFO - Sync 1 DAGs
[2026-08-23T01:17:13.754+0000] {logging_mixin.py:190} INFO - [2026-08-23T01:17:13.754+0000] {dag.py:4180} INFO - Setting next_dagrun for weekly_segment to 2026-08-22 16:00:00+00:00, run_after=2026-08-29 16:00:00+00:00
[2026-08-23T01:17:13.766+0000] {processor.py:208} INFO - Processing /opt/airflow/dags/weekly_segment.py took 0.170 seconds
[2026-08-23T01:17:43.998+0000] {processor.py:186} INFO - Started process (PID=834) to work on /opt/airflow/dags/weekly_segment.py
[2026-08-23T01:17:43.999+0000] {processor.py:914} INFO - Processing file /opt/airflow/dags/weekly_segment.py for tasks to queue
[2026-08-23T01:17:44.001+0000] {logging_mixin.py:190} INFO - [2026-08-23T01:17:44.001+0000] {dagbag.py:588} INFO - Filling up the DagBag from /opt/airflow/dags/weekly_segment.py
[2026-08-23T01:17:44.093+0000] {processor.py:925} INFO - DAG(s) 'weekly_segment' retrieved from /opt/airflow/dags/weekly_segment.py
[2026-08-23T01:17:44.114+0000] {logging_mixin.py:190} INFO - [2026-08-23T01:17:44.114+0000] {dag.py:3239} INFO - Sync 1 DAGs
[2026-08-23T01:17:44.129+0000] {logging_mixin.py:190} INFO - [2026-08-23T01:17:44.129+0000] {dag.py:4180} INFO - Setting next_dagrun for weekly_segment to 2026-08-22 16:00:00+00:00, run_after=2026-08-29 16:00:00+00:00
[2026-08-23T01:17:44.141+0000] {processor.py:208} INFO - Processing /opt/airflow/dags/weekly_segment.py took 0.149 seconds
[2026-08-23T01:18:14.300+0000] {processor.py:186} INFO - Started process (PID=844) to work on /opt/airflow/dags/weekly_segment.py
[2026-08-23T01:18:14.301+0000] {processor.py:914} INFO - Processing file /opt/airflow/dags/weekly_segment.py for tasks to queue
[2026-08-23T01:18:14.303+0000] {logging_mixin.py:190} INFO - [2026-08-23T01:18:14.302+0000] {dagbag.py:588} INFO - Filling up the DagBag from /opt/airflow/dags/weekly_segment.py
[2026-08-23T01:18:14.391+0000] {processor.py:925} INFO - DAG(s) 'weekly_segment' retrieved from /opt/airflow/dags/weekly_segment.py
[2026-08-23T01:18:14.412+0000] {logging_mixin.py:190} INFO - [2026-08-23T01:18:14.412+0000] {dag.py:3239} INFO - Sync 1 DAGs
[2026-08-23T01:18:14.428+0000] {logging_mixin.py:190} INFO - [2026-08-23T01:18:14.428+0000] {dag.py:4180} INFO - Setting next_dagrun for weekly_segment to 2026-08-22 16:00:00+00:00, run_after=2026-08-29 16:00:00+00:00
[2026-08-23T01:18:14.443+0000] {processor.py:208} INFO - Processing /opt/airflow/dags/weekly_segment.py took 0.149 seconds
[2026-08-23T01:18:44.653+0000] {processor.py:186} INFO - Started process (PID=854) to work on /opt/airflow/dags/weekly_segment.py
[2026-08-23T01:18:44.655+0000] {processor.py:914} INFO - Processing file /opt/airflow/dags/weekly_segment.py for tasks to queue
[2026-08-23T01:18:44.657+0000] {logging_mixin.py:190} INFO - [2026-08-23T01:18:44.657+0000] {dagbag.py:588} INFO - Filling up the DagBag from /opt/airflow/dags/weekly_segment.py
[2026-08-23T01:18:44.752+0000] {processor.py:925} INFO - DAG(s) 'weekly_segment' retrieved from /opt/airflow/dags/weekly_segment.py
[2026-08-23T01:18:44.770+0000] {logging_mixin.py:190} INFO - [2026-08-23T01:18:44.770+0000] {dag.py:3239} INFO - Sync 1 DAGs
[2026-08-23T01:18:44.787+0000] {logging_mixin.py:190} INFO - [2026-08-23T01:18:44.787+0000] {dag.py:4180} INFO - Setting next_dagrun for weekly_segment to 2026-08-22 16:00:00+00:00, run_after=2026-08-29 16:00:00+00:00
[2026-08-23T01:18:44.805+0000] {processor.py:208} INFO - Processing /opt/airflow/dags/weekly_segment.py took 0.158 seconds
[2026-08-23T01:19:15.139+0000] {processor.py:186} INFO - Started process (PID=864) to work on /opt/airflow/dags/weekly_segment.py
[2026-08-23T01:19:15.140+0000] {processor.py:914} INFO - Processing file /opt/airflow/dags/weekly_segment.py for tasks to queue
[2026-08-23T01:19:15.142+0000] {logging_mixin.py:190} INFO - [2026-08-23T01:19:15.142+0000] {dagbag.py:588} INFO - Filling up the DagBag from /opt/airflow/dags/weekly_segment.py
[2026-08-23T01:19:15.235+0000] {processor.py:925} INFO - DAG(s) 'weekly_segment' retrieved from /opt/airflow/dags/weekly_segment.py
[2026-08-23T01:19:15.254+0000] {logging_mixin.py:190} INFO - [2026-08-23T01:19:15.254+0000] {dag.py:3239} INFO - Sync 1 DAGs
[2026-08-23T01:19:15.271+0000] {logging_mixin.py:190} INFO - [2026-08-23T01:19:15.271+0000] {dag.py:4180} INFO - Setting next_dagrun for weekly_segment to 2026-08-22 16:00:00+00:00, run_after=2026-08-29 16:00:00+00:00
[2026-08-23T01:19:15.284+0000] {processor.py:208} INFO - Processing /opt/airflow/dags/weekly_segment.py took 0.152 seconds
[2026-08-23T01:19:45.462+0000] {processor.py:186} INFO - Started process (PID=874) to work on /opt/airflow/dags/weekly_segment.py
[2026-08-23T01:19:45.463+0000] {processor.py:914} INFO - Processing file /opt/airflow/dags/weekly_segment.py for tasks to queue
[2026-08-23T01:19:45.465+0000] {logging_mixin.py:190} INFO - [2026-08-23T01:19:45.465+0000] {dagbag.py:588} INFO - Filling up the DagBag from /opt/airflow/dags/weekly_segment.py
[2026-08-23T01:19:45.557+0000] {processor.py:925} INFO - DAG(s) 'weekly_segment' retrieved from /opt/airflow/dags/weekly_segment.py
[2026-08-23T01:19:45.577+0000] {logging_mixin.py:190} INFO - [2026-08-23T01:19:45.577+0000] {dag.py:3239} INFO - Sync 1 DAGs
[2026-08-23T01:19:45.593+0000] {logging_mixin.py:190} INFO - [2026-08-23T01:19:45.592+0000] {dag.py:4180} INFO - Setting next_dagrun for weekly_segment to 2026-08-22 16:00:00+00:00, run_after=2026-08-29 16:00:00+00:00
[2026-08-23T01:19:45.605+0000] {processor.py:208} INFO - Processing /opt/airflow/dags/weekly_segment.py took 0.149 seconds
[2026-08-23T01:20:15.965+0000] {processor.py:186} INFO - Started process (PID=884) to work on /opt/airflow/dags/weekly_segment.py
[2026-08-23T01:20:15.966+0000] {processor.py:914} INFO - Processing file /opt/airflow/dags/weekly_segment.py for tasks to queue
[2026-08-23T01:20:15.968+0000] {logging_mixin.py:190} INFO - [2026-08-23T01:20:15.968+0000] {dagbag.py:588} INFO - Filling up the DagBag from /opt/airflow/dags/weekly_segment.py
[2026-08-23T01:20:16.058+0000] {processor.py:925} INFO - DAG(s) 'weekly_segment' retrieved from /opt/airflow/dags/weekly_segment.py
[2026-08-23T01:20:16.080+0000] {logging_mixin.py:190} INFO - [2026-08-23T01:20:16.080+0000] {dag.py:3239} INFO - Sync 1 DAGs
[2026-08-23T01:20:16.096+0000] {logging_mixin.py:190} INFO - [2026-08-23T01:20:16.095+0000] {dag.py:4180} INFO - Setting next_dagrun for weekly_segment to 2026-08-22 16:00:00+00:00, run_after=2026-08-29 16:00:00+00:00
[2026-08-23T01:20:16.111+0000] {processor.py:208} INFO - Processing /opt/airflow/dags/weekly_segment.py took 0.152 seconds
[2026-08-23T01:20:46.293+0000] {processor.py:186} INFO - Started process (PID=894) to work on /opt/airflow/dags/weekly_segment.py
[2026-08-23T01:20:46.294+0000] {processor.py:914} INFO - Processing file /opt/airflow/dags/weekly_segment.py for tasks to queue
[2026-08-23T01:20:46.296+0000] {logging_mixin.py:190} INFO - [2026-08-23T01:20:46.295+0000] {dagbag.py:588} INFO - Filling up the DagBag from /opt/airflow/dags/weekly_segment.py
[2026-08-23T01:20:46.386+0000] {processor.py:925} INFO - DAG(s) 'weekly_segment' retrieved from /opt/airflow/dags/weekly_segment.py
[2026-08-23T01:20:46.406+0000] {logging_mixin.py:190} INFO - [2026-08-23T01:20:46.406+0000] {dag.py:3239} INFO - Sync 1 DAGs
[2026-08-23T01:20:46.422+0000] {logging_mixin.py:190} INFO - [2026-08-23T01:20:46.421+0000] {dag.py:4180} INFO - Setting next_dagrun for weekly_segment to 2026-08-22 16:00:00+00:00, run_after=2026-08-29 16:00:00+00:00
[2026-08-23T01:20:46.434+0000] {processor.py:208} INFO - Processing /opt/airflow/dags/weekly_segment.py took 0.148 seconds
[2026-08-23T01:21:16.827+0000] {processor.py:186} INFO - Started process (PID=904) to work on /opt/airflow/dags/weekly_segment.py
[2026-08-23T01:21:16.828+0000] {processor.py:914} INFO - Processing file /opt/airflow/dags/weekly_segment.py for tasks to queue
[2026-08-23T01:21:16.829+0000] {logging_mixin.py:190} INFO - [2026-08-23T01:21:16.829+0000] {dagbag.py:588} INFO - Filling up the DagBag from /opt/airflow/dags/weekly_segment.py
[2026-08-23T01:21:16.918+0000] {processor.py:925} INFO - DAG(s) 'weekly_segment' retrieved from /opt/airflow/dags/weekly_segment.py
[2026-08-23T01:21:16.939+0000] {logging_mixin.py:190} INFO - [2026-08-23T01:21:16.939+0000] {dag.py:3239} INFO - Sync 1 DAGs
[2026-08-23T01:21:16.957+0000] {logging_mixin.py:190} INFO - [2026-08-23T01:21:16.956+0000] {dag.py:4180} INFO - Setting next_dagrun for weekly_segment to 2026-08-22 16:00:00+00:00, run_after=2026-08-29 16:00:00+00:00
[2026-08-23T01:21:16.974+0000] {processor.py:208} INFO - Processing /opt/airflow/dags/weekly_segment.py took 0.154 seconds
[2026-08-23T01:21:47.163+0000] {processor.py:186} INFO - Started process (PID=914) to work on /opt/airflow/dags/weekly_segment.py
[2026-08-23T01:21:47.164+0000] {processor.py:914} INFO - Processing file /opt/airflow/dags/weekly_segment.py for tasks to queue
[2026-08-23T01:21:47.166+0000] {logging_mixin.py:190} INFO - [2026-08-23T01:21:47.166+0000] {dagbag.py:588} INFO - Filling up the DagBag from /opt/airflow/dags/weekly_segment.py
[2026-08-23T01:21:47.254+0000] {processor.py:925} INFO - DAG(s) 'weekly_segment' retrieved from /opt/airflow/dags/weekly_segment.py
[2026-08-23T01:21:47.273+0000] {logging_mixin.py:190} INFO - [2026-08-23T01:21:47.273+0000] {dag.py:3239} INFO - Sync 1 DAGs
[2026-08-23T01:21:47.289+0000] {logging_mixin.py:190} INFO - [2026-08-23T01:21:47.289+0000] {dag.py:4180} INFO - Setting next_dagrun for weekly_segment to 2026-08-22 16:00:00+00:00, run_after=2026-08-29 16:00:00+00:00
[2026-08-23T01:21:47.305+0000] {processor.py:208} INFO - Processing /opt/airflow/dags/weekly_segment.py took 0.148 seconds
[2026-08-23T01:22:17.661+0000] {processor.py:186} INFO - Started process (PID=924) to work on /opt/airflow/dags/weekly_segment.py
[2026-08-23T01:22:17.662+0000] {processor.py:914} INFO - Processing file /opt/airflow/dags/weekly_segment.py for tasks to queue
[2026-08-23T01:22:17.663+0000] {logging_mixin.py:190} INFO - [2026-08-23T01:22:17.663+0000] {dagbag.py:588} INFO - Filling up the DagBag from /opt/airflow/dags/weekly_segment.py
[2026-08-23T01:22:17.755+0000] {processor.py:925} INFO - DAG(s) 'weekly_segment' retrieved from /opt/airflow/dags/weekly_segment.py
[2026-08-23T01:22:17.774+0000] {logging_mixin.py:190} INFO - [2026-08-23T01:22:17.774+0000] {dag.py:3239} INFO - Sync 1 DAGs
[2026-08-23T01:22:17.789+0000] {logging_mixin.py:190} INFO - [2026-08-23T01:22:17.789+0000] {dag.py:4180} INFO - Setting next_dagrun for weekly_segment to 2026-08-22 16:00:00+00:00, run_after=2026-08-29 16:00:00+00:00
[2026-08-23T01:22:17.802+0000] {processor.py:208} INFO - Processing /opt/airflow/dags/weekly_segment.py took 0.148 seconds
[2026-08-23T01:22:47.978+0000] {processor.py:186} INFO - Started process (PID=934) to work on /opt/airflow/dags/weekly_segment.py
[2026-08-23T01:22:47.980+0000] {processor.py:914} INFO - Processing file /opt/airflow/dags/weekly_segment.py for tasks to queue
[2026-08-23T01:22:47.982+0000] {logging_mixin.py:190} INFO - [2026-08-23T01:22:47.981+0000] {dagbag.py:588} INFO - Filling up the DagBag from /opt/airflow/dags/weekly_segment.py
[2026-08-23T01:22:48.081+0000] {processor.py:925} INFO - DAG(s) 'weekly_segment' retrieved from /opt/airflow/dags/weekly_segment.py
[2026-08-23T01:22:48.101+0000] {logging_mixin.py:190} INFO - [2026-08-23T01:22:48.100+0000] {dag.py:3239} INFO - Sync 1 DAGs
[2026-08-23T01:22:48.117+0000] {logging_mixin.py:190} INFO - [2026-08-23T01:22:48.117+0000] {dag.py:4180} INFO - Setting next_dagrun for weekly_segment to 2026-08-22 16:00:00+00:00, run_after=2026-08-29 16:00:00+00:00
[2026-08-23T01:22:48.133+0000] {processor.py:208} INFO - Processing /opt/airflow/dags/weekly_segment.py took 0.162 seconds
[2026-08-23T01:23:18.336+0000] {processor.py:186} INFO - Started process (PID=944) to work on /opt/airflow/dags/weekly_segment.py
[2026-08-23T01:23:18.337+0000] {processor.py:914} INFO - Processing file /opt/airflow/dags/weekly_segment.py for tasks to queue
[2026-08-23T01:23:18.339+0000] {logging_mixin.py:190} INFO - [2026-08-23T01:23:18.338+0000] {dagbag.py:588} INFO - Filling up the DagBag from /opt/airflow/dags/weekly_segment.py
[2026-08-23T01:23:18.439+0000] {processor.py:925} INFO - DAG(s) 'weekly_segment' retrieved from /opt/airflow/dags/weekly_segment.py
[2026-08-23T01:23:18.459+0000] {logging_mixin.py:190} INFO - [2026-08-23T01:23:18.459+0000] {dag.py:3239} INFO - Sync 1 DAGs
[2026-08-23T01:23:18.475+0000] {logging_mixin.py:190} INFO - [2026-08-23T01:23:18.475+0000] {dag.py:4180} INFO - Setting next_dagrun for weekly_segment to 2026-08-22 16:00:00+00:00, run_after=2026-08-29 16:00:00+00:00
[2026-08-23T01:23:18.487+0000] {processor.py:208} INFO - Processing /opt/airflow/dags/weekly_segment.py took 0.157 seconds
[2026-08-23T01:23:48.736+0000] {processor.py:186} INFO - Started process (PID=954) to work on /opt/airflow/dags/weekly_segment.py
[2026-08-23T01:23:48.737+0000] {processor.py:914} INFO - Processing file /opt/airflow/dags/weekly_segment.py for tasks to queue
[2026-08-23T01:23:48.739+0000] {logging_mixin.py:190} INFO - [2026-08-23T01:23:48.738+0000] {dagbag.py:588} INFO - Filling up the DagBag from /opt/airflow/dags/weekly_segment.py
[2026-08-23T01:23:48.833+0000] {processor.py:925} INFO - DAG(s) 'weekly_segment' retrieved from /opt/airflow/dags/weekly_segment.py
[2026-08-23T01:23:48.854+0000] {logging_mixin.py:190} INFO - [2026-08-23T01:23:48.854+0000] {dag.py:3239} INFO - Sync 1 DAGs
[2026-08-23T01:23:48.871+0000] {logging_mixin.py:190} INFO - [2026-08-23T01:23:48.870+0000] {dag.py:4180} INFO - Setting next_dagrun for weekly_segment to 2026-08-22 16:00:00+00:00, run_after=2026-08-29 16:00:00+00:00
[2026-08-23T01:23:48.889+0000] {processor.py:208} INFO - Processing /opt/airflow/dags/weekly_segment.py took 0.159 seconds
[2026-08-23T01:24:19.222+0000] {processor.py:186} INFO - Started process (PID=964) to work on /opt/airflow/dags/weekly_segment.py
[2026-08-23T01:24:19.223+0000] {processor.py:914} INFO - Processing file /opt/airflow/dags/weekly_segment.py for tasks to queue
[2026-08-23T01:24:19.225+0000] {logging_mixin.py:190} INFO - [2026-08-23T01:24:19.225+0000] {dagbag.py:588} INFO - Filling up the DagBag from /opt/airflow/dags/weekly_segment.py
[2026-08-23T01:24:19.312+0000] {processor.py:925} INFO - DAG(s) 'weekly_segment' retrieved from /opt/airflow/dags/weekly_segment.py
[2026-08-23T01:24:19.333+0000] {logging_mixin.py:190} INFO - [2026-08-23T01:24:19.333+0000] {dag.py:3239} INFO - Sync 1 DAGs
[2026-08-23T01:24:19.349+0000] {logging_mixin.py:190} INFO - [2026-08-23T01:24:19.349+0000] {dag.py:4180} INFO - Setting next_dagrun for weekly_segment to 2026-08-22 16:00:00+00:00, run_after=2026-08-29 16:00:00+00:00
[2026-08-23T01:24:19.366+0000] {processor.py:208} INFO - Processing /opt/airflow/dags/weekly_segment.py took 0.151 seconds
[2026-08-23T01:24:49.604+0000] {processor.py:186} INFO - Started process (PID=974) to work on /opt/airflow/dags/weekly_segment.py
[2026-08-23T01:24:49.605+0000] {processor.py:914} INFO - Processing file /opt/airflow/dags/weekly_segment.py for tasks to queue
[2026-08-23T01:24:49.607+0000] {logging_mixin.py:190} INFO - [2026-08-23T01:24:49.607+0000] {dagbag.py:588} INFO - Filling up the DagBag from /opt/airflow/dags/weekly_segment.py
[2026-08-23T01:24:49.700+0000] {processor.py:925} INFO - DAG(s) 'weekly_segment' retrieved from /opt/airflow/dags/weekly_segment.py
[2026-08-23T01:24:49.720+0000] {logging_mixin.py:190} INFO - [2026-08-23T01:24:49.720+0000] {dag.py:3239} INFO - Sync 1 DAGs
[2026-08-23T01:24:49.737+0000] {logging_mixin.py:190} INFO - [2026-08-23T01:24:49.737+0000] {dag.py:4180} INFO - Setting next_dagrun for weekly_segment to 2026-08-22 16:00:00+00:00, run_after=2026-08-29 16:00:00+00:00
[2026-08-23T01:24:49.756+0000] {processor.py:208} INFO - Processing /opt/airflow/dags/weekly_segment.py took 0.158 seconds
[2026-08-23T01:25:19.938+0000] {processor.py:186} INFO - Started process (PID=984) to work on /opt/airflow/dags/weekly_segment.py
[2026-08-23T01:25:19.939+0000] {processor.py:914} INFO - Processing file /opt/airflow/dags/weekly_segment.py for tasks to queue
[2026-08-23T01:25:19.941+0000] {logging_mixin.py:190} INFO - [2026-08-23T01:25:19.941+0000] {dagbag.py:588} INFO - Filling up the DagBag from /opt/airflow/dags/weekly_segment.py
[2026-08-23T01:25:20.087+0000] {processor.py:925} INFO - DAG(s) 'weekly_segment' retrieved from /opt/airflow/dags/weekly_segment.py
[2026-08-23T01:25:20.108+0000] {logging_mixin.py:190} INFO - [2026-08-23T01:25:20.108+0000] {dag.py:3239} INFO - Sync 1 DAGs
[2026-08-23T01:25:20.124+0000] {logging_mixin.py:190} INFO - [2026-08-23T01:25:20.124+0000] {dag.py:4180} INFO - Setting next_dagrun for weekly_segment to 2026-08-22 16:00:00+00:00, run_after=2026-08-29 16:00:00+00:00
[2026-08-23T01:25:20.138+0000] {processor.py:208} INFO - Processing /opt/airflow/dags/weekly_segment.py took 0.206 seconds
[2026-08-23T01:25:50.290+0000] {processor.py:186} INFO - Started process (PID=994) to work on /opt/airflow/dags/weekly_segment.py
[2026-08-23T01:25:50.292+0000] {processor.py:914} INFO - Processing file /opt/airflow/dags/weekly_segment.py for tasks to queue
[2026-08-23T01:25:50.294+0000] {logging_mixin.py:190} INFO - [2026-08-23T01:25:50.294+0000] {dagbag.py:588} INFO - Filling up the DagBag from /opt/airflow/dags/weekly_segment.py
[2026-08-23T01:25:50.406+0000] {processor.py:925} INFO - DAG(s) 'weekly_segment' retrieved from /opt/airflow/dags/weekly_segment.py
[2026-08-23T01:25:50.426+0000] {logging_mixin.py:190} INFO - [2026-08-23T01:25:50.426+0000] {dag.py:3239} INFO - Sync 1 DAGs
[2026-08-23T01:25:50.443+0000] {logging_mixin.py:190} INFO - [2026-08-23T01:25:50.443+0000] {dag.py:4180} INFO - Setting next_dagrun for weekly_segment to 2026-08-22 16:00:00+00:00, run_after=2026-08-29 16:00:00+00:00
[2026-08-23T01:25:50.458+0000] {processor.py:208} INFO - Processing /opt/airflow/dags/weekly_segment.py took 0.175 seconds
[2026-08-23T01:26:20.731+0000] {processor.py:186} INFO - Started process (PID=1004) to work on /opt/airflow/dags/weekly_segment.py
[2026-08-23T01:26:20.732+0000] {processor.py:914} INFO - Processing file /opt/airflow/dags/weekly_segment.py for tasks to queue
[2026-08-23T01:26:20.734+0000] {logging_mixin.py:190} INFO - [2026-08-23T01:26:20.733+0000] {dagbag.py:588} INFO - Filling up the DagBag from /opt/airflow/dags/weekly_segment.py
[2026-08-23T01:26:20.826+0000] {processor.py:925} INFO - DAG(s) 'weekly_segment' retrieved from /opt/airflow/dags/weekly_segment.py
[2026-08-23T01:26:20.844+0000] {logging_mixin.py:190} INFO - [2026-08-23T01:26:20.844+0000] {dag.py:3239} INFO - Sync 1 DAGs
[2026-08-23T01:26:20.859+0000] {logging_mixin.py:190} INFO - [2026-08-23T01:26:20.859+0000] {dag.py:4180} INFO - Setting next_dagrun for weekly_segment to 2026-08-22 16:00:00+00:00, run_after=2026-08-29 16:00:00+00:00
[2026-08-23T01:26:20.876+0000] {processor.py:208} INFO - Processing /opt/airflow/dags/weekly_segment.py took 0.151 seconds
[2026-08-23T01:26:51.063+0000] {processor.py:186} INFO - Started process (PID=1014) to work on /opt/airflow/dags/weekly_segment.py
[2026-08-23T01:26:51.064+0000] {processor.py:914} INFO - Processing file /opt/airflow/dags/weekly_segment.py for tasks to queue
[2026-08-23T01:26:51.066+0000] {logging_mixin.py:190} INFO - [2026-08-23T01:26:51.065+0000] {dagbag.py:588} INFO - Filling up the DagBag from /opt/airflow/dags/weekly_segment.py
[2026-08-23T01:26:51.162+0000] {processor.py:925} INFO - DAG(s) 'weekly_segment' retrieved from /opt/airflow/dags/weekly_segment.py
[2026-08-23T01:26:51.182+0000] {logging_mixin.py:190} INFO - [2026-08-23T01:26:51.182+0000] {dag.py:3239} INFO - Sync 1 DAGs
[2026-08-23T01:26:51.199+0000] {logging_mixin.py:190} INFO - [2026-08-23T01:26:51.199+0000] {dag.py:4180} INFO - Setting next_dagrun for weekly_segment to 2026-08-22 16:00:00+00:00, run_after=2026-08-29 16:00:00+00:00
[2026-08-23T01:26:51.212+0000] {processor.py:208} INFO - Processing /opt/airflow/dags/weekly_segment.py took 0.155 seconds
[2026-08-23T01:27:21.381+0000] {processor.py:186} INFO - Started process (PID=1024) to work on /opt/airflow/dags/weekly_segment.py
[2026-08-23T01:27:21.381+0000] {processor.py:914} INFO - Processing file /opt/airflow/dags/weekly_segment.py for tasks to queue
[2026-08-23T01:27:21.383+0000] {logging_mixin.py:190} INFO - [2026-08-23T01:27:21.383+0000] {dagbag.py:588} INFO - Filling up the DagBag from /opt/airflow/dags/weekly_segment.py
[2026-08-23T01:27:21.480+0000] {processor.py:925} INFO - DAG(s) 'weekly_segment' retrieved from /opt/airflow/dags/weekly_segment.py
[2026-08-23T01:27:21.501+0000] {logging_mixin.py:190} INFO - [2026-08-23T01:27:21.500+0000] {dag.py:3239} INFO - Sync 1 DAGs
[2026-08-23T01:27:21.518+0000] {logging_mixin.py:190} INFO - [2026-08-23T01:27:21.518+0000] {dag.py:4180} INFO - Setting next_dagrun for weekly_segment to 2026-08-22 16:00:00+00:00, run_after=2026-08-29 16:00:00+00:00
[2026-08-23T01:27:21.533+0000] {processor.py:208} INFO - Processing /opt/airflow/dags/weekly_segment.py took 0.158 seconds
[2026-08-23T01:27:51.653+0000] {processor.py:186} INFO - Started process (PID=1034) to work on /opt/airflow/dags/weekly_segment.py
[2026-08-23T01:27:51.655+0000] {processor.py:914} INFO - Processing file /opt/airflow/dags/weekly_segment.py for tasks to queue
[2026-08-23T01:27:51.658+0000] {logging_mixin.py:190} INFO - [2026-08-23T01:27:51.657+0000] {dagbag.py:588} INFO - Filling up the DagBag from /opt/airflow/dags/weekly_segment.py
[2026-08-23T01:27:51.778+0000] {processor.py:925} INFO - DAG(s) 'weekly_segment' retrieved from /opt/airflow/dags/weekly_segment.py
[2026-08-23T01:27:51.802+0000] {logging_mixin.py:190} INFO - [2026-08-23T01:27:51.801+0000] {dag.py:3239} INFO - Sync 1 DAGs
[2026-08-23T01:27:51.821+0000] {logging_mixin.py:190} INFO - [2026-08-23T01:27:51.821+0000] {dag.py:4180} INFO - Setting next_dagrun for weekly_segment to 2026-08-22 16:00:00+00:00, run_after=2026-08-29 16:00:00+00:00
[2026-08-23T01:27:51.836+0000] {processor.py:208} INFO - Processing /opt/airflow/dags/weekly_segment.py took 0.192 seconds
[2026-08-23T01:28:21.901+0000] {processor.py:186} INFO - Started process (PID=1044) to work on /opt/airflow/dags/weekly_segment.py
[2026-08-23T01:28:21.902+0000] {processor.py:914} INFO - Processing file /opt/airflow/dags/weekly_segment.py for tasks to queue
[2026-08-23T01:28:21.904+0000] {logging_mixin.py:190} INFO - [2026-08-23T01:28:21.904+0000] {dagbag.py:588} INFO - Filling up the DagBag from /opt/airflow/dags/weekly_segment.py
[2026-08-23T01:28:22.013+0000] {processor.py:925} INFO - DAG(s) 'weekly_segment' retrieved from /opt/airflow/dags/weekly_segment.py
[2026-08-23T01:28:22.033+0000] {logging_mixin.py:190} INFO - [2026-08-23T01:28:22.033+0000] {dag.py:3239} INFO - Sync 1 DAGs
[2026-08-23T01:28:22.049+0000] {logging_mixin.py:190} INFO - [2026-08-23T01:28:22.049+0000] {dag.py:4180} INFO - Setting next_dagrun for weekly_segment to 2026-08-22 16:00:00+00:00, run_after=2026-08-29 16:00:00+00:00
[2026-08-23T01:28:22.067+0000] {processor.py:208} INFO - Processing /opt/airflow/dags/weekly_segment.py took 0.172 seconds
[2026-08-23T01:28:52.246+0000] {processor.py:186} INFO - Started process (PID=1054) to work on /opt/airflow/dags/weekly_segment.py
[2026-08-23T01:28:52.247+0000] {processor.py:914} INFO - Processing file /opt/airflow/dags/weekly_segment.py for tasks to queue
[2026-08-23T01:28:52.249+0000] {logging_mixin.py:190} INFO - [2026-08-23T01:28:52.249+0000] {dagbag.py:588} INFO - Filling up the DagBag from /opt/airflow/dags/weekly_segment.py
[2026-08-23T01:28:52.349+0000] {processor.py:925} INFO - DAG(s) 'weekly_segment' retrieved from /opt/airflow/dags/weekly_segment.py
[2026-08-23T01:28:52.368+0000] {logging_mixin.py:190} INFO - [2026-08-23T01:28:52.367+0000] {dag.py:3239} INFO - Sync 1 DAGs
[2026-08-23T01:28:52.384+0000] {logging_mixin.py:190} INFO - [2026-08-23T01:28:52.383+0000] {dag.py:4180} INFO - Setting next_dagrun for weekly_segment to 2026-08-22 16:00:00+00:00, run_after=2026-08-29 16:00:00+00:00
[2026-08-23T01:28:52.401+0000] {processor.py:208} INFO - Processing /opt/airflow/dags/weekly_segment.py took 0.160 seconds
[2026-08-23T01:29:22.578+0000] {processor.py:186} INFO - Started process (PID=1064) to work on /opt/airflow/dags/weekly_segment.py
[2026-08-23T01:29:22.579+0000] {processor.py:914} INFO - Processing file /opt/airflow/dags/weekly_segment.py for tasks to queue
[2026-08-23T01:29:22.581+0000] {logging_mixin.py:190} INFO - [2026-08-23T01:29:22.581+0000] {dagbag.py:588} INFO - Filling up the DagBag from /opt/airflow/dags/weekly_segment.py
[2026-08-23T01:29:22.693+0000] {processor.py:925} INFO - DAG(s) 'weekly_segment' retrieved from /opt/airflow/dags/weekly_segment.py
[2026-08-23T01:29:22.716+0000] {logging_mixin.py:190} INFO - [2026-08-23T01:29:22.716+0000] {dag.py:3239} INFO - Sync 1 DAGs
[2026-08-23T01:29:22.737+0000] {logging_mixin.py:190} INFO - [2026-08-23T01:29:22.737+0000] {dag.py:4180} INFO - Setting next_dagrun for weekly_segment to 2026-08-22 16:00:00+00:00, run_after=2026-08-29 16:00:00+00:00
[2026-08-23T01:29:22.755+0000] {processor.py:208} INFO - Processing /opt/airflow/dags/weekly_segment.py took 0.184 seconds
[2026-08-23T01:29:52.845+0000] {processor.py:186} INFO - Started process (PID=1074) to work on /opt/airflow/dags/weekly_segment.py
[2026-08-23T01:29:52.846+0000] {processor.py:914} INFO - Processing file /opt/airflow/dags/weekly_segment.py for tasks to queue
[2026-08-23T01:29:52.848+0000] {logging_mixin.py:190} INFO - [2026-08-23T01:29:52.848+0000] {dagbag.py:588} INFO - Filling up the DagBag from /opt/airflow/dags/weekly_segment.py
[2026-08-23T01:29:52.946+0000] {processor.py:925} INFO - DAG(s) 'weekly_segment' retrieved from /opt/airflow/dags/weekly_segment.py
[2026-08-23T01:29:52.966+0000] {logging_mixin.py:190} INFO - [2026-08-23T01:29:52.966+0000] {dag.py:3239} INFO - Sync 1 DAGs
[2026-08-23T01:29:52.984+0000] {logging_mixin.py:190} INFO - [2026-08-23T01:29:52.984+0000] {dag.py:4180} INFO - Setting next_dagrun for weekly_segment to 2026-08-22 16:00:00+00:00, run_after=2026-08-29 16:00:00+00:00
[2026-08-23T01:29:52.997+0000] {processor.py:208} INFO - Processing /opt/airflow/dags/weekly_segment.py took 0.158 seconds
[2026-08-23T01:30:23.112+0000] {processor.py:186} INFO - Started process (PID=1084) to work on /opt/airflow/dags/weekly_segment.py
[2026-08-23T01:30:23.113+0000] {processor.py:914} INFO - Processing file /opt/airflow/dags/weekly_segment.py for tasks to queue
[2026-08-23T01:30:23.115+0000] {logging_mixin.py:190} INFO - [2026-08-23T01:30:23.115+0000] {dagbag.py:588} INFO - Filling up the DagBag from /opt/airflow/dags/weekly_segment.py
[2026-08-23T01:30:23.218+0000] {processor.py:925} INFO - DAG(s) 'weekly_segment' retrieved from /opt/airflow/dags/weekly_segment.py
[2026-08-23T01:30:23.239+0000] {logging_mixin.py:190} INFO - [2026-08-23T01:30:23.239+0000] {dag.py:3239} INFO - Sync 1 DAGs
[2026-08-23T01:30:23.257+0000] {logging_mixin.py:190} INFO - [2026-08-23T01:30:23.257+0000] {dag.py:4180} INFO - Setting next_dagrun for weekly_segment to 2026-08-22 16:00:00+00:00, run_after=2026-08-29 16:00:00+00:00
[2026-08-23T01:30:23.270+0000] {processor.py:208} INFO - Processing /opt/airflow/dags/weekly_segment.py took 0.164 seconds
[2026-08-23T01:30:53.380+0000] {processor.py:186} INFO - Started process (PID=1094) to work on /opt/airflow/dags/weekly_segment.py
[2026-08-23T01:30:53.381+0000] {processor.py:914} INFO - Processing file /opt/airflow/dags/weekly_segment.py for tasks to queue
[2026-08-23T01:30:53.384+0000] {logging_mixin.py:190} INFO - [2026-08-23T01:30:53.383+0000] {dagbag.py:588} INFO - Filling up the DagBag from /opt/airflow/dags/weekly_segment.py
[2026-08-23T01:30:53.531+0000] {processor.py:925} INFO - DAG(s) 'weekly_segment' retrieved from /opt/airflow/dags/weekly_segment.py
[2026-08-23T01:30:53.553+0000] {logging_mixin.py:190} INFO - [2026-08-23T01:30:53.553+0000] {dag.py:3239} INFO - Sync 1 DAGs
[2026-08-23T01:30:53.570+0000] {logging_mixin.py:190} INFO - [2026-08-23T01:30:53.570+0000] {dag.py:4180} INFO - Setting next_dagrun for weekly_segment to 2026-08-22 16:00:00+00:00, run_after=2026-08-29 16:00:00+00:00
[2026-08-23T01:30:53.585+0000] {processor.py:208} INFO - Processing /opt/airflow/dags/weekly_segment.py took 0.212 seconds
[2026-08-23T01:31:23.712+0000] {processor.py:186} INFO - Started process (PID=1104) to work on /opt/airflow/dags/weekly_segment.py
[2026-08-23T01:31:23.714+0000] {processor.py:914} INFO - Processing file /opt/airflow/dags/weekly_segment.py for tasks to queue
[2026-08-23T01:31:23.716+0000] {logging_mixin.py:190} INFO - [2026-08-23T01:31:23.715+0000] {dagbag.py:588} INFO - Filling up the DagBag from /opt/airflow/dags/weekly_segment.py
[2026-08-23T01:31:23.937+0000] {processor.py:925} INFO - DAG(s) 'weekly_segment' retrieved from /opt/airflow/dags/weekly_segment.py
[2026-08-23T01:31:23.958+0000] {logging_mixin.py:190} INFO - [2026-08-23T01:31:23.958+0000] {dag.py:3239} INFO - Sync 1 DAGs
[2026-08-23T01:31:23.974+0000] {logging_mixin.py:190} INFO - [2026-08-23T01:31:23.974+0000] {dag.py:4180} INFO - Setting next_dagrun for weekly_segment to 2026-08-22 16:00:00+00:00, run_after=2026-08-29 16:00:00+00:00
[2026-08-23T01:31:23.990+0000] {processor.py:208} INFO - Processing /opt/airflow/dags/weekly_segment.py took 0.290 seconds
[2026-08-23T01:31:54.167+0000] {processor.py:186} INFO - Started process (PID=1114) to work on /opt/airflow/dags/weekly_segment.py
[2026-08-23T01:31:54.168+0000] {processor.py:914} INFO - Processing file /opt/airflow/dags/weekly_segment.py for tasks to queue
[2026-08-23T01:31:54.171+0000] {logging_mixin.py:190} INFO - [2026-08-23T01:31:54.171+0000] {dagbag.py:588} INFO - Filling up the DagBag from /opt/airflow/dags/weekly_segment.py
[2026-08-23T01:31:54.348+0000] {processor.py:925} INFO - DAG(s) 'weekly_segment' retrieved from /opt/airflow/dags/weekly_segment.py
[2026-08-23T01:31:54.372+0000] {logging_mixin.py:190} INFO - [2026-08-23T01:31:54.371+0000] {dag.py:3239} INFO - Sync 1 DAGs
[2026-08-23T01:31:54.390+0000] {logging_mixin.py:190} INFO - [2026-08-23T01:31:54.389+0000] {dag.py:4180} INFO - Setting next_dagrun for weekly_segment to 2026-08-22 16:00:00+00:00, run_after=2026-08-29 16:00:00+00:00
[2026-08-23T01:31:54.406+0000] {processor.py:208} INFO - Processing /opt/airflow/dags/weekly_segment.py took 0.245 seconds
[2026-08-23T01:32:24.658+0000] {processor.py:186} INFO - Started process (PID=1124) to work on /opt/airflow/dags/weekly_segment.py
[2026-08-23T01:32:24.661+0000] {processor.py:914} INFO - Processing file /opt/airflow/dags/weekly_segment.py for tasks to queue
[2026-08-23T01:32:24.664+0000] {logging_mixin.py:190} INFO - [2026-08-23T01:32:24.664+0000] {dagbag.py:588} INFO - Filling up the DagBag from /opt/airflow/dags/weekly_segment.py
[2026-08-23T01:32:24.772+0000] {processor.py:925} INFO - DAG(s) 'weekly_segment' retrieved from /opt/airflow/dags/weekly_segment.py
[2026-08-23T01:32:24.794+0000] {logging_mixin.py:190} INFO - [2026-08-23T01:32:24.794+0000] {dag.py:3239} INFO - Sync 1 DAGs
[2026-08-23T01:32:24.813+0000] {logging_mixin.py:190} INFO - [2026-08-23T01:32:24.813+0000] {dag.py:4180} INFO - Setting next_dagrun for weekly_segment to 2026-08-22 16:00:00+00:00, run_after=2026-08-29 16:00:00+00:00
[2026-08-23T01:32:24.870+0000] {processor.py:208} INFO - Processing /opt/airflow/dags/weekly_segment.py took 0.219 seconds
[2026-08-23T01:32:55.134+0000] {processor.py:186} INFO - Started process (PID=1134) to work on /opt/airflow/dags/weekly_segment.py
[2026-08-23T01:32:55.135+0000] {processor.py:914} INFO - Processing file /opt/airflow/dags/weekly_segment.py for tasks to queue
[2026-08-23T01:32:55.138+0000] {logging_mixin.py:190} INFO - [2026-08-23T01:32:55.137+0000] {dagbag.py:588} INFO - Filling up the DagBag from /opt/airflow/dags/weekly_segment.py
[2026-08-23T01:32:55.239+0000] {processor.py:925} INFO - DAG(s) 'weekly_segment' retrieved from /opt/airflow/dags/weekly_segment.py
[2026-08-23T01:32:55.259+0000] {logging_mixin.py:190} INFO - [2026-08-23T01:32:55.259+0000] {dag.py:3239} INFO - Sync 1 DAGs
[2026-08-23T01:32:55.275+0000] {logging_mixin.py:190} INFO - [2026-08-23T01:32:55.275+0000] {dag.py:4180} INFO - Setting next_dagrun for weekly_segment to 2026-08-22 16:00:00+00:00, run_after=2026-08-29 16:00:00+00:00
[2026-08-23T01:32:55.292+0000] {processor.py:208} INFO - Processing /opt/airflow/dags/weekly_segment.py took 0.165 seconds
[2026-08-23T01:33:25.398+0000] {processor.py:186} INFO - Started process (PID=1144) to work on /opt/airflow/dags/weekly_segment.py
[2026-08-23T01:33:25.399+0000] {processor.py:914} INFO - Processing file /opt/airflow/dags/weekly_segment.py for tasks to queue
[2026-08-23T01:33:25.402+0000] {logging_mixin.py:190} INFO - [2026-08-23T01:33:25.401+0000] {dagbag.py:588} INFO - Filling up the DagBag from /opt/airflow/dags/weekly_segment.py
[2026-08-23T01:33:25.495+0000] {processor.py:925} INFO - DAG(s) 'weekly_segment' retrieved from /opt/airflow/dags/weekly_segment.py
[2026-08-23T01:33:25.518+0000] {logging_mixin.py:190} INFO - [2026-08-23T01:33:25.518+0000] {dag.py:3239} INFO - Sync 1 DAGs
[2026-08-23T01:33:25.536+0000] {logging_mixin.py:190} INFO - [2026-08-23T01:33:25.535+0000] {dag.py:4180} INFO - Setting next_dagrun for weekly_segment to 2026-08-22 16:00:00+00:00, run_after=2026-08-29 16:00:00+00:00
[2026-08-23T01:33:25.555+0000] {processor.py:208} INFO - Processing /opt/airflow/dags/weekly_segment.py took 0.163 seconds
[2026-08-23T01:33:55.695+0000] {processor.py:186} INFO - Started process (PID=1154) to work on /opt/airflow/dags/weekly_segment.py
[2026-08-23T01:33:55.696+0000] {processor.py:914} INFO - Processing file /opt/airflow/dags/weekly_segment.py for tasks to queue
[2026-08-23T01:33:55.699+0000] {logging_mixin.py:190} INFO - [2026-08-23T01:33:55.698+0000] {dagbag.py:588} INFO - Filling up the DagBag from /opt/airflow/dags/weekly_segment.py
[2026-08-23T01:33:55.826+0000] {processor.py:925} INFO - DAG(s) 'weekly_segment' retrieved from /opt/airflow/dags/weekly_segment.py
[2026-08-23T01:33:55.846+0000] {logging_mixin.py:190} INFO - [2026-08-23T01:33:55.846+0000] {dag.py:3239} INFO - Sync 1 DAGs
[2026-08-23T01:33:55.864+0000] {logging_mixin.py:190} INFO - [2026-08-23T01:33:55.864+0000] {dag.py:4180} INFO - Setting next_dagrun for weekly_segment to 2026-08-22 16:00:00+00:00, run_after=2026-08-29 16:00:00+00:00
[2026-08-23T01:33:55.879+0000] {processor.py:208} INFO - Processing /opt/airflow/dags/weekly_segment.py took 0.195 seconds
[2026-08-23T01:34:26.019+0000] {processor.py:186} INFO - Started process (PID=1164) to work on /opt/airflow/dags/weekly_segment.py
[2026-08-23T01:34:26.020+0000] {processor.py:914} INFO - Processing file /opt/airflow/dags/weekly_segment.py for tasks to queue
[2026-08-23T01:34:26.022+0000] {logging_mixin.py:190} INFO - [2026-08-23T01:34:26.022+0000] {dagbag.py:588} INFO - Filling up the DagBag from /opt/airflow/dags/weekly_segment.py
[2026-08-23T01:34:26.118+0000] {processor.py:925} INFO - DAG(s) 'weekly_segment' retrieved from /opt/airflow/dags/weekly_segment.py
[2026-08-23T01:34:26.138+0000] {logging_mixin.py:190} INFO - [2026-08-23T01:34:26.137+0000] {dag.py:3239} INFO - Sync 1 DAGs
[2026-08-23T01:34:26.153+0000] {logging_mixin.py:190} INFO - [2026-08-23T01:34:26.153+0000] {dag.py:4180} INFO - Setting next_dagrun for weekly_segment to 2026-08-22 16:00:00+00:00, run_after=2026-08-29 16:00:00+00:00
[2026-08-23T01:34:26.166+0000] {processor.py:208} INFO - Processing /opt/airflow/dags/weekly_segment.py took 0.152 seconds
[2026-08-23T01:34:56.392+0000] {processor.py:186} INFO - Started process (PID=1174) to work on /opt/airflow/dags/weekly_segment.py
[2026-08-23T01:34:56.393+0000] {processor.py:914} INFO - Processing file /opt/airflow/dags/weekly_segment.py for tasks to queue
[2026-08-23T01:34:56.395+0000] {logging_mixin.py:190} INFO - [2026-08-23T01:34:56.395+0000] {dagbag.py:588} INFO - Filling up the DagBag from /opt/airflow/dags/weekly_segment.py
[2026-08-23T01:34:56.504+0000] {processor.py:925} INFO - DAG(s) 'weekly_segment' retrieved from /opt/airflow/dags/weekly_segment.py
[2026-08-23T01:34:56.525+0000] {logging_mixin.py:190} INFO - [2026-08-23T01:34:56.525+0000] {dag.py:3239} INFO - Sync 1 DAGs
[2026-08-23T01:34:56.541+0000] {logging_mixin.py:190} INFO - [2026-08-23T01:34:56.541+0000] {dag.py:4180} INFO - Setting next_dagrun for weekly_segment to 2026-08-22 16:00:00+00:00, run_after=2026-08-29 16:00:00+00:00
[2026-08-23T01:34:56.556+0000] {processor.py:208} INFO - Processing /opt/airflow/dags/weekly_segment.py took 0.172 seconds
[2026-08-23T01:35:26.637+0000] {processor.py:186} INFO - Started process (PID=1184) to work on /opt/airflow/dags/weekly_segment.py
[2026-08-23T01:35:26.638+0000] {processor.py:914} INFO - Processing file /opt/airflow/dags/weekly_segment.py for tasks to queue
[2026-08-23T01:35:26.641+0000] {logging_mixin.py:190} INFO - [2026-08-23T01:35:26.640+0000] {dagbag.py:588} INFO - Filling up the DagBag from /opt/airflow/dags/weekly_segment.py
[2026-08-23T01:35:26.829+0000] {processor.py:925} INFO - DAG(s) 'weekly_segment' retrieved from /opt/airflow/dags/weekly_segment.py
[2026-08-23T01:35:26.850+0000] {logging_mixin.py:190} INFO - [2026-08-23T01:35:26.850+0000] {dag.py:3239} INFO - Sync 1 DAGs
[2026-08-23T01:35:26.868+0000] {logging_mixin.py:190} INFO - [2026-08-23T01:35:26.868+0000] {dag.py:4180} INFO - Setting next_dagrun for weekly_segment to 2026-08-22 16:00:00+00:00, run_after=2026-08-29 16:00:00+00:00
[2026-08-23T01:35:26.887+0000] {processor.py:208} INFO - Processing /opt/airflow/dags/weekly_segment.py took 0.265 seconds
[2026-08-23T01:35:57.198+0000] {processor.py:186} INFO - Started process (PID=1194) to work on /opt/airflow/dags/weekly_segment.py
[2026-08-23T01:35:57.200+0000] {processor.py:914} INFO - Processing file /opt/airflow/dags/weekly_segment.py for tasks to queue
[2026-08-23T01:35:57.203+0000] {logging_mixin.py:190} INFO - [2026-08-23T01:35:57.203+0000] {dagbag.py:588} INFO - Filling up the DagBag from /opt/airflow/dags/weekly_segment.py
[2026-08-23T01:35:57.387+0000] {processor.py:925} INFO - DAG(s) 'weekly_segment' retrieved from /opt/airflow/dags/weekly_segment.py
[2026-08-23T01:35:57.415+0000] {logging_mixin.py:190} INFO - [2026-08-23T01:35:57.415+0000] {dag.py:3239} INFO - Sync 1 DAGs
[2026-08-23T01:35:57.441+0000] {logging_mixin.py:190} INFO - [2026-08-23T01:35:57.441+0000] {dag.py:4180} INFO - Setting next_dagrun for weekly_segment to 2026-08-22 16:00:00+00:00, run_after=2026-08-29 16:00:00+00:00
[2026-08-23T01:35:57.466+0000] {processor.py:208} INFO - Processing /opt/airflow/dags/weekly_segment.py took 0.278 seconds
[2026-08-23T01:36:27.777+0000] {processor.py:186} INFO - Started process (PID=1204) to work on /opt/airflow/dags/weekly_segment.py
[2026-08-23T01:36:27.778+0000] {processor.py:914} INFO - Processing file /opt/airflow/dags/weekly_segment.py for tasks to queue
[2026-08-23T01:36:27.781+0000] {logging_mixin.py:190} INFO - [2026-08-23T01:36:27.781+0000] {dagbag.py:588} INFO - Filling up the DagBag from /opt/airflow/dags/weekly_segment.py
[2026-08-23T01:36:27.964+0000] {processor.py:925} INFO - DAG(s) 'weekly_segment' retrieved from /opt/airflow/dags/weekly_segment.py
[2026-08-23T01:36:28.003+0000] {logging_mixin.py:190} INFO - [2026-08-23T01:36:28.002+0000] {dag.py:3239} INFO - Sync 1 DAGs
[2026-08-23T01:36:28.041+0000] {logging_mixin.py:190} INFO - [2026-08-23T01:36:28.041+0000] {dag.py:4180} INFO - Setting next_dagrun for weekly_segment to 2026-08-22 16:00:00+00:00, run_after=2026-08-29 16:00:00+00:00
[2026-08-23T01:36:28.071+0000] {processor.py:208} INFO - Processing /opt/airflow/dags/weekly_segment.py took 0.301 seconds
[2026-08-23T01:36:58.300+0000] {processor.py:186} INFO - Started process (PID=1214) to work on /opt/airflow/dags/weekly_segment.py
[2026-08-23T01:36:58.301+0000] {processor.py:914} INFO - Processing file /opt/airflow/dags/weekly_segment.py for tasks to queue
[2026-08-23T01:36:58.303+0000] {logging_mixin.py:190} INFO - [2026-08-23T01:36:58.302+0000] {dagbag.py:588} INFO - Filling up the DagBag from /opt/airflow/dags/weekly_segment.py
[2026-08-23T01:36:58.423+0000] {processor.py:925} INFO - DAG(s) 'weekly_segment' retrieved from /opt/airflow/dags/weekly_segment.py
[2026-08-23T01:36:58.446+0000] {logging_mixin.py:190} INFO - [2026-08-23T01:36:58.446+0000] {dag.py:3239} INFO - Sync 1 DAGs
[2026-08-23T01:36:58.464+0000] {logging_mixin.py:190} INFO - [2026-08-23T01:36:58.464+0000] {dag.py:4180} INFO - Setting next_dagrun for weekly_segment to 2026-08-22 16:00:00+00:00, run_after=2026-08-29 16:00:00+00:00
[2026-08-23T01:36:58.480+0000] {processor.py:208} INFO - Processing /opt/airflow/dags/weekly_segment.py took 0.187 seconds
[2026-08-23T01:37:28.527+0000] {processor.py:186} INFO - Started process (PID=1224) to work on /opt/airflow/dags/weekly_segment.py
[2026-08-23T01:37:28.528+0000] {processor.py:914} INFO - Processing file /opt/airflow/dags/weekly_segment.py for tasks to queue
[2026-08-23T01:37:28.530+0000] {logging_mixin.py:190} INFO - [2026-08-23T01:37:28.529+0000] {dagbag.py:588} INFO - Filling up the DagBag from /opt/airflow/dags/weekly_segment.py
[2026-08-23T01:37:28.622+0000] {processor.py:925} INFO - DAG(s) 'weekly_segment' retrieved from /opt/airflow/dags/weekly_segment.py
[2026-08-23T01:37:28.643+0000] {logging_mixin.py:190} INFO - [2026-08-23T01:37:28.643+0000] {dag.py:3239} INFO - Sync 1 DAGs
[2026-08-23T01:37:28.660+0000] {logging_mixin.py:190} INFO - [2026-08-23T01:37:28.660+0000] {dag.py:4180} INFO - Setting next_dagrun for weekly_segment to 2026-08-22 16:00:00+00:00, run_after=2026-08-29 16:00:00+00:00
[2026-08-23T01:37:28.675+0000] {processor.py:208} INFO - Processing /opt/airflow/dags/weekly_segment.py took 0.154 seconds
[2026-08-23T01:37:58.906+0000] {processor.py:186} INFO - Started process (PID=1234) to work on /opt/airflow/dags/weekly_segment.py
[2026-08-23T01:37:58.907+0000] {processor.py:914} INFO - Processing file /opt/airflow/dags/weekly_segment.py for tasks to queue
[2026-08-23T01:37:58.908+0000] {logging_mixin.py:190} INFO - [2026-08-23T01:37:58.908+0000] {dagbag.py:588} INFO - Filling up the DagBag from /opt/airflow/dags/weekly_segment.py
[2026-08-23T01:37:59.018+0000] {processor.py:925} INFO - DAG(s) 'weekly_segment' retrieved from /opt/airflow/dags/weekly_segment.py
[2026-08-23T01:37:59.039+0000] {logging_mixin.py:190} INFO - [2026-08-23T01:37:59.039+0000] {dag.py:3239} INFO - Sync 1 DAGs
[2026-08-23T01:37:59.056+0000] {logging_mixin.py:190} INFO - [2026-08-23T01:37:59.055+0000] {dag.py:4180} INFO - Setting next_dagrun for weekly_segment to 2026-08-22 16:00:00+00:00, run_after=2026-08-29 16:00:00+00:00
[2026-08-23T01:37:59.073+0000] {processor.py:208} INFO - Processing /opt/airflow/dags/weekly_segment.py took 0.175 seconds
[2026-08-23T01:38:29.135+0000] {processor.py:186} INFO - Started process (PID=1244) to work on /opt/airflow/dags/weekly_segment.py
[2026-08-23T01:38:29.136+0000] {processor.py:914} INFO - Processing file /opt/airflow/dags/weekly_segment.py for tasks to queue
[2026-08-23T01:38:29.138+0000] {logging_mixin.py:190} INFO - [2026-08-23T01:38:29.138+0000] {dagbag.py:588} INFO - Filling up the DagBag from /opt/airflow/dags/weekly_segment.py
[2026-08-23T01:38:29.249+0000] {processor.py:925} INFO - DAG(s) 'weekly_segment' retrieved from /opt/airflow/dags/weekly_segment.py
[2026-08-23T01:38:29.271+0000] {logging_mixin.py:190} INFO - [2026-08-23T01:38:29.271+0000] {dag.py:3239} INFO - Sync 1 DAGs
[2026-08-23T01:38:29.290+0000] {logging_mixin.py:190} INFO - [2026-08-23T01:38:29.290+0000] {dag.py:4180} INFO - Setting next_dagrun for weekly_segment to 2026-08-22 16:00:00+00:00, run_after=2026-08-29 16:00:00+00:00
[2026-08-23T01:38:29.309+0000] {processor.py:208} INFO - Processing /opt/airflow/dags/weekly_segment.py took 0.180 seconds
[2026-08-23T01:39:00.219+0000] {processor.py:186} INFO - Started process (PID=1254) to work on /opt/airflow/dags/weekly_segment.py
[2026-08-23T01:39:00.237+0000] {processor.py:914} INFO - Processing file /opt/airflow/dags/weekly_segment.py for tasks to queue
[2026-08-23T01:39:00.257+0000] {logging_mixin.py:190} INFO - [2026-08-23T01:39:00.256+0000] {dagbag.py:588} INFO - Filling up the DagBag from /opt/airflow/dags/weekly_segment.py
[2026-08-23T01:39:03.633+0000] {processor.py:925} INFO - DAG(s) 'weekly_segment' retrieved from /opt/airflow/dags/weekly_segment.py
[2026-08-23T01:39:03.692+0000] {logging_mixin.py:190} INFO - [2026-08-23T01:39:03.691+0000] {dag.py:3239} INFO - Sync 1 DAGs
[2026-08-23T01:39:03.730+0000] {logging_mixin.py:190} INFO - [2026-08-23T01:39:03.730+0000] {dag.py:4180} INFO - Setting next_dagrun for weekly_segment to 2026-08-22 16:00:00+00:00, run_after=2026-08-29 16:00:00+00:00
[2026-08-23T01:39:03.794+0000] {processor.py:208} INFO - Processing /opt/airflow/dags/weekly_segment.py took 3.623 seconds
[2026-08-23T01:39:35.132+0000] {processor.py:186} INFO - Started process (PID=1264) to work on /opt/airflow/dags/weekly_segment.py
[2026-08-23T01:39:35.150+0000] {processor.py:914} INFO - Processing file /opt/airflow/dags/weekly_segment.py for tasks to queue
[2026-08-23T01:39:35.170+0000] {logging_mixin.py:190} INFO - [2026-08-23T01:39:35.170+0000] {dagbag.py:588} INFO - Filling up the DagBag from /opt/airflow/dags/weekly_segment.py
[2026-08-23T01:39:38.623+0000] {processor.py:925} INFO - DAG(s) 'weekly_segment' retrieved from /opt/airflow/dags/weekly_segment.py
[2026-08-23T01:39:38.673+0000] {logging_mixin.py:190} INFO - [2026-08-23T01:39:38.673+0000] {dag.py:3239} INFO - Sync 1 DAGs
[2026-08-23T01:39:38.712+0000] {logging_mixin.py:190} INFO - [2026-08-23T01:39:38.712+0000] {dag.py:4180} INFO - Setting next_dagrun for weekly_segment to 2026-08-22 16:00:00+00:00, run_after=2026-08-29 16:00:00+00:00
[2026-08-23T01:39:38.772+0000] {processor.py:208} INFO - Processing /opt/airflow/dags/weekly_segment.py took 3.710 seconds
[2026-08-23T01:40:10.263+0000] {processor.py:186} INFO - Started process (PID=1274) to work on /opt/airflow/dags/weekly_segment.py
[2026-08-23T01:40:10.274+0000] {processor.py:914} INFO - Processing file /opt/airflow/dags/weekly_segment.py for tasks to queue
[2026-08-23T01:40:10.294+0000] {logging_mixin.py:190} INFO - [2026-08-23T01:40:10.293+0000] {dagbag.py:588} INFO - Filling up the DagBag from /opt/airflow/dags/weekly_segment.py
[2026-08-23T01:40:13.440+0000] {processor.py:925} INFO - DAG(s) 'weekly_segment' retrieved from /opt/airflow/dags/weekly_segment.py
[2026-08-23T01:40:13.486+0000] {logging_mixin.py:190} INFO - [2026-08-23T01:40:13.486+0000] {dag.py:3239} INFO - Sync 1 DAGs
[2026-08-23T01:40:13.524+0000] {logging_mixin.py:190} INFO - [2026-08-23T01:40:13.523+0000] {dag.py:4180} INFO - Setting next_dagrun for weekly_segment to 2026-08-22 16:00:00+00:00, run_after=2026-08-29 16:00:00+00:00
[2026-08-23T01:40:13.575+0000] {processor.py:208} INFO - Processing /opt/airflow/dags/weekly_segment.py took 3.381 seconds
[2026-08-23T01:40:44.245+0000] {processor.py:186} INFO - Started process (PID=1284) to work on /opt/airflow/dags/weekly_segment.py
[2026-08-23T01:40:44.246+0000] {processor.py:914} INFO - Processing file /opt/airflow/dags/weekly_segment.py for tasks to queue
[2026-08-23T01:40:44.249+0000] {logging_mixin.py:190} INFO - [2026-08-23T01:40:44.248+0000] {dagbag.py:588} INFO - Filling up the DagBag from /opt/airflow/dags/weekly_segment.py
[2026-08-23T01:40:44.401+0000] {processor.py:925} INFO - DAG(s) 'weekly_segment' retrieved from /opt/airflow/dags/weekly_segment.py
[2026-08-23T01:40:44.426+0000] {logging_mixin.py:190} INFO - [2026-08-23T01:40:44.425+0000] {dag.py:3239} INFO - Sync 1 DAGs
[2026-08-23T01:40:44.445+0000] {logging_mixin.py:190} INFO - [2026-08-23T01:40:44.444+0000] {dag.py:4180} INFO - Setting next_dagrun for weekly_segment to 2026-08-22 16:00:00+00:00, run_after=2026-08-29 16:00:00+00:00
[2026-08-23T01:40:44.463+0000] {processor.py:208} INFO - Processing /opt/airflow/dags/weekly_segment.py took 0.224 seconds
[2026-08-23T01:41:15.519+0000] {processor.py:186} INFO - Started process (PID=1294) to work on /opt/airflow/dags/weekly_segment.py
[2026-08-23T01:41:15.530+0000] {processor.py:914} INFO - Processing file /opt/airflow/dags/weekly_segment.py for tasks to queue
[2026-08-23T01:41:15.552+0000] {logging_mixin.py:190} INFO - [2026-08-23T01:41:15.551+0000] {dagbag.py:588} INFO - Filling up the DagBag from /opt/airflow/dags/weekly_segment.py
[2026-08-23T01:41:18.858+0000] {processor.py:925} INFO - DAG(s) 'weekly_segment' retrieved from /opt/airflow/dags/weekly_segment.py
[2026-08-23T01:41:18.913+0000] {logging_mixin.py:190} INFO - [2026-08-23T01:41:18.913+0000] {dag.py:3239} INFO - Sync 1 DAGs
[2026-08-23T01:41:18.951+0000] {logging_mixin.py:190} INFO - [2026-08-23T01:41:18.951+0000] {dag.py:4180} INFO - Setting next_dagrun for weekly_segment to 2026-08-22 16:00:00+00:00, run_after=2026-08-29 16:00:00+00:00
[2026-08-23T01:41:19.011+0000] {processor.py:208} INFO - Processing /opt/airflow/dags/weekly_segment.py took 3.561 seconds
[2026-08-23T01:41:50.161+0000] {processor.py:186} INFO - Started process (PID=1304) to work on /opt/airflow/dags/weekly_segment.py
[2026-08-23T01:41:50.173+0000] {processor.py:914} INFO - Processing file /opt/airflow/dags/weekly_segment.py for tasks to queue
[2026-08-23T01:41:50.192+0000] {logging_mixin.py:190} INFO - [2026-08-23T01:41:50.191+0000] {dagbag.py:588} INFO - Filling up the DagBag from /opt/airflow/dags/weekly_segment.py
[2026-08-23T01:41:52.843+0000] {processor.py:925} INFO - DAG(s) 'weekly_segment' retrieved from /opt/airflow/dags/weekly_segment.py
[2026-08-23T01:41:52.901+0000] {logging_mixin.py:190} INFO - [2026-08-23T01:41:52.901+0000] {dag.py:3239} INFO - Sync 1 DAGs
[2026-08-23T01:41:52.944+0000] {logging_mixin.py:190} INFO - [2026-08-23T01:41:52.944+0000] {dag.py:4180} INFO - Setting next_dagrun for weekly_segment to 2026-08-22 16:00:00+00:00, run_after=2026-08-29 16:00:00+00:00
[2026-08-23T01:41:53.002+0000] {processor.py:208} INFO - Processing /opt/airflow/dags/weekly_segment.py took 2.913 seconds
[2026-08-23T01:42:24.437+0000] {processor.py:186} INFO - Started process (PID=1314) to work on /opt/airflow/dags/weekly_segment.py
[2026-08-23T01:42:24.453+0000] {processor.py:914} INFO - Processing file /opt/airflow/dags/weekly_segment.py for tasks to queue
[2026-08-23T01:42:24.472+0000] {logging_mixin.py:190} INFO - [2026-08-23T01:42:24.471+0000] {dagbag.py:588} INFO - Filling up the DagBag from /opt/airflow/dags/weekly_segment.py
[2026-08-23T01:42:27.610+0000] {processor.py:925} INFO - DAG(s) 'weekly_segment' retrieved from /opt/airflow/dags/weekly_segment.py
[2026-08-23T01:42:27.660+0000] {logging_mixin.py:190} INFO - [2026-08-23T01:42:27.659+0000] {dag.py:3239} INFO - Sync 1 DAGs
[2026-08-23T01:42:27.696+0000] {logging_mixin.py:190} INFO - [2026-08-23T01:42:27.696+0000] {dag.py:4180} INFO - Setting next_dagrun for weekly_segment to 2026-08-22 16:00:00+00:00, run_after=2026-08-29 16:00:00+00:00
[2026-08-23T01:42:27.755+0000] {processor.py:208} INFO - Processing /opt/airflow/dags/weekly_segment.py took 3.392 seconds
[2026-08-23T01:42:58.127+0000] {processor.py:186} INFO - Started process (PID=1329) to work on /opt/airflow/dags/weekly_segment.py
[2026-08-23T01:42:58.128+0000] {processor.py:914} INFO - Processing file /opt/airflow/dags/weekly_segment.py for tasks to queue
[2026-08-23T01:42:58.130+0000] {logging_mixin.py:190} INFO - [2026-08-23T01:42:58.130+0000] {dagbag.py:588} INFO - Filling up the DagBag from /opt/airflow/dags/weekly_segment.py
[2026-08-23T01:42:58.302+0000] {processor.py:925} INFO - DAG(s) 'weekly_segment' retrieved from /opt/airflow/dags/weekly_segment.py
[2026-08-23T01:42:58.324+0000] {logging_mixin.py:190} INFO - [2026-08-23T01:42:58.324+0000] {dag.py:3239} INFO - Sync 1 DAGs
[2026-08-23T01:42:58.342+0000] {logging_mixin.py:190} INFO - [2026-08-23T01:42:58.342+0000] {dag.py:4180} INFO - Setting next_dagrun for weekly_segment to 2026-08-22 16:00:00+00:00, run_after=2026-08-29 16:00:00+00:00
[2026-08-23T01:42:58.361+0000] {processor.py:208} INFO - Processing /opt/airflow/dags/weekly_segment.py took 0.240 seconds
[2026-08-23T01:43:28.581+0000] {processor.py:186} INFO - Started process (PID=1339) to work on /opt/airflow/dags/weekly_segment.py
[2026-08-23T01:43:28.583+0000] {processor.py:914} INFO - Processing file /opt/airflow/dags/weekly_segment.py for tasks to queue
[2026-08-23T01:43:28.587+0000] {logging_mixin.py:190} INFO - [2026-08-23T01:43:28.586+0000] {dagbag.py:588} INFO - Filling up the DagBag from /opt/airflow/dags/weekly_segment.py
[2026-08-23T01:43:28.757+0000] {processor.py:925} INFO - DAG(s) 'weekly_segment' retrieved from /opt/airflow/dags/weekly_segment.py
[2026-08-23T01:43:28.779+0000] {logging_mixin.py:190} INFO - [2026-08-23T01:43:28.778+0000] {dag.py:3239} INFO - Sync 1 DAGs
[2026-08-23T01:43:28.797+0000] {logging_mixin.py:190} INFO - [2026-08-23T01:43:28.796+0000] {dag.py:4180} INFO - Setting next_dagrun for weekly_segment to 2026-08-22 16:00:00+00:00, run_after=2026-08-29 16:00:00+00:00
[2026-08-23T01:43:28.811+0000] {processor.py:208} INFO - Processing /opt/airflow/dags/weekly_segment.py took 0.237 seconds
[2026-08-23T01:43:59.014+0000] {processor.py:186} INFO - Started process (PID=1347) to work on /opt/airflow/dags/weekly_segment.py
[2026-08-23T01:43:59.018+0000] {processor.py:914} INFO - Processing file /opt/airflow/dags/weekly_segment.py for tasks to queue
[2026-08-23T01:43:59.021+0000] {logging_mixin.py:190} INFO - [2026-08-23T01:43:59.021+0000] {dagbag.py:588} INFO - Filling up the DagBag from /opt/airflow/dags/weekly_segment.py
[2026-08-23T01:43:59.179+0000] {processor.py:925} INFO - DAG(s) 'weekly_segment' retrieved from /opt/airflow/dags/weekly_segment.py
[2026-08-23T01:43:59.202+0000] {logging_mixin.py:190} INFO - [2026-08-23T01:43:59.202+0000] {dag.py:3239} INFO - Sync 1 DAGs
[2026-08-23T01:43:59.222+0000] {logging_mixin.py:190} INFO - [2026-08-23T01:43:59.222+0000] {dag.py:4180} INFO - Setting next_dagrun for weekly_segment to 2026-08-22 16:00:00+00:00, run_after=2026-08-29 16:00:00+00:00
[2026-08-23T01:43:59.239+0000] {processor.py:208} INFO - Processing /opt/airflow/dags/weekly_segment.py took 0.236 seconds
[2026-08-23T01:44:29.432+0000] {processor.py:186} INFO - Started process (PID=1357) to work on /opt/airflow/dags/weekly_segment.py
[2026-08-23T01:44:29.433+0000] {processor.py:914} INFO - Processing file /opt/airflow/dags/weekly_segment.py for tasks to queue
[2026-08-23T01:44:29.435+0000] {logging_mixin.py:190} INFO - [2026-08-23T01:44:29.435+0000] {dagbag.py:588} INFO - Filling up the DagBag from /opt/airflow/dags/weekly_segment.py
[2026-08-23T01:44:29.610+0000] {processor.py:925} INFO - DAG(s) 'weekly_segment' retrieved from /opt/airflow/dags/weekly_segment.py
[2026-08-23T01:44:29.631+0000] {logging_mixin.py:190} INFO - [2026-08-23T01:44:29.631+0000] {dag.py:3239} INFO - Sync 1 DAGs
[2026-08-23T01:44:29.649+0000] {logging_mixin.py:190} INFO - [2026-08-23T01:44:29.649+0000] {dag.py:4180} INFO - Setting next_dagrun for weekly_segment to 2026-08-22 16:00:00+00:00, run_after=2026-08-29 16:00:00+00:00
[2026-08-23T01:44:29.663+0000] {processor.py:208} INFO - Processing /opt/airflow/dags/weekly_segment.py took 0.237 seconds
[2026-08-23T01:45:01.767+0000] {processor.py:186} INFO - Started process (PID=1367) to work on /opt/airflow/dags/weekly_segment.py
[2026-08-23T01:45:01.787+0000] {processor.py:914} INFO - Processing file /opt/airflow/dags/weekly_segment.py for tasks to queue
[2026-08-23T01:45:01.825+0000] {logging_mixin.py:190} INFO - [2026-08-23T01:45:01.825+0000] {dagbag.py:588} INFO - Filling up the DagBag from /opt/airflow/dags/weekly_segment.py
[2026-08-23T01:45:07.203+0000] {processor.py:925} INFO - DAG(s) 'weekly_segment' retrieved from /opt/airflow/dags/weekly_segment.py
[2026-08-23T01:45:07.255+0000] {logging_mixin.py:190} INFO - [2026-08-23T01:45:07.255+0000] {dag.py:3239} INFO - Sync 1 DAGs
[2026-08-23T01:45:07.290+0000] {logging_mixin.py:190} INFO - [2026-08-23T01:45:07.290+0000] {dag.py:4180} INFO - Setting next_dagrun for weekly_segment to 2026-08-22 16:00:00+00:00, run_after=2026-08-29 16:00:00+00:00
[2026-08-23T01:45:07.349+0000] {processor.py:208} INFO - Processing /opt/airflow/dags/weekly_segment.py took 5.732 seconds
[2026-08-23T01:45:38.235+0000] {processor.py:186} INFO - Started process (PID=1374) to work on /opt/airflow/dags/weekly_segment.py
[2026-08-23T01:45:38.275+0000] {processor.py:914} INFO - Processing file /opt/airflow/dags/weekly_segment.py for tasks to queue
[2026-08-23T01:45:38.308+0000] {logging_mixin.py:190} INFO - [2026-08-23T01:45:38.308+0000] {dagbag.py:588} INFO - Filling up the DagBag from /opt/airflow/dags/weekly_segment.py
[2026-08-23T01:45:41.887+0000] {processor.py:925} INFO - DAG(s) 'weekly_segment' retrieved from /opt/airflow/dags/weekly_segment.py
[2026-08-23T01:45:41.984+0000] {logging_mixin.py:190} INFO - [2026-08-23T01:45:41.983+0000] {dag.py:3239} INFO - Sync 1 DAGs
[2026-08-23T01:45:42.035+0000] {logging_mixin.py:190} INFO - [2026-08-23T01:45:42.035+0000] {dag.py:4180} INFO - Setting next_dagrun for weekly_segment to 2026-08-22 16:00:00+00:00, run_after=2026-08-29 16:00:00+00:00
[2026-08-23T01:45:42.150+0000] {processor.py:208} INFO - Processing /opt/airflow/dags/weekly_segment.py took 3.976 seconds
[2026-08-23T01:46:13.773+0000] {processor.py:186} INFO - Started process (PID=1387) to work on /opt/airflow/dags/weekly_segment.py
[2026-08-23T01:46:13.828+0000] {processor.py:914} INFO - Processing file /opt/airflow/dags/weekly_segment.py for tasks to queue
[2026-08-23T01:46:13.884+0000] {logging_mixin.py:190} INFO - [2026-08-23T01:46:13.884+0000] {dagbag.py:588} INFO - Filling up the DagBag from /opt/airflow/dags/weekly_segment.py
[2026-08-23T01:46:20.846+0000] {processor.py:925} INFO - DAG(s) 'weekly_segment' retrieved from /opt/airflow/dags/weekly_segment.py
[2026-08-23T01:46:20.903+0000] {logging_mixin.py:190} INFO - [2026-08-23T01:46:20.903+0000] {dag.py:3239} INFO - Sync 1 DAGs
[2026-08-23T01:46:20.940+0000] {logging_mixin.py:190} INFO - [2026-08-23T01:46:20.939+0000] {dag.py:4180} INFO - Setting next_dagrun for weekly_segment to 2026-08-22 16:00:00+00:00, run_after=2026-08-29 16:00:00+00:00
[2026-08-23T01:46:20.996+0000] {processor.py:208} INFO - Processing /opt/airflow/dags/weekly_segment.py took 7.268 seconds
[2026-08-23T01:46:51.230+0000] {processor.py:186} INFO - Started process (PID=1394) to work on /opt/airflow/dags/weekly_segment.py
[2026-08-23T01:46:51.233+0000] {processor.py:914} INFO - Processing file /opt/airflow/dags/weekly_segment.py for tasks to queue
[2026-08-23T01:46:51.236+0000] {logging_mixin.py:190} INFO - [2026-08-23T01:46:51.235+0000] {dagbag.py:588} INFO - Filling up the DagBag from /opt/airflow/dags/weekly_segment.py
[2026-08-23T01:46:51.406+0000] {processor.py:925} INFO - DAG(s) 'weekly_segment' retrieved from /opt/airflow/dags/weekly_segment.py
[2026-08-23T01:46:51.427+0000] {logging_mixin.py:190} INFO - [2026-08-23T01:46:51.427+0000] {dag.py:3239} INFO - Sync 1 DAGs
[2026-08-23T01:46:51.446+0000] {logging_mixin.py:190} INFO - [2026-08-23T01:46:51.445+0000] {dag.py:4180} INFO - Setting next_dagrun for weekly_segment to 2026-08-22 16:00:00+00:00, run_after=2026-08-29 16:00:00+00:00
[2026-08-23T01:46:51.464+0000] {processor.py:208} INFO - Processing /opt/airflow/dags/weekly_segment.py took 0.240 seconds
[2026-08-23T01:47:23.525+0000] {processor.py:186} INFO - Started process (PID=1404) to work on /opt/airflow/dags/weekly_segment.py
[2026-08-23T01:47:23.579+0000] {processor.py:914} INFO - Processing file /opt/airflow/dags/weekly_segment.py for tasks to queue
[2026-08-23T01:47:23.600+0000] {logging_mixin.py:190} INFO - [2026-08-23T01:47:23.599+0000] {dagbag.py:588} INFO - Filling up the DagBag from /opt/airflow/dags/weekly_segment.py
[2026-08-23T01:47:28.130+0000] {processor.py:925} INFO - DAG(s) 'weekly_segment' retrieved from /opt/airflow/dags/weekly_segment.py
[2026-08-23T01:47:28.200+0000] {logging_mixin.py:190} INFO - [2026-08-23T01:47:28.200+0000] {dag.py:3239} INFO - Sync 1 DAGs
[2026-08-23T01:47:28.264+0000] {logging_mixin.py:190} INFO - [2026-08-23T01:47:28.264+0000] {dag.py:4180} INFO - Setting next_dagrun for weekly_segment to 2026-08-22 16:00:00+00:00, run_after=2026-08-29 16:00:00+00:00
[2026-08-23T01:47:28.334+0000] {processor.py:208} INFO - Processing /opt/airflow/dags/weekly_segment.py took 5.031 seconds
[2026-08-23T01:48:00.410+0000] {processor.py:186} INFO - Started process (PID=1414) to work on /opt/airflow/dags/weekly_segment.py
[2026-08-23T01:48:00.430+0000] {processor.py:914} INFO - Processing file /opt/airflow/dags/weekly_segment.py for tasks to queue
[2026-08-23T01:48:00.467+0000] {logging_mixin.py:190} INFO - [2026-08-23T01:48:00.467+0000] {dagbag.py:588} INFO - Filling up the DagBag from /opt/airflow/dags/weekly_segment.py
[2026-08-23T01:48:07.381+0000] {processor.py:925} INFO - DAG(s) 'weekly_segment' retrieved from /opt/airflow/dags/weekly_segment.py
[2026-08-23T01:48:07.472+0000] {logging_mixin.py:190} INFO - [2026-08-23T01:48:07.472+0000] {dag.py:3239} INFO - Sync 1 DAGs
[2026-08-23T01:48:07.531+0000] {logging_mixin.py:190} INFO - [2026-08-23T01:48:07.531+0000] {dag.py:4180} INFO - Setting next_dagrun for weekly_segment to 2026-08-22 16:00:00+00:00, run_after=2026-08-29 16:00:00+00:00
[2026-08-23T01:48:07.616+0000] {processor.py:208} INFO - Processing /opt/airflow/dags/weekly_segment.py took 7.333 seconds
[2026-08-23T01:48:38.822+0000] {processor.py:186} INFO - Started process (PID=1424) to work on /opt/airflow/dags/weekly_segment.py
[2026-08-23T01:48:38.842+0000] {processor.py:914} INFO - Processing file /opt/airflow/dags/weekly_segment.py for tasks to queue
[2026-08-23T01:48:38.863+0000] {logging_mixin.py:190} INFO - [2026-08-23T01:48:38.862+0000] {dagbag.py:588} INFO - Filling up the DagBag from /opt/airflow/dags/weekly_segment.py
[2026-08-23T01:48:45.809+0000] {processor.py:925} INFO - DAG(s) 'weekly_segment' retrieved from /opt/airflow/dags/weekly_segment.py
[2026-08-23T01:48:45.858+0000] {logging_mixin.py:190} INFO - [2026-08-23T01:48:45.858+0000] {dag.py:3239} INFO - Sync 1 DAGs
[2026-08-23T01:48:45.897+0000] {logging_mixin.py:190} INFO - [2026-08-23T01:48:45.897+0000] {dag.py:4180} INFO - Setting next_dagrun for weekly_segment to 2026-08-22 16:00:00+00:00, run_after=2026-08-29 16:00:00+00:00
[2026-08-23T01:48:45.957+0000] {processor.py:208} INFO - Processing /opt/airflow/dags/weekly_segment.py took 7.189 seconds
[2026-08-23T01:49:17.962+0000] {processor.py:186} INFO - Started process (PID=1434) to work on /opt/airflow/dags/weekly_segment.py
[2026-08-23T01:49:18.012+0000] {processor.py:914} INFO - Processing file /opt/airflow/dags/weekly_segment.py for tasks to queue
[2026-08-23T01:49:18.044+0000] {logging_mixin.py:190} INFO - [2026-08-23T01:49:18.043+0000] {dagbag.py:588} INFO - Filling up the DagBag from /opt/airflow/dags/weekly_segment.py
[2026-08-23T01:49:21.258+0000] {processor.py:925} INFO - DAG(s) 'weekly_segment' retrieved from /opt/airflow/dags/weekly_segment.py
[2026-08-23T01:49:21.288+0000] {logging_mixin.py:190} INFO - [2026-08-23T01:49:21.288+0000] {dag.py:3239} INFO - Sync 1 DAGs
[2026-08-23T01:49:21.318+0000] {logging_mixin.py:190} INFO - [2026-08-23T01:49:21.318+0000] {dag.py:4180} INFO - Setting next_dagrun for weekly_segment to 2026-08-22 16:00:00+00:00, run_after=2026-08-29 16:00:00+00:00
[2026-08-23T01:49:21.373+0000] {processor.py:208} INFO - Processing /opt/airflow/dags/weekly_segment.py took 3.541 seconds
[2026-08-23T01:49:53.738+0000] {processor.py:186} INFO - Started process (PID=1444) to work on /opt/airflow/dags/weekly_segment.py
[2026-08-23T01:49:53.761+0000] {processor.py:914} INFO - Processing file /opt/airflow/dags/weekly_segment.py for tasks to queue
[2026-08-23T01:49:53.784+0000] {logging_mixin.py:190} INFO - [2026-08-23T01:49:53.784+0000] {dagbag.py:588} INFO - Filling up the DagBag from /opt/airflow/dags/weekly_segment.py
[2026-08-23T01:49:58.025+0000] {processor.py:925} INFO - DAG(s) 'weekly_segment' retrieved from /opt/airflow/dags/weekly_segment.py
[2026-08-23T01:49:58.072+0000] {logging_mixin.py:190} INFO - [2026-08-23T01:49:58.072+0000] {dag.py:3239} INFO - Sync 1 DAGs
[2026-08-23T01:49:58.108+0000] {logging_mixin.py:190} INFO - [2026-08-23T01:49:58.108+0000] {dag.py:4180} INFO - Setting next_dagrun for weekly_segment to 2026-08-22 16:00:00+00:00, run_after=2026-08-29 16:00:00+00:00
[2026-08-23T01:49:58.167+0000] {processor.py:208} INFO - Processing /opt/airflow/dags/weekly_segment.py took 4.647 seconds
[2026-08-23T01:50:29.549+0000] {processor.py:186} INFO - Started process (PID=1454) to work on /opt/airflow/dags/weekly_segment.py
[2026-08-23T01:50:29.556+0000] {processor.py:914} INFO - Processing file /opt/airflow/dags/weekly_segment.py for tasks to queue
[2026-08-23T01:50:29.563+0000] {logging_mixin.py:190} INFO - [2026-08-23T01:50:29.563+0000] {dagbag.py:588} INFO - Filling up the DagBag from /opt/airflow/dags/weekly_segment.py
[2026-08-23T01:50:32.589+0000] {processor.py:925} INFO - DAG(s) 'weekly_segment' retrieved from /opt/airflow/dags/weekly_segment.py
[2026-08-23T01:50:32.635+0000] {logging_mixin.py:190} INFO - [2026-08-23T01:50:32.635+0000] {dag.py:3239} INFO - Sync 1 DAGs
[2026-08-23T01:50:32.671+0000] {logging_mixin.py:190} INFO - [2026-08-23T01:50:32.671+0000] {dag.py:4180} INFO - Setting next_dagrun for weekly_segment to 2026-08-22 16:00:00+00:00, run_after=2026-08-29 16:00:00+00:00
[2026-08-23T01:50:32.762+0000] {processor.py:208} INFO - Processing /opt/airflow/dags/weekly_segment.py took 3.281 seconds
[2026-08-23T01:51:03.385+0000] {processor.py:186} INFO - Started process (PID=1464) to work on /opt/airflow/dags/weekly_segment.py
[2026-08-23T01:51:03.386+0000] {processor.py:914} INFO - Processing file /opt/airflow/dags/weekly_segment.py for tasks to queue
[2026-08-23T01:51:03.389+0000] {logging_mixin.py:190} INFO - [2026-08-23T01:51:03.388+0000] {dagbag.py:588} INFO - Filling up the DagBag from /opt/airflow/dags/weekly_segment.py
[2026-08-23T01:51:03.503+0000] {processor.py:925} INFO - DAG(s) 'weekly_segment' retrieved from /opt/airflow/dags/weekly_segment.py
[2026-08-23T01:51:03.527+0000] {logging_mixin.py:190} INFO - [2026-08-23T01:51:03.527+0000] {dag.py:3239} INFO - Sync 1 DAGs
[2026-08-23T01:51:03.546+0000] {logging_mixin.py:190} INFO - [2026-08-23T01:51:03.546+0000] {dag.py:4180} INFO - Setting next_dagrun for weekly_segment to 2026-08-22 16:00:00+00:00, run_after=2026-08-29 16:00:00+00:00
[2026-08-23T01:51:03.567+0000] {processor.py:208} INFO - Processing /opt/airflow/dags/weekly_segment.py took 0.189 seconds
[2026-08-23T01:51:33.768+0000] {processor.py:186} INFO - Started process (PID=1474) to work on /opt/airflow/dags/weekly_segment.py
[2026-08-23T01:51:33.769+0000] {processor.py:914} INFO - Processing file /opt/airflow/dags/weekly_segment.py for tasks to queue
[2026-08-23T01:51:33.771+0000] {logging_mixin.py:190} INFO - [2026-08-23T01:51:33.771+0000] {dagbag.py:588} INFO - Filling up the DagBag from /opt/airflow/dags/weekly_segment.py
[2026-08-23T01:51:33.876+0000] {processor.py:925} INFO - DAG(s) 'weekly_segment' retrieved from /opt/airflow/dags/weekly_segment.py
[2026-08-23T01:51:33.896+0000] {logging_mixin.py:190} INFO - [2026-08-23T01:51:33.896+0000] {dag.py:3239} INFO - Sync 1 DAGs
[2026-08-23T01:51:33.912+0000] {logging_mixin.py:190} INFO - [2026-08-23T01:51:33.912+0000] {dag.py:4180} INFO - Setting next_dagrun for weekly_segment to 2026-08-22 16:00:00+00:00, run_after=2026-08-29 16:00:00+00:00
[2026-08-23T01:51:33.925+0000] {processor.py:208} INFO - Processing /opt/airflow/dags/weekly_segment.py took 0.164 seconds
[2026-08-23T01:52:04.048+0000] {processor.py:186} INFO - Started process (PID=1484) to work on /opt/airflow/dags/weekly_segment.py
[2026-08-23T01:52:04.049+0000] {processor.py:914} INFO - Processing file /opt/airflow/dags/weekly_segment.py for tasks to queue
[2026-08-23T01:52:04.051+0000] {logging_mixin.py:190} INFO - [2026-08-23T01:52:04.051+0000] {dagbag.py:588} INFO - Filling up the DagBag from /opt/airflow/dags/weekly_segment.py
[2026-08-23T01:52:04.151+0000] {processor.py:925} INFO - DAG(s) 'weekly_segment' retrieved from /opt/airflow/dags/weekly_segment.py
[2026-08-23T01:52:04.174+0000] {logging_mixin.py:190} INFO - [2026-08-23T01:52:04.174+0000] {dag.py:3239} INFO - Sync 1 DAGs
[2026-08-23T01:52:04.195+0000] {logging_mixin.py:190} INFO - [2026-08-23T01:52:04.195+0000] {dag.py:4180} INFO - Setting next_dagrun for weekly_segment to 2026-08-22 16:00:00+00:00, run_after=2026-08-29 16:00:00+00:00
[2026-08-23T01:52:04.211+0000] {processor.py:208} INFO - Processing /opt/airflow/dags/weekly_segment.py took 0.168 seconds
[2026-08-23T01:52:34.439+0000] {processor.py:186} INFO - Started process (PID=1494) to work on /opt/airflow/dags/weekly_segment.py
[2026-08-23T01:52:34.440+0000] {processor.py:914} INFO - Processing file /opt/airflow/dags/weekly_segment.py for tasks to queue
[2026-08-23T01:52:34.442+0000] {logging_mixin.py:190} INFO - [2026-08-23T01:52:34.442+0000] {dagbag.py:588} INFO - Filling up the DagBag from /opt/airflow/dags/weekly_segment.py
[2026-08-23T01:52:34.557+0000] {processor.py:925} INFO - DAG(s) 'weekly_segment' retrieved from /opt/airflow/dags/weekly_segment.py
[2026-08-23T01:52:34.579+0000] {logging_mixin.py:190} INFO - [2026-08-23T01:52:34.579+0000] {dag.py:3239} INFO - Sync 1 DAGs
[2026-08-23T01:52:34.597+0000] {logging_mixin.py:190} INFO - [2026-08-23T01:52:34.597+0000] {dag.py:4180} INFO - Setting next_dagrun for weekly_segment to 2026-08-22 16:00:00+00:00, run_after=2026-08-29 16:00:00+00:00
[2026-08-23T01:52:34.617+0000] {processor.py:208} INFO - Processing /opt/airflow/dags/weekly_segment.py took 0.186 seconds
[2026-08-23T01:53:04.679+0000] {processor.py:186} INFO - Started process (PID=1504) to work on /opt/airflow/dags/weekly_segment.py
[2026-08-23T01:53:04.680+0000] {processor.py:914} INFO - Processing file /opt/airflow/dags/weekly_segment.py for tasks to queue
[2026-08-23T01:53:04.682+0000] {logging_mixin.py:190} INFO - [2026-08-23T01:53:04.682+0000] {dagbag.py:588} INFO - Filling up the DagBag from /opt/airflow/dags/weekly_segment.py
[2026-08-23T01:53:04.792+0000] {processor.py:925} INFO - DAG(s) 'weekly_segment' retrieved from /opt/airflow/dags/weekly_segment.py
[2026-08-23T01:53:04.815+0000] {logging_mixin.py:190} INFO - [2026-08-23T01:53:04.815+0000] {dag.py:3239} INFO - Sync 1 DAGs
[2026-08-23T01:53:04.836+0000] {logging_mixin.py:190} INFO - [2026-08-23T01:53:04.836+0000] {dag.py:4180} INFO - Setting next_dagrun for weekly_segment to 2026-08-22 16:00:00+00:00, run_after=2026-08-29 16:00:00+00:00
[2026-08-23T01:53:04.853+0000] {processor.py:208} INFO - Processing /opt/airflow/dags/weekly_segment.py took 0.179 seconds
[2026-08-23T01:53:35.127+0000] {processor.py:186} INFO - Started process (PID=1514) to work on /opt/airflow/dags/weekly_segment.py
[2026-08-23T01:53:35.128+0000] {processor.py:914} INFO - Processing file /opt/airflow/dags/weekly_segment.py for tasks to queue
[2026-08-23T01:53:35.130+0000] {logging_mixin.py:190} INFO - [2026-08-23T01:53:35.130+0000] {dagbag.py:588} INFO - Filling up the DagBag from /opt/airflow/dags/weekly_segment.py
[2026-08-23T01:53:35.237+0000] {processor.py:925} INFO - DAG(s) 'weekly_segment' retrieved from /opt/airflow/dags/weekly_segment.py
[2026-08-23T01:53:35.257+0000] {logging_mixin.py:190} INFO - [2026-08-23T01:53:35.256+0000] {dag.py:3239} INFO - Sync 1 DAGs
[2026-08-23T01:53:35.277+0000] {logging_mixin.py:190} INFO - [2026-08-23T01:53:35.277+0000] {dag.py:4180} INFO - Setting next_dagrun for weekly_segment to 2026-08-22 16:00:00+00:00, run_after=2026-08-29 16:00:00+00:00
[2026-08-23T01:53:35.291+0000] {processor.py:208} INFO - Processing /opt/airflow/dags/weekly_segment.py took 0.171 seconds
[2026-08-23T01:54:05.411+0000] {processor.py:186} INFO - Started process (PID=1524) to work on /opt/airflow/dags/weekly_segment.py
[2026-08-23T01:54:05.412+0000] {processor.py:914} INFO - Processing file /opt/airflow/dags/weekly_segment.py for tasks to queue
[2026-08-23T01:54:05.414+0000] {logging_mixin.py:190} INFO - [2026-08-23T01:54:05.414+0000] {dagbag.py:588} INFO - Filling up the DagBag from /opt/airflow/dags/weekly_segment.py
[2026-08-23T01:54:05.513+0000] {processor.py:925} INFO - DAG(s) 'weekly_segment' retrieved from /opt/airflow/dags/weekly_segment.py
[2026-08-23T01:54:05.533+0000] {logging_mixin.py:190} INFO - [2026-08-23T01:54:05.533+0000] {dag.py:3239} INFO - Sync 1 DAGs
[2026-08-23T01:54:05.550+0000] {logging_mixin.py:190} INFO - [2026-08-23T01:54:05.550+0000] {dag.py:4180} INFO - Setting next_dagrun for weekly_segment to 2026-08-22 16:00:00+00:00, run_after=2026-08-29 16:00:00+00:00
[2026-08-23T01:54:05.563+0000] {processor.py:208} INFO - Processing /opt/airflow/dags/weekly_segment.py took 0.158 seconds
[2026-08-23T01:54:35.739+0000] {processor.py:186} INFO - Started process (PID=1534) to work on /opt/airflow/dags/weekly_segment.py
[2026-08-23T01:54:35.740+0000] {processor.py:914} INFO - Processing file /opt/airflow/dags/weekly_segment.py for tasks to queue
[2026-08-23T01:54:35.742+0000] {logging_mixin.py:190} INFO - [2026-08-23T01:54:35.742+0000] {dagbag.py:588} INFO - Filling up the DagBag from /opt/airflow/dags/weekly_segment.py
[2026-08-23T01:54:35.863+0000] {processor.py:925} INFO - DAG(s) 'weekly_segment' retrieved from /opt/airflow/dags/weekly_segment.py
[2026-08-23T01:54:35.883+0000] {logging_mixin.py:190} INFO - [2026-08-23T01:54:35.883+0000] {dag.py:3239} INFO - Sync 1 DAGs
[2026-08-23T01:54:35.898+0000] {logging_mixin.py:190} INFO - [2026-08-23T01:54:35.898+0000] {dag.py:4180} INFO - Setting next_dagrun for weekly_segment to 2026-08-22 16:00:00+00:00, run_after=2026-08-29 16:00:00+00:00
[2026-08-23T01:54:35.910+0000] {processor.py:208} INFO - Processing /opt/airflow/dags/weekly_segment.py took 0.177 seconds
[2026-08-23T01:55:06.133+0000] {processor.py:186} INFO - Started process (PID=1544) to work on /opt/airflow/dags/weekly_segment.py
[2026-08-23T01:55:06.134+0000] {processor.py:914} INFO - Processing file /opt/airflow/dags/weekly_segment.py for tasks to queue
[2026-08-23T01:55:06.136+0000] {logging_mixin.py:190} INFO - [2026-08-23T01:55:06.136+0000] {dagbag.py:588} INFO - Filling up the DagBag from /opt/airflow/dags/weekly_segment.py
[2026-08-23T01:55:06.236+0000] {processor.py:925} INFO - DAG(s) 'weekly_segment' retrieved from /opt/airflow/dags/weekly_segment.py
[2026-08-23T01:55:06.255+0000] {logging_mixin.py:190} INFO - [2026-08-23T01:55:06.255+0000] {dag.py:3239} INFO - Sync 1 DAGs
[2026-08-23T01:55:06.271+0000] {logging_mixin.py:190} INFO - [2026-08-23T01:55:06.271+0000] {dag.py:4180} INFO - Setting next_dagrun for weekly_segment to 2026-08-22 16:00:00+00:00, run_after=2026-08-29 16:00:00+00:00
[2026-08-23T01:55:06.289+0000] {processor.py:208} INFO - Processing /opt/airflow/dags/weekly_segment.py took 0.162 seconds
[2026-08-23T01:55:36.518+0000] {processor.py:186} INFO - Started process (PID=1554) to work on /opt/airflow/dags/weekly_segment.py
[2026-08-23T01:55:36.518+0000] {processor.py:914} INFO - Processing file /opt/airflow/dags/weekly_segment.py for tasks to queue
[2026-08-23T01:55:36.520+0000] {logging_mixin.py:190} INFO - [2026-08-23T01:55:36.520+0000] {dagbag.py:588} INFO - Filling up the DagBag from /opt/airflow/dags/weekly_segment.py
[2026-08-23T01:55:36.625+0000] {processor.py:925} INFO - DAG(s) 'weekly_segment' retrieved from /opt/airflow/dags/weekly_segment.py
[2026-08-23T01:55:36.645+0000] {logging_mixin.py:190} INFO - [2026-08-23T01:55:36.644+0000] {dag.py:3239} INFO - Sync 1 DAGs
[2026-08-23T01:55:36.660+0000] {logging_mixin.py:190} INFO - [2026-08-23T01:55:36.660+0000] {dag.py:4180} INFO - Setting next_dagrun for weekly_segment to 2026-08-22 16:00:00+00:00, run_after=2026-08-29 16:00:00+00:00
[2026-08-23T01:55:36.675+0000] {processor.py:208} INFO - Processing /opt/airflow/dags/weekly_segment.py took 0.164 seconds
[2026-08-23T01:56:06.844+0000] {processor.py:186} INFO - Started process (PID=1564) to work on /opt/airflow/dags/weekly_segment.py
[2026-08-23T01:56:06.845+0000] {processor.py:914} INFO - Processing file /opt/airflow/dags/weekly_segment.py for tasks to queue
[2026-08-23T01:56:06.848+0000] {logging_mixin.py:190} INFO - [2026-08-23T01:56:06.847+0000] {dagbag.py:588} INFO - Filling up the DagBag from /opt/airflow/dags/weekly_segment.py
[2026-08-23T01:56:06.945+0000] {processor.py:925} INFO - DAG(s) 'weekly_segment' retrieved from /opt/airflow/dags/weekly_segment.py
[2026-08-23T01:56:06.965+0000] {logging_mixin.py:190} INFO - [2026-08-23T01:56:06.965+0000] {dag.py:3239} INFO - Sync 1 DAGs
[2026-08-23T01:56:06.982+0000] {logging_mixin.py:190} INFO - [2026-08-23T01:56:06.982+0000] {dag.py:4180} INFO - Setting next_dagrun for weekly_segment to 2026-08-22 16:00:00+00:00, run_after=2026-08-29 16:00:00+00:00
[2026-08-23T01:56:06.995+0000] {processor.py:208} INFO - Processing /opt/airflow/dags/weekly_segment.py took 0.157 seconds
[2026-08-23T01:56:37.126+0000] {processor.py:186} INFO - Started process (PID=1574) to work on /opt/airflow/dags/weekly_segment.py
[2026-08-23T01:56:37.127+0000] {processor.py:914} INFO - Processing file /opt/airflow/dags/weekly_segment.py for tasks to queue
[2026-08-23T01:56:37.130+0000] {logging_mixin.py:190} INFO - [2026-08-23T01:56:37.129+0000] {dagbag.py:588} INFO - Filling up the DagBag from /opt/airflow/dags/weekly_segment.py
[2026-08-23T01:56:37.240+0000] {processor.py:925} INFO - DAG(s) 'weekly_segment' retrieved from /opt/airflow/dags/weekly_segment.py
[2026-08-23T01:56:37.263+0000] {logging_mixin.py:190} INFO - [2026-08-23T01:56:37.262+0000] {dag.py:3239} INFO - Sync 1 DAGs
[2026-08-23T01:56:37.280+0000] {logging_mixin.py:190} INFO - [2026-08-23T01:56:37.280+0000] {dag.py:4180} INFO - Setting next_dagrun for weekly_segment to 2026-08-22 16:00:00+00:00, run_after=2026-08-29 16:00:00+00:00
[2026-08-23T01:56:37.300+0000] {processor.py:208} INFO - Processing /opt/airflow/dags/weekly_segment.py took 0.180 seconds
[2026-08-23T01:57:07.370+0000] {processor.py:186} INFO - Started process (PID=1584) to work on /opt/airflow/dags/weekly_segment.py
[2026-08-23T01:57:07.371+0000] {processor.py:914} INFO - Processing file /opt/airflow/dags/weekly_segment.py for tasks to queue
[2026-08-23T01:57:07.373+0000] {logging_mixin.py:190} INFO - [2026-08-23T01:57:07.373+0000] {dagbag.py:588} INFO - Filling up the DagBag from /opt/airflow/dags/weekly_segment.py
[2026-08-23T01:57:07.486+0000] {processor.py:925} INFO - DAG(s) 'weekly_segment' retrieved from /opt/airflow/dags/weekly_segment.py
[2026-08-23T01:57:07.509+0000] {logging_mixin.py:190} INFO - [2026-08-23T01:57:07.509+0000] {dag.py:3239} INFO - Sync 1 DAGs
[2026-08-23T01:57:07.526+0000] {logging_mixin.py:190} INFO - [2026-08-23T01:57:07.526+0000] {dag.py:4180} INFO - Setting next_dagrun for weekly_segment to 2026-08-22 16:00:00+00:00, run_after=2026-08-29 16:00:00+00:00
[2026-08-23T01:57:07.545+0000] {processor.py:208} INFO - Processing /opt/airflow/dags/weekly_segment.py took 0.181 seconds
[2026-08-23T01:57:37.646+0000] {processor.py:186} INFO - Started process (PID=1594) to work on /opt/airflow/dags/weekly_segment.py
[2026-08-23T01:57:37.647+0000] {processor.py:914} INFO - Processing file /opt/airflow/dags/weekly_segment.py for tasks to queue
[2026-08-23T01:57:37.649+0000] {logging_mixin.py:190} INFO - [2026-08-23T01:57:37.648+0000] {dagbag.py:588} INFO - Filling up the DagBag from /opt/airflow/dags/weekly_segment.py
[2026-08-23T01:57:37.763+0000] {processor.py:925} INFO - DAG(s) 'weekly_segment' retrieved from /opt/airflow/dags/weekly_segment.py
[2026-08-23T01:57:37.784+0000] {logging_mixin.py:190} INFO - [2026-08-23T01:57:37.784+0000] {dag.py:3239} INFO - Sync 1 DAGs
[2026-08-23T01:57:37.802+0000] {logging_mixin.py:190} INFO - [2026-08-23T01:57:37.802+0000] {dag.py:4180} INFO - Setting next_dagrun for weekly_segment to 2026-08-22 16:00:00+00:00, run_after=2026-08-29 16:00:00+00:00
[2026-08-23T01:57:37.819+0000] {processor.py:208} INFO - Processing /opt/airflow/dags/weekly_segment.py took 0.179 seconds
[2026-08-23T01:58:07.887+0000] {processor.py:186} INFO - Started process (PID=1604) to work on /opt/airflow/dags/weekly_segment.py
[2026-08-23T01:58:07.888+0000] {processor.py:914} INFO - Processing file /opt/airflow/dags/weekly_segment.py for tasks to queue
[2026-08-23T01:58:07.890+0000] {logging_mixin.py:190} INFO - [2026-08-23T01:58:07.889+0000] {dagbag.py:588} INFO - Filling up the DagBag from /opt/airflow/dags/weekly_segment.py
[2026-08-23T01:58:07.994+0000] {processor.py:925} INFO - DAG(s) 'weekly_segment' retrieved from /opt/airflow/dags/weekly_segment.py
[2026-08-23T01:58:08.016+0000] {logging_mixin.py:190} INFO - [2026-08-23T01:58:08.016+0000] {dag.py:3239} INFO - Sync 1 DAGs
[2026-08-23T01:58:08.033+0000] {logging_mixin.py:190} INFO - [2026-08-23T01:58:08.033+0000] {dag.py:4180} INFO - Setting next_dagrun for weekly_segment to 2026-08-22 16:00:00+00:00, run_after=2026-08-29 16:00:00+00:00
[2026-08-23T01:58:08.049+0000] {processor.py:208} INFO - Processing /opt/airflow/dags/weekly_segment.py took 0.169 seconds
[2026-08-23T01:58:38.295+0000] {processor.py:186} INFO - Started process (PID=1614) to work on /opt/airflow/dags/weekly_segment.py
[2026-08-23T01:58:38.301+0000] {processor.py:914} INFO - Processing file /opt/airflow/dags/weekly_segment.py for tasks to queue
[2026-08-23T01:58:38.304+0000] {logging_mixin.py:190} INFO - [2026-08-23T01:58:38.304+0000] {dagbag.py:588} INFO - Filling up the DagBag from /opt/airflow/dags/weekly_segment.py
[2026-08-23T01:58:38.555+0000] {processor.py:925} INFO - DAG(s) 'weekly_segment' retrieved from /opt/airflow/dags/weekly_segment.py
[2026-08-23T01:58:38.579+0000] {logging_mixin.py:190} INFO - [2026-08-23T01:58:38.579+0000] {dag.py:3239} INFO - Sync 1 DAGs
[2026-08-23T01:58:38.600+0000] {logging_mixin.py:190} INFO - [2026-08-23T01:58:38.600+0000] {dag.py:4180} INFO - Setting next_dagrun for weekly_segment to 2026-08-22 16:00:00+00:00, run_after=2026-08-29 16:00:00+00:00
[2026-08-23T01:58:38.624+0000] {processor.py:208} INFO - Processing /opt/airflow/dags/weekly_segment.py took 0.341 seconds
[2026-08-23T01:59:08.961+0000] {processor.py:186} INFO - Started process (PID=1627) to work on /opt/airflow/dags/weekly_segment.py
[2026-08-23T01:59:08.963+0000] {processor.py:914} INFO - Processing file /opt/airflow/dags/weekly_segment.py for tasks to queue
[2026-08-23T01:59:08.967+0000] {logging_mixin.py:190} INFO - [2026-08-23T01:59:08.966+0000] {dagbag.py:588} INFO - Filling up the DagBag from /opt/airflow/dags/weekly_segment.py
[2026-08-23T01:59:09.475+0000] {processor.py:925} INFO - DAG(s) 'weekly_segment' retrieved from /opt/airflow/dags/weekly_segment.py
[2026-08-23T01:59:09.497+0000] {logging_mixin.py:190} INFO - [2026-08-23T01:59:09.496+0000] {dag.py:3239} INFO - Sync 1 DAGs
[2026-08-23T01:59:09.516+0000] {logging_mixin.py:190} INFO - [2026-08-23T01:59:09.516+0000] {dag.py:4180} INFO - Setting next_dagrun for weekly_segment to 2026-08-22 16:00:00+00:00, run_after=2026-08-29 16:00:00+00:00
[2026-08-23T01:59:09.541+0000] {processor.py:208} INFO - Processing /opt/airflow/dags/weekly_segment.py took 0.590 seconds
[2026-08-23T01:59:39.862+0000] {processor.py:186} INFO - Started process (PID=1637) to work on /opt/airflow/dags/weekly_segment.py
[2026-08-23T01:59:39.866+0000] {processor.py:914} INFO - Processing file /opt/airflow/dags/weekly_segment.py for tasks to queue
[2026-08-23T01:59:39.869+0000] {logging_mixin.py:190} INFO - [2026-08-23T01:59:39.868+0000] {dagbag.py:588} INFO - Filling up the DagBag from /opt/airflow/dags/weekly_segment.py
[2026-08-23T01:59:40.433+0000] {processor.py:925} INFO - DAG(s) 'weekly_segment' retrieved from /opt/airflow/dags/weekly_segment.py
[2026-08-23T01:59:40.460+0000] {logging_mixin.py:190} INFO - [2026-08-23T01:59:40.459+0000] {dag.py:3239} INFO - Sync 1 DAGs
[2026-08-23T01:59:40.479+0000] {logging_mixin.py:190} INFO - [2026-08-23T01:59:40.479+0000] {dag.py:4180} INFO - Setting next_dagrun for weekly_segment to 2026-08-22 16:00:00+00:00, run_after=2026-08-29 16:00:00+00:00
[2026-08-23T01:59:40.495+0000] {processor.py:208} INFO - Processing /opt/airflow/dags/weekly_segment.py took 0.641 seconds
[2026-08-23T02:00:10.901+0000] {processor.py:186} INFO - Started process (PID=1647) to work on /opt/airflow/dags/weekly_segment.py
[2026-08-23T02:00:10.904+0000] {processor.py:914} INFO - Processing file /opt/airflow/dags/weekly_segment.py for tasks to queue
[2026-08-23T02:00:10.907+0000] {logging_mixin.py:190} INFO - [2026-08-23T02:00:10.907+0000] {dagbag.py:588} INFO - Filling up the DagBag from /opt/airflow/dags/weekly_segment.py
[2026-08-23T02:00:11.360+0000] {processor.py:925} INFO - DAG(s) 'weekly_segment' retrieved from /opt/airflow/dags/weekly_segment.py
[2026-08-23T02:00:11.383+0000] {logging_mixin.py:190} INFO - [2026-08-23T02:00:11.382+0000] {dag.py:3239} INFO - Sync 1 DAGs
[2026-08-23T02:00:11.402+0000] {logging_mixin.py:190} INFO - [2026-08-23T02:00:11.402+0000] {dag.py:4180} INFO - Setting next_dagrun for weekly_segment to 2026-08-22 16:00:00+00:00, run_after=2026-08-29 16:00:00+00:00
[2026-08-23T02:00:11.428+0000] {processor.py:208} INFO - Processing /opt/airflow/dags/weekly_segment.py took 0.544 seconds
[2026-08-23T02:00:41.596+0000] {processor.py:186} INFO - Started process (PID=1654) to work on /opt/airflow/dags/weekly_segment.py
[2026-08-23T02:00:41.598+0000] {processor.py:914} INFO - Processing file /opt/airflow/dags/weekly_segment.py for tasks to queue
[2026-08-23T02:00:41.600+0000] {logging_mixin.py:190} INFO - [2026-08-23T02:00:41.600+0000] {dagbag.py:588} INFO - Filling up the DagBag from /opt/airflow/dags/weekly_segment.py
[2026-08-23T02:00:41.931+0000] {processor.py:925} INFO - DAG(s) 'weekly_segment' retrieved from /opt/airflow/dags/weekly_segment.py
[2026-08-23T02:00:41.957+0000] {logging_mixin.py:190} INFO - [2026-08-23T02:00:41.957+0000] {dag.py:3239} INFO - Sync 1 DAGs
[2026-08-23T02:00:41.978+0000] {logging_mixin.py:190} INFO - [2026-08-23T02:00:41.978+0000] {dag.py:4180} INFO - Setting next_dagrun for weekly_segment to 2026-08-22 16:00:00+00:00, run_after=2026-08-29 16:00:00+00:00
[2026-08-23T02:00:41.998+0000] {processor.py:208} INFO - Processing /opt/airflow/dags/weekly_segment.py took 0.409 seconds
[2026-08-23T02:01:12.214+0000] {processor.py:186} INFO - Started process (PID=1664) to work on /opt/airflow/dags/weekly_segment.py
[2026-08-23T02:01:12.215+0000] {processor.py:914} INFO - Processing file /opt/airflow/dags/weekly_segment.py for tasks to queue
[2026-08-23T02:01:12.218+0000] {logging_mixin.py:190} INFO - [2026-08-23T02:01:12.217+0000] {dagbag.py:588} INFO - Filling up the DagBag from /opt/airflow/dags/weekly_segment.py
[2026-08-23T02:01:12.338+0000] {processor.py:925} INFO - DAG(s) 'weekly_segment' retrieved from /opt/airflow/dags/weekly_segment.py
[2026-08-23T02:01:12.362+0000] {logging_mixin.py:190} INFO - [2026-08-23T02:01:12.362+0000] {dag.py:3239} INFO - Sync 1 DAGs
[2026-08-23T02:01:12.381+0000] {logging_mixin.py:190} INFO - [2026-08-23T02:01:12.381+0000] {dag.py:4180} INFO - Setting next_dagrun for weekly_segment to 2026-08-22 16:00:00+00:00, run_after=2026-08-29 16:00:00+00:00
[2026-08-23T02:01:12.398+0000] {processor.py:208} INFO - Processing /opt/airflow/dags/weekly_segment.py took 0.190 seconds
[2026-08-23T02:01:42.583+0000] {processor.py:186} INFO - Started process (PID=1674) to work on /opt/airflow/dags/weekly_segment.py
[2026-08-23T02:01:42.584+0000] {processor.py:914} INFO - Processing file /opt/airflow/dags/weekly_segment.py for tasks to queue
[2026-08-23T02:01:42.587+0000] {logging_mixin.py:190} INFO - [2026-08-23T02:01:42.586+0000] {dagbag.py:588} INFO - Filling up the DagBag from /opt/airflow/dags/weekly_segment.py
[2026-08-23T02:01:42.695+0000] {processor.py:925} INFO - DAG(s) 'weekly_segment' retrieved from /opt/airflow/dags/weekly_segment.py
[2026-08-23T02:01:42.719+0000] {logging_mixin.py:190} INFO - [2026-08-23T02:01:42.718+0000] {dag.py:3239} INFO - Sync 1 DAGs
[2026-08-23T02:01:42.738+0000] {logging_mixin.py:190} INFO - [2026-08-23T02:01:42.738+0000] {dag.py:4180} INFO - Setting next_dagrun for weekly_segment to 2026-08-22 16:00:00+00:00, run_after=2026-08-29 16:00:00+00:00
[2026-08-23T02:01:42.752+0000] {processor.py:208} INFO - Processing /opt/airflow/dags/weekly_segment.py took 0.175 seconds
[2026-08-23T02:02:12.936+0000] {processor.py:186} INFO - Started process (PID=1684) to work on /opt/airflow/dags/weekly_segment.py
[2026-08-23T02:02:12.937+0000] {processor.py:914} INFO - Processing file /opt/airflow/dags/weekly_segment.py for tasks to queue
[2026-08-23T02:02:12.940+0000] {logging_mixin.py:190} INFO - [2026-08-23T02:02:12.939+0000] {dagbag.py:588} INFO - Filling up the DagBag from /opt/airflow/dags/weekly_segment.py
[2026-08-23T02:02:13.059+0000] {processor.py:925} INFO - DAG(s) 'weekly_segment' retrieved from /opt/airflow/dags/weekly_segment.py
[2026-08-23T02:02:13.084+0000] {logging_mixin.py:190} INFO - [2026-08-23T02:02:13.084+0000] {dag.py:3239} INFO - Sync 1 DAGs
[2026-08-23T02:02:13.103+0000] {logging_mixin.py:190} INFO - [2026-08-23T02:02:13.103+0000] {dag.py:4180} INFO - Setting next_dagrun for weekly_segment to 2026-08-22 16:00:00+00:00, run_after=2026-08-29 16:00:00+00:00
[2026-08-23T02:02:13.142+0000] {processor.py:208} INFO - Processing /opt/airflow/dags/weekly_segment.py took 0.212 seconds
[2026-08-23T02:02:43.263+0000] {processor.py:186} INFO - Started process (PID=1694) to work on /opt/airflow/dags/weekly_segment.py
[2026-08-23T02:02:43.266+0000] {processor.py:914} INFO - Processing file /opt/airflow/dags/weekly_segment.py for tasks to queue
[2026-08-23T02:02:43.269+0000] {logging_mixin.py:190} INFO - [2026-08-23T02:02:43.269+0000] {dagbag.py:588} INFO - Filling up the DagBag from /opt/airflow/dags/weekly_segment.py
[2026-08-23T02:02:43.483+0000] {processor.py:925} INFO - DAG(s) 'weekly_segment' retrieved from /opt/airflow/dags/weekly_segment.py
[2026-08-23T02:02:43.506+0000] {logging_mixin.py:190} INFO - [2026-08-23T02:02:43.505+0000] {dag.py:3239} INFO - Sync 1 DAGs
[2026-08-23T02:02:43.523+0000] {logging_mixin.py:190} INFO - [2026-08-23T02:02:43.523+0000] {dag.py:4180} INFO - Setting next_dagrun for weekly_segment to 2026-08-22 16:00:00+00:00, run_after=2026-08-29 16:00:00+00:00
[2026-08-23T02:02:43.546+0000] {processor.py:208} INFO - Processing /opt/airflow/dags/weekly_segment.py took 0.291 seconds
[2026-08-23T02:03:13.667+0000] {processor.py:186} INFO - Started process (PID=1704) to work on /opt/airflow/dags/weekly_segment.py
[2026-08-23T02:03:13.669+0000] {processor.py:914} INFO - Processing file /opt/airflow/dags/weekly_segment.py for tasks to queue
[2026-08-23T02:03:13.672+0000] {logging_mixin.py:190} INFO - [2026-08-23T02:03:13.671+0000] {dagbag.py:588} INFO - Filling up the DagBag from /opt/airflow/dags/weekly_segment.py
[2026-08-23T02:03:13.815+0000] {processor.py:925} INFO - DAG(s) 'weekly_segment' retrieved from /opt/airflow/dags/weekly_segment.py
[2026-08-23T02:03:13.838+0000] {logging_mixin.py:190} INFO - [2026-08-23T02:03:13.838+0000] {dag.py:3239} INFO - Sync 1 DAGs
[2026-08-23T02:03:13.856+0000] {logging_mixin.py:190} INFO - [2026-08-23T02:03:13.856+0000] {dag.py:4180} INFO - Setting next_dagrun for weekly_segment to 2026-08-22 16:00:00+00:00, run_after=2026-08-29 16:00:00+00:00
[2026-08-23T02:03:13.873+0000] {processor.py:208} INFO - Processing /opt/airflow/dags/weekly_segment.py took 0.215 seconds
[2026-08-23T02:03:44.122+0000] {processor.py:186} INFO - Started process (PID=1714) to work on /opt/airflow/dags/weekly_segment.py
[2026-08-23T02:03:44.123+0000] {processor.py:914} INFO - Processing file /opt/airflow/dags/weekly_segment.py for tasks to queue
[2026-08-23T02:03:44.126+0000] {logging_mixin.py:190} INFO - [2026-08-23T02:03:44.126+0000] {dagbag.py:588} INFO - Filling up the DagBag from /opt/airflow/dags/weekly_segment.py
[2026-08-23T02:03:44.246+0000] {processor.py:925} INFO - DAG(s) 'weekly_segment' retrieved from /opt/airflow/dags/weekly_segment.py
[2026-08-23T02:03:44.267+0000] {logging_mixin.py:190} INFO - [2026-08-23T02:03:44.267+0000] {dag.py:3239} INFO - Sync 1 DAGs
[2026-08-23T02:03:44.284+0000] {logging_mixin.py:190} INFO - [2026-08-23T02:03:44.284+0000] {dag.py:4180} INFO - Setting next_dagrun for weekly_segment to 2026-08-22 16:00:00+00:00, run_after=2026-08-29 16:00:00+00:00
[2026-08-23T02:03:44.304+0000] {processor.py:208} INFO - Processing /opt/airflow/dags/weekly_segment.py took 0.190 seconds
[2026-08-23T02:04:14.403+0000] {processor.py:186} INFO - Started process (PID=1724) to work on /opt/airflow/dags/weekly_segment.py
[2026-08-23T02:04:14.404+0000] {processor.py:914} INFO - Processing file /opt/airflow/dags/weekly_segment.py for tasks to queue
[2026-08-23T02:04:14.407+0000] {logging_mixin.py:190} INFO - [2026-08-23T02:04:14.406+0000] {dagbag.py:588} INFO - Filling up the DagBag from /opt/airflow/dags/weekly_segment.py
[2026-08-23T02:04:14.540+0000] {processor.py:925} INFO - DAG(s) 'weekly_segment' retrieved from /opt/airflow/dags/weekly_segment.py
[2026-08-23T02:04:14.564+0000] {logging_mixin.py:190} INFO - [2026-08-23T02:04:14.564+0000] {dag.py:3239} INFO - Sync 1 DAGs
[2026-08-23T02:04:14.585+0000] {logging_mixin.py:190} INFO - [2026-08-23T02:04:14.585+0000] {dag.py:4180} INFO - Setting next_dagrun for weekly_segment to 2026-08-22 16:00:00+00:00, run_after=2026-08-29 16:00:00+00:00
[2026-08-23T02:04:14.598+0000] {processor.py:208} INFO - Processing /opt/airflow/dags/weekly_segment.py took 0.206 seconds
[2026-08-23T02:04:44.728+0000] {processor.py:186} INFO - Started process (PID=1734) to work on /opt/airflow/dags/weekly_segment.py
[2026-08-23T02:04:44.729+0000] {processor.py:914} INFO - Processing file /opt/airflow/dags/weekly_segment.py for tasks to queue
[2026-08-23T02:04:44.731+0000] {logging_mixin.py:190} INFO - [2026-08-23T02:04:44.731+0000] {dagbag.py:588} INFO - Filling up the DagBag from /opt/airflow/dags/weekly_segment.py
[2026-08-23T02:04:44.889+0000] {processor.py:925} INFO - DAG(s) 'weekly_segment' retrieved from /opt/airflow/dags/weekly_segment.py
[2026-08-23T02:04:44.911+0000] {logging_mixin.py:190} INFO - [2026-08-23T02:04:44.911+0000] {dag.py:3239} INFO - Sync 1 DAGs
[2026-08-23T02:04:44.929+0000] {logging_mixin.py:190} INFO - [2026-08-23T02:04:44.929+0000] {dag.py:4180} INFO - Setting next_dagrun for weekly_segment to 2026-08-22 16:00:00+00:00, run_after=2026-08-29 16:00:00+00:00
[2026-08-23T02:04:44.944+0000] {processor.py:208} INFO - Processing /opt/airflow/dags/weekly_segment.py took 0.224 seconds
[2026-08-23T02:05:14.997+0000] {processor.py:186} INFO - Started process (PID=1744) to work on /opt/airflow/dags/weekly_segment.py
[2026-08-23T02:05:14.998+0000] {processor.py:914} INFO - Processing file /opt/airflow/dags/weekly_segment.py for tasks to queue
[2026-08-23T02:05:15.000+0000] {logging_mixin.py:190} INFO - [2026-08-23T02:05:14.999+0000] {dagbag.py:588} INFO - Filling up the DagBag from /opt/airflow/dags/weekly_segment.py
[2026-08-23T02:05:15.100+0000] {processor.py:925} INFO - DAG(s) 'weekly_segment' retrieved from /opt/airflow/dags/weekly_segment.py
[2026-08-23T02:05:15.124+0000] {logging_mixin.py:190} INFO - [2026-08-23T02:05:15.124+0000] {dag.py:3239} INFO - Sync 1 DAGs
[2026-08-23T02:05:15.142+0000] {logging_mixin.py:190} INFO - [2026-08-23T02:05:15.142+0000] {dag.py:4180} INFO - Setting next_dagrun for weekly_segment to 2026-08-22 16:00:00+00:00, run_after=2026-08-29 16:00:00+00:00
[2026-08-23T02:05:15.162+0000] {processor.py:208} INFO - Processing /opt/airflow/dags/weekly_segment.py took 0.172 seconds
[2026-08-23T02:05:45.408+0000] {processor.py:186} INFO - Started process (PID=1754) to work on /opt/airflow/dags/weekly_segment.py
[2026-08-23T02:05:45.409+0000] {processor.py:914} INFO - Processing file /opt/airflow/dags/weekly_segment.py for tasks to queue
[2026-08-23T02:05:45.412+0000] {logging_mixin.py:190} INFO - [2026-08-23T02:05:45.411+0000] {dagbag.py:588} INFO - Filling up the DagBag from /opt/airflow/dags/weekly_segment.py
[2026-08-23T02:05:45.518+0000] {processor.py:925} INFO - DAG(s) 'weekly_segment' retrieved from /opt/airflow/dags/weekly_segment.py
[2026-08-23T02:05:45.538+0000] {logging_mixin.py:190} INFO - [2026-08-23T02:05:45.538+0000] {dag.py:3239} INFO - Sync 1 DAGs
[2026-08-23T02:05:45.554+0000] {logging_mixin.py:190} INFO - [2026-08-23T02:05:45.554+0000] {dag.py:4180} INFO - Setting next_dagrun for weekly_segment to 2026-08-22 16:00:00+00:00, run_after=2026-08-29 16:00:00+00:00
[2026-08-23T02:05:45.575+0000] {processor.py:208} INFO - Processing /opt/airflow/dags/weekly_segment.py took 0.173 seconds
[2026-08-23T02:06:15.725+0000] {processor.py:186} INFO - Started process (PID=1764) to work on /opt/airflow/dags/weekly_segment.py
[2026-08-23T02:06:15.726+0000] {processor.py:914} INFO - Processing file /opt/airflow/dags/weekly_segment.py for tasks to queue
[2026-08-23T02:06:15.728+0000] {logging_mixin.py:190} INFO - [2026-08-23T02:06:15.728+0000] {dagbag.py:588} INFO - Filling up the DagBag from /opt/airflow/dags/weekly_segment.py
[2026-08-23T02:06:15.850+0000] {processor.py:925} INFO - DAG(s) 'weekly_segment' retrieved from /opt/airflow/dags/weekly_segment.py
[2026-08-23T02:06:15.873+0000] {logging_mixin.py:190} INFO - [2026-08-23T02:06:15.873+0000] {dag.py:3239} INFO - Sync 1 DAGs
[2026-08-23T02:06:15.892+0000] {logging_mixin.py:190} INFO - [2026-08-23T02:06:15.892+0000] {dag.py:4180} INFO - Setting next_dagrun for weekly_segment to 2026-08-22 16:00:00+00:00, run_after=2026-08-29 16:00:00+00:00
[2026-08-23T02:06:15.907+0000] {processor.py:208} INFO - Processing /opt/airflow/dags/weekly_segment.py took 0.189 seconds
[2026-08-23T02:06:46.208+0000] {processor.py:186} INFO - Started process (PID=1774) to work on /opt/airflow/dags/weekly_segment.py
[2026-08-23T02:06:46.210+0000] {processor.py:914} INFO - Processing file /opt/airflow/dags/weekly_segment.py for tasks to queue
[2026-08-23T02:06:46.215+0000] {logging_mixin.py:190} INFO - [2026-08-23T02:06:46.215+0000] {dagbag.py:588} INFO - Filling up the DagBag from /opt/airflow/dags/weekly_segment.py
[2026-08-23T02:06:46.576+0000] {processor.py:925} INFO - DAG(s) 'weekly_segment' retrieved from /opt/airflow/dags/weekly_segment.py
[2026-08-23T02:06:46.606+0000] {logging_mixin.py:190} INFO - [2026-08-23T02:06:46.606+0000] {dag.py:3239} INFO - Sync 1 DAGs
[2026-08-23T02:06:46.629+0000] {logging_mixin.py:190} INFO - [2026-08-23T02:06:46.629+0000] {dag.py:4180} INFO - Setting next_dagrun for weekly_segment to 2026-08-22 16:00:00+00:00, run_after=2026-08-29 16:00:00+00:00
[2026-08-23T02:06:46.652+0000] {processor.py:208} INFO - Processing /opt/airflow/dags/weekly_segment.py took 0.457 seconds
[2026-08-23T02:07:17.012+0000] {processor.py:186} INFO - Started process (PID=1784) to work on /opt/airflow/dags/weekly_segment.py
[2026-08-23T02:07:17.014+0000] {processor.py:914} INFO - Processing file /opt/airflow/dags/weekly_segment.py for tasks to queue
[2026-08-23T02:07:17.017+0000] {logging_mixin.py:190} INFO - [2026-08-23T02:07:17.016+0000] {dagbag.py:588} INFO - Filling up the DagBag from /opt/airflow/dags/weekly_segment.py
[2026-08-23T02:07:17.227+0000] {processor.py:925} INFO - DAG(s) 'weekly_segment' retrieved from /opt/airflow/dags/weekly_segment.py
[2026-08-23T02:07:17.251+0000] {logging_mixin.py:190} INFO - [2026-08-23T02:07:17.251+0000] {dag.py:3239} INFO - Sync 1 DAGs
[2026-08-23T02:07:17.271+0000] {logging_mixin.py:190} INFO - [2026-08-23T02:07:17.270+0000] {dag.py:4180} INFO - Setting next_dagrun for weekly_segment to 2026-08-22 16:00:00+00:00, run_after=2026-08-29 16:00:00+00:00
[2026-08-23T02:07:17.287+0000] {processor.py:208} INFO - Processing /opt/airflow/dags/weekly_segment.py took 0.284 seconds
[2026-08-23T02:07:47.567+0000] {processor.py:186} INFO - Started process (PID=1794) to work on /opt/airflow/dags/weekly_segment.py
[2026-08-23T02:07:47.568+0000] {processor.py:914} INFO - Processing file /opt/airflow/dags/weekly_segment.py for tasks to queue
[2026-08-23T02:07:47.570+0000] {logging_mixin.py:190} INFO - [2026-08-23T02:07:47.570+0000] {dagbag.py:588} INFO - Filling up the DagBag from /opt/airflow/dags/weekly_segment.py
[2026-08-23T02:07:47.715+0000] {processor.py:925} INFO - DAG(s) 'weekly_segment' retrieved from /opt/airflow/dags/weekly_segment.py
[2026-08-23T02:07:47.735+0000] {logging_mixin.py:190} INFO - [2026-08-23T02:07:47.735+0000] {dag.py:3239} INFO - Sync 1 DAGs
[2026-08-23T02:07:47.753+0000] {logging_mixin.py:190} INFO - [2026-08-23T02:07:47.753+0000] {dag.py:4180} INFO - Setting next_dagrun for weekly_segment to 2026-08-22 16:00:00+00:00, run_after=2026-08-29 16:00:00+00:00
[2026-08-23T02:07:47.771+0000] {processor.py:208} INFO - Processing /opt/airflow/dags/weekly_segment.py took 0.210 seconds
[2026-08-23T02:08:18.056+0000] {processor.py:186} INFO - Started process (PID=1804) to work on /opt/airflow/dags/weekly_segment.py
[2026-08-23T02:08:18.059+0000] {processor.py:914} INFO - Processing file /opt/airflow/dags/weekly_segment.py for tasks to queue
[2026-08-23T02:08:18.062+0000] {logging_mixin.py:190} INFO - [2026-08-23T02:08:18.062+0000] {dagbag.py:588} INFO - Filling up the DagBag from /opt/airflow/dags/weekly_segment.py
[2026-08-23T02:08:18.454+0000] {processor.py:925} INFO - DAG(s) 'weekly_segment' retrieved from /opt/airflow/dags/weekly_segment.py
[2026-08-23T02:08:18.480+0000] {logging_mixin.py:190} INFO - [2026-08-23T02:08:18.480+0000] {dag.py:3239} INFO - Sync 1 DAGs
[2026-08-23T02:08:18.500+0000] {logging_mixin.py:190} INFO - [2026-08-23T02:08:18.500+0000] {dag.py:4180} INFO - Setting next_dagrun for weekly_segment to 2026-08-22 16:00:00+00:00, run_after=2026-08-29 16:00:00+00:00
[2026-08-23T02:08:18.520+0000] {processor.py:208} INFO - Processing /opt/airflow/dags/weekly_segment.py took 0.473 seconds
[2026-08-23T02:08:48.893+0000] {processor.py:186} INFO - Started process (PID=1814) to work on /opt/airflow/dags/weekly_segment.py
[2026-08-23T02:08:48.895+0000] {processor.py:914} INFO - Processing file /opt/airflow/dags/weekly_segment.py for tasks to queue
[2026-08-23T02:08:48.898+0000] {logging_mixin.py:190} INFO - [2026-08-23T02:08:48.898+0000] {dagbag.py:588} INFO - Filling up the DagBag from /opt/airflow/dags/weekly_segment.py
[2026-08-23T02:08:49.169+0000] {processor.py:925} INFO - DAG(s) 'weekly_segment' retrieved from /opt/airflow/dags/weekly_segment.py
[2026-08-23T02:08:49.198+0000] {logging_mixin.py:190} INFO - [2026-08-23T02:08:49.197+0000] {dag.py:3239} INFO - Sync 1 DAGs
[2026-08-23T02:08:49.219+0000] {logging_mixin.py:190} INFO - [2026-08-23T02:08:49.218+0000] {dag.py:4180} INFO - Setting next_dagrun for weekly_segment to 2026-08-22 16:00:00+00:00, run_after=2026-08-29 16:00:00+00:00
[2026-08-23T02:08:49.242+0000] {processor.py:208} INFO - Processing /opt/airflow/dags/weekly_segment.py took 0.365 seconds
[2026-08-23T02:09:19.496+0000] {processor.py:186} INFO - Started process (PID=1824) to work on /opt/airflow/dags/weekly_segment.py
[2026-08-23T02:09:19.497+0000] {processor.py:914} INFO - Processing file /opt/airflow/dags/weekly_segment.py for tasks to queue
[2026-08-23T02:09:19.500+0000] {logging_mixin.py:190} INFO - [2026-08-23T02:09:19.500+0000] {dagbag.py:588} INFO - Filling up the DagBag from /opt/airflow/dags/weekly_segment.py
[2026-08-23T02:09:19.626+0000] {processor.py:925} INFO - DAG(s) 'weekly_segment' retrieved from /opt/airflow/dags/weekly_segment.py
[2026-08-23T02:09:19.651+0000] {logging_mixin.py:190} INFO - [2026-08-23T02:09:19.651+0000] {dag.py:3239} INFO - Sync 1 DAGs
[2026-08-23T02:09:19.672+0000] {logging_mixin.py:190} INFO - [2026-08-23T02:09:19.672+0000] {dag.py:4180} INFO - Setting next_dagrun for weekly_segment to 2026-08-22 16:00:00+00:00, run_after=2026-08-29 16:00:00+00:00
[2026-08-23T02:09:19.689+0000] {processor.py:208} INFO - Processing /opt/airflow/dags/weekly_segment.py took 0.199 seconds
[2026-08-23T02:09:49.921+0000] {processor.py:186} INFO - Started process (PID=1834) to work on /opt/airflow/dags/weekly_segment.py
[2026-08-23T02:09:49.922+0000] {processor.py:914} INFO - Processing file /opt/airflow/dags/weekly_segment.py for tasks to queue
[2026-08-23T02:09:49.924+0000] {logging_mixin.py:190} INFO - [2026-08-23T02:09:49.923+0000] {dagbag.py:588} INFO - Filling up the DagBag from /opt/airflow/dags/weekly_segment.py
[2026-08-23T02:09:50.033+0000] {processor.py:925} INFO - DAG(s) 'weekly_segment' retrieved from /opt/airflow/dags/weekly_segment.py
[2026-08-23T02:09:50.056+0000] {logging_mixin.py:190} INFO - [2026-08-23T02:09:50.055+0000] {dag.py:3239} INFO - Sync 1 DAGs
[2026-08-23T02:09:50.075+0000] {logging_mixin.py:190} INFO - [2026-08-23T02:09:50.075+0000] {dag.py:4180} INFO - Setting next_dagrun for weekly_segment to 2026-08-22 16:00:00+00:00, run_after=2026-08-29 16:00:00+00:00
[2026-08-23T02:09:50.094+0000] {processor.py:208} INFO - Processing /opt/airflow/dags/weekly_segment.py took 0.179 seconds
[2026-08-23T02:10:20.148+0000] {processor.py:186} INFO - Started process (PID=1844) to work on /opt/airflow/dags/weekly_segment.py
[2026-08-23T02:10:20.149+0000] {processor.py:914} INFO - Processing file /opt/airflow/dags/weekly_segment.py for tasks to queue
[2026-08-23T02:10:20.151+0000] {logging_mixin.py:190} INFO - [2026-08-23T02:10:20.151+0000] {dagbag.py:588} INFO - Filling up the DagBag from /opt/airflow/dags/weekly_segment.py
[2026-08-23T02:10:20.263+0000] {processor.py:925} INFO - DAG(s) 'weekly_segment' retrieved from /opt/airflow/dags/weekly_segment.py
[2026-08-23T02:10:20.284+0000] {logging_mixin.py:190} INFO - [2026-08-23T02:10:20.283+0000] {dag.py:3239} INFO - Sync 1 DAGs
[2026-08-23T02:10:20.307+0000] {logging_mixin.py:190} INFO - [2026-08-23T02:10:20.307+0000] {dag.py:4180} INFO - Setting next_dagrun for weekly_segment to 2026-08-22 16:00:00+00:00, run_after=2026-08-29 16:00:00+00:00
[2026-08-23T02:10:20.324+0000] {processor.py:208} INFO - Processing /opt/airflow/dags/weekly_segment.py took 0.183 seconds
[2026-08-23T02:10:50.568+0000] {processor.py:186} INFO - Started process (PID=1854) to work on /opt/airflow/dags/weekly_segment.py
[2026-08-23T02:10:50.569+0000] {processor.py:914} INFO - Processing file /opt/airflow/dags/weekly_segment.py for tasks to queue
[2026-08-23T02:10:50.571+0000] {logging_mixin.py:190} INFO - [2026-08-23T02:10:50.571+0000] {dagbag.py:588} INFO - Filling up the DagBag from /opt/airflow/dags/weekly_segment.py
[2026-08-23T02:10:50.688+0000] {processor.py:925} INFO - DAG(s) 'weekly_segment' retrieved from /opt/airflow/dags/weekly_segment.py
[2026-08-23T02:10:50.711+0000] {logging_mixin.py:190} INFO - [2026-08-23T02:10:50.710+0000] {dag.py:3239} INFO - Sync 1 DAGs
[2026-08-23T02:10:50.727+0000] {logging_mixin.py:190} INFO - [2026-08-23T02:10:50.727+0000] {dag.py:4180} INFO - Setting next_dagrun for weekly_segment to 2026-08-22 16:00:00+00:00, run_after=2026-08-29 16:00:00+00:00
[2026-08-23T02:10:50.742+0000] {processor.py:208} INFO - Processing /opt/airflow/dags/weekly_segment.py took 0.182 seconds
[2026-08-23T02:11:20.876+0000] {processor.py:186} INFO - Started process (PID=1864) to work on /opt/airflow/dags/weekly_segment.py
[2026-08-23T02:11:20.877+0000] {processor.py:914} INFO - Processing file /opt/airflow/dags/weekly_segment.py for tasks to queue
[2026-08-23T02:11:20.879+0000] {logging_mixin.py:190} INFO - [2026-08-23T02:11:20.879+0000] {dagbag.py:588} INFO - Filling up the DagBag from /opt/airflow/dags/weekly_segment.py
[2026-08-23T02:11:20.997+0000] {processor.py:925} INFO - DAG(s) 'weekly_segment' retrieved from /opt/airflow/dags/weekly_segment.py
[2026-08-23T02:11:21.020+0000] {logging_mixin.py:190} INFO - [2026-08-23T02:11:21.019+0000] {dag.py:3239} INFO - Sync 1 DAGs
[2026-08-23T02:11:21.037+0000] {logging_mixin.py:190} INFO - [2026-08-23T02:11:21.037+0000] {dag.py:4180} INFO - Setting next_dagrun for weekly_segment to 2026-08-22 16:00:00+00:00, run_after=2026-08-29 16:00:00+00:00
[2026-08-23T02:11:21.054+0000] {processor.py:208} INFO - Processing /opt/airflow/dags/weekly_segment.py took 0.184 seconds
[2026-08-23T02:11:51.190+0000] {processor.py:186} INFO - Started process (PID=1874) to work on /opt/airflow/dags/weekly_segment.py
[2026-08-23T02:11:51.191+0000] {processor.py:914} INFO - Processing file /opt/airflow/dags/weekly_segment.py for tasks to queue
[2026-08-23T02:11:51.194+0000] {logging_mixin.py:190} INFO - [2026-08-23T02:11:51.194+0000] {dagbag.py:588} INFO - Filling up the DagBag from /opt/airflow/dags/weekly_segment.py
[2026-08-23T02:11:51.319+0000] {processor.py:925} INFO - DAG(s) 'weekly_segment' retrieved from /opt/airflow/dags/weekly_segment.py
[2026-08-23T02:11:51.342+0000] {logging_mixin.py:190} INFO - [2026-08-23T02:11:51.342+0000] {dag.py:3239} INFO - Sync 1 DAGs
[2026-08-23T02:11:51.363+0000] {logging_mixin.py:190} INFO - [2026-08-23T02:11:51.363+0000] {dag.py:4180} INFO - Setting next_dagrun for weekly_segment to 2026-08-22 16:00:00+00:00, run_after=2026-08-29 16:00:00+00:00
[2026-08-23T02:11:51.379+0000] {processor.py:208} INFO - Processing /opt/airflow/dags/weekly_segment.py took 0.198 seconds
[2026-08-23T02:12:21.466+0000] {processor.py:186} INFO - Started process (PID=1884) to work on /opt/airflow/dags/weekly_segment.py
[2026-08-23T02:12:21.468+0000] {processor.py:914} INFO - Processing file /opt/airflow/dags/weekly_segment.py for tasks to queue
[2026-08-23T02:12:21.470+0000] {logging_mixin.py:190} INFO - [2026-08-23T02:12:21.470+0000] {dagbag.py:588} INFO - Filling up the DagBag from /opt/airflow/dags/weekly_segment.py
[2026-08-23T02:12:21.588+0000] {processor.py:925} INFO - DAG(s) 'weekly_segment' retrieved from /opt/airflow/dags/weekly_segment.py
[2026-08-23T02:12:21.610+0000] {logging_mixin.py:190} INFO - [2026-08-23T02:12:21.610+0000] {dag.py:3239} INFO - Sync 1 DAGs
[2026-08-23T02:12:21.629+0000] {logging_mixin.py:190} INFO - [2026-08-23T02:12:21.629+0000] {dag.py:4180} INFO - Setting next_dagrun for weekly_segment to 2026-08-22 16:00:00+00:00, run_after=2026-08-29 16:00:00+00:00
[2026-08-23T02:12:21.649+0000] {processor.py:208} INFO - Processing /opt/airflow/dags/weekly_segment.py took 0.190 seconds
[2026-08-23T02:12:51.866+0000] {processor.py:186} INFO - Started process (PID=1894) to work on /opt/airflow/dags/weekly_segment.py
[2026-08-23T02:12:51.868+0000] {processor.py:914} INFO - Processing file /opt/airflow/dags/weekly_segment.py for tasks to queue
[2026-08-23T02:12:51.870+0000] {logging_mixin.py:190} INFO - [2026-08-23T02:12:51.870+0000] {dagbag.py:588} INFO - Filling up the DagBag from /opt/airflow/dags/weekly_segment.py
[2026-08-23T02:12:51.976+0000] {processor.py:925} INFO - DAG(s) 'weekly_segment' retrieved from /opt/airflow/dags/weekly_segment.py
[2026-08-23T02:12:51.996+0000] {logging_mixin.py:190} INFO - [2026-08-23T02:12:51.996+0000] {dag.py:3239} INFO - Sync 1 DAGs
[2026-08-23T02:12:52.014+0000] {logging_mixin.py:190} INFO - [2026-08-23T02:12:52.013+0000] {dag.py:4180} INFO - Setting next_dagrun for weekly_segment to 2026-08-22 16:00:00+00:00, run_after=2026-08-29 16:00:00+00:00
[2026-08-23T02:12:52.031+0000] {processor.py:208} INFO - Processing /opt/airflow/dags/weekly_segment.py took 0.171 seconds
[2026-08-23T02:13:22.184+0000] {processor.py:186} INFO - Started process (PID=1904) to work on /opt/airflow/dags/weekly_segment.py
[2026-08-23T02:13:22.185+0000] {processor.py:914} INFO - Processing file /opt/airflow/dags/weekly_segment.py for tasks to queue
[2026-08-23T02:13:22.187+0000] {logging_mixin.py:190} INFO - [2026-08-23T02:13:22.186+0000] {dagbag.py:588} INFO - Filling up the DagBag from /opt/airflow/dags/weekly_segment.py
[2026-08-23T02:13:22.317+0000] {processor.py:925} INFO - DAG(s) 'weekly_segment' retrieved from /opt/airflow/dags/weekly_segment.py
[2026-08-23T02:13:22.337+0000] {logging_mixin.py:190} INFO - [2026-08-23T02:13:22.337+0000] {dag.py:3239} INFO - Sync 1 DAGs
[2026-08-23T02:13:22.354+0000] {logging_mixin.py:190} INFO - [2026-08-23T02:13:22.354+0000] {dag.py:4180} INFO - Setting next_dagrun for weekly_segment to 2026-08-22 16:00:00+00:00, run_after=2026-08-29 16:00:00+00:00
[2026-08-23T02:13:22.369+0000] {processor.py:208} INFO - Processing /opt/airflow/dags/weekly_segment.py took 0.192 seconds
[2026-08-23T02:13:52.537+0000] {processor.py:186} INFO - Started process (PID=1914) to work on /opt/airflow/dags/weekly_segment.py
[2026-08-23T02:13:52.538+0000] {processor.py:914} INFO - Processing file /opt/airflow/dags/weekly_segment.py for tasks to queue
[2026-08-23T02:13:52.540+0000] {logging_mixin.py:190} INFO - [2026-08-23T02:13:52.539+0000] {dagbag.py:588} INFO - Filling up the DagBag from /opt/airflow/dags/weekly_segment.py
[2026-08-23T02:13:52.662+0000] {processor.py:925} INFO - DAG(s) 'weekly_segment' retrieved from /opt/airflow/dags/weekly_segment.py
[2026-08-23T02:13:52.684+0000] {logging_mixin.py:190} INFO - [2026-08-23T02:13:52.684+0000] {dag.py:3239} INFO - Sync 1 DAGs
[2026-08-23T02:13:52.701+0000] {logging_mixin.py:190} INFO - [2026-08-23T02:13:52.701+0000] {dag.py:4180} INFO - Setting next_dagrun for weekly_segment to 2026-08-22 16:00:00+00:00, run_after=2026-08-29 16:00:00+00:00
[2026-08-23T02:13:52.716+0000] {processor.py:208} INFO - Processing /opt/airflow/dags/weekly_segment.py took 0.186 seconds
[2026-08-23T02:14:22.864+0000] {processor.py:186} INFO - Started process (PID=1924) to work on /opt/airflow/dags/weekly_segment.py
[2026-08-23T02:14:22.866+0000] {processor.py:914} INFO - Processing file /opt/airflow/dags/weekly_segment.py for tasks to queue
[2026-08-23T02:14:22.869+0000] {logging_mixin.py:190} INFO - [2026-08-23T02:14:22.868+0000] {dagbag.py:588} INFO - Filling up the DagBag from /opt/airflow/dags/weekly_segment.py
[2026-08-23T02:14:23.006+0000] {processor.py:925} INFO - DAG(s) 'weekly_segment' retrieved from /opt/airflow/dags/weekly_segment.py
[2026-08-23T02:14:23.028+0000] {logging_mixin.py:190} INFO - [2026-08-23T02:14:23.028+0000] {dag.py:3239} INFO - Sync 1 DAGs
[2026-08-23T02:14:23.046+0000] {logging_mixin.py:190} INFO - [2026-08-23T02:14:23.046+0000] {dag.py:4180} INFO - Setting next_dagrun for weekly_segment to 2026-08-22 16:00:00+00:00, run_after=2026-08-29 16:00:00+00:00
[2026-08-23T02:14:23.061+0000] {processor.py:208} INFO - Processing /opt/airflow/dags/weekly_segment.py took 0.204 seconds
[2026-08-23T02:14:53.138+0000] {processor.py:186} INFO - Started process (PID=1934) to work on /opt/airflow/dags/weekly_segment.py
[2026-08-23T02:14:53.140+0000] {processor.py:914} INFO - Processing file /opt/airflow/dags/weekly_segment.py for tasks to queue
[2026-08-23T02:14:53.142+0000] {logging_mixin.py:190} INFO - [2026-08-23T02:14:53.141+0000] {dagbag.py:588} INFO - Filling up the DagBag from /opt/airflow/dags/weekly_segment.py
[2026-08-23T02:14:53.266+0000] {processor.py:925} INFO - DAG(s) 'weekly_segment' retrieved from /opt/airflow/dags/weekly_segment.py
[2026-08-23T02:14:53.289+0000] {logging_mixin.py:190} INFO - [2026-08-23T02:14:53.289+0000] {dag.py:3239} INFO - Sync 1 DAGs
[2026-08-23T02:14:53.308+0000] {logging_mixin.py:190} INFO - [2026-08-23T02:14:53.308+0000] {dag.py:4180} INFO - Setting next_dagrun for weekly_segment to 2026-08-22 16:00:00+00:00, run_after=2026-08-29 16:00:00+00:00
[2026-08-23T02:14:53.328+0000] {processor.py:208} INFO - Processing /opt/airflow/dags/weekly_segment.py took 0.197 seconds
[2026-08-23T02:15:23.474+0000] {processor.py:186} INFO - Started process (PID=1944) to work on /opt/airflow/dags/weekly_segment.py
[2026-08-23T02:15:23.475+0000] {processor.py:914} INFO - Processing file /opt/airflow/dags/weekly_segment.py for tasks to queue
[2026-08-23T02:15:23.477+0000] {logging_mixin.py:190} INFO - [2026-08-23T02:15:23.476+0000] {dagbag.py:588} INFO - Filling up the DagBag from /opt/airflow/dags/weekly_segment.py
[2026-08-23T02:15:23.617+0000] {processor.py:925} INFO - DAG(s) 'weekly_segment' retrieved from /opt/airflow/dags/weekly_segment.py
[2026-08-23T02:15:23.642+0000] {logging_mixin.py:190} INFO - [2026-08-23T02:15:23.642+0000] {dag.py:3239} INFO - Sync 1 DAGs
[2026-08-23T02:15:23.664+0000] {logging_mixin.py:190} INFO - [2026-08-23T02:15:23.663+0000] {dag.py:4180} INFO - Setting next_dagrun for weekly_segment to 2026-08-22 16:00:00+00:00, run_after=2026-08-29 16:00:00+00:00
[2026-08-23T02:15:23.688+0000] {processor.py:208} INFO - Processing /opt/airflow/dags/weekly_segment.py took 0.221 seconds
[2026-08-23T02:15:53.912+0000] {processor.py:186} INFO - Started process (PID=1957) to work on /opt/airflow/dags/weekly_segment.py
[2026-08-23T02:15:53.913+0000] {processor.py:914} INFO - Processing file /opt/airflow/dags/weekly_segment.py for tasks to queue
[2026-08-23T02:15:53.917+0000] {logging_mixin.py:190} INFO - [2026-08-23T02:15:53.917+0000] {dagbag.py:588} INFO - Filling up the DagBag from /opt/airflow/dags/weekly_segment.py
[2026-08-23T02:15:54.152+0000] {processor.py:925} INFO - DAG(s) 'weekly_segment' retrieved from /opt/airflow/dags/weekly_segment.py
[2026-08-23T02:15:54.176+0000] {logging_mixin.py:190} INFO - [2026-08-23T02:15:54.176+0000] {dag.py:3239} INFO - Sync 1 DAGs
[2026-08-23T02:15:54.197+0000] {logging_mixin.py:190} INFO - [2026-08-23T02:15:54.197+0000] {dag.py:4180} INFO - Setting next_dagrun for weekly_segment to 2026-08-22 16:00:00+00:00, run_after=2026-08-29 16:00:00+00:00
[2026-08-23T02:15:54.212+0000] {processor.py:208} INFO - Processing /opt/airflow/dags/weekly_segment.py took 0.308 seconds
[2026-08-23T02:16:24.327+0000] {processor.py:186} INFO - Started process (PID=1964) to work on /opt/airflow/dags/weekly_segment.py
[2026-08-23T02:16:24.328+0000] {processor.py:914} INFO - Processing file /opt/airflow/dags/weekly_segment.py for tasks to queue
[2026-08-23T02:16:24.330+0000] {logging_mixin.py:190} INFO - [2026-08-23T02:16:24.330+0000] {dagbag.py:588} INFO - Filling up the DagBag from /opt/airflow/dags/weekly_segment.py
[2026-08-23T02:16:24.499+0000] {processor.py:925} INFO - DAG(s) 'weekly_segment' retrieved from /opt/airflow/dags/weekly_segment.py
[2026-08-23T02:16:24.526+0000] {logging_mixin.py:190} INFO - [2026-08-23T02:16:24.525+0000] {dag.py:3239} INFO - Sync 1 DAGs
[2026-08-23T02:16:24.545+0000] {logging_mixin.py:190} INFO - [2026-08-23T02:16:24.545+0000] {dag.py:4180} INFO - Setting next_dagrun for weekly_segment to 2026-08-22 16:00:00+00:00, run_after=2026-08-29 16:00:00+00:00
[2026-08-23T02:16:24.562+0000] {processor.py:208} INFO - Processing /opt/airflow/dags/weekly_segment.py took 0.242 seconds
[2026-08-23T02:16:54.613+0000] {processor.py:186} INFO - Started process (PID=1974) to work on /opt/airflow/dags/weekly_segment.py
[2026-08-23T02:16:54.614+0000] {processor.py:914} INFO - Processing file /opt/airflow/dags/weekly_segment.py for tasks to queue
[2026-08-23T02:16:54.616+0000] {logging_mixin.py:190} INFO - [2026-08-23T02:16:54.615+0000] {dagbag.py:588} INFO - Filling up the DagBag from /opt/airflow/dags/weekly_segment.py
[2026-08-23T02:16:54.719+0000] {processor.py:925} INFO - DAG(s) 'weekly_segment' retrieved from /opt/airflow/dags/weekly_segment.py
[2026-08-23T02:16:54.740+0000] {logging_mixin.py:190} INFO - [2026-08-23T02:16:54.739+0000] {dag.py:3239} INFO - Sync 1 DAGs
[2026-08-23T02:16:54.755+0000] {logging_mixin.py:190} INFO - [2026-08-23T02:16:54.755+0000] {dag.py:4180} INFO - Setting next_dagrun for weekly_segment to 2026-08-22 16:00:00+00:00, run_after=2026-08-29 16:00:00+00:00
[2026-08-23T02:16:54.770+0000] {processor.py:208} INFO - Processing /opt/airflow/dags/weekly_segment.py took 0.162 seconds
[2026-08-23T02:17:24.980+0000] {processor.py:186} INFO - Started process (PID=1984) to work on /opt/airflow/dags/weekly_segment.py
[2026-08-23T02:17:24.982+0000] {processor.py:914} INFO - Processing file /opt/airflow/dags/weekly_segment.py for tasks to queue
[2026-08-23T02:17:24.984+0000] {logging_mixin.py:190} INFO - [2026-08-23T02:17:24.984+0000] {dagbag.py:588} INFO - Filling up the DagBag from /opt/airflow/dags/weekly_segment.py
[2026-08-23T02:17:25.088+0000] {processor.py:925} INFO - DAG(s) 'weekly_segment' retrieved from /opt/airflow/dags/weekly_segment.py
[2026-08-23T02:17:25.111+0000] {logging_mixin.py:190} INFO - [2026-08-23T02:17:25.111+0000] {dag.py:3239} INFO - Sync 1 DAGs
[2026-08-23T02:17:25.129+0000] {logging_mixin.py:190} INFO - [2026-08-23T02:17:25.129+0000] {dag.py:4180} INFO - Setting next_dagrun for weekly_segment to 2026-08-22 16:00:00+00:00, run_after=2026-08-29 16:00:00+00:00
[2026-08-23T02:17:25.143+0000] {processor.py:208} INFO - Processing /opt/airflow/dags/weekly_segment.py took 0.170 seconds
[2026-08-23T02:17:55.183+0000] {processor.py:186} INFO - Started process (PID=1994) to work on /opt/airflow/dags/weekly_segment.py
[2026-08-23T02:17:55.184+0000] {processor.py:914} INFO - Processing file /opt/airflow/dags/weekly_segment.py for tasks to queue
[2026-08-23T02:17:55.187+0000] {logging_mixin.py:190} INFO - [2026-08-23T02:17:55.187+0000] {dagbag.py:588} INFO - Filling up the DagBag from /opt/airflow/dags/weekly_segment.py
[2026-08-23T02:17:55.315+0000] {processor.py:925} INFO - DAG(s) 'weekly_segment' retrieved from /opt/airflow/dags/weekly_segment.py
[2026-08-23T02:17:55.341+0000] {logging_mixin.py:190} INFO - [2026-08-23T02:17:55.341+0000] {dag.py:3239} INFO - Sync 1 DAGs
[2026-08-23T02:17:55.363+0000] {logging_mixin.py:190} INFO - [2026-08-23T02:17:55.363+0000] {dag.py:4180} INFO - Setting next_dagrun for weekly_segment to 2026-08-22 16:00:00+00:00, run_after=2026-08-29 16:00:00+00:00
[2026-08-23T02:17:55.384+0000] {processor.py:208} INFO - Processing /opt/airflow/dags/weekly_segment.py took 0.208 seconds
[2026-08-23T02:18:25.519+0000] {processor.py:186} INFO - Started process (PID=2004) to work on /opt/airflow/dags/weekly_segment.py
[2026-08-23T02:18:25.520+0000] {processor.py:914} INFO - Processing file /opt/airflow/dags/weekly_segment.py for tasks to queue
[2026-08-23T02:18:25.522+0000] {logging_mixin.py:190} INFO - [2026-08-23T02:18:25.522+0000] {dagbag.py:588} INFO - Filling up the DagBag from /opt/airflow/dags/weekly_segment.py
[2026-08-23T02:18:25.634+0000] {processor.py:925} INFO - DAG(s) 'weekly_segment' retrieved from /opt/airflow/dags/weekly_segment.py
[2026-08-23T02:18:25.655+0000] {logging_mixin.py:190} INFO - [2026-08-23T02:18:25.655+0000] {dag.py:3239} INFO - Sync 1 DAGs
[2026-08-23T02:18:25.674+0000] {logging_mixin.py:190} INFO - [2026-08-23T02:18:25.674+0000] {dag.py:4180} INFO - Setting next_dagrun for weekly_segment to 2026-08-22 16:00:00+00:00, run_after=2026-08-29 16:00:00+00:00
[2026-08-23T02:18:25.690+0000] {processor.py:208} INFO - Processing /opt/airflow/dags/weekly_segment.py took 0.177 seconds
[2026-08-23T02:18:55.828+0000] {processor.py:186} INFO - Started process (PID=2014) to work on /opt/airflow/dags/weekly_segment.py
[2026-08-23T02:18:55.828+0000] {processor.py:914} INFO - Processing file /opt/airflow/dags/weekly_segment.py for tasks to queue
[2026-08-23T02:18:55.831+0000] {logging_mixin.py:190} INFO - [2026-08-23T02:18:55.830+0000] {dagbag.py:588} INFO - Filling up the DagBag from /opt/airflow/dags/weekly_segment.py
[2026-08-23T02:18:55.931+0000] {processor.py:925} INFO - DAG(s) 'weekly_segment' retrieved from /opt/airflow/dags/weekly_segment.py
[2026-08-23T02:18:55.952+0000] {logging_mixin.py:190} INFO - [2026-08-23T02:18:55.952+0000] {dag.py:3239} INFO - Sync 1 DAGs
[2026-08-23T02:18:55.969+0000] {logging_mixin.py:190} INFO - [2026-08-23T02:18:55.969+0000] {dag.py:4180} INFO - Setting next_dagrun for weekly_segment to 2026-08-22 16:00:00+00:00, run_after=2026-08-29 16:00:00+00:00
[2026-08-23T02:18:55.982+0000] {processor.py:208} INFO - Processing /opt/airflow/dags/weekly_segment.py took 0.161 seconds
[2026-08-23T02:19:26.162+0000] {processor.py:186} INFO - Started process (PID=2024) to work on /opt/airflow/dags/weekly_segment.py
[2026-08-23T02:19:26.163+0000] {processor.py:914} INFO - Processing file /opt/airflow/dags/weekly_segment.py for tasks to queue
[2026-08-23T02:19:26.165+0000] {logging_mixin.py:190} INFO - [2026-08-23T02:19:26.165+0000] {dagbag.py:588} INFO - Filling up the DagBag from /opt/airflow/dags/weekly_segment.py
[2026-08-23T02:19:26.348+0000] {processor.py:925} INFO - DAG(s) 'weekly_segment' retrieved from /opt/airflow/dags/weekly_segment.py
[2026-08-23T02:19:26.374+0000] {logging_mixin.py:190} INFO - [2026-08-23T02:19:26.374+0000] {dag.py:3239} INFO - Sync 1 DAGs
[2026-08-23T02:19:26.396+0000] {logging_mixin.py:190} INFO - [2026-08-23T02:19:26.396+0000] {dag.py:4180} INFO - Setting next_dagrun for weekly_segment to 2026-08-22 16:00:00+00:00, run_after=2026-08-29 16:00:00+00:00
[2026-08-23T02:19:26.416+0000] {processor.py:208} INFO - Processing /opt/airflow/dags/weekly_segment.py took 0.261 seconds
[2026-08-23T02:19:56.699+0000] {processor.py:186} INFO - Started process (PID=2034) to work on /opt/airflow/dags/weekly_segment.py
[2026-08-23T02:19:56.700+0000] {processor.py:914} INFO - Processing file /opt/airflow/dags/weekly_segment.py for tasks to queue
[2026-08-23T02:19:56.702+0000] {logging_mixin.py:190} INFO - [2026-08-23T02:19:56.702+0000] {dagbag.py:588} INFO - Filling up the DagBag from /opt/airflow/dags/weekly_segment.py
[2026-08-23T02:19:56.809+0000] {processor.py:925} INFO - DAG(s) 'weekly_segment' retrieved from /opt/airflow/dags/weekly_segment.py
[2026-08-23T02:19:56.836+0000] {logging_mixin.py:190} INFO - [2026-08-23T02:19:56.836+0000] {dag.py:3239} INFO - Sync 1 DAGs
[2026-08-23T02:19:56.855+0000] {logging_mixin.py:190} INFO - [2026-08-23T02:19:56.854+0000] {dag.py:4180} INFO - Setting next_dagrun for weekly_segment to 2026-08-22 16:00:00+00:00, run_after=2026-08-29 16:00:00+00:00
[2026-08-23T02:19:56.873+0000] {processor.py:208} INFO - Processing /opt/airflow/dags/weekly_segment.py took 0.180 seconds
[2026-08-23T02:20:26.924+0000] {processor.py:186} INFO - Started process (PID=2044) to work on /opt/airflow/dags/weekly_segment.py
[2026-08-23T02:20:26.924+0000] {processor.py:914} INFO - Processing file /opt/airflow/dags/weekly_segment.py for tasks to queue
[2026-08-23T02:20:26.926+0000] {logging_mixin.py:190} INFO - [2026-08-23T02:20:26.926+0000] {dagbag.py:588} INFO - Filling up the DagBag from /opt/airflow/dags/weekly_segment.py
[2026-08-23T02:20:27.014+0000] {processor.py:925} INFO - DAG(s) 'weekly_segment' retrieved from /opt/airflow/dags/weekly_segment.py
[2026-08-23T02:20:27.033+0000] {logging_mixin.py:190} INFO - [2026-08-23T02:20:27.033+0000] {dag.py:3239} INFO - Sync 1 DAGs
[2026-08-23T02:20:27.049+0000] {logging_mixin.py:190} INFO - [2026-08-23T02:20:27.049+0000] {dag.py:4180} INFO - Setting next_dagrun for weekly_segment to 2026-08-22 16:00:00+00:00, run_after=2026-08-29 16:00:00+00:00
[2026-08-23T02:20:27.066+0000] {processor.py:208} INFO - Processing /opt/airflow/dags/weekly_segment.py took 0.149 seconds
[2026-08-23T02:20:57.300+0000] {processor.py:186} INFO - Started process (PID=2054) to work on /opt/airflow/dags/weekly_segment.py
[2026-08-23T02:20:57.301+0000] {processor.py:914} INFO - Processing file /opt/airflow/dags/weekly_segment.py for tasks to queue
[2026-08-23T02:20:57.303+0000] {logging_mixin.py:190} INFO - [2026-08-23T02:20:57.303+0000] {dagbag.py:588} INFO - Filling up the DagBag from /opt/airflow/dags/weekly_segment.py
[2026-08-23T02:20:57.395+0000] {processor.py:925} INFO - DAG(s) 'weekly_segment' retrieved from /opt/airflow/dags/weekly_segment.py
[2026-08-23T02:20:57.416+0000] {logging_mixin.py:190} INFO - [2026-08-23T02:20:57.416+0000] {dag.py:3239} INFO - Sync 1 DAGs
[2026-08-23T02:20:57.433+0000] {logging_mixin.py:190} INFO - [2026-08-23T02:20:57.433+0000] {dag.py:4180} INFO - Setting next_dagrun for weekly_segment to 2026-08-22 16:00:00+00:00, run_after=2026-08-29 16:00:00+00:00
[2026-08-23T02:20:57.452+0000] {processor.py:208} INFO - Processing /opt/airflow/dags/weekly_segment.py took 0.159 seconds
[2026-08-23T02:21:27.551+0000] {processor.py:186} INFO - Started process (PID=2064) to work on /opt/airflow/dags/weekly_segment.py
[2026-08-23T02:21:27.553+0000] {processor.py:914} INFO - Processing file /opt/airflow/dags/weekly_segment.py for tasks to queue
[2026-08-23T02:21:27.555+0000] {logging_mixin.py:190} INFO - [2026-08-23T02:21:27.554+0000] {dagbag.py:588} INFO - Filling up the DagBag from /opt/airflow/dags/weekly_segment.py
[2026-08-23T02:21:27.663+0000] {processor.py:925} INFO - DAG(s) 'weekly_segment' retrieved from /opt/airflow/dags/weekly_segment.py
[2026-08-23T02:21:27.685+0000] {logging_mixin.py:190} INFO - [2026-08-23T02:21:27.685+0000] {dag.py:3239} INFO - Sync 1 DAGs
[2026-08-23T02:21:27.703+0000] {logging_mixin.py:190} INFO - [2026-08-23T02:21:27.703+0000] {dag.py:4180} INFO - Setting next_dagrun for weekly_segment to 2026-08-22 16:00:00+00:00, run_after=2026-08-29 16:00:00+00:00
[2026-08-23T02:21:27.719+0000] {processor.py:208} INFO - Processing /opt/airflow/dags/weekly_segment.py took 0.174 seconds
[2026-08-23T02:21:57.916+0000] {processor.py:186} INFO - Started process (PID=2074) to work on /opt/airflow/dags/weekly_segment.py
[2026-08-23T02:21:57.917+0000] {processor.py:914} INFO - Processing file /opt/airflow/dags/weekly_segment.py for tasks to queue
[2026-08-23T02:21:57.919+0000] {logging_mixin.py:190} INFO - [2026-08-23T02:21:57.919+0000] {dagbag.py:588} INFO - Filling up the DagBag from /opt/airflow/dags/weekly_segment.py
[2026-08-23T02:21:58.012+0000] {processor.py:925} INFO - DAG(s) 'weekly_segment' retrieved from /opt/airflow/dags/weekly_segment.py
[2026-08-23T02:21:58.034+0000] {logging_mixin.py:190} INFO - [2026-08-23T02:21:58.034+0000] {dag.py:3239} INFO - Sync 1 DAGs
[2026-08-23T02:21:58.051+0000] {logging_mixin.py:190} INFO - [2026-08-23T02:21:58.051+0000] {dag.py:4180} INFO - Setting next_dagrun for weekly_segment to 2026-08-22 16:00:00+00:00, run_after=2026-08-29 16:00:00+00:00
[2026-08-23T02:21:58.068+0000] {processor.py:208} INFO - Processing /opt/airflow/dags/weekly_segment.py took 0.160 seconds
[2026-08-23T02:22:28.218+0000] {processor.py:186} INFO - Started process (PID=2084) to work on /opt/airflow/dags/weekly_segment.py
[2026-08-23T02:22:28.219+0000] {processor.py:914} INFO - Processing file /opt/airflow/dags/weekly_segment.py for tasks to queue
[2026-08-23T02:22:28.221+0000] {logging_mixin.py:190} INFO - [2026-08-23T02:22:28.221+0000] {dagbag.py:588} INFO - Filling up the DagBag from /opt/airflow/dags/weekly_segment.py
[2026-08-23T02:22:28.324+0000] {processor.py:925} INFO - DAG(s) 'weekly_segment' retrieved from /opt/airflow/dags/weekly_segment.py
[2026-08-23T02:22:28.346+0000] {logging_mixin.py:190} INFO - [2026-08-23T02:22:28.346+0000] {dag.py:3239} INFO - Sync 1 DAGs
[2026-08-23T02:22:28.363+0000] {logging_mixin.py:190} INFO - [2026-08-23T02:22:28.363+0000] {dag.py:4180} INFO - Setting next_dagrun for weekly_segment to 2026-08-22 16:00:00+00:00, run_after=2026-08-29 16:00:00+00:00
[2026-08-23T02:22:28.378+0000] {processor.py:208} INFO - Processing /opt/airflow/dags/weekly_segment.py took 0.168 seconds
[2026-08-23T02:22:58.485+0000] {processor.py:186} INFO - Started process (PID=2094) to work on /opt/airflow/dags/weekly_segment.py
[2026-08-23T02:22:58.486+0000] {processor.py:914} INFO - Processing file /opt/airflow/dags/weekly_segment.py for tasks to queue
[2026-08-23T02:22:58.488+0000] {logging_mixin.py:190} INFO - [2026-08-23T02:22:58.488+0000] {dagbag.py:588} INFO - Filling up the DagBag from /opt/airflow/dags/weekly_segment.py
[2026-08-23T02:22:58.589+0000] {processor.py:925} INFO - DAG(s) 'weekly_segment' retrieved from /opt/airflow/dags/weekly_segment.py
[2026-08-23T02:22:58.610+0000] {logging_mixin.py:190} INFO - [2026-08-23T02:22:58.610+0000] {dag.py:3239} INFO - Sync 1 DAGs
[2026-08-23T02:22:58.627+0000] {logging_mixin.py:190} INFO - [2026-08-23T02:22:58.627+0000] {dag.py:4180} INFO - Setting next_dagrun for weekly_segment to 2026-08-22 16:00:00+00:00, run_after=2026-08-29 16:00:00+00:00
[2026-08-23T02:22:58.642+0000] {processor.py:208} INFO - Processing /opt/airflow/dags/weekly_segment.py took 0.163 seconds
[2026-08-23T02:23:28.789+0000] {processor.py:186} INFO - Started process (PID=2104) to work on /opt/airflow/dags/weekly_segment.py
[2026-08-23T02:23:28.790+0000] {processor.py:914} INFO - Processing file /opt/airflow/dags/weekly_segment.py for tasks to queue
[2026-08-23T02:23:28.792+0000] {logging_mixin.py:190} INFO - [2026-08-23T02:23:28.791+0000] {dagbag.py:588} INFO - Filling up the DagBag from /opt/airflow/dags/weekly_segment.py
[2026-08-23T02:23:28.896+0000] {processor.py:925} INFO - DAG(s) 'weekly_segment' retrieved from /opt/airflow/dags/weekly_segment.py
[2026-08-23T02:23:28.917+0000] {logging_mixin.py:190} INFO - [2026-08-23T02:23:28.917+0000] {dag.py:3239} INFO - Sync 1 DAGs
[2026-08-23T02:23:28.934+0000] {logging_mixin.py:190} INFO - [2026-08-23T02:23:28.934+0000] {dag.py:4180} INFO - Setting next_dagrun for weekly_segment to 2026-08-22 16:00:00+00:00, run_after=2026-08-29 16:00:00+00:00
[2026-08-23T02:23:28.954+0000] {processor.py:208} INFO - Processing /opt/airflow/dags/weekly_segment.py took 0.172 seconds
[2026-08-23T02:23:59.037+0000] {processor.py:186} INFO - Started process (PID=2114) to work on /opt/airflow/dags/weekly_segment.py
[2026-08-23T02:23:59.038+0000] {processor.py:914} INFO - Processing file /opt/airflow/dags/weekly_segment.py for tasks to queue
[2026-08-23T02:23:59.040+0000] {logging_mixin.py:190} INFO - [2026-08-23T02:23:59.040+0000] {dagbag.py:588} INFO - Filling up the DagBag from /opt/airflow/dags/weekly_segment.py
[2026-08-23T02:23:59.141+0000] {processor.py:925} INFO - DAG(s) 'weekly_segment' retrieved from /opt/airflow/dags/weekly_segment.py
[2026-08-23T02:23:59.163+0000] {logging_mixin.py:190} INFO - [2026-08-23T02:23:59.163+0000] {dag.py:3239} INFO - Sync 1 DAGs
[2026-08-23T02:23:59.182+0000] {logging_mixin.py:190} INFO - [2026-08-23T02:23:59.182+0000] {dag.py:4180} INFO - Setting next_dagrun for weekly_segment to 2026-08-22 16:00:00+00:00, run_after=2026-08-29 16:00:00+00:00
[2026-08-23T02:23:59.197+0000] {processor.py:208} INFO - Processing /opt/airflow/dags/weekly_segment.py took 0.168 seconds
[2026-08-23T02:24:29.309+0000] {processor.py:186} INFO - Started process (PID=2124) to work on /opt/airflow/dags/weekly_segment.py
[2026-08-23T02:24:29.309+0000] {processor.py:914} INFO - Processing file /opt/airflow/dags/weekly_segment.py for tasks to queue
[2026-08-23T02:24:29.312+0000] {logging_mixin.py:190} INFO - [2026-08-23T02:24:29.311+0000] {dagbag.py:588} INFO - Filling up the DagBag from /opt/airflow/dags/weekly_segment.py
[2026-08-23T02:24:29.421+0000] {processor.py:925} INFO - DAG(s) 'weekly_segment' retrieved from /opt/airflow/dags/weekly_segment.py
[2026-08-23T02:24:29.442+0000] {logging_mixin.py:190} INFO - [2026-08-23T02:24:29.442+0000] {dag.py:3239} INFO - Sync 1 DAGs
[2026-08-23T02:24:29.461+0000] {logging_mixin.py:190} INFO - [2026-08-23T02:24:29.460+0000] {dag.py:4180} INFO - Setting next_dagrun for weekly_segment to 2026-08-22 16:00:00+00:00, run_after=2026-08-29 16:00:00+00:00
[2026-08-23T02:24:29.475+0000] {processor.py:208} INFO - Processing /opt/airflow/dags/weekly_segment.py took 0.173 seconds
[2026-08-23T02:24:59.661+0000] {processor.py:186} INFO - Started process (PID=2134) to work on /opt/airflow/dags/weekly_segment.py
[2026-08-23T02:24:59.662+0000] {processor.py:914} INFO - Processing file /opt/airflow/dags/weekly_segment.py for tasks to queue
[2026-08-23T02:24:59.664+0000] {logging_mixin.py:190} INFO - [2026-08-23T02:24:59.664+0000] {dagbag.py:588} INFO - Filling up the DagBag from /opt/airflow/dags/weekly_segment.py
[2026-08-23T02:24:59.754+0000] {processor.py:925} INFO - DAG(s) 'weekly_segment' retrieved from /opt/airflow/dags/weekly_segment.py
[2026-08-23T02:24:59.774+0000] {logging_mixin.py:190} INFO - [2026-08-23T02:24:59.773+0000] {dag.py:3239} INFO - Sync 1 DAGs
[2026-08-23T02:24:59.788+0000] {logging_mixin.py:190} INFO - [2026-08-23T02:24:59.788+0000] {dag.py:4180} INFO - Setting next_dagrun for weekly_segment to 2026-08-22 16:00:00+00:00, run_after=2026-08-29 16:00:00+00:00
[2026-08-23T02:24:59.802+0000] {processor.py:208} INFO - Processing /opt/airflow/dags/weekly_segment.py took 0.147 seconds
[2026-08-23T02:25:29.948+0000] {processor.py:186} INFO - Started process (PID=2144) to work on /opt/airflow/dags/weekly_segment.py
[2026-08-23T02:25:29.949+0000] {processor.py:914} INFO - Processing file /opt/airflow/dags/weekly_segment.py for tasks to queue
[2026-08-23T02:25:29.951+0000] {logging_mixin.py:190} INFO - [2026-08-23T02:25:29.951+0000] {dagbag.py:588} INFO - Filling up the DagBag from /opt/airflow/dags/weekly_segment.py
[2026-08-23T02:25:30.039+0000] {processor.py:925} INFO - DAG(s) 'weekly_segment' retrieved from /opt/airflow/dags/weekly_segment.py
[2026-08-23T02:25:30.059+0000] {logging_mixin.py:190} INFO - [2026-08-23T02:25:30.059+0000] {dag.py:3239} INFO - Sync 1 DAGs
[2026-08-23T02:25:30.075+0000] {logging_mixin.py:190} INFO - [2026-08-23T02:25:30.075+0000] {dag.py:4180} INFO - Setting next_dagrun for weekly_segment to 2026-08-22 16:00:00+00:00, run_after=2026-08-29 16:00:00+00:00
[2026-08-23T02:25:30.087+0000] {processor.py:208} INFO - Processing /opt/airflow/dags/weekly_segment.py took 0.145 seconds
[2026-08-23T02:26:00.203+0000] {processor.py:186} INFO - Started process (PID=2154) to work on /opt/airflow/dags/weekly_segment.py
[2026-08-23T02:26:00.204+0000] {processor.py:914} INFO - Processing file /opt/airflow/dags/weekly_segment.py for tasks to queue
[2026-08-23T02:26:00.206+0000] {logging_mixin.py:190} INFO - [2026-08-23T02:26:00.206+0000] {dagbag.py:588} INFO - Filling up the DagBag from /opt/airflow/dags/weekly_segment.py
[2026-08-23T02:26:00.291+0000] {processor.py:925} INFO - DAG(s) 'weekly_segment' retrieved from /opt/airflow/dags/weekly_segment.py
[2026-08-23T02:26:00.312+0000] {logging_mixin.py:190} INFO - [2026-08-23T02:26:00.312+0000] {dag.py:3239} INFO - Sync 1 DAGs
[2026-08-23T02:26:00.329+0000] {logging_mixin.py:190} INFO - [2026-08-23T02:26:00.329+0000] {dag.py:4180} INFO - Setting next_dagrun for weekly_segment to 2026-08-22 16:00:00+00:00, run_after=2026-08-29 16:00:00+00:00
[2026-08-23T02:26:00.343+0000] {processor.py:208} INFO - Processing /opt/airflow/dags/weekly_segment.py took 0.147 seconds
[2026-08-23T02:26:30.489+0000] {processor.py:186} INFO - Started process (PID=2164) to work on /opt/airflow/dags/weekly_segment.py
[2026-08-23T02:26:30.490+0000] {processor.py:914} INFO - Processing file /opt/airflow/dags/weekly_segment.py for tasks to queue
[2026-08-23T02:26:30.492+0000] {logging_mixin.py:190} INFO - [2026-08-23T02:26:30.492+0000] {dagbag.py:588} INFO - Filling up the DagBag from /opt/airflow/dags/weekly_segment.py
[2026-08-23T02:26:30.590+0000] {processor.py:925} INFO - DAG(s) 'weekly_segment' retrieved from /opt/airflow/dags/weekly_segment.py
[2026-08-23T02:26:30.612+0000] {logging_mixin.py:190} INFO - [2026-08-23T02:26:30.612+0000] {dag.py:3239} INFO - Sync 1 DAGs
[2026-08-23T02:26:30.627+0000] {logging_mixin.py:190} INFO - [2026-08-23T02:26:30.627+0000] {dag.py:4180} INFO - Setting next_dagrun for weekly_segment to 2026-08-22 16:00:00+00:00, run_after=2026-08-29 16:00:00+00:00
[2026-08-23T02:26:30.641+0000] {processor.py:208} INFO - Processing /opt/airflow/dags/weekly_segment.py took 0.159 seconds
[2026-08-23T02:27:00.898+0000] {processor.py:186} INFO - Started process (PID=2174) to work on /opt/airflow/dags/weekly_segment.py
[2026-08-23T02:27:00.899+0000] {processor.py:914} INFO - Processing file /opt/airflow/dags/weekly_segment.py for tasks to queue
[2026-08-23T02:27:00.901+0000] {logging_mixin.py:190} INFO - [2026-08-23T02:27:00.901+0000] {dagbag.py:588} INFO - Filling up the DagBag from /opt/airflow/dags/weekly_segment.py
[2026-08-23T02:27:00.996+0000] {processor.py:925} INFO - DAG(s) 'weekly_segment' retrieved from /opt/airflow/dags/weekly_segment.py
[2026-08-23T02:27:01.018+0000] {logging_mixin.py:190} INFO - [2026-08-23T02:27:01.017+0000] {dag.py:3239} INFO - Sync 1 DAGs
[2026-08-23T02:27:01.037+0000] {logging_mixin.py:190} INFO - [2026-08-23T02:27:01.036+0000] {dag.py:4180} INFO - Setting next_dagrun for weekly_segment to 2026-08-22 16:00:00+00:00, run_after=2026-08-29 16:00:00+00:00
[2026-08-23T02:27:01.051+0000] {processor.py:208} INFO - Processing /opt/airflow/dags/weekly_segment.py took 0.162 seconds
[2026-08-23T02:27:31.238+0000] {processor.py:186} INFO - Started process (PID=2184) to work on /opt/airflow/dags/weekly_segment.py
[2026-08-23T02:27:31.238+0000] {processor.py:914} INFO - Processing file /opt/airflow/dags/weekly_segment.py for tasks to queue
[2026-08-23T02:27:31.240+0000] {logging_mixin.py:190} INFO - [2026-08-23T02:27:31.240+0000] {dagbag.py:588} INFO - Filling up the DagBag from /opt/airflow/dags/weekly_segment.py
[2026-08-23T02:27:31.325+0000] {processor.py:925} INFO - DAG(s) 'weekly_segment' retrieved from /opt/airflow/dags/weekly_segment.py
[2026-08-23T02:27:31.345+0000] {logging_mixin.py:190} INFO - [2026-08-23T02:27:31.345+0000] {dag.py:3239} INFO - Sync 1 DAGs
[2026-08-23T02:27:31.360+0000] {logging_mixin.py:190} INFO - [2026-08-23T02:27:31.360+0000] {dag.py:4180} INFO - Setting next_dagrun for weekly_segment to 2026-08-22 16:00:00+00:00, run_after=2026-08-29 16:00:00+00:00
[2026-08-23T02:27:31.376+0000] {processor.py:208} INFO - Processing /opt/airflow/dags/weekly_segment.py took 0.145 seconds
[2026-08-23T02:28:01.626+0000] {processor.py:186} INFO - Started process (PID=2194) to work on /opt/airflow/dags/weekly_segment.py
[2026-08-23T02:28:01.628+0000] {processor.py:914} INFO - Processing file /opt/airflow/dags/weekly_segment.py for tasks to queue
[2026-08-23T02:28:01.632+0000] {logging_mixin.py:190} INFO - [2026-08-23T02:28:01.631+0000] {dagbag.py:588} INFO - Filling up the DagBag from /opt/airflow/dags/weekly_segment.py
[2026-08-23T02:28:01.730+0000] {processor.py:925} INFO - DAG(s) 'weekly_segment' retrieved from /opt/airflow/dags/weekly_segment.py
[2026-08-23T02:28:01.753+0000] {logging_mixin.py:190} INFO - [2026-08-23T02:28:01.752+0000] {dag.py:3239} INFO - Sync 1 DAGs
[2026-08-23T02:28:01.770+0000] {logging_mixin.py:190} INFO - [2026-08-23T02:28:01.770+0000] {dag.py:4180} INFO - Setting next_dagrun for weekly_segment to 2026-08-22 16:00:00+00:00, run_after=2026-08-29 16:00:00+00:00
[2026-08-23T02:28:01.785+0000] {processor.py:208} INFO - Processing /opt/airflow/dags/weekly_segment.py took 0.167 seconds
[2026-08-23T02:28:31.959+0000] {processor.py:186} INFO - Started process (PID=2204) to work on /opt/airflow/dags/weekly_segment.py
[2026-08-23T02:28:31.960+0000] {processor.py:914} INFO - Processing file /opt/airflow/dags/weekly_segment.py for tasks to queue
[2026-08-23T02:28:31.962+0000] {logging_mixin.py:190} INFO - [2026-08-23T02:28:31.962+0000] {dagbag.py:588} INFO - Filling up the DagBag from /opt/airflow/dags/weekly_segment.py
[2026-08-23T02:28:32.064+0000] {processor.py:925} INFO - DAG(s) 'weekly_segment' retrieved from /opt/airflow/dags/weekly_segment.py
[2026-08-23T02:28:32.085+0000] {logging_mixin.py:190} INFO - [2026-08-23T02:28:32.084+0000] {dag.py:3239} INFO - Sync 1 DAGs
[2026-08-23T02:28:32.101+0000] {logging_mixin.py:190} INFO - [2026-08-23T02:28:32.100+0000] {dag.py:4180} INFO - Setting next_dagrun for weekly_segment to 2026-08-22 16:00:00+00:00, run_after=2026-08-29 16:00:00+00:00
[2026-08-23T02:28:32.114+0000] {processor.py:208} INFO - Processing /opt/airflow/dags/weekly_segment.py took 0.161 seconds
[2026-08-23T02:29:02.223+0000] {processor.py:186} INFO - Started process (PID=2214) to work on /opt/airflow/dags/weekly_segment.py
[2026-08-23T02:29:02.225+0000] {processor.py:914} INFO - Processing file /opt/airflow/dags/weekly_segment.py for tasks to queue
[2026-08-23T02:29:02.227+0000] {logging_mixin.py:190} INFO - [2026-08-23T02:29:02.227+0000] {dagbag.py:588} INFO - Filling up the DagBag from /opt/airflow/dags/weekly_segment.py
[2026-08-23T02:29:02.327+0000] {processor.py:925} INFO - DAG(s) 'weekly_segment' retrieved from /opt/airflow/dags/weekly_segment.py
[2026-08-23T02:29:02.349+0000] {logging_mixin.py:190} INFO - [2026-08-23T02:29:02.349+0000] {dag.py:3239} INFO - Sync 1 DAGs
[2026-08-23T02:29:02.367+0000] {logging_mixin.py:190} INFO - [2026-08-23T02:29:02.366+0000] {dag.py:4180} INFO - Setting next_dagrun for weekly_segment to 2026-08-22 16:00:00+00:00, run_after=2026-08-29 16:00:00+00:00
[2026-08-23T02:29:02.383+0000] {processor.py:208} INFO - Processing /opt/airflow/dags/weekly_segment.py took 0.167 seconds
[2026-08-23T02:29:32.559+0000] {processor.py:186} INFO - Started process (PID=2224) to work on /opt/airflow/dags/weekly_segment.py
[2026-08-23T02:29:32.560+0000] {processor.py:914} INFO - Processing file /opt/airflow/dags/weekly_segment.py for tasks to queue
[2026-08-23T02:29:32.561+0000] {logging_mixin.py:190} INFO - [2026-08-23T02:29:32.561+0000] {dagbag.py:588} INFO - Filling up the DagBag from /opt/airflow/dags/weekly_segment.py
[2026-08-23T02:29:32.672+0000] {processor.py:925} INFO - DAG(s) 'weekly_segment' retrieved from /opt/airflow/dags/weekly_segment.py
[2026-08-23T02:29:32.693+0000] {logging_mixin.py:190} INFO - [2026-08-23T02:29:32.692+0000] {dag.py:3239} INFO - Sync 1 DAGs
[2026-08-23T02:29:32.710+0000] {logging_mixin.py:190} INFO - [2026-08-23T02:29:32.710+0000] {dag.py:4180} INFO - Setting next_dagrun for weekly_segment to 2026-08-22 16:00:00+00:00, run_after=2026-08-29 16:00:00+00:00
[2026-08-23T02:29:32.724+0000] {processor.py:208} INFO - Processing /opt/airflow/dags/weekly_segment.py took 0.172 seconds
[2026-08-23T02:30:02.899+0000] {processor.py:186} INFO - Started process (PID=2234) to work on /opt/airflow/dags/weekly_segment.py
[2026-08-23T02:30:02.900+0000] {processor.py:914} INFO - Processing file /opt/airflow/dags/weekly_segment.py for tasks to queue
[2026-08-23T02:30:02.902+0000] {logging_mixin.py:190} INFO - [2026-08-23T02:30:02.901+0000] {dagbag.py:588} INFO - Filling up the DagBag from /opt/airflow/dags/weekly_segment.py
[2026-08-23T02:30:03.001+0000] {processor.py:925} INFO - DAG(s) 'weekly_segment' retrieved from /opt/airflow/dags/weekly_segment.py
[2026-08-23T02:30:03.023+0000] {logging_mixin.py:190} INFO - [2026-08-23T02:30:03.023+0000] {dag.py:3239} INFO - Sync 1 DAGs
[2026-08-23T02:30:03.043+0000] {logging_mixin.py:190} INFO - [2026-08-23T02:30:03.043+0000] {dag.py:4180} INFO - Setting next_dagrun for weekly_segment to 2026-08-22 16:00:00+00:00, run_after=2026-08-29 16:00:00+00:00
[2026-08-23T02:30:03.058+0000] {processor.py:208} INFO - Processing /opt/airflow/dags/weekly_segment.py took 0.165 seconds
[2026-08-23T02:30:33.279+0000] {processor.py:186} INFO - Started process (PID=2244) to work on /opt/airflow/dags/weekly_segment.py
[2026-08-23T02:30:33.280+0000] {processor.py:914} INFO - Processing file /opt/airflow/dags/weekly_segment.py for tasks to queue
[2026-08-23T02:30:33.282+0000] {logging_mixin.py:190} INFO - [2026-08-23T02:30:33.282+0000] {dagbag.py:588} INFO - Filling up the DagBag from /opt/airflow/dags/weekly_segment.py
[2026-08-23T02:30:33.382+0000] {processor.py:925} INFO - DAG(s) 'weekly_segment' retrieved from /opt/airflow/dags/weekly_segment.py
[2026-08-23T02:30:33.405+0000] {logging_mixin.py:190} INFO - [2026-08-23T02:30:33.404+0000] {dag.py:3239} INFO - Sync 1 DAGs
[2026-08-23T02:30:33.421+0000] {logging_mixin.py:190} INFO - [2026-08-23T02:30:33.421+0000] {dag.py:4180} INFO - Setting next_dagrun for weekly_segment to 2026-08-22 16:00:00+00:00, run_after=2026-08-29 16:00:00+00:00
[2026-08-23T02:30:33.436+0000] {processor.py:208} INFO - Processing /opt/airflow/dags/weekly_segment.py took 0.165 seconds
[2026-08-23T02:31:03.530+0000] {processor.py:186} INFO - Started process (PID=2254) to work on /opt/airflow/dags/weekly_segment.py
[2026-08-23T02:31:03.531+0000] {processor.py:914} INFO - Processing file /opt/airflow/dags/weekly_segment.py for tasks to queue
[2026-08-23T02:31:03.533+0000] {logging_mixin.py:190} INFO - [2026-08-23T02:31:03.533+0000] {dagbag.py:588} INFO - Filling up the DagBag from /opt/airflow/dags/weekly_segment.py
[2026-08-23T02:31:03.635+0000] {processor.py:925} INFO - DAG(s) 'weekly_segment' retrieved from /opt/airflow/dags/weekly_segment.py
[2026-08-23T02:31:03.654+0000] {logging_mixin.py:190} INFO - [2026-08-23T02:31:03.654+0000] {dag.py:3239} INFO - Sync 1 DAGs
[2026-08-23T02:31:03.670+0000] {logging_mixin.py:190} INFO - [2026-08-23T02:31:03.669+0000] {dag.py:4180} INFO - Setting next_dagrun for weekly_segment to 2026-08-22 16:00:00+00:00, run_after=2026-08-29 16:00:00+00:00
[2026-08-23T02:31:03.681+0000] {processor.py:208} INFO - Processing /opt/airflow/dags/weekly_segment.py took 0.160 seconds
[2026-08-23T02:31:33.894+0000] {processor.py:186} INFO - Started process (PID=2264) to work on /opt/airflow/dags/weekly_segment.py
[2026-08-23T02:31:33.895+0000] {processor.py:914} INFO - Processing file /opt/airflow/dags/weekly_segment.py for tasks to queue
[2026-08-23T02:31:33.897+0000] {logging_mixin.py:190} INFO - [2026-08-23T02:31:33.897+0000] {dagbag.py:588} INFO - Filling up the DagBag from /opt/airflow/dags/weekly_segment.py
[2026-08-23T02:31:33.984+0000] {processor.py:925} INFO - DAG(s) 'weekly_segment' retrieved from /opt/airflow/dags/weekly_segment.py
[2026-08-23T02:31:34.003+0000] {logging_mixin.py:190} INFO - [2026-08-23T02:31:34.003+0000] {dag.py:3239} INFO - Sync 1 DAGs
[2026-08-23T02:31:34.019+0000] {logging_mixin.py:190} INFO - [2026-08-23T02:31:34.019+0000] {dag.py:4180} INFO - Setting next_dagrun for weekly_segment to 2026-08-22 16:00:00+00:00, run_after=2026-08-29 16:00:00+00:00
[2026-08-23T02:31:34.032+0000] {processor.py:208} INFO - Processing /opt/airflow/dags/weekly_segment.py took 0.144 seconds
[2026-08-23T02:32:04.332+0000] {processor.py:186} INFO - Started process (PID=2274) to work on /opt/airflow/dags/weekly_segment.py
[2026-08-23T02:32:04.333+0000] {processor.py:914} INFO - Processing file /opt/airflow/dags/weekly_segment.py for tasks to queue
[2026-08-23T02:32:04.335+0000] {logging_mixin.py:190} INFO - [2026-08-23T02:32:04.334+0000] {dagbag.py:588} INFO - Filling up the DagBag from /opt/airflow/dags/weekly_segment.py
[2026-08-23T02:32:04.432+0000] {processor.py:925} INFO - DAG(s) 'weekly_segment' retrieved from /opt/airflow/dags/weekly_segment.py
[2026-08-23T02:32:04.453+0000] {logging_mixin.py:190} INFO - [2026-08-23T02:32:04.453+0000] {dag.py:3239} INFO - Sync 1 DAGs
[2026-08-23T02:32:04.470+0000] {logging_mixin.py:190} INFO - [2026-08-23T02:32:04.470+0000] {dag.py:4180} INFO - Setting next_dagrun for weekly_segment to 2026-08-22 16:00:00+00:00, run_after=2026-08-29 16:00:00+00:00
[2026-08-23T02:32:04.487+0000] {processor.py:208} INFO - Processing /opt/airflow/dags/weekly_segment.py took 0.162 seconds
[2026-08-23T02:32:34.585+0000] {processor.py:186} INFO - Started process (PID=2284) to work on /opt/airflow/dags/weekly_segment.py
[2026-08-23T02:32:34.586+0000] {processor.py:914} INFO - Processing file /opt/airflow/dags/weekly_segment.py for tasks to queue
[2026-08-23T02:32:34.587+0000] {logging_mixin.py:190} INFO - [2026-08-23T02:32:34.587+0000] {dagbag.py:588} INFO - Filling up the DagBag from /opt/airflow/dags/weekly_segment.py
[2026-08-23T02:32:34.676+0000] {processor.py:925} INFO - DAG(s) 'weekly_segment' retrieved from /opt/airflow/dags/weekly_segment.py
[2026-08-23T02:32:34.698+0000] {logging_mixin.py:190} INFO - [2026-08-23T02:32:34.698+0000] {dag.py:3239} INFO - Sync 1 DAGs
[2026-08-23T02:32:34.716+0000] {logging_mixin.py:190} INFO - [2026-08-23T02:32:34.716+0000] {dag.py:4180} INFO - Setting next_dagrun for weekly_segment to 2026-08-22 16:00:00+00:00, run_after=2026-08-29 16:00:00+00:00
[2026-08-23T02:32:34.730+0000] {processor.py:208} INFO - Processing /opt/airflow/dags/weekly_segment.py took 0.151 seconds
[2026-08-23T02:33:04.941+0000] {processor.py:186} INFO - Started process (PID=2294) to work on /opt/airflow/dags/weekly_segment.py
[2026-08-23T02:33:04.942+0000] {processor.py:914} INFO - Processing file /opt/airflow/dags/weekly_segment.py for tasks to queue
[2026-08-23T02:33:04.944+0000] {logging_mixin.py:190} INFO - [2026-08-23T02:33:04.944+0000] {dagbag.py:588} INFO - Filling up the DagBag from /opt/airflow/dags/weekly_segment.py
[2026-08-23T02:33:05.027+0000] {processor.py:925} INFO - DAG(s) 'weekly_segment' retrieved from /opt/airflow/dags/weekly_segment.py
[2026-08-23T02:33:05.047+0000] {logging_mixin.py:190} INFO - [2026-08-23T02:33:05.047+0000] {dag.py:3239} INFO - Sync 1 DAGs
[2026-08-23T02:33:05.063+0000] {logging_mixin.py:190} INFO - [2026-08-23T02:33:05.063+0000] {dag.py:4180} INFO - Setting next_dagrun for weekly_segment to 2026-08-22 16:00:00+00:00, run_after=2026-08-29 16:00:00+00:00
[2026-08-23T02:33:05.079+0000] {processor.py:208} INFO - Processing /opt/airflow/dags/weekly_segment.py took 0.143 seconds
[2026-08-23T02:33:35.396+0000] {processor.py:186} INFO - Started process (PID=2304) to work on /opt/airflow/dags/weekly_segment.py
[2026-08-23T02:33:35.397+0000] {processor.py:914} INFO - Processing file /opt/airflow/dags/weekly_segment.py for tasks to queue
[2026-08-23T02:33:35.400+0000] {logging_mixin.py:190} INFO - [2026-08-23T02:33:35.399+0000] {dagbag.py:588} INFO - Filling up the DagBag from /opt/airflow/dags/weekly_segment.py
[2026-08-23T02:33:35.497+0000] {processor.py:925} INFO - DAG(s) 'weekly_segment' retrieved from /opt/airflow/dags/weekly_segment.py
[2026-08-23T02:33:35.519+0000] {logging_mixin.py:190} INFO - [2026-08-23T02:33:35.518+0000] {dag.py:3239} INFO - Sync 1 DAGs
[2026-08-23T02:33:35.536+0000] {logging_mixin.py:190} INFO - [2026-08-23T02:33:35.536+0000] {dag.py:4180} INFO - Setting next_dagrun for weekly_segment to 2026-08-22 16:00:00+00:00, run_after=2026-08-29 16:00:00+00:00
[2026-08-23T02:33:35.555+0000] {processor.py:208} INFO - Processing /opt/airflow/dags/weekly_segment.py took 0.167 seconds
[2026-08-23T02:34:05.760+0000] {processor.py:186} INFO - Started process (PID=2314) to work on /opt/airflow/dags/weekly_segment.py
[2026-08-23T02:34:05.761+0000] {processor.py:914} INFO - Processing file /opt/airflow/dags/weekly_segment.py for tasks to queue
[2026-08-23T02:34:05.763+0000] {logging_mixin.py:190} INFO - [2026-08-23T02:34:05.763+0000] {dagbag.py:588} INFO - Filling up the DagBag from /opt/airflow/dags/weekly_segment.py
[2026-08-23T02:34:05.857+0000] {processor.py:925} INFO - DAG(s) 'weekly_segment' retrieved from /opt/airflow/dags/weekly_segment.py
[2026-08-23T02:34:05.877+0000] {logging_mixin.py:190} INFO - [2026-08-23T02:34:05.877+0000] {dag.py:3239} INFO - Sync 1 DAGs
[2026-08-23T02:34:05.893+0000] {logging_mixin.py:190} INFO - [2026-08-23T02:34:05.893+0000] {dag.py:4180} INFO - Setting next_dagrun for weekly_segment to 2026-08-22 16:00:00+00:00, run_after=2026-08-29 16:00:00+00:00
[2026-08-23T02:34:05.906+0000] {processor.py:208} INFO - Processing /opt/airflow/dags/weekly_segment.py took 0.152 seconds
[2026-08-23T02:34:35.985+0000] {processor.py:186} INFO - Started process (PID=2324) to work on /opt/airflow/dags/weekly_segment.py
[2026-08-23T02:34:35.986+0000] {processor.py:914} INFO - Processing file /opt/airflow/dags/weekly_segment.py for tasks to queue
[2026-08-23T02:34:35.988+0000] {logging_mixin.py:190} INFO - [2026-08-23T02:34:35.987+0000] {dagbag.py:588} INFO - Filling up the DagBag from /opt/airflow/dags/weekly_segment.py
[2026-08-23T02:34:36.087+0000] {processor.py:925} INFO - DAG(s) 'weekly_segment' retrieved from /opt/airflow/dags/weekly_segment.py
[2026-08-23T02:34:36.110+0000] {logging_mixin.py:190} INFO - [2026-08-23T02:34:36.110+0000] {dag.py:3239} INFO - Sync 1 DAGs
[2026-08-23T02:34:36.128+0000] {logging_mixin.py:190} INFO - [2026-08-23T02:34:36.128+0000] {dag.py:4180} INFO - Setting next_dagrun for weekly_segment to 2026-08-22 16:00:00+00:00, run_after=2026-08-29 16:00:00+00:00
[2026-08-23T02:34:36.144+0000] {processor.py:208} INFO - Processing /opt/airflow/dags/weekly_segment.py took 0.167 seconds
[2026-08-23T02:35:06.348+0000] {processor.py:186} INFO - Started process (PID=2334) to work on /opt/airflow/dags/weekly_segment.py
[2026-08-23T02:35:06.349+0000] {processor.py:914} INFO - Processing file /opt/airflow/dags/weekly_segment.py for tasks to queue
[2026-08-23T02:35:06.351+0000] {logging_mixin.py:190} INFO - [2026-08-23T02:35:06.351+0000] {dagbag.py:588} INFO - Filling up the DagBag from /opt/airflow/dags/weekly_segment.py
[2026-08-23T02:35:06.441+0000] {processor.py:925} INFO - DAG(s) 'weekly_segment' retrieved from /opt/airflow/dags/weekly_segment.py
[2026-08-23T02:35:06.462+0000] {logging_mixin.py:190} INFO - [2026-08-23T02:35:06.462+0000] {dag.py:3239} INFO - Sync 1 DAGs
[2026-08-23T02:35:06.479+0000] {logging_mixin.py:190} INFO - [2026-08-23T02:35:06.479+0000] {dag.py:4180} INFO - Setting next_dagrun for weekly_segment to 2026-08-22 16:00:00+00:00, run_after=2026-08-29 16:00:00+00:00
[2026-08-23T02:35:06.493+0000] {processor.py:208} INFO - Processing /opt/airflow/dags/weekly_segment.py took 0.151 seconds
[2026-08-23T02:35:36.740+0000] {processor.py:186} INFO - Started process (PID=2344) to work on /opt/airflow/dags/weekly_segment.py
[2026-08-23T02:35:36.741+0000] {processor.py:914} INFO - Processing file /opt/airflow/dags/weekly_segment.py for tasks to queue
[2026-08-23T02:35:36.743+0000] {logging_mixin.py:190} INFO - [2026-08-23T02:35:36.742+0000] {dagbag.py:588} INFO - Filling up the DagBag from /opt/airflow/dags/weekly_segment.py
[2026-08-23T02:35:36.831+0000] {processor.py:925} INFO - DAG(s) 'weekly_segment' retrieved from /opt/airflow/dags/weekly_segment.py
[2026-08-23T02:35:36.849+0000] {logging_mixin.py:190} INFO - [2026-08-23T02:35:36.849+0000] {dag.py:3239} INFO - Sync 1 DAGs
[2026-08-23T02:35:36.865+0000] {logging_mixin.py:190} INFO - [2026-08-23T02:35:36.865+0000] {dag.py:4180} INFO - Setting next_dagrun for weekly_segment to 2026-08-22 16:00:00+00:00, run_after=2026-08-29 16:00:00+00:00
[2026-08-23T02:35:36.879+0000] {processor.py:208} INFO - Processing /opt/airflow/dags/weekly_segment.py took 0.146 seconds
[2026-08-23T02:36:07.097+0000] {processor.py:186} INFO - Started process (PID=2354) to work on /opt/airflow/dags/weekly_segment.py
[2026-08-23T02:36:07.098+0000] {processor.py:914} INFO - Processing file /opt/airflow/dags/weekly_segment.py for tasks to queue
[2026-08-23T02:36:07.100+0000] {logging_mixin.py:190} INFO - [2026-08-23T02:36:07.100+0000] {dagbag.py:588} INFO - Filling up the DagBag from /opt/airflow/dags/weekly_segment.py
[2026-08-23T02:36:07.206+0000] {processor.py:925} INFO - DAG(s) 'weekly_segment' retrieved from /opt/airflow/dags/weekly_segment.py
[2026-08-23T02:36:07.227+0000] {logging_mixin.py:190} INFO - [2026-08-23T02:36:07.226+0000] {dag.py:3239} INFO - Sync 1 DAGs
[2026-08-23T02:36:07.243+0000] {logging_mixin.py:190} INFO - [2026-08-23T02:36:07.243+0000] {dag.py:4180} INFO - Setting next_dagrun for weekly_segment to 2026-08-22 16:00:00+00:00, run_after=2026-08-29 16:00:00+00:00
[2026-08-23T02:36:07.261+0000] {processor.py:208} INFO - Processing /opt/airflow/dags/weekly_segment.py took 0.172 seconds
[2026-08-23T02:36:37.350+0000] {processor.py:186} INFO - Started process (PID=2364) to work on /opt/airflow/dags/weekly_segment.py
[2026-08-23T02:36:37.351+0000] {processor.py:914} INFO - Processing file /opt/airflow/dags/weekly_segment.py for tasks to queue
[2026-08-23T02:36:37.353+0000] {logging_mixin.py:190} INFO - [2026-08-23T02:36:37.352+0000] {dagbag.py:588} INFO - Filling up the DagBag from /opt/airflow/dags/weekly_segment.py
[2026-08-23T02:36:37.453+0000] {processor.py:925} INFO - DAG(s) 'weekly_segment' retrieved from /opt/airflow/dags/weekly_segment.py
[2026-08-23T02:36:37.476+0000] {logging_mixin.py:190} INFO - [2026-08-23T02:36:37.476+0000] {dag.py:3239} INFO - Sync 1 DAGs
[2026-08-23T02:36:37.493+0000] {logging_mixin.py:190} INFO - [2026-08-23T02:36:37.493+0000] {dag.py:4180} INFO - Setting next_dagrun for weekly_segment to 2026-08-22 16:00:00+00:00, run_after=2026-08-29 16:00:00+00:00
[2026-08-23T02:36:37.507+0000] {processor.py:208} INFO - Processing /opt/airflow/dags/weekly_segment.py took 0.163 seconds
[2026-08-23T02:37:07.579+0000] {processor.py:186} INFO - Started process (PID=2374) to work on /opt/airflow/dags/weekly_segment.py
[2026-08-23T02:37:07.580+0000] {processor.py:914} INFO - Processing file /opt/airflow/dags/weekly_segment.py for tasks to queue
[2026-08-23T02:37:07.582+0000] {logging_mixin.py:190} INFO - [2026-08-23T02:37:07.582+0000] {dagbag.py:588} INFO - Filling up the DagBag from /opt/airflow/dags/weekly_segment.py
[2026-08-23T02:37:07.665+0000] {processor.py:925} INFO - DAG(s) 'weekly_segment' retrieved from /opt/airflow/dags/weekly_segment.py
[2026-08-23T02:37:07.684+0000] {logging_mixin.py:190} INFO - [2026-08-23T02:37:07.684+0000] {dag.py:3239} INFO - Sync 1 DAGs
[2026-08-23T02:37:07.700+0000] {logging_mixin.py:190} INFO - [2026-08-23T02:37:07.700+0000] {dag.py:4180} INFO - Setting next_dagrun for weekly_segment to 2026-08-22 16:00:00+00:00, run_after=2026-08-29 16:00:00+00:00
[2026-08-23T02:37:07.717+0000] {processor.py:208} INFO - Processing /opt/airflow/dags/weekly_segment.py took 0.144 seconds
[2026-08-23T02:37:37.942+0000] {processor.py:186} INFO - Started process (PID=2384) to work on /opt/airflow/dags/weekly_segment.py
[2026-08-23T02:37:37.943+0000] {processor.py:914} INFO - Processing file /opt/airflow/dags/weekly_segment.py for tasks to queue
[2026-08-23T02:37:37.945+0000] {logging_mixin.py:190} INFO - [2026-08-23T02:37:37.945+0000] {dagbag.py:588} INFO - Filling up the DagBag from /opt/airflow/dags/weekly_segment.py
[2026-08-23T02:37:38.036+0000] {processor.py:925} INFO - DAG(s) 'weekly_segment' retrieved from /opt/airflow/dags/weekly_segment.py
[2026-08-23T02:37:38.055+0000] {logging_mixin.py:190} INFO - [2026-08-23T02:37:38.055+0000] {dag.py:3239} INFO - Sync 1 DAGs
[2026-08-23T02:37:38.071+0000] {logging_mixin.py:190} INFO - [2026-08-23T02:37:38.071+0000] {dag.py:4180} INFO - Setting next_dagrun for weekly_segment to 2026-08-22 16:00:00+00:00, run_after=2026-08-29 16:00:00+00:00
[2026-08-23T02:37:38.089+0000] {processor.py:208} INFO - Processing /opt/airflow/dags/weekly_segment.py took 0.155 seconds
[2026-08-23T02:38:08.183+0000] {processor.py:186} INFO - Started process (PID=2394) to work on /opt/airflow/dags/weekly_segment.py
[2026-08-23T02:38:08.185+0000] {processor.py:914} INFO - Processing file /opt/airflow/dags/weekly_segment.py for tasks to queue
[2026-08-23T02:38:08.189+0000] {logging_mixin.py:190} INFO - [2026-08-23T02:38:08.188+0000] {dagbag.py:588} INFO - Filling up the DagBag from /opt/airflow/dags/weekly_segment.py
[2026-08-23T02:38:08.310+0000] {processor.py:925} INFO - DAG(s) 'weekly_segment' retrieved from /opt/airflow/dags/weekly_segment.py
[2026-08-23T02:38:08.333+0000] {logging_mixin.py:190} INFO - [2026-08-23T02:38:08.333+0000] {dag.py:3239} INFO - Sync 1 DAGs
[2026-08-23T02:38:08.352+0000] {logging_mixin.py:190} INFO - [2026-08-23T02:38:08.352+0000] {dag.py:4180} INFO - Setting next_dagrun for weekly_segment to 2026-08-22 16:00:00+00:00, run_after=2026-08-29 16:00:00+00:00
[2026-08-23T02:38:08.368+0000] {processor.py:208} INFO - Processing /opt/airflow/dags/weekly_segment.py took 0.192 seconds
[2026-08-23T02:38:38.507+0000] {processor.py:186} INFO - Started process (PID=2404) to work on /opt/airflow/dags/weekly_segment.py
[2026-08-23T02:38:38.508+0000] {processor.py:914} INFO - Processing file /opt/airflow/dags/weekly_segment.py for tasks to queue
[2026-08-23T02:38:38.511+0000] {logging_mixin.py:190} INFO - [2026-08-23T02:38:38.510+0000] {dagbag.py:588} INFO - Filling up the DagBag from /opt/airflow/dags/weekly_segment.py
[2026-08-23T02:38:38.626+0000] {processor.py:925} INFO - DAG(s) 'weekly_segment' retrieved from /opt/airflow/dags/weekly_segment.py
[2026-08-23T02:38:38.650+0000] {logging_mixin.py:190} INFO - [2026-08-23T02:38:38.650+0000] {dag.py:3239} INFO - Sync 1 DAGs
[2026-08-23T02:38:38.668+0000] {logging_mixin.py:190} INFO - [2026-08-23T02:38:38.668+0000] {dag.py:4180} INFO - Setting next_dagrun for weekly_segment to 2026-08-22 16:00:00+00:00, run_after=2026-08-29 16:00:00+00:00
[2026-08-23T02:38:38.682+0000] {processor.py:208} INFO - Processing /opt/airflow/dags/weekly_segment.py took 0.181 seconds
[2026-08-23T02:39:08.830+0000] {processor.py:186} INFO - Started process (PID=2414) to work on /opt/airflow/dags/weekly_segment.py
[2026-08-23T02:39:08.831+0000] {processor.py:914} INFO - Processing file /opt/airflow/dags/weekly_segment.py for tasks to queue
[2026-08-23T02:39:08.832+0000] {logging_mixin.py:190} INFO - [2026-08-23T02:39:08.832+0000] {dagbag.py:588} INFO - Filling up the DagBag from /opt/airflow/dags/weekly_segment.py
[2026-08-23T02:39:08.932+0000] {processor.py:925} INFO - DAG(s) 'weekly_segment' retrieved from /opt/airflow/dags/weekly_segment.py
[2026-08-23T02:39:08.956+0000] {logging_mixin.py:190} INFO - [2026-08-23T02:39:08.956+0000] {dag.py:3239} INFO - Sync 1 DAGs
[2026-08-23T02:39:08.976+0000] {logging_mixin.py:190} INFO - [2026-08-23T02:39:08.976+0000] {dag.py:4180} INFO - Setting next_dagrun for weekly_segment to 2026-08-22 16:00:00+00:00, run_after=2026-08-29 16:00:00+00:00
[2026-08-23T02:39:08.995+0000] {processor.py:208} INFO - Processing /opt/airflow/dags/weekly_segment.py took 0.171 seconds
[2026-08-23T02:39:39.163+0000] {processor.py:186} INFO - Started process (PID=2424) to work on /opt/airflow/dags/weekly_segment.py
[2026-08-23T02:39:39.164+0000] {processor.py:914} INFO - Processing file /opt/airflow/dags/weekly_segment.py for tasks to queue
[2026-08-23T02:39:39.165+0000] {logging_mixin.py:190} INFO - [2026-08-23T02:39:39.165+0000] {dagbag.py:588} INFO - Filling up the DagBag from /opt/airflow/dags/weekly_segment.py
[2026-08-23T02:39:39.267+0000] {processor.py:925} INFO - DAG(s) 'weekly_segment' retrieved from /opt/airflow/dags/weekly_segment.py
[2026-08-23T02:39:39.288+0000] {logging_mixin.py:190} INFO - [2026-08-23T02:39:39.288+0000] {dag.py:3239} INFO - Sync 1 DAGs
[2026-08-23T02:39:39.307+0000] {logging_mixin.py:190} INFO - [2026-08-23T02:39:39.306+0000] {dag.py:4180} INFO - Setting next_dagrun for weekly_segment to 2026-08-22 16:00:00+00:00, run_after=2026-08-29 16:00:00+00:00
[2026-08-23T02:39:39.320+0000] {processor.py:208} INFO - Processing /opt/airflow/dags/weekly_segment.py took 0.164 seconds
[2026-08-23T02:40:09.405+0000] {processor.py:186} INFO - Started process (PID=2434) to work on /opt/airflow/dags/weekly_segment.py
[2026-08-23T02:40:09.406+0000] {processor.py:914} INFO - Processing file /opt/airflow/dags/weekly_segment.py for tasks to queue
[2026-08-23T02:40:09.408+0000] {logging_mixin.py:190} INFO - [2026-08-23T02:40:09.408+0000] {dagbag.py:588} INFO - Filling up the DagBag from /opt/airflow/dags/weekly_segment.py
[2026-08-23T02:40:09.503+0000] {processor.py:925} INFO - DAG(s) 'weekly_segment' retrieved from /opt/airflow/dags/weekly_segment.py
[2026-08-23T02:40:09.523+0000] {logging_mixin.py:190} INFO - [2026-08-23T02:40:09.523+0000] {dag.py:3239} INFO - Sync 1 DAGs
[2026-08-23T02:40:09.540+0000] {logging_mixin.py:190} INFO - [2026-08-23T02:40:09.540+0000] {dag.py:4180} INFO - Setting next_dagrun for weekly_segment to 2026-08-22 16:00:00+00:00, run_after=2026-08-29 16:00:00+00:00
[2026-08-23T02:40:09.557+0000] {processor.py:208} INFO - Processing /opt/airflow/dags/weekly_segment.py took 0.159 seconds
[2026-08-23T02:40:39.760+0000] {processor.py:186} INFO - Started process (PID=2444) to work on /opt/airflow/dags/weekly_segment.py
[2026-08-23T02:40:39.762+0000] {processor.py:914} INFO - Processing file /opt/airflow/dags/weekly_segment.py for tasks to queue
[2026-08-23T02:40:39.764+0000] {logging_mixin.py:190} INFO - [2026-08-23T02:40:39.764+0000] {dagbag.py:588} INFO - Filling up the DagBag from /opt/airflow/dags/weekly_segment.py
[2026-08-23T02:40:39.855+0000] {processor.py:925} INFO - DAG(s) 'weekly_segment' retrieved from /opt/airflow/dags/weekly_segment.py
[2026-08-23T02:40:39.877+0000] {logging_mixin.py:190} INFO - [2026-08-23T02:40:39.876+0000] {dag.py:3239} INFO - Sync 1 DAGs
[2026-08-23T02:40:39.895+0000] {logging_mixin.py:190} INFO - [2026-08-23T02:40:39.895+0000] {dag.py:4180} INFO - Setting next_dagrun for weekly_segment to 2026-08-22 16:00:00+00:00, run_after=2026-08-29 16:00:00+00:00
[2026-08-23T02:40:39.911+0000] {processor.py:208} INFO - Processing /opt/airflow/dags/weekly_segment.py took 0.158 seconds
[2026-08-23T02:41:09.999+0000] {processor.py:186} INFO - Started process (PID=2454) to work on /opt/airflow/dags/weekly_segment.py
[2026-08-23T02:41:10.000+0000] {processor.py:914} INFO - Processing file /opt/airflow/dags/weekly_segment.py for tasks to queue
[2026-08-23T02:41:10.002+0000] {logging_mixin.py:190} INFO - [2026-08-23T02:41:10.001+0000] {dagbag.py:588} INFO - Filling up the DagBag from /opt/airflow/dags/weekly_segment.py
[2026-08-23T02:41:10.098+0000] {processor.py:925} INFO - DAG(s) 'weekly_segment' retrieved from /opt/airflow/dags/weekly_segment.py
[2026-08-23T02:41:10.118+0000] {logging_mixin.py:190} INFO - [2026-08-23T02:41:10.118+0000] {dag.py:3239} INFO - Sync 1 DAGs
[2026-08-23T02:41:10.135+0000] {logging_mixin.py:190} INFO - [2026-08-23T02:41:10.135+0000] {dag.py:4180} INFO - Setting next_dagrun for weekly_segment to 2026-08-22 16:00:00+00:00, run_after=2026-08-29 16:00:00+00:00
[2026-08-23T02:41:10.152+0000] {processor.py:208} INFO - Processing /opt/airflow/dags/weekly_segment.py took 0.160 seconds
[2026-08-23T02:41:40.379+0000] {processor.py:186} INFO - Started process (PID=2464) to work on /opt/airflow/dags/weekly_segment.py
[2026-08-23T02:41:40.380+0000] {processor.py:914} INFO - Processing file /opt/airflow/dags/weekly_segment.py for tasks to queue
[2026-08-23T02:41:40.382+0000] {logging_mixin.py:190} INFO - [2026-08-23T02:41:40.382+0000] {dagbag.py:588} INFO - Filling up the DagBag from /opt/airflow/dags/weekly_segment.py
[2026-08-23T02:41:40.481+0000] {processor.py:925} INFO - DAG(s) 'weekly_segment' retrieved from /opt/airflow/dags/weekly_segment.py
[2026-08-23T02:41:40.503+0000] {logging_mixin.py:190} INFO - [2026-08-23T02:41:40.503+0000] {dag.py:3239} INFO - Sync 1 DAGs
[2026-08-23T02:41:40.521+0000] {logging_mixin.py:190} INFO - [2026-08-23T02:41:40.521+0000] {dag.py:4180} INFO - Setting next_dagrun for weekly_segment to 2026-08-22 16:00:00+00:00, run_after=2026-08-29 16:00:00+00:00
[2026-08-23T02:41:40.535+0000] {processor.py:208} INFO - Processing /opt/airflow/dags/weekly_segment.py took 0.164 seconds
[2026-08-23T02:42:10.624+0000] {processor.py:186} INFO - Started process (PID=2474) to work on /opt/airflow/dags/weekly_segment.py
[2026-08-23T02:42:10.625+0000] {processor.py:914} INFO - Processing file /opt/airflow/dags/weekly_segment.py for tasks to queue
[2026-08-23T02:42:10.627+0000] {logging_mixin.py:190} INFO - [2026-08-23T02:42:10.626+0000] {dagbag.py:588} INFO - Filling up the DagBag from /opt/airflow/dags/weekly_segment.py
[2026-08-23T02:42:10.730+0000] {processor.py:925} INFO - DAG(s) 'weekly_segment' retrieved from /opt/airflow/dags/weekly_segment.py
[2026-08-23T02:42:10.750+0000] {logging_mixin.py:190} INFO - [2026-08-23T02:42:10.750+0000] {dag.py:3239} INFO - Sync 1 DAGs
[2026-08-23T02:42:10.766+0000] {logging_mixin.py:190} INFO - [2026-08-23T02:42:10.766+0000] {dag.py:4180} INFO - Setting next_dagrun for weekly_segment to 2026-08-22 16:00:00+00:00, run_after=2026-08-29 16:00:00+00:00
[2026-08-23T02:42:10.779+0000] {processor.py:208} INFO - Processing /opt/airflow/dags/weekly_segment.py took 0.161 seconds
[2026-08-23T02:42:41.097+0000] {processor.py:186} INFO - Started process (PID=2484) to work on /opt/airflow/dags/weekly_segment.py
[2026-08-23T02:42:41.098+0000] {processor.py:914} INFO - Processing file /opt/airflow/dags/weekly_segment.py for tasks to queue
[2026-08-23T02:42:41.100+0000] {logging_mixin.py:190} INFO - [2026-08-23T02:42:41.100+0000] {dagbag.py:588} INFO - Filling up the DagBag from /opt/airflow/dags/weekly_segment.py
[2026-08-23T02:42:41.192+0000] {processor.py:925} INFO - DAG(s) 'weekly_segment' retrieved from /opt/airflow/dags/weekly_segment.py
[2026-08-23T02:42:41.212+0000] {logging_mixin.py:190} INFO - [2026-08-23T02:42:41.212+0000] {dag.py:3239} INFO - Sync 1 DAGs
[2026-08-23T02:42:41.229+0000] {logging_mixin.py:190} INFO - [2026-08-23T02:42:41.229+0000] {dag.py:4180} INFO - Setting next_dagrun for weekly_segment to 2026-08-22 16:00:00+00:00, run_after=2026-08-29 16:00:00+00:00
[2026-08-23T02:42:41.241+0000] {processor.py:208} INFO - Processing /opt/airflow/dags/weekly_segment.py took 0.151 seconds
[2026-08-23T02:43:11.313+0000] {processor.py:186} INFO - Started process (PID=2494) to work on /opt/airflow/dags/weekly_segment.py
[2026-08-23T02:43:11.314+0000] {processor.py:914} INFO - Processing file /opt/airflow/dags/weekly_segment.py for tasks to queue
[2026-08-23T02:43:11.316+0000] {logging_mixin.py:190} INFO - [2026-08-23T02:43:11.316+0000] {dagbag.py:588} INFO - Filling up the DagBag from /opt/airflow/dags/weekly_segment.py
[2026-08-23T02:43:11.432+0000] {processor.py:925} INFO - DAG(s) 'weekly_segment' retrieved from /opt/airflow/dags/weekly_segment.py
[2026-08-23T02:43:11.454+0000] {logging_mixin.py:190} INFO - [2026-08-23T02:43:11.454+0000] {dag.py:3239} INFO - Sync 1 DAGs
[2026-08-23T02:43:11.471+0000] {logging_mixin.py:190} INFO - [2026-08-23T02:43:11.471+0000] {dag.py:4180} INFO - Setting next_dagrun for weekly_segment to 2026-08-22 16:00:00+00:00, run_after=2026-08-29 16:00:00+00:00
[2026-08-23T02:43:11.487+0000] {processor.py:208} INFO - Processing /opt/airflow/dags/weekly_segment.py took 0.182 seconds
[2026-08-23T02:43:41.644+0000] {processor.py:186} INFO - Started process (PID=2504) to work on /opt/airflow/dags/weekly_segment.py
[2026-08-23T02:43:41.645+0000] {processor.py:914} INFO - Processing file /opt/airflow/dags/weekly_segment.py for tasks to queue
[2026-08-23T02:43:41.647+0000] {logging_mixin.py:190} INFO - [2026-08-23T02:43:41.647+0000] {dagbag.py:588} INFO - Filling up the DagBag from /opt/airflow/dags/weekly_segment.py
[2026-08-23T02:43:41.745+0000] {processor.py:925} INFO - DAG(s) 'weekly_segment' retrieved from /opt/airflow/dags/weekly_segment.py
[2026-08-23T02:43:41.767+0000] {logging_mixin.py:190} INFO - [2026-08-23T02:43:41.767+0000] {dag.py:3239} INFO - Sync 1 DAGs
[2026-08-23T02:43:41.787+0000] {logging_mixin.py:190} INFO - [2026-08-23T02:43:41.787+0000] {dag.py:4180} INFO - Setting next_dagrun for weekly_segment to 2026-08-22 16:00:00+00:00, run_after=2026-08-29 16:00:00+00:00
[2026-08-23T02:43:41.802+0000] {processor.py:208} INFO - Processing /opt/airflow/dags/weekly_segment.py took 0.165 seconds
[2026-08-23T02:44:11.882+0000] {processor.py:186} INFO - Started process (PID=2514) to work on /opt/airflow/dags/weekly_segment.py
[2026-08-23T02:44:11.883+0000] {processor.py:914} INFO - Processing file /opt/airflow/dags/weekly_segment.py for tasks to queue
[2026-08-23T02:44:11.885+0000] {logging_mixin.py:190} INFO - [2026-08-23T02:44:11.885+0000] {dagbag.py:588} INFO - Filling up the DagBag from /opt/airflow/dags/weekly_segment.py
[2026-08-23T02:44:11.984+0000] {processor.py:925} INFO - DAG(s) 'weekly_segment' retrieved from /opt/airflow/dags/weekly_segment.py
[2026-08-23T02:44:12.006+0000] {logging_mixin.py:190} INFO - [2026-08-23T02:44:12.006+0000] {dag.py:3239} INFO - Sync 1 DAGs
[2026-08-23T02:44:12.023+0000] {logging_mixin.py:190} INFO - [2026-08-23T02:44:12.023+0000] {dag.py:4180} INFO - Setting next_dagrun for weekly_segment to 2026-08-22 16:00:00+00:00, run_after=2026-08-29 16:00:00+00:00
[2026-08-23T02:44:12.036+0000] {processor.py:208} INFO - Processing /opt/airflow/dags/weekly_segment.py took 0.161 seconds
[2026-08-23T02:44:42.200+0000] {processor.py:186} INFO - Started process (PID=2524) to work on /opt/airflow/dags/weekly_segment.py
[2026-08-23T02:44:42.201+0000] {processor.py:914} INFO - Processing file /opt/airflow/dags/weekly_segment.py for tasks to queue
[2026-08-23T02:44:42.203+0000] {logging_mixin.py:190} INFO - [2026-08-23T02:44:42.203+0000] {dagbag.py:588} INFO - Filling up the DagBag from /opt/airflow/dags/weekly_segment.py
[2026-08-23T02:44:42.301+0000] {processor.py:925} INFO - DAG(s) 'weekly_segment' retrieved from /opt/airflow/dags/weekly_segment.py
[2026-08-23T02:44:42.325+0000] {logging_mixin.py:190} INFO - [2026-08-23T02:44:42.324+0000] {dag.py:3239} INFO - Sync 1 DAGs
[2026-08-23T02:44:42.343+0000] {logging_mixin.py:190} INFO - [2026-08-23T02:44:42.343+0000] {dag.py:4180} INFO - Setting next_dagrun for weekly_segment to 2026-08-22 16:00:00+00:00, run_after=2026-08-29 16:00:00+00:00
[2026-08-23T02:44:42.362+0000] {processor.py:208} INFO - Processing /opt/airflow/dags/weekly_segment.py took 0.171 seconds
[2026-08-23T02:45:12.560+0000] {processor.py:186} INFO - Started process (PID=2534) to work on /opt/airflow/dags/weekly_segment.py
[2026-08-23T02:45:12.561+0000] {processor.py:914} INFO - Processing file /opt/airflow/dags/weekly_segment.py for tasks to queue
[2026-08-23T02:45:12.563+0000] {logging_mixin.py:190} INFO - [2026-08-23T02:45:12.563+0000] {dagbag.py:588} INFO - Filling up the DagBag from /opt/airflow/dags/weekly_segment.py
[2026-08-23T02:45:12.661+0000] {processor.py:925} INFO - DAG(s) 'weekly_segment' retrieved from /opt/airflow/dags/weekly_segment.py
[2026-08-23T02:45:12.683+0000] {logging_mixin.py:190} INFO - [2026-08-23T02:45:12.683+0000] {dag.py:3239} INFO - Sync 1 DAGs
[2026-08-23T02:45:12.700+0000] {logging_mixin.py:190} INFO - [2026-08-23T02:45:12.700+0000] {dag.py:4180} INFO - Setting next_dagrun for weekly_segment to 2026-08-22 16:00:00+00:00, run_after=2026-08-29 16:00:00+00:00
[2026-08-23T02:45:12.714+0000] {processor.py:208} INFO - Processing /opt/airflow/dags/weekly_segment.py took 0.161 seconds
[2026-08-23T02:45:42.781+0000] {processor.py:186} INFO - Started process (PID=2544) to work on /opt/airflow/dags/weekly_segment.py
[2026-08-23T02:45:42.782+0000] {processor.py:914} INFO - Processing file /opt/airflow/dags/weekly_segment.py for tasks to queue
[2026-08-23T02:45:42.784+0000] {logging_mixin.py:190} INFO - [2026-08-23T02:45:42.784+0000] {dagbag.py:588} INFO - Filling up the DagBag from /opt/airflow/dags/weekly_segment.py
[2026-08-23T02:45:42.888+0000] {processor.py:925} INFO - DAG(s) 'weekly_segment' retrieved from /opt/airflow/dags/weekly_segment.py
[2026-08-23T02:45:42.909+0000] {logging_mixin.py:190} INFO - [2026-08-23T02:45:42.909+0000] {dag.py:3239} INFO - Sync 1 DAGs
[2026-08-23T02:45:42.925+0000] {logging_mixin.py:190} INFO - [2026-08-23T02:45:42.925+0000] {dag.py:4180} INFO - Setting next_dagrun for weekly_segment to 2026-08-22 16:00:00+00:00, run_after=2026-08-29 16:00:00+00:00
[2026-08-23T02:45:42.944+0000] {processor.py:208} INFO - Processing /opt/airflow/dags/weekly_segment.py took 0.168 seconds
[2026-08-23T02:46:13.085+0000] {processor.py:186} INFO - Started process (PID=2554) to work on /opt/airflow/dags/weekly_segment.py
[2026-08-23T02:46:13.087+0000] {processor.py:914} INFO - Processing file /opt/airflow/dags/weekly_segment.py for tasks to queue
[2026-08-23T02:46:13.090+0000] {logging_mixin.py:190} INFO - [2026-08-23T02:46:13.089+0000] {dagbag.py:588} INFO - Filling up the DagBag from /opt/airflow/dags/weekly_segment.py
[2026-08-23T02:46:13.189+0000] {processor.py:925} INFO - DAG(s) 'weekly_segment' retrieved from /opt/airflow/dags/weekly_segment.py
[2026-08-23T02:46:13.210+0000] {logging_mixin.py:190} INFO - [2026-08-23T02:46:13.210+0000] {dag.py:3239} INFO - Sync 1 DAGs
[2026-08-23T02:46:13.230+0000] {logging_mixin.py:190} INFO - [2026-08-23T02:46:13.230+0000] {dag.py:4180} INFO - Setting next_dagrun for weekly_segment to 2026-08-22 16:00:00+00:00, run_after=2026-08-29 16:00:00+00:00
[2026-08-23T02:46:13.245+0000] {processor.py:208} INFO - Processing /opt/airflow/dags/weekly_segment.py took 0.168 seconds
[2026-08-23T02:46:43.295+0000] {processor.py:186} INFO - Started process (PID=2564) to work on /opt/airflow/dags/weekly_segment.py
[2026-08-23T02:46:43.295+0000] {processor.py:914} INFO - Processing file /opt/airflow/dags/weekly_segment.py for tasks to queue
[2026-08-23T02:46:43.298+0000] {logging_mixin.py:190} INFO - [2026-08-23T02:46:43.298+0000] {dagbag.py:588} INFO - Filling up the DagBag from /opt/airflow/dags/weekly_segment.py
[2026-08-23T02:46:43.404+0000] {processor.py:925} INFO - DAG(s) 'weekly_segment' retrieved from /opt/airflow/dags/weekly_segment.py
[2026-08-23T02:46:43.427+0000] {logging_mixin.py:190} INFO - [2026-08-23T02:46:43.426+0000] {dag.py:3239} INFO - Sync 1 DAGs
[2026-08-23T02:46:43.445+0000] {logging_mixin.py:190} INFO - [2026-08-23T02:46:43.445+0000] {dag.py:4180} INFO - Setting next_dagrun for weekly_segment to 2026-08-22 16:00:00+00:00, run_after=2026-08-29 16:00:00+00:00
[2026-08-23T02:46:43.464+0000] {processor.py:208} INFO - Processing /opt/airflow/dags/weekly_segment.py took 0.176 seconds
[2026-08-23T02:47:13.626+0000] {processor.py:186} INFO - Started process (PID=2574) to work on /opt/airflow/dags/weekly_segment.py
[2026-08-23T02:47:13.627+0000] {processor.py:914} INFO - Processing file /opt/airflow/dags/weekly_segment.py for tasks to queue
[2026-08-23T02:47:13.630+0000] {logging_mixin.py:190} INFO - [2026-08-23T02:47:13.630+0000] {dagbag.py:588} INFO - Filling up the DagBag from /opt/airflow/dags/weekly_segment.py
[2026-08-23T02:47:13.719+0000] {processor.py:925} INFO - DAG(s) 'weekly_segment' retrieved from /opt/airflow/dags/weekly_segment.py
[2026-08-23T02:47:13.741+0000] {logging_mixin.py:190} INFO - [2026-08-23T02:47:13.741+0000] {dag.py:3239} INFO - Sync 1 DAGs
[2026-08-23T02:47:13.758+0000] {logging_mixin.py:190} INFO - [2026-08-23T02:47:13.758+0000] {dag.py:4180} INFO - Setting next_dagrun for weekly_segment to 2026-08-22 16:00:00+00:00, run_after=2026-08-29 16:00:00+00:00
[2026-08-23T02:47:13.775+0000] {processor.py:208} INFO - Processing /opt/airflow/dags/weekly_segment.py took 0.156 seconds
[2026-08-23T02:47:43.882+0000] {processor.py:186} INFO - Started process (PID=2584) to work on /opt/airflow/dags/weekly_segment.py
[2026-08-23T02:47:43.883+0000] {processor.py:914} INFO - Processing file /opt/airflow/dags/weekly_segment.py for tasks to queue
[2026-08-23T02:47:43.885+0000] {logging_mixin.py:190} INFO - [2026-08-23T02:47:43.885+0000] {dagbag.py:588} INFO - Filling up the DagBag from /opt/airflow/dags/weekly_segment.py
[2026-08-23T02:47:43.996+0000] {processor.py:925} INFO - DAG(s) 'weekly_segment' retrieved from /opt/airflow/dags/weekly_segment.py
[2026-08-23T02:47:44.016+0000] {logging_mixin.py:190} INFO - [2026-08-23T02:47:44.016+0000] {dag.py:3239} INFO - Sync 1 DAGs
[2026-08-23T02:47:44.033+0000] {logging_mixin.py:190} INFO - [2026-08-23T02:47:44.033+0000] {dag.py:4180} INFO - Setting next_dagrun for weekly_segment to 2026-08-22 16:00:00+00:00, run_after=2026-08-29 16:00:00+00:00
[2026-08-23T02:47:44.048+0000] {processor.py:208} INFO - Processing /opt/airflow/dags/weekly_segment.py took 0.173 seconds
[2026-08-23T02:48:14.131+0000] {processor.py:186} INFO - Started process (PID=2594) to work on /opt/airflow/dags/weekly_segment.py
[2026-08-23T02:48:14.132+0000] {processor.py:914} INFO - Processing file /opt/airflow/dags/weekly_segment.py for tasks to queue
[2026-08-23T02:48:14.134+0000] {logging_mixin.py:190} INFO - [2026-08-23T02:48:14.133+0000] {dagbag.py:588} INFO - Filling up the DagBag from /opt/airflow/dags/weekly_segment.py
[2026-08-23T02:48:14.232+0000] {processor.py:925} INFO - DAG(s) 'weekly_segment' retrieved from /opt/airflow/dags/weekly_segment.py
[2026-08-23T02:48:14.253+0000] {logging_mixin.py:190} INFO - [2026-08-23T02:48:14.253+0000] {dag.py:3239} INFO - Sync 1 DAGs
[2026-08-23T02:48:14.270+0000] {logging_mixin.py:190} INFO - [2026-08-23T02:48:14.270+0000] {dag.py:4180} INFO - Setting next_dagrun for weekly_segment to 2026-08-22 16:00:00+00:00, run_after=2026-08-29 16:00:00+00:00
[2026-08-23T02:48:14.290+0000] {processor.py:208} INFO - Processing /opt/airflow/dags/weekly_segment.py took 0.166 seconds
[2026-08-23T02:48:44.539+0000] {processor.py:186} INFO - Started process (PID=2604) to work on /opt/airflow/dags/weekly_segment.py
[2026-08-23T02:48:44.541+0000] {processor.py:914} INFO - Processing file /opt/airflow/dags/weekly_segment.py for tasks to queue
[2026-08-23T02:48:44.545+0000] {logging_mixin.py:190} INFO - [2026-08-23T02:48:44.545+0000] {dagbag.py:588} INFO - Filling up the DagBag from /opt/airflow/dags/weekly_segment.py
[2026-08-23T02:48:44.806+0000] {processor.py:925} INFO - DAG(s) 'weekly_segment' retrieved from /opt/airflow/dags/weekly_segment.py
[2026-08-23T02:48:44.829+0000] {logging_mixin.py:190} INFO - [2026-08-23T02:48:44.829+0000] {dag.py:3239} INFO - Sync 1 DAGs
[2026-08-23T02:48:44.849+0000] {logging_mixin.py:190} INFO - [2026-08-23T02:48:44.848+0000] {dag.py:4180} INFO - Setting next_dagrun for weekly_segment to 2026-08-22 16:00:00+00:00, run_after=2026-08-29 16:00:00+00:00
[2026-08-23T02:48:44.866+0000] {processor.py:208} INFO - Processing /opt/airflow/dags/weekly_segment.py took 0.340 seconds
[2026-08-23T02:49:15.101+0000] {processor.py:186} INFO - Started process (PID=2614) to work on /opt/airflow/dags/weekly_segment.py
[2026-08-23T02:49:15.101+0000] {processor.py:914} INFO - Processing file /opt/airflow/dags/weekly_segment.py for tasks to queue
[2026-08-23T02:49:15.103+0000] {logging_mixin.py:190} INFO - [2026-08-23T02:49:15.103+0000] {dagbag.py:588} INFO - Filling up the DagBag from /opt/airflow/dags/weekly_segment.py
[2026-08-23T02:49:15.208+0000] {processor.py:925} INFO - DAG(s) 'weekly_segment' retrieved from /opt/airflow/dags/weekly_segment.py
[2026-08-23T02:49:15.230+0000] {logging_mixin.py:190} INFO - [2026-08-23T02:49:15.230+0000] {dag.py:3239} INFO - Sync 1 DAGs
[2026-08-23T02:49:15.248+0000] {logging_mixin.py:190} INFO - [2026-08-23T02:49:15.247+0000] {dag.py:4180} INFO - Setting next_dagrun for weekly_segment to 2026-08-22 16:00:00+00:00, run_after=2026-08-29 16:00:00+00:00
[2026-08-23T02:49:15.267+0000] {processor.py:208} INFO - Processing /opt/airflow/dags/weekly_segment.py took 0.173 seconds
[2026-08-23T02:49:45.364+0000] {processor.py:186} INFO - Started process (PID=2624) to work on /opt/airflow/dags/weekly_segment.py
[2026-08-23T02:49:45.365+0000] {processor.py:914} INFO - Processing file /opt/airflow/dags/weekly_segment.py for tasks to queue
[2026-08-23T02:49:45.367+0000] {logging_mixin.py:190} INFO - [2026-08-23T02:49:45.366+0000] {dagbag.py:588} INFO - Filling up the DagBag from /opt/airflow/dags/weekly_segment.py
[2026-08-23T02:49:45.469+0000] {processor.py:925} INFO - DAG(s) 'weekly_segment' retrieved from /opt/airflow/dags/weekly_segment.py
[2026-08-23T02:49:45.489+0000] {logging_mixin.py:190} INFO - [2026-08-23T02:49:45.489+0000] {dag.py:3239} INFO - Sync 1 DAGs
[2026-08-23T02:49:45.508+0000] {logging_mixin.py:190} INFO - [2026-08-23T02:49:45.507+0000] {dag.py:4180} INFO - Setting next_dagrun for weekly_segment to 2026-08-22 16:00:00+00:00, run_after=2026-08-29 16:00:00+00:00
[2026-08-23T02:49:45.520+0000] {processor.py:208} INFO - Processing /opt/airflow/dags/weekly_segment.py took 0.162 seconds
[2026-08-23T02:50:15.732+0000] {processor.py:186} INFO - Started process (PID=2634) to work on /opt/airflow/dags/weekly_segment.py
[2026-08-23T02:50:15.733+0000] {processor.py:914} INFO - Processing file /opt/airflow/dags/weekly_segment.py for tasks to queue
[2026-08-23T02:50:15.735+0000] {logging_mixin.py:190} INFO - [2026-08-23T02:50:15.735+0000] {dagbag.py:588} INFO - Filling up the DagBag from /opt/airflow/dags/weekly_segment.py
[2026-08-23T02:50:15.827+0000] {processor.py:925} INFO - DAG(s) 'weekly_segment' retrieved from /opt/airflow/dags/weekly_segment.py
[2026-08-23T02:50:15.849+0000] {logging_mixin.py:190} INFO - [2026-08-23T02:50:15.849+0000] {dag.py:3239} INFO - Sync 1 DAGs
[2026-08-23T02:50:15.866+0000] {logging_mixin.py:190} INFO - [2026-08-23T02:50:15.866+0000] {dag.py:4180} INFO - Setting next_dagrun for weekly_segment to 2026-08-22 16:00:00+00:00, run_after=2026-08-29 16:00:00+00:00
[2026-08-23T02:50:15.885+0000] {processor.py:208} INFO - Processing /opt/airflow/dags/weekly_segment.py took 0.160 seconds
[2026-08-23T02:50:45.974+0000] {processor.py:186} INFO - Started process (PID=2644) to work on /opt/airflow/dags/weekly_segment.py
[2026-08-23T02:50:45.975+0000] {processor.py:914} INFO - Processing file /opt/airflow/dags/weekly_segment.py for tasks to queue
[2026-08-23T02:50:45.978+0000] {logging_mixin.py:190} INFO - [2026-08-23T02:50:45.978+0000] {dagbag.py:588} INFO - Filling up the DagBag from /opt/airflow/dags/weekly_segment.py
[2026-08-23T02:50:46.103+0000] {processor.py:925} INFO - DAG(s) 'weekly_segment' retrieved from /opt/airflow/dags/weekly_segment.py
[2026-08-23T02:50:46.124+0000] {logging_mixin.py:190} INFO - [2026-08-23T02:50:46.124+0000] {dag.py:3239} INFO - Sync 1 DAGs
[2026-08-23T02:50:46.142+0000] {logging_mixin.py:190} INFO - [2026-08-23T02:50:46.142+0000] {dag.py:4180} INFO - Setting next_dagrun for weekly_segment to 2026-08-22 16:00:00+00:00, run_after=2026-08-29 16:00:00+00:00
[2026-08-23T02:50:46.158+0000] {processor.py:208} INFO - Processing /opt/airflow/dags/weekly_segment.py took 0.193 seconds
[2026-08-23T02:51:16.301+0000] {processor.py:186} INFO - Started process (PID=2654) to work on /opt/airflow/dags/weekly_segment.py
[2026-08-23T02:51:16.304+0000] {processor.py:914} INFO - Processing file /opt/airflow/dags/weekly_segment.py for tasks to queue
[2026-08-23T02:51:16.306+0000] {logging_mixin.py:190} INFO - [2026-08-23T02:51:16.306+0000] {dagbag.py:588} INFO - Filling up the DagBag from /opt/airflow/dags/weekly_segment.py
[2026-08-23T02:51:16.437+0000] {processor.py:925} INFO - DAG(s) 'weekly_segment' retrieved from /opt/airflow/dags/weekly_segment.py
[2026-08-23T02:51:16.463+0000] {logging_mixin.py:190} INFO - [2026-08-23T02:51:16.463+0000] {dag.py:3239} INFO - Sync 1 DAGs
[2026-08-23T02:51:16.483+0000] {logging_mixin.py:190} INFO - [2026-08-23T02:51:16.483+0000] {dag.py:4180} INFO - Setting next_dagrun for weekly_segment to 2026-08-22 16:00:00+00:00, run_after=2026-08-29 16:00:00+00:00
[2026-08-23T02:51:16.500+0000] {processor.py:208} INFO - Processing /opt/airflow/dags/weekly_segment.py took 0.206 seconds
[2026-08-23T02:51:46.707+0000] {processor.py:186} INFO - Started process (PID=2664) to work on /opt/airflow/dags/weekly_segment.py
[2026-08-23T02:51:46.708+0000] {processor.py:914} INFO - Processing file /opt/airflow/dags/weekly_segment.py for tasks to queue
[2026-08-23T02:51:46.711+0000] {logging_mixin.py:190} INFO - [2026-08-23T02:51:46.710+0000] {dagbag.py:588} INFO - Filling up the DagBag from /opt/airflow/dags/weekly_segment.py
[2026-08-23T02:51:46.850+0000] {processor.py:925} INFO - DAG(s) 'weekly_segment' retrieved from /opt/airflow/dags/weekly_segment.py
[2026-08-23T02:51:46.874+0000] {logging_mixin.py:190} INFO - [2026-08-23T02:51:46.874+0000] {dag.py:3239} INFO - Sync 1 DAGs
[2026-08-23T02:51:46.894+0000] {logging_mixin.py:190} INFO - [2026-08-23T02:51:46.894+0000] {dag.py:4180} INFO - Setting next_dagrun for weekly_segment to 2026-08-22 16:00:00+00:00, run_after=2026-08-29 16:00:00+00:00
[2026-08-23T02:51:46.912+0000] {processor.py:208} INFO - Processing /opt/airflow/dags/weekly_segment.py took 0.213 seconds
[2026-08-23T02:52:17.116+0000] {processor.py:186} INFO - Started process (PID=2674) to work on /opt/airflow/dags/weekly_segment.py
[2026-08-23T02:52:17.117+0000] {processor.py:914} INFO - Processing file /opt/airflow/dags/weekly_segment.py for tasks to queue
[2026-08-23T02:52:17.120+0000] {logging_mixin.py:190} INFO - [2026-08-23T02:52:17.120+0000] {dagbag.py:588} INFO - Filling up the DagBag from /opt/airflow/dags/weekly_segment.py
[2026-08-23T02:52:17.274+0000] {processor.py:925} INFO - DAG(s) 'weekly_segment' retrieved from /opt/airflow/dags/weekly_segment.py
[2026-08-23T02:52:17.299+0000] {logging_mixin.py:190} INFO - [2026-08-23T02:52:17.298+0000] {dag.py:3239} INFO - Sync 1 DAGs
[2026-08-23T02:52:17.320+0000] {logging_mixin.py:190} INFO - [2026-08-23T02:52:17.319+0000] {dag.py:4180} INFO - Setting next_dagrun for weekly_segment to 2026-08-22 16:00:00+00:00, run_after=2026-08-29 16:00:00+00:00
[2026-08-23T02:52:17.339+0000] {processor.py:208} INFO - Processing /opt/airflow/dags/weekly_segment.py took 0.232 seconds
[2026-08-23T02:52:47.544+0000] {processor.py:186} INFO - Started process (PID=2684) to work on /opt/airflow/dags/weekly_segment.py
[2026-08-23T02:52:47.545+0000] {processor.py:914} INFO - Processing file /opt/airflow/dags/weekly_segment.py for tasks to queue
[2026-08-23T02:52:47.547+0000] {logging_mixin.py:190} INFO - [2026-08-23T02:52:47.547+0000] {dagbag.py:588} INFO - Filling up the DagBag from /opt/airflow/dags/weekly_segment.py
[2026-08-23T02:52:47.650+0000] {processor.py:925} INFO - DAG(s) 'weekly_segment' retrieved from /opt/airflow/dags/weekly_segment.py
[2026-08-23T02:52:47.675+0000] {logging_mixin.py:190} INFO - [2026-08-23T02:52:47.675+0000] {dag.py:3239} INFO - Sync 1 DAGs
[2026-08-23T02:52:47.694+0000] {logging_mixin.py:190} INFO - [2026-08-23T02:52:47.694+0000] {dag.py:4180} INFO - Setting next_dagrun for weekly_segment to 2026-08-22 16:00:00+00:00, run_after=2026-08-29 16:00:00+00:00
[2026-08-23T02:52:47.709+0000] {processor.py:208} INFO - Processing /opt/airflow/dags/weekly_segment.py took 0.171 seconds
[2026-08-23T02:53:17.884+0000] {processor.py:186} INFO - Started process (PID=2694) to work on /opt/airflow/dags/weekly_segment.py
[2026-08-23T02:53:17.885+0000] {processor.py:914} INFO - Processing file /opt/airflow/dags/weekly_segment.py for tasks to queue
[2026-08-23T02:53:17.887+0000] {logging_mixin.py:190} INFO - [2026-08-23T02:53:17.887+0000] {dagbag.py:588} INFO - Filling up the DagBag from /opt/airflow/dags/weekly_segment.py
[2026-08-23T02:53:17.985+0000] {processor.py:925} INFO - DAG(s) 'weekly_segment' retrieved from /opt/airflow/dags/weekly_segment.py
[2026-08-23T02:53:18.006+0000] {logging_mixin.py:190} INFO - [2026-08-23T02:53:18.005+0000] {dag.py:3239} INFO - Sync 1 DAGs
[2026-08-23T02:53:18.022+0000] {logging_mixin.py:190} INFO - [2026-08-23T02:53:18.022+0000] {dag.py:4180} INFO - Setting next_dagrun for weekly_segment to 2026-08-22 16:00:00+00:00, run_after=2026-08-29 16:00:00+00:00
[2026-08-23T02:53:18.035+0000] {processor.py:208} INFO - Processing /opt/airflow/dags/weekly_segment.py took 0.157 seconds
[2026-08-23T02:53:48.219+0000] {processor.py:186} INFO - Started process (PID=2704) to work on /opt/airflow/dags/weekly_segment.py
[2026-08-23T02:53:48.220+0000] {processor.py:914} INFO - Processing file /opt/airflow/dags/weekly_segment.py for tasks to queue
[2026-08-23T02:53:48.222+0000] {logging_mixin.py:190} INFO - [2026-08-23T02:53:48.222+0000] {dagbag.py:588} INFO - Filling up the DagBag from /opt/airflow/dags/weekly_segment.py
[2026-08-23T02:53:48.347+0000] {processor.py:925} INFO - DAG(s) 'weekly_segment' retrieved from /opt/airflow/dags/weekly_segment.py
[2026-08-23T02:53:48.369+0000] {logging_mixin.py:190} INFO - [2026-08-23T02:53:48.369+0000] {dag.py:3239} INFO - Sync 1 DAGs
[2026-08-23T02:53:48.387+0000] {logging_mixin.py:190} INFO - [2026-08-23T02:53:48.387+0000] {dag.py:4180} INFO - Setting next_dagrun for weekly_segment to 2026-08-22 16:00:00+00:00, run_after=2026-08-29 16:00:00+00:00
[2026-08-23T02:53:48.401+0000] {processor.py:208} INFO - Processing /opt/airflow/dags/weekly_segment.py took 0.188 seconds
[2026-08-23T02:54:18.647+0000] {processor.py:186} INFO - Started process (PID=2714) to work on /opt/airflow/dags/weekly_segment.py
[2026-08-23T02:54:18.648+0000] {processor.py:914} INFO - Processing file /opt/airflow/dags/weekly_segment.py for tasks to queue
[2026-08-23T02:54:18.650+0000] {logging_mixin.py:190} INFO - [2026-08-23T02:54:18.650+0000] {dagbag.py:588} INFO - Filling up the DagBag from /opt/airflow/dags/weekly_segment.py
[2026-08-23T02:54:18.790+0000] {processor.py:925} INFO - DAG(s) 'weekly_segment' retrieved from /opt/airflow/dags/weekly_segment.py
[2026-08-23T02:54:18.816+0000] {logging_mixin.py:190} INFO - [2026-08-23T02:54:18.815+0000] {dag.py:3239} INFO - Sync 1 DAGs
[2026-08-23T02:54:18.838+0000] {logging_mixin.py:190} INFO - [2026-08-23T02:54:18.838+0000] {dag.py:4180} INFO - Setting next_dagrun for weekly_segment to 2026-08-22 16:00:00+00:00, run_after=2026-08-29 16:00:00+00:00
[2026-08-23T02:54:18.858+0000] {processor.py:208} INFO - Processing /opt/airflow/dags/weekly_segment.py took 0.219 seconds
[2026-08-23T02:54:49.108+0000] {processor.py:186} INFO - Started process (PID=2724) to work on /opt/airflow/dags/weekly_segment.py
[2026-08-23T02:54:49.109+0000] {processor.py:914} INFO - Processing file /opt/airflow/dags/weekly_segment.py for tasks to queue
[2026-08-23T02:54:49.111+0000] {logging_mixin.py:190} INFO - [2026-08-23T02:54:49.111+0000] {dagbag.py:588} INFO - Filling up the DagBag from /opt/airflow/dags/weekly_segment.py
[2026-08-23T02:54:49.251+0000] {processor.py:925} INFO - DAG(s) 'weekly_segment' retrieved from /opt/airflow/dags/weekly_segment.py
[2026-08-23T02:54:49.274+0000] {logging_mixin.py:190} INFO - [2026-08-23T02:54:49.274+0000] {dag.py:3239} INFO - Sync 1 DAGs
[2026-08-23T02:54:49.292+0000] {logging_mixin.py:190} INFO - [2026-08-23T02:54:49.292+0000] {dag.py:4180} INFO - Setting next_dagrun for weekly_segment to 2026-08-22 16:00:00+00:00, run_after=2026-08-29 16:00:00+00:00
[2026-08-23T02:54:49.308+0000] {processor.py:208} INFO - Processing /opt/airflow/dags/weekly_segment.py took 0.205 seconds
[2026-08-23T02:55:19.392+0000] {processor.py:186} INFO - Started process (PID=2734) to work on /opt/airflow/dags/weekly_segment.py
[2026-08-23T02:55:19.393+0000] {processor.py:914} INFO - Processing file /opt/airflow/dags/weekly_segment.py for tasks to queue
[2026-08-23T02:55:19.395+0000] {logging_mixin.py:190} INFO - [2026-08-23T02:55:19.394+0000] {dagbag.py:588} INFO - Filling up the DagBag from /opt/airflow/dags/weekly_segment.py
[2026-08-23T02:55:19.535+0000] {processor.py:925} INFO - DAG(s) 'weekly_segment' retrieved from /opt/airflow/dags/weekly_segment.py
[2026-08-23T02:55:19.559+0000] {logging_mixin.py:190} INFO - [2026-08-23T02:55:19.559+0000] {dag.py:3239} INFO - Sync 1 DAGs
[2026-08-23T02:55:19.577+0000] {logging_mixin.py:190} INFO - [2026-08-23T02:55:19.577+0000] {dag.py:4180} INFO - Setting next_dagrun for weekly_segment to 2026-08-22 16:00:00+00:00, run_after=2026-08-29 16:00:00+00:00
[2026-08-23T02:55:19.590+0000] {processor.py:208} INFO - Processing /opt/airflow/dags/weekly_segment.py took 0.207 seconds
[2026-08-23T02:55:49.873+0000] {processor.py:186} INFO - Started process (PID=2744) to work on /opt/airflow/dags/weekly_segment.py
[2026-08-23T02:55:49.875+0000] {processor.py:914} INFO - Processing file /opt/airflow/dags/weekly_segment.py for tasks to queue
[2026-08-23T02:55:49.877+0000] {logging_mixin.py:190} INFO - [2026-08-23T02:55:49.877+0000] {dagbag.py:588} INFO - Filling up the DagBag from /opt/airflow/dags/weekly_segment.py
[2026-08-23T02:55:50.013+0000] {processor.py:925} INFO - DAG(s) 'weekly_segment' retrieved from /opt/airflow/dags/weekly_segment.py
[2026-08-23T02:55:50.037+0000] {logging_mixin.py:190} INFO - [2026-08-23T02:55:50.037+0000] {dag.py:3239} INFO - Sync 1 DAGs
[2026-08-23T02:55:50.057+0000] {logging_mixin.py:190} INFO - [2026-08-23T02:55:50.056+0000] {dag.py:4180} INFO - Setting next_dagrun for weekly_segment to 2026-08-22 16:00:00+00:00, run_after=2026-08-29 16:00:00+00:00
[2026-08-23T02:55:50.073+0000] {processor.py:208} INFO - Processing /opt/airflow/dags/weekly_segment.py took 0.208 seconds
[2026-08-23T02:56:20.275+0000] {processor.py:186} INFO - Started process (PID=2754) to work on /opt/airflow/dags/weekly_segment.py
[2026-08-23T02:56:20.276+0000] {processor.py:914} INFO - Processing file /opt/airflow/dags/weekly_segment.py for tasks to queue
[2026-08-23T02:56:20.280+0000] {logging_mixin.py:190} INFO - [2026-08-23T02:56:20.279+0000] {dagbag.py:588} INFO - Filling up the DagBag from /opt/airflow/dags/weekly_segment.py
[2026-08-23T02:56:20.444+0000] {processor.py:925} INFO - DAG(s) 'weekly_segment' retrieved from /opt/airflow/dags/weekly_segment.py
[2026-08-23T02:56:20.466+0000] {logging_mixin.py:190} INFO - [2026-08-23T02:56:20.466+0000] {dag.py:3239} INFO - Sync 1 DAGs
[2026-08-23T02:56:20.484+0000] {logging_mixin.py:190} INFO - [2026-08-23T02:56:20.484+0000] {dag.py:4180} INFO - Setting next_dagrun for weekly_segment to 2026-08-22 16:00:00+00:00, run_after=2026-08-29 16:00:00+00:00
[2026-08-23T02:56:20.500+0000] {processor.py:208} INFO - Processing /opt/airflow/dags/weekly_segment.py took 0.232 seconds
[2026-08-23T02:56:50.580+0000] {processor.py:186} INFO - Started process (PID=2764) to work on /opt/airflow/dags/weekly_segment.py
[2026-08-23T02:56:50.582+0000] {processor.py:914} INFO - Processing file /opt/airflow/dags/weekly_segment.py for tasks to queue
[2026-08-23T02:56:50.585+0000] {logging_mixin.py:190} INFO - [2026-08-23T02:56:50.585+0000] {dagbag.py:588} INFO - Filling up the DagBag from /opt/airflow/dags/weekly_segment.py
[2026-08-23T02:56:50.744+0000] {processor.py:925} INFO - DAG(s) 'weekly_segment' retrieved from /opt/airflow/dags/weekly_segment.py
[2026-08-23T02:56:50.767+0000] {logging_mixin.py:190} INFO - [2026-08-23T02:56:50.767+0000] {dag.py:3239} INFO - Sync 1 DAGs
[2026-08-23T02:56:50.788+0000] {logging_mixin.py:190} INFO - [2026-08-23T02:56:50.787+0000] {dag.py:4180} INFO - Setting next_dagrun for weekly_segment to 2026-08-22 16:00:00+00:00, run_after=2026-08-29 16:00:00+00:00
[2026-08-23T02:56:50.804+0000] {processor.py:208} INFO - Processing /opt/airflow/dags/weekly_segment.py took 0.232 seconds
[2026-08-23T02:57:20.881+0000] {processor.py:186} INFO - Started process (PID=2774) to work on /opt/airflow/dags/weekly_segment.py
[2026-08-23T02:57:20.882+0000] {processor.py:914} INFO - Processing file /opt/airflow/dags/weekly_segment.py for tasks to queue
[2026-08-23T02:57:20.884+0000] {logging_mixin.py:190} INFO - [2026-08-23T02:57:20.884+0000] {dagbag.py:588} INFO - Filling up the DagBag from /opt/airflow/dags/weekly_segment.py
[2026-08-23T02:57:20.995+0000] {processor.py:925} INFO - DAG(s) 'weekly_segment' retrieved from /opt/airflow/dags/weekly_segment.py
[2026-08-23T02:57:21.016+0000] {logging_mixin.py:190} INFO - [2026-08-23T02:57:21.016+0000] {dag.py:3239} INFO - Sync 1 DAGs
[2026-08-23T02:57:21.032+0000] {logging_mixin.py:190} INFO - [2026-08-23T02:57:21.032+0000] {dag.py:4180} INFO - Setting next_dagrun for weekly_segment to 2026-08-22 16:00:00+00:00, run_after=2026-08-29 16:00:00+00:00
[2026-08-23T02:57:21.053+0000] {processor.py:208} INFO - Processing /opt/airflow/dags/weekly_segment.py took 0.180 seconds
[2026-08-23T02:57:51.180+0000] {processor.py:186} INFO - Started process (PID=2784) to work on /opt/airflow/dags/weekly_segment.py
[2026-08-23T02:57:51.182+0000] {processor.py:914} INFO - Processing file /opt/airflow/dags/weekly_segment.py for tasks to queue
[2026-08-23T02:57:51.184+0000] {logging_mixin.py:190} INFO - [2026-08-23T02:57:51.184+0000] {dagbag.py:588} INFO - Filling up the DagBag from /opt/airflow/dags/weekly_segment.py
[2026-08-23T02:57:51.302+0000] {processor.py:925} INFO - DAG(s) 'weekly_segment' retrieved from /opt/airflow/dags/weekly_segment.py
[2026-08-23T02:57:51.326+0000] {logging_mixin.py:190} INFO - [2026-08-23T02:57:51.325+0000] {dag.py:3239} INFO - Sync 1 DAGs
[2026-08-23T02:57:51.344+0000] {logging_mixin.py:190} INFO - [2026-08-23T02:57:51.344+0000] {dag.py:4180} INFO - Setting next_dagrun for weekly_segment to 2026-08-22 16:00:00+00:00, run_after=2026-08-29 16:00:00+00:00
[2026-08-23T02:57:51.360+0000] {processor.py:208} INFO - Processing /opt/airflow/dags/weekly_segment.py took 0.186 seconds
[2026-08-23T02:58:21.440+0000] {processor.py:186} INFO - Started process (PID=2794) to work on /opt/airflow/dags/weekly_segment.py
[2026-08-23T02:58:21.441+0000] {processor.py:914} INFO - Processing file /opt/airflow/dags/weekly_segment.py for tasks to queue
[2026-08-23T02:58:21.442+0000] {logging_mixin.py:190} INFO - [2026-08-23T02:58:21.442+0000] {dagbag.py:588} INFO - Filling up the DagBag from /opt/airflow/dags/weekly_segment.py
[2026-08-23T02:58:21.536+0000] {processor.py:925} INFO - DAG(s) 'weekly_segment' retrieved from /opt/airflow/dags/weekly_segment.py
[2026-08-23T02:58:21.556+0000] {logging_mixin.py:190} INFO - [2026-08-23T02:58:21.556+0000] {dag.py:3239} INFO - Sync 1 DAGs
[2026-08-23T02:58:21.572+0000] {logging_mixin.py:190} INFO - [2026-08-23T02:58:21.572+0000] {dag.py:4180} INFO - Setting next_dagrun for weekly_segment to 2026-08-22 16:00:00+00:00, run_after=2026-08-29 16:00:00+00:00
[2026-08-23T02:58:21.585+0000] {processor.py:208} INFO - Processing /opt/airflow/dags/weekly_segment.py took 0.151 seconds
[2026-08-23T02:58:51.809+0000] {processor.py:186} INFO - Started process (PID=2804) to work on /opt/airflow/dags/weekly_segment.py
[2026-08-23T02:58:51.810+0000] {processor.py:914} INFO - Processing file /opt/airflow/dags/weekly_segment.py for tasks to queue
[2026-08-23T02:58:51.812+0000] {logging_mixin.py:190} INFO - [2026-08-23T02:58:51.812+0000] {dagbag.py:588} INFO - Filling up the DagBag from /opt/airflow/dags/weekly_segment.py
[2026-08-23T02:58:51.921+0000] {processor.py:925} INFO - DAG(s) 'weekly_segment' retrieved from /opt/airflow/dags/weekly_segment.py
[2026-08-23T02:58:51.942+0000] {logging_mixin.py:190} INFO - [2026-08-23T02:58:51.942+0000] {dag.py:3239} INFO - Sync 1 DAGs
[2026-08-23T02:58:51.958+0000] {logging_mixin.py:190} INFO - [2026-08-23T02:58:51.958+0000] {dag.py:4180} INFO - Setting next_dagrun for weekly_segment to 2026-08-22 16:00:00+00:00, run_after=2026-08-29 16:00:00+00:00
[2026-08-23T02:58:51.974+0000] {processor.py:208} INFO - Processing /opt/airflow/dags/weekly_segment.py took 0.171 seconds
[2026-08-23T02:59:22.027+0000] {processor.py:186} INFO - Started process (PID=2814) to work on /opt/airflow/dags/weekly_segment.py
[2026-08-23T02:59:22.028+0000] {processor.py:914} INFO - Processing file /opt/airflow/dags/weekly_segment.py for tasks to queue
[2026-08-23T02:59:22.031+0000] {logging_mixin.py:190} INFO - [2026-08-23T02:59:22.030+0000] {dagbag.py:588} INFO - Filling up the DagBag from /opt/airflow/dags/weekly_segment.py
[2026-08-23T02:59:22.129+0000] {processor.py:925} INFO - DAG(s) 'weekly_segment' retrieved from /opt/airflow/dags/weekly_segment.py
[2026-08-23T02:59:22.151+0000] {logging_mixin.py:190} INFO - [2026-08-23T02:59:22.151+0000] {dag.py:3239} INFO - Sync 1 DAGs
[2026-08-23T02:59:22.168+0000] {logging_mixin.py:190} INFO - [2026-08-23T02:59:22.168+0000] {dag.py:4180} INFO - Setting next_dagrun for weekly_segment to 2026-08-22 16:00:00+00:00, run_after=2026-08-29 16:00:00+00:00
[2026-08-23T02:59:22.189+0000] {processor.py:208} INFO - Processing /opt/airflow/dags/weekly_segment.py took 0.168 seconds
[2026-08-23T02:59:52.369+0000] {processor.py:186} INFO - Started process (PID=2824) to work on /opt/airflow/dags/weekly_segment.py
[2026-08-23T02:59:52.370+0000] {processor.py:914} INFO - Processing file /opt/airflow/dags/weekly_segment.py for tasks to queue
[2026-08-23T02:59:52.372+0000] {logging_mixin.py:190} INFO - [2026-08-23T02:59:52.372+0000] {dagbag.py:588} INFO - Filling up the DagBag from /opt/airflow/dags/weekly_segment.py
[2026-08-23T02:59:52.470+0000] {processor.py:925} INFO - DAG(s) 'weekly_segment' retrieved from /opt/airflow/dags/weekly_segment.py
[2026-08-23T02:59:52.491+0000] {logging_mixin.py:190} INFO - [2026-08-23T02:59:52.490+0000] {dag.py:3239} INFO - Sync 1 DAGs
[2026-08-23T02:59:52.507+0000] {logging_mixin.py:190} INFO - [2026-08-23T02:59:52.507+0000] {dag.py:4180} INFO - Setting next_dagrun for weekly_segment to 2026-08-22 16:00:00+00:00, run_after=2026-08-29 16:00:00+00:00
[2026-08-23T02:59:52.524+0000] {processor.py:208} INFO - Processing /opt/airflow/dags/weekly_segment.py took 0.161 seconds
[2026-08-23T03:00:22.713+0000] {processor.py:186} INFO - Started process (PID=2834) to work on /opt/airflow/dags/weekly_segment.py
[2026-08-23T03:00:22.714+0000] {processor.py:914} INFO - Processing file /opt/airflow/dags/weekly_segment.py for tasks to queue
[2026-08-23T03:00:22.715+0000] {logging_mixin.py:190} INFO - [2026-08-23T03:00:22.715+0000] {dagbag.py:588} INFO - Filling up the DagBag from /opt/airflow/dags/weekly_segment.py
[2026-08-23T03:00:22.810+0000] {processor.py:925} INFO - DAG(s) 'weekly_segment' retrieved from /opt/airflow/dags/weekly_segment.py
[2026-08-23T03:00:22.831+0000] {logging_mixin.py:190} INFO - [2026-08-23T03:00:22.831+0000] {dag.py:3239} INFO - Sync 1 DAGs
[2026-08-23T03:00:22.848+0000] {logging_mixin.py:190} INFO - [2026-08-23T03:00:22.848+0000] {dag.py:4180} INFO - Setting next_dagrun for weekly_segment to 2026-08-22 16:00:00+00:00, run_after=2026-08-29 16:00:00+00:00
[2026-08-23T03:00:22.861+0000] {processor.py:208} INFO - Processing /opt/airflow/dags/weekly_segment.py took 0.154 seconds
[2026-08-23T03:00:53.057+0000] {processor.py:186} INFO - Started process (PID=2844) to work on /opt/airflow/dags/weekly_segment.py
[2026-08-23T03:00:53.058+0000] {processor.py:914} INFO - Processing file /opt/airflow/dags/weekly_segment.py for tasks to queue
[2026-08-23T03:00:53.060+0000] {logging_mixin.py:190} INFO - [2026-08-23T03:00:53.060+0000] {dagbag.py:588} INFO - Filling up the DagBag from /opt/airflow/dags/weekly_segment.py
[2026-08-23T03:00:53.157+0000] {processor.py:925} INFO - DAG(s) 'weekly_segment' retrieved from /opt/airflow/dags/weekly_segment.py
[2026-08-23T03:00:53.177+0000] {logging_mixin.py:190} INFO - [2026-08-23T03:00:53.177+0000] {dag.py:3239} INFO - Sync 1 DAGs
[2026-08-23T03:00:53.204+0000] {logging_mixin.py:190} INFO - [2026-08-23T03:00:53.204+0000] {dag.py:4180} INFO - Setting next_dagrun for weekly_segment to 2026-08-22 16:00:00+00:00, run_after=2026-08-29 16:00:00+00:00
[2026-08-23T03:00:53.222+0000] {processor.py:208} INFO - Processing /opt/airflow/dags/weekly_segment.py took 0.171 seconds
[2026-08-23T03:01:23.272+0000] {processor.py:186} INFO - Started process (PID=2854) to work on /opt/airflow/dags/weekly_segment.py
[2026-08-23T03:01:23.274+0000] {processor.py:914} INFO - Processing file /opt/airflow/dags/weekly_segment.py for tasks to queue
[2026-08-23T03:01:23.279+0000] {logging_mixin.py:190} INFO - [2026-08-23T03:01:23.278+0000] {dagbag.py:588} INFO - Filling up the DagBag from /opt/airflow/dags/weekly_segment.py
[2026-08-23T03:01:23.399+0000] {processor.py:925} INFO - DAG(s) 'weekly_segment' retrieved from /opt/airflow/dags/weekly_segment.py
[2026-08-23T03:01:23.423+0000] {logging_mixin.py:190} INFO - [2026-08-23T03:01:23.423+0000] {dag.py:3239} INFO - Sync 1 DAGs
[2026-08-23T03:01:23.442+0000] {logging_mixin.py:190} INFO - [2026-08-23T03:01:23.441+0000] {dag.py:4180} INFO - Setting next_dagrun for weekly_segment to 2026-08-22 16:00:00+00:00, run_after=2026-08-29 16:00:00+00:00
[2026-08-23T03:01:23.461+0000] {processor.py:208} INFO - Processing /opt/airflow/dags/weekly_segment.py took 0.199 seconds
[2026-08-23T03:01:53.579+0000] {processor.py:186} INFO - Started process (PID=2864) to work on /opt/airflow/dags/weekly_segment.py
[2026-08-23T03:01:53.580+0000] {processor.py:914} INFO - Processing file /opt/airflow/dags/weekly_segment.py for tasks to queue
[2026-08-23T03:01:53.583+0000] {logging_mixin.py:190} INFO - [2026-08-23T03:01:53.582+0000] {dagbag.py:588} INFO - Filling up the DagBag from /opt/airflow/dags/weekly_segment.py
[2026-08-23T03:01:53.707+0000] {processor.py:925} INFO - DAG(s) 'weekly_segment' retrieved from /opt/airflow/dags/weekly_segment.py
[2026-08-23T03:01:53.730+0000] {logging_mixin.py:190} INFO - [2026-08-23T03:01:53.730+0000] {dag.py:3239} INFO - Sync 1 DAGs
[2026-08-23T03:01:53.750+0000] {logging_mixin.py:190} INFO - [2026-08-23T03:01:53.750+0000] {dag.py:4180} INFO - Setting next_dagrun for weekly_segment to 2026-08-22 16:00:00+00:00, run_after=2026-08-29 16:00:00+00:00
[2026-08-23T03:01:53.771+0000] {processor.py:208} INFO - Processing /opt/airflow/dags/weekly_segment.py took 0.199 seconds
[2026-08-23T03:02:23.849+0000] {processor.py:186} INFO - Started process (PID=2874) to work on /opt/airflow/dags/weekly_segment.py
[2026-08-23T03:02:23.850+0000] {processor.py:914} INFO - Processing file /opt/airflow/dags/weekly_segment.py for tasks to queue
[2026-08-23T03:02:23.852+0000] {logging_mixin.py:190} INFO - [2026-08-23T03:02:23.852+0000] {dagbag.py:588} INFO - Filling up the DagBag from /opt/airflow/dags/weekly_segment.py
[2026-08-23T03:02:23.957+0000] {processor.py:925} INFO - DAG(s) 'weekly_segment' retrieved from /opt/airflow/dags/weekly_segment.py
[2026-08-23T03:02:23.980+0000] {logging_mixin.py:190} INFO - [2026-08-23T03:02:23.980+0000] {dag.py:3239} INFO - Sync 1 DAGs
[2026-08-23T03:02:23.999+0000] {logging_mixin.py:190} INFO - [2026-08-23T03:02:23.999+0000] {dag.py:4180} INFO - Setting next_dagrun for weekly_segment to 2026-08-22 16:00:00+00:00, run_after=2026-08-29 16:00:00+00:00
[2026-08-23T03:02:24.015+0000] {processor.py:208} INFO - Processing /opt/airflow/dags/weekly_segment.py took 0.173 seconds
[2026-08-23T03:02:54.138+0000] {processor.py:186} INFO - Started process (PID=2884) to work on /opt/airflow/dags/weekly_segment.py
[2026-08-23T03:02:54.139+0000] {processor.py:914} INFO - Processing file /opt/airflow/dags/weekly_segment.py for tasks to queue
[2026-08-23T03:02:54.141+0000] {logging_mixin.py:190} INFO - [2026-08-23T03:02:54.141+0000] {dagbag.py:588} INFO - Filling up the DagBag from /opt/airflow/dags/weekly_segment.py
[2026-08-23T03:02:54.256+0000] {processor.py:925} INFO - DAG(s) 'weekly_segment' retrieved from /opt/airflow/dags/weekly_segment.py
[2026-08-23T03:02:54.277+0000] {logging_mixin.py:190} INFO - [2026-08-23T03:02:54.277+0000] {dag.py:3239} INFO - Sync 1 DAGs
[2026-08-23T03:02:54.295+0000] {logging_mixin.py:190} INFO - [2026-08-23T03:02:54.295+0000] {dag.py:4180} INFO - Setting next_dagrun for weekly_segment to 2026-08-22 16:00:00+00:00, run_after=2026-08-29 16:00:00+00:00
[2026-08-23T03:02:54.311+0000] {processor.py:208} INFO - Processing /opt/airflow/dags/weekly_segment.py took 0.181 seconds
[2026-08-23T03:03:24.448+0000] {processor.py:186} INFO - Started process (PID=2894) to work on /opt/airflow/dags/weekly_segment.py
[2026-08-23T03:03:24.450+0000] {processor.py:914} INFO - Processing file /opt/airflow/dags/weekly_segment.py for tasks to queue
[2026-08-23T03:03:24.453+0000] {logging_mixin.py:190} INFO - [2026-08-23T03:03:24.452+0000] {dagbag.py:588} INFO - Filling up the DagBag from /opt/airflow/dags/weekly_segment.py
[2026-08-23T03:03:24.621+0000] {processor.py:925} INFO - DAG(s) 'weekly_segment' retrieved from /opt/airflow/dags/weekly_segment.py
[2026-08-23T03:03:24.644+0000] {logging_mixin.py:190} INFO - [2026-08-23T03:03:24.644+0000] {dag.py:3239} INFO - Sync 1 DAGs
[2026-08-23T03:03:24.665+0000] {logging_mixin.py:190} INFO - [2026-08-23T03:03:24.664+0000] {dag.py:4180} INFO - Setting next_dagrun for weekly_segment to 2026-08-22 16:00:00+00:00, run_after=2026-08-29 16:00:00+00:00
[2026-08-23T03:03:24.680+0000] {processor.py:208} INFO - Processing /opt/airflow/dags/weekly_segment.py took 0.241 seconds
[2026-08-23T03:03:54.776+0000] {processor.py:186} INFO - Started process (PID=2904) to work on /opt/airflow/dags/weekly_segment.py
[2026-08-23T03:03:54.777+0000] {processor.py:914} INFO - Processing file /opt/airflow/dags/weekly_segment.py for tasks to queue
[2026-08-23T03:03:54.779+0000] {logging_mixin.py:190} INFO - [2026-08-23T03:03:54.779+0000] {dagbag.py:588} INFO - Filling up the DagBag from /opt/airflow/dags/weekly_segment.py
[2026-08-23T03:03:54.908+0000] {processor.py:925} INFO - DAG(s) 'weekly_segment' retrieved from /opt/airflow/dags/weekly_segment.py
[2026-08-23T03:03:54.932+0000] {logging_mixin.py:190} INFO - [2026-08-23T03:03:54.932+0000] {dag.py:3239} INFO - Sync 1 DAGs
[2026-08-23T03:03:54.952+0000] {logging_mixin.py:190} INFO - [2026-08-23T03:03:54.952+0000] {dag.py:4180} INFO - Setting next_dagrun for weekly_segment to 2026-08-22 16:00:00+00:00, run_after=2026-08-29 16:00:00+00:00
[2026-08-23T03:03:54.969+0000] {processor.py:208} INFO - Processing /opt/airflow/dags/weekly_segment.py took 0.200 seconds
[2026-08-23T03:04:25.072+0000] {processor.py:186} INFO - Started process (PID=2914) to work on /opt/airflow/dags/weekly_segment.py
[2026-08-23T03:04:25.073+0000] {processor.py:914} INFO - Processing file /opt/airflow/dags/weekly_segment.py for tasks to queue
[2026-08-23T03:04:25.076+0000] {logging_mixin.py:190} INFO - [2026-08-23T03:04:25.075+0000] {dagbag.py:588} INFO - Filling up the DagBag from /opt/airflow/dags/weekly_segment.py
[2026-08-23T03:04:25.236+0000] {processor.py:925} INFO - DAG(s) 'weekly_segment' retrieved from /opt/airflow/dags/weekly_segment.py
[2026-08-23T03:04:25.266+0000] {logging_mixin.py:190} INFO - [2026-08-23T03:04:25.265+0000] {dag.py:3239} INFO - Sync 1 DAGs
[2026-08-23T03:04:25.290+0000] {logging_mixin.py:190} INFO - [2026-08-23T03:04:25.290+0000] {dag.py:4180} INFO - Setting next_dagrun for weekly_segment to 2026-08-22 16:00:00+00:00, run_after=2026-08-29 16:00:00+00:00
[2026-08-23T03:04:25.310+0000] {processor.py:208} INFO - Processing /opt/airflow/dags/weekly_segment.py took 0.246 seconds
[2026-08-23T03:04:55.529+0000] {processor.py:186} INFO - Started process (PID=2924) to work on /opt/airflow/dags/weekly_segment.py
[2026-08-23T03:04:55.530+0000] {processor.py:914} INFO - Processing file /opt/airflow/dags/weekly_segment.py for tasks to queue
[2026-08-23T03:04:55.534+0000] {logging_mixin.py:190} INFO - [2026-08-23T03:04:55.534+0000] {dagbag.py:588} INFO - Filling up the DagBag from /opt/airflow/dags/weekly_segment.py
[2026-08-23T03:04:55.678+0000] {processor.py:925} INFO - DAG(s) 'weekly_segment' retrieved from /opt/airflow/dags/weekly_segment.py
[2026-08-23T03:04:55.703+0000] {logging_mixin.py:190} INFO - [2026-08-23T03:04:55.702+0000] {dag.py:3239} INFO - Sync 1 DAGs
[2026-08-23T03:04:55.723+0000] {logging_mixin.py:190} INFO - [2026-08-23T03:04:55.723+0000] {dag.py:4180} INFO - Setting next_dagrun for weekly_segment to 2026-08-22 16:00:00+00:00, run_after=2026-08-29 16:00:00+00:00
[2026-08-23T03:04:55.740+0000] {processor.py:208} INFO - Processing /opt/airflow/dags/weekly_segment.py took 0.220 seconds
[2026-08-23T03:05:25.940+0000] {processor.py:186} INFO - Started process (PID=2934) to work on /opt/airflow/dags/weekly_segment.py
[2026-08-23T03:05:25.941+0000] {processor.py:914} INFO - Processing file /opt/airflow/dags/weekly_segment.py for tasks to queue
[2026-08-23T03:05:25.943+0000] {logging_mixin.py:190} INFO - [2026-08-23T03:05:25.943+0000] {dagbag.py:588} INFO - Filling up the DagBag from /opt/airflow/dags/weekly_segment.py
[2026-08-23T03:05:26.056+0000] {processor.py:925} INFO - DAG(s) 'weekly_segment' retrieved from /opt/airflow/dags/weekly_segment.py
[2026-08-23T03:05:26.080+0000] {logging_mixin.py:190} INFO - [2026-08-23T03:05:26.080+0000] {dag.py:3239} INFO - Sync 1 DAGs
[2026-08-23T03:05:26.100+0000] {logging_mixin.py:190} INFO - [2026-08-23T03:05:26.100+0000] {dag.py:4180} INFO - Setting next_dagrun for weekly_segment to 2026-08-22 16:00:00+00:00, run_after=2026-08-29 16:00:00+00:00
[2026-08-23T03:05:26.117+0000] {processor.py:208} INFO - Processing /opt/airflow/dags/weekly_segment.py took 0.184 seconds
[2026-08-23T03:05:56.340+0000] {processor.py:186} INFO - Started process (PID=2944) to work on /opt/airflow/dags/weekly_segment.py
[2026-08-23T03:05:56.343+0000] {processor.py:914} INFO - Processing file /opt/airflow/dags/weekly_segment.py for tasks to queue
[2026-08-23T03:05:56.346+0000] {logging_mixin.py:190} INFO - [2026-08-23T03:05:56.345+0000] {dagbag.py:588} INFO - Filling up the DagBag from /opt/airflow/dags/weekly_segment.py
[2026-08-23T03:05:56.525+0000] {processor.py:925} INFO - DAG(s) 'weekly_segment' retrieved from /opt/airflow/dags/weekly_segment.py
[2026-08-23T03:05:56.552+0000] {logging_mixin.py:190} INFO - [2026-08-23T03:05:56.551+0000] {dag.py:3239} INFO - Sync 1 DAGs
[2026-08-23T03:05:56.576+0000] {logging_mixin.py:190} INFO - [2026-08-23T03:05:56.576+0000] {dag.py:4180} INFO - Setting next_dagrun for weekly_segment to 2026-08-22 16:00:00+00:00, run_after=2026-08-29 16:00:00+00:00
[2026-08-23T03:05:56.601+0000] {processor.py:208} INFO - Processing /opt/airflow/dags/weekly_segment.py took 0.271 seconds
[2026-08-23T03:06:26.834+0000] {processor.py:186} INFO - Started process (PID=2954) to work on /opt/airflow/dags/weekly_segment.py
[2026-08-23T03:06:26.836+0000] {processor.py:914} INFO - Processing file /opt/airflow/dags/weekly_segment.py for tasks to queue
[2026-08-23T03:06:26.838+0000] {logging_mixin.py:190} INFO - [2026-08-23T03:06:26.838+0000] {dagbag.py:588} INFO - Filling up the DagBag from /opt/airflow/dags/weekly_segment.py
[2026-08-23T03:06:26.986+0000] {processor.py:925} INFO - DAG(s) 'weekly_segment' retrieved from /opt/airflow/dags/weekly_segment.py
[2026-08-23T03:06:27.011+0000] {logging_mixin.py:190} INFO - [2026-08-23T03:06:27.010+0000] {dag.py:3239} INFO - Sync 1 DAGs
[2026-08-23T03:06:27.031+0000] {logging_mixin.py:190} INFO - [2026-08-23T03:06:27.031+0000] {dag.py:4180} INFO - Setting next_dagrun for weekly_segment to 2026-08-22 16:00:00+00:00, run_after=2026-08-29 16:00:00+00:00
[2026-08-23T03:06:27.048+0000] {processor.py:208} INFO - Processing /opt/airflow/dags/weekly_segment.py took 0.222 seconds
[2026-08-23T03:06:57.275+0000] {processor.py:186} INFO - Started process (PID=2964) to work on /opt/airflow/dags/weekly_segment.py
[2026-08-23T03:06:57.276+0000] {processor.py:914} INFO - Processing file /opt/airflow/dags/weekly_segment.py for tasks to queue
[2026-08-23T03:06:57.280+0000] {logging_mixin.py:190} INFO - [2026-08-23T03:06:57.280+0000] {dagbag.py:588} INFO - Filling up the DagBag from /opt/airflow/dags/weekly_segment.py
[2026-08-23T03:06:57.455+0000] {processor.py:925} INFO - DAG(s) 'weekly_segment' retrieved from /opt/airflow/dags/weekly_segment.py
[2026-08-23T03:06:57.484+0000] {logging_mixin.py:190} INFO - [2026-08-23T03:06:57.484+0000] {dag.py:3239} INFO - Sync 1 DAGs
[2026-08-23T03:06:57.509+0000] {logging_mixin.py:190} INFO - [2026-08-23T03:06:57.508+0000] {dag.py:4180} INFO - Setting next_dagrun for weekly_segment to 2026-08-22 16:00:00+00:00, run_after=2026-08-29 16:00:00+00:00
[2026-08-23T03:06:57.527+0000] {processor.py:208} INFO - Processing /opt/airflow/dags/weekly_segment.py took 0.259 seconds
[2026-08-23T03:07:27.808+0000] {processor.py:186} INFO - Started process (PID=2974) to work on /opt/airflow/dags/weekly_segment.py
[2026-08-23T03:07:27.811+0000] {processor.py:914} INFO - Processing file /opt/airflow/dags/weekly_segment.py for tasks to queue
[2026-08-23T03:07:27.816+0000] {logging_mixin.py:190} INFO - [2026-08-23T03:07:27.815+0000] {dagbag.py:588} INFO - Filling up the DagBag from /opt/airflow/dags/weekly_segment.py
[2026-08-23T03:07:27.966+0000] {processor.py:925} INFO - DAG(s) 'weekly_segment' retrieved from /opt/airflow/dags/weekly_segment.py
[2026-08-23T03:07:27.994+0000] {logging_mixin.py:190} INFO - [2026-08-23T03:07:27.993+0000] {dag.py:3239} INFO - Sync 1 DAGs
[2026-08-23T03:07:28.015+0000] {logging_mixin.py:190} INFO - [2026-08-23T03:07:28.015+0000] {dag.py:4180} INFO - Setting next_dagrun for weekly_segment to 2026-08-22 16:00:00+00:00, run_after=2026-08-29 16:00:00+00:00
[2026-08-23T03:07:28.034+0000] {processor.py:208} INFO - Processing /opt/airflow/dags/weekly_segment.py took 0.237 seconds
[2026-08-23T03:07:58.272+0000] {processor.py:186} INFO - Started process (PID=2984) to work on /opt/airflow/dags/weekly_segment.py
[2026-08-23T03:07:58.273+0000] {processor.py:914} INFO - Processing file /opt/airflow/dags/weekly_segment.py for tasks to queue
[2026-08-23T03:07:58.276+0000] {logging_mixin.py:190} INFO - [2026-08-23T03:07:58.276+0000] {dagbag.py:588} INFO - Filling up the DagBag from /opt/airflow/dags/weekly_segment.py
[2026-08-23T03:07:58.417+0000] {processor.py:925} INFO - DAG(s) 'weekly_segment' retrieved from /opt/airflow/dags/weekly_segment.py
[2026-08-23T03:07:58.442+0000] {logging_mixin.py:190} INFO - [2026-08-23T03:07:58.442+0000] {dag.py:3239} INFO - Sync 1 DAGs
[2026-08-23T03:07:58.462+0000] {logging_mixin.py:190} INFO - [2026-08-23T03:07:58.462+0000] {dag.py:4180} INFO - Setting next_dagrun for weekly_segment to 2026-08-22 16:00:00+00:00, run_after=2026-08-29 16:00:00+00:00
[2026-08-23T03:07:58.481+0000] {processor.py:208} INFO - Processing /opt/airflow/dags/weekly_segment.py took 0.218 seconds
[2026-08-23T03:08:28.738+0000] {processor.py:186} INFO - Started process (PID=2994) to work on /opt/airflow/dags/weekly_segment.py
[2026-08-23T03:08:28.739+0000] {processor.py:914} INFO - Processing file /opt/airflow/dags/weekly_segment.py for tasks to queue
[2026-08-23T03:08:28.742+0000] {logging_mixin.py:190} INFO - [2026-08-23T03:08:28.742+0000] {dagbag.py:588} INFO - Filling up the DagBag from /opt/airflow/dags/weekly_segment.py
[2026-08-23T03:08:28.899+0000] {processor.py:925} INFO - DAG(s) 'weekly_segment' retrieved from /opt/airflow/dags/weekly_segment.py
[2026-08-23T03:08:28.927+0000] {logging_mixin.py:190} INFO - [2026-08-23T03:08:28.927+0000] {dag.py:3239} INFO - Sync 1 DAGs
[2026-08-23T03:08:28.948+0000] {logging_mixin.py:190} INFO - [2026-08-23T03:08:28.948+0000] {dag.py:4180} INFO - Setting next_dagrun for weekly_segment to 2026-08-22 16:00:00+00:00, run_after=2026-08-29 16:00:00+00:00
[2026-08-23T03:08:28.967+0000] {processor.py:208} INFO - Processing /opt/airflow/dags/weekly_segment.py took 0.236 seconds
[2026-08-23T03:08:59.214+0000] {processor.py:186} INFO - Started process (PID=3004) to work on /opt/airflow/dags/weekly_segment.py
[2026-08-23T03:08:59.216+0000] {processor.py:914} INFO - Processing file /opt/airflow/dags/weekly_segment.py for tasks to queue
[2026-08-23T03:08:59.218+0000] {logging_mixin.py:190} INFO - [2026-08-23T03:08:59.218+0000] {dagbag.py:588} INFO - Filling up the DagBag from /opt/airflow/dags/weekly_segment.py
[2026-08-23T03:08:59.372+0000] {processor.py:925} INFO - DAG(s) 'weekly_segment' retrieved from /opt/airflow/dags/weekly_segment.py
[2026-08-23T03:08:59.397+0000] {logging_mixin.py:190} INFO - [2026-08-23T03:08:59.397+0000] {dag.py:3239} INFO - Sync 1 DAGs
[2026-08-23T03:08:59.419+0000] {logging_mixin.py:190} INFO - [2026-08-23T03:08:59.419+0000] {dag.py:4180} INFO - Setting next_dagrun for weekly_segment to 2026-08-22 16:00:00+00:00, run_after=2026-08-29 16:00:00+00:00
[2026-08-23T03:08:59.438+0000] {processor.py:208} INFO - Processing /opt/airflow/dags/weekly_segment.py took 0.232 seconds
[2026-08-23T03:09:29.674+0000] {processor.py:186} INFO - Started process (PID=3014) to work on /opt/airflow/dags/weekly_segment.py
[2026-08-23T03:09:29.675+0000] {processor.py:914} INFO - Processing file /opt/airflow/dags/weekly_segment.py for tasks to queue
[2026-08-23T03:09:29.677+0000] {logging_mixin.py:190} INFO - [2026-08-23T03:09:29.677+0000] {dagbag.py:588} INFO - Filling up the DagBag from /opt/airflow/dags/weekly_segment.py
[2026-08-23T03:09:29.793+0000] {processor.py:925} INFO - DAG(s) 'weekly_segment' retrieved from /opt/airflow/dags/weekly_segment.py
[2026-08-23T03:09:29.816+0000] {logging_mixin.py:190} INFO - [2026-08-23T03:09:29.816+0000] {dag.py:3239} INFO - Sync 1 DAGs
[2026-08-23T03:09:29.836+0000] {logging_mixin.py:190} INFO - [2026-08-23T03:09:29.836+0000] {dag.py:4180} INFO - Setting next_dagrun for weekly_segment to 2026-08-22 16:00:00+00:00, run_after=2026-08-29 16:00:00+00:00
[2026-08-23T03:09:29.855+0000] {processor.py:208} INFO - Processing /opt/airflow/dags/weekly_segment.py took 0.186 seconds
[2026-08-23T03:10:00.113+0000] {processor.py:186} INFO - Started process (PID=3027) to work on /opt/airflow/dags/weekly_segment.py
[2026-08-23T03:10:00.115+0000] {processor.py:914} INFO - Processing file /opt/airflow/dags/weekly_segment.py for tasks to queue
[2026-08-23T03:10:00.117+0000] {logging_mixin.py:190} INFO - [2026-08-23T03:10:00.117+0000] {dagbag.py:588} INFO - Filling up the DagBag from /opt/airflow/dags/weekly_segment.py
[2026-08-23T03:10:00.269+0000] {processor.py:925} INFO - DAG(s) 'weekly_segment' retrieved from /opt/airflow/dags/weekly_segment.py
[2026-08-23T03:10:00.288+0000] {logging_mixin.py:190} INFO - [2026-08-23T03:10:00.288+0000] {dag.py:3239} INFO - Sync 1 DAGs
[2026-08-23T03:10:00.305+0000] {logging_mixin.py:190} INFO - [2026-08-23T03:10:00.305+0000] {dag.py:4180} INFO - Setting next_dagrun for weekly_segment to 2026-08-22 16:00:00+00:00, run_after=2026-08-29 16:00:00+00:00
[2026-08-23T03:10:00.319+0000] {processor.py:208} INFO - Processing /opt/airflow/dags/weekly_segment.py took 0.221 seconds
[2026-08-23T03:10:30.482+0000] {processor.py:186} INFO - Started process (PID=3034) to work on /opt/airflow/dags/weekly_segment.py
[2026-08-23T03:10:30.484+0000] {processor.py:914} INFO - Processing file /opt/airflow/dags/weekly_segment.py for tasks to queue
[2026-08-23T03:10:30.487+0000] {logging_mixin.py:190} INFO - [2026-08-23T03:10:30.486+0000] {dagbag.py:588} INFO - Filling up the DagBag from /opt/airflow/dags/weekly_segment.py
[2026-08-23T03:10:30.632+0000] {processor.py:925} INFO - DAG(s) 'weekly_segment' retrieved from /opt/airflow/dags/weekly_segment.py
[2026-08-23T03:10:30.653+0000] {logging_mixin.py:190} INFO - [2026-08-23T03:10:30.653+0000] {dag.py:3239} INFO - Sync 1 DAGs
[2026-08-23T03:10:30.672+0000] {logging_mixin.py:190} INFO - [2026-08-23T03:10:30.671+0000] {dag.py:4180} INFO - Setting next_dagrun for weekly_segment to 2026-08-22 16:00:00+00:00, run_after=2026-08-29 16:00:00+00:00
[2026-08-23T03:10:30.691+0000] {processor.py:208} INFO - Processing /opt/airflow/dags/weekly_segment.py took 0.224 seconds
[2026-08-23T03:11:01.162+0000] {processor.py:186} INFO - Started process (PID=3044) to work on /opt/airflow/dags/weekly_segment.py
[2026-08-23T03:11:01.163+0000] {processor.py:914} INFO - Processing file /opt/airflow/dags/weekly_segment.py for tasks to queue
[2026-08-23T03:11:01.165+0000] {logging_mixin.py:190} INFO - [2026-08-23T03:11:01.165+0000] {dagbag.py:588} INFO - Filling up the DagBag from /opt/airflow/dags/weekly_segment.py
[2026-08-23T03:11:01.327+0000] {processor.py:925} INFO - DAG(s) 'weekly_segment' retrieved from /opt/airflow/dags/weekly_segment.py
[2026-08-23T03:11:01.348+0000] {logging_mixin.py:190} INFO - [2026-08-23T03:11:01.348+0000] {dag.py:3239} INFO - Sync 1 DAGs
[2026-08-23T03:11:01.367+0000] {logging_mixin.py:190} INFO - [2026-08-23T03:11:01.367+0000] {dag.py:4180} INFO - Setting next_dagrun for weekly_segment to 2026-08-22 16:00:00+00:00, run_after=2026-08-29 16:00:00+00:00
[2026-08-23T03:11:01.382+0000] {processor.py:208} INFO - Processing /opt/airflow/dags/weekly_segment.py took 0.226 seconds
[2026-08-23T03:11:31.552+0000] {processor.py:186} INFO - Started process (PID=3054) to work on /opt/airflow/dags/weekly_segment.py
[2026-08-23T03:11:31.554+0000] {processor.py:914} INFO - Processing file /opt/airflow/dags/weekly_segment.py for tasks to queue
[2026-08-23T03:11:31.556+0000] {logging_mixin.py:190} INFO - [2026-08-23T03:11:31.556+0000] {dagbag.py:588} INFO - Filling up the DagBag from /opt/airflow/dags/weekly_segment.py
[2026-08-23T03:11:31.968+0000] {processor.py:925} INFO - DAG(s) 'weekly_segment' retrieved from /opt/airflow/dags/weekly_segment.py
[2026-08-23T03:11:31.993+0000] {logging_mixin.py:190} INFO - [2026-08-23T03:11:31.992+0000] {dag.py:3239} INFO - Sync 1 DAGs
[2026-08-23T03:11:32.013+0000] {logging_mixin.py:190} INFO - [2026-08-23T03:11:32.012+0000] {dag.py:4180} INFO - Setting next_dagrun for weekly_segment to 2026-08-22 16:00:00+00:00, run_after=2026-08-29 16:00:00+00:00
[2026-08-23T03:11:32.029+0000] {processor.py:208} INFO - Processing /opt/airflow/dags/weekly_segment.py took 0.489 seconds
[2026-08-23T03:12:02.382+0000] {processor.py:186} INFO - Started process (PID=3064) to work on /opt/airflow/dags/weekly_segment.py
[2026-08-23T03:12:02.383+0000] {processor.py:914} INFO - Processing file /opt/airflow/dags/weekly_segment.py for tasks to queue
[2026-08-23T03:12:02.385+0000] {logging_mixin.py:190} INFO - [2026-08-23T03:12:02.385+0000] {dagbag.py:588} INFO - Filling up the DagBag from /opt/airflow/dags/weekly_segment.py
[2026-08-23T03:12:02.502+0000] {processor.py:925} INFO - DAG(s) 'weekly_segment' retrieved from /opt/airflow/dags/weekly_segment.py
[2026-08-23T03:12:02.525+0000] {logging_mixin.py:190} INFO - [2026-08-23T03:12:02.525+0000] {dag.py:3239} INFO - Sync 1 DAGs
[2026-08-23T03:12:02.544+0000] {logging_mixin.py:190} INFO - [2026-08-23T03:12:02.544+0000] {dag.py:4180} INFO - Setting next_dagrun for weekly_segment to 2026-08-22 16:00:00+00:00, run_after=2026-08-29 16:00:00+00:00
[2026-08-23T03:12:02.564+0000] {processor.py:208} INFO - Processing /opt/airflow/dags/weekly_segment.py took 0.189 seconds
[2026-08-23T03:12:32.674+0000] {processor.py:186} INFO - Started process (PID=3074) to work on /opt/airflow/dags/weekly_segment.py
[2026-08-23T03:12:32.675+0000] {processor.py:914} INFO - Processing file /opt/airflow/dags/weekly_segment.py for tasks to queue
[2026-08-23T03:12:32.677+0000] {logging_mixin.py:190} INFO - [2026-08-23T03:12:32.676+0000] {dagbag.py:588} INFO - Filling up the DagBag from /opt/airflow/dags/weekly_segment.py
[2026-08-23T03:12:32.785+0000] {processor.py:925} INFO - DAG(s) 'weekly_segment' retrieved from /opt/airflow/dags/weekly_segment.py
[2026-08-23T03:12:32.808+0000] {logging_mixin.py:190} INFO - [2026-08-23T03:12:32.807+0000] {dag.py:3239} INFO - Sync 1 DAGs
[2026-08-23T03:12:32.826+0000] {logging_mixin.py:190} INFO - [2026-08-23T03:12:32.825+0000] {dag.py:4180} INFO - Setting next_dagrun for weekly_segment to 2026-08-22 16:00:00+00:00, run_after=2026-08-29 16:00:00+00:00
[2026-08-23T03:12:32.841+0000] {processor.py:208} INFO - Processing /opt/airflow/dags/weekly_segment.py took 0.175 seconds
[2026-08-23T03:13:03.033+0000] {processor.py:186} INFO - Started process (PID=3084) to work on /opt/airflow/dags/weekly_segment.py
[2026-08-23T03:13:03.035+0000] {processor.py:914} INFO - Processing file /opt/airflow/dags/weekly_segment.py for tasks to queue
[2026-08-23T03:13:03.037+0000] {logging_mixin.py:190} INFO - [2026-08-23T03:13:03.037+0000] {dagbag.py:588} INFO - Filling up the DagBag from /opt/airflow/dags/weekly_segment.py
[2026-08-23T03:13:03.132+0000] {processor.py:925} INFO - DAG(s) 'weekly_segment' retrieved from /opt/airflow/dags/weekly_segment.py
[2026-08-23T03:13:03.152+0000] {logging_mixin.py:190} INFO - [2026-08-23T03:13:03.152+0000] {dag.py:3239} INFO - Sync 1 DAGs
[2026-08-23T03:13:03.169+0000] {logging_mixin.py:190} INFO - [2026-08-23T03:13:03.169+0000] {dag.py:4180} INFO - Setting next_dagrun for weekly_segment to 2026-08-22 16:00:00+00:00, run_after=2026-08-29 16:00:00+00:00
[2026-08-23T03:13:03.185+0000] {processor.py:208} INFO - Processing /opt/airflow/dags/weekly_segment.py took 0.159 seconds
[2026-08-23T03:13:33.253+0000] {processor.py:186} INFO - Started process (PID=3094) to work on /opt/airflow/dags/weekly_segment.py
[2026-08-23T03:13:33.254+0000] {processor.py:914} INFO - Processing file /opt/airflow/dags/weekly_segment.py for tasks to queue
[2026-08-23T03:13:33.256+0000] {logging_mixin.py:190} INFO - [2026-08-23T03:13:33.256+0000] {dagbag.py:588} INFO - Filling up the DagBag from /opt/airflow/dags/weekly_segment.py
[2026-08-23T03:13:33.365+0000] {processor.py:925} INFO - DAG(s) 'weekly_segment' retrieved from /opt/airflow/dags/weekly_segment.py
[2026-08-23T03:13:33.388+0000] {logging_mixin.py:190} INFO - [2026-08-23T03:13:33.388+0000] {dag.py:3239} INFO - Sync 1 DAGs
[2026-08-23T03:13:33.405+0000] {logging_mixin.py:190} INFO - [2026-08-23T03:13:33.405+0000] {dag.py:4180} INFO - Setting next_dagrun for weekly_segment to 2026-08-22 16:00:00+00:00, run_after=2026-08-29 16:00:00+00:00
[2026-08-23T03:13:33.420+0000] {processor.py:208} INFO - Processing /opt/airflow/dags/weekly_segment.py took 0.173 seconds
[2026-08-23T03:14:03.625+0000] {processor.py:186} INFO - Started process (PID=3104) to work on /opt/airflow/dags/weekly_segment.py
[2026-08-23T03:14:03.627+0000] {processor.py:914} INFO - Processing file /opt/airflow/dags/weekly_segment.py for tasks to queue
[2026-08-23T03:14:03.630+0000] {logging_mixin.py:190} INFO - [2026-08-23T03:14:03.629+0000] {dagbag.py:588} INFO - Filling up the DagBag from /opt/airflow/dags/weekly_segment.py
[2026-08-23T03:14:03.797+0000] {processor.py:925} INFO - DAG(s) 'weekly_segment' retrieved from /opt/airflow/dags/weekly_segment.py
[2026-08-23T03:14:03.823+0000] {logging_mixin.py:190} INFO - [2026-08-23T03:14:03.822+0000] {dag.py:3239} INFO - Sync 1 DAGs
[2026-08-23T03:14:03.844+0000] {logging_mixin.py:190} INFO - [2026-08-23T03:14:03.844+0000] {dag.py:4180} INFO - Setting next_dagrun for weekly_segment to 2026-08-22 16:00:00+00:00, run_after=2026-08-29 16:00:00+00:00
[2026-08-23T03:14:03.873+0000] {processor.py:208} INFO - Processing /opt/airflow/dags/weekly_segment.py took 0.257 seconds
[2026-08-23T03:14:34.075+0000] {processor.py:186} INFO - Started process (PID=3114) to work on /opt/airflow/dags/weekly_segment.py
[2026-08-23T03:14:34.076+0000] {processor.py:914} INFO - Processing file /opt/airflow/dags/weekly_segment.py for tasks to queue
[2026-08-23T03:14:34.079+0000] {logging_mixin.py:190} INFO - [2026-08-23T03:14:34.079+0000] {dagbag.py:588} INFO - Filling up the DagBag from /opt/airflow/dags/weekly_segment.py
[2026-08-23T03:14:34.178+0000] {processor.py:925} INFO - DAG(s) 'weekly_segment' retrieved from /opt/airflow/dags/weekly_segment.py
[2026-08-23T03:14:34.199+0000] {logging_mixin.py:190} INFO - [2026-08-23T03:14:34.199+0000] {dag.py:3239} INFO - Sync 1 DAGs
[2026-08-23T03:14:34.217+0000] {logging_mixin.py:190} INFO - [2026-08-23T03:14:34.217+0000] {dag.py:4180} INFO - Setting next_dagrun for weekly_segment to 2026-08-22 16:00:00+00:00, run_after=2026-08-29 16:00:00+00:00
[2026-08-23T03:14:34.231+0000] {processor.py:208} INFO - Processing /opt/airflow/dags/weekly_segment.py took 0.162 seconds
[2026-08-23T03:15:04.277+0000] {processor.py:186} INFO - Started process (PID=3124) to work on /opt/airflow/dags/weekly_segment.py
[2026-08-23T03:15:04.278+0000] {processor.py:914} INFO - Processing file /opt/airflow/dags/weekly_segment.py for tasks to queue
[2026-08-23T03:15:04.280+0000] {logging_mixin.py:190} INFO - [2026-08-23T03:15:04.280+0000] {dagbag.py:588} INFO - Filling up the DagBag from /opt/airflow/dags/weekly_segment.py
[2026-08-23T03:15:04.370+0000] {processor.py:925} INFO - DAG(s) 'weekly_segment' retrieved from /opt/airflow/dags/weekly_segment.py
[2026-08-23T03:15:04.391+0000] {logging_mixin.py:190} INFO - [2026-08-23T03:15:04.390+0000] {dag.py:3239} INFO - Sync 1 DAGs
[2026-08-23T03:15:04.409+0000] {logging_mixin.py:190} INFO - [2026-08-23T03:15:04.409+0000] {dag.py:4180} INFO - Setting next_dagrun for weekly_segment to 2026-08-22 16:00:00+00:00, run_after=2026-08-29 16:00:00+00:00
[2026-08-23T03:15:04.426+0000] {processor.py:208} INFO - Processing /opt/airflow/dags/weekly_segment.py took 0.155 seconds
[2026-08-23T03:15:34.641+0000] {processor.py:186} INFO - Started process (PID=3134) to work on /opt/airflow/dags/weekly_segment.py
[2026-08-23T03:15:34.642+0000] {processor.py:914} INFO - Processing file /opt/airflow/dags/weekly_segment.py for tasks to queue
[2026-08-23T03:15:34.644+0000] {logging_mixin.py:190} INFO - [2026-08-23T03:15:34.644+0000] {dagbag.py:588} INFO - Filling up the DagBag from /opt/airflow/dags/weekly_segment.py
[2026-08-23T03:15:34.741+0000] {processor.py:925} INFO - DAG(s) 'weekly_segment' retrieved from /opt/airflow/dags/weekly_segment.py
[2026-08-23T03:15:34.762+0000] {logging_mixin.py:190} INFO - [2026-08-23T03:15:34.762+0000] {dag.py:3239} INFO - Sync 1 DAGs
[2026-08-23T03:15:34.781+0000] {logging_mixin.py:190} INFO - [2026-08-23T03:15:34.780+0000] {dag.py:4180} INFO - Setting next_dagrun for weekly_segment to 2026-08-22 16:00:00+00:00, run_after=2026-08-29 16:00:00+00:00
[2026-08-23T03:15:34.794+0000] {processor.py:208} INFO - Processing /opt/airflow/dags/weekly_segment.py took 0.158 seconds
[2026-08-23T03:16:04.896+0000] {processor.py:186} INFO - Started process (PID=3144) to work on /opt/airflow/dags/weekly_segment.py
[2026-08-23T03:16:04.897+0000] {processor.py:914} INFO - Processing file /opt/airflow/dags/weekly_segment.py for tasks to queue
[2026-08-23T03:16:04.898+0000] {logging_mixin.py:190} INFO - [2026-08-23T03:16:04.898+0000] {dagbag.py:588} INFO - Filling up the DagBag from /opt/airflow/dags/weekly_segment.py
[2026-08-23T03:16:04.989+0000] {processor.py:925} INFO - DAG(s) 'weekly_segment' retrieved from /opt/airflow/dags/weekly_segment.py
[2026-08-23T03:16:05.011+0000] {logging_mixin.py:190} INFO - [2026-08-23T03:16:05.011+0000] {dag.py:3239} INFO - Sync 1 DAGs
[2026-08-23T03:16:05.026+0000] {logging_mixin.py:190} INFO - [2026-08-23T03:16:05.026+0000] {dag.py:4180} INFO - Setting next_dagrun for weekly_segment to 2026-08-22 16:00:00+00:00, run_after=2026-08-29 16:00:00+00:00
[2026-08-23T03:16:05.043+0000] {processor.py:208} INFO - Processing /opt/airflow/dags/weekly_segment.py took 0.153 seconds
[2026-08-23T03:16:35.234+0000] {processor.py:186} INFO - Started process (PID=3154) to work on /opt/airflow/dags/weekly_segment.py
[2026-08-23T03:16:35.235+0000] {processor.py:914} INFO - Processing file /opt/airflow/dags/weekly_segment.py for tasks to queue
[2026-08-23T03:16:35.237+0000] {logging_mixin.py:190} INFO - [2026-08-23T03:16:35.237+0000] {dagbag.py:588} INFO - Filling up the DagBag from /opt/airflow/dags/weekly_segment.py
[2026-08-23T03:16:35.371+0000] {processor.py:925} INFO - DAG(s) 'weekly_segment' retrieved from /opt/airflow/dags/weekly_segment.py
[2026-08-23T03:16:35.390+0000] {logging_mixin.py:190} INFO - [2026-08-23T03:16:35.390+0000] {dag.py:3239} INFO - Sync 1 DAGs
[2026-08-23T03:16:35.405+0000] {logging_mixin.py:190} INFO - [2026-08-23T03:16:35.405+0000] {dag.py:4180} INFO - Setting next_dagrun for weekly_segment to 2026-08-22 16:00:00+00:00, run_after=2026-08-29 16:00:00+00:00
[2026-08-23T03:16:35.418+0000] {processor.py:208} INFO - Processing /opt/airflow/dags/weekly_segment.py took 0.191 seconds
[2026-08-23T03:17:05.566+0000] {processor.py:186} INFO - Started process (PID=3164) to work on /opt/airflow/dags/weekly_segment.py
[2026-08-23T03:17:05.567+0000] {processor.py:914} INFO - Processing file /opt/airflow/dags/weekly_segment.py for tasks to queue
[2026-08-23T03:17:05.569+0000] {logging_mixin.py:190} INFO - [2026-08-23T03:17:05.569+0000] {dagbag.py:588} INFO - Filling up the DagBag from /opt/airflow/dags/weekly_segment.py
[2026-08-23T03:17:05.668+0000] {processor.py:925} INFO - DAG(s) 'weekly_segment' retrieved from /opt/airflow/dags/weekly_segment.py
[2026-08-23T03:17:05.689+0000] {logging_mixin.py:190} INFO - [2026-08-23T03:17:05.689+0000] {dag.py:3239} INFO - Sync 1 DAGs
[2026-08-23T03:17:05.708+0000] {logging_mixin.py:190} INFO - [2026-08-23T03:17:05.708+0000] {dag.py:4180} INFO - Setting next_dagrun for weekly_segment to 2026-08-22 16:00:00+00:00, run_after=2026-08-29 16:00:00+00:00
[2026-08-23T03:17:05.724+0000] {processor.py:208} INFO - Processing /opt/airflow/dags/weekly_segment.py took 0.164 seconds
[2026-08-23T03:17:35.970+0000] {processor.py:186} INFO - Started process (PID=3174) to work on /opt/airflow/dags/weekly_segment.py
[2026-08-23T03:17:35.973+0000] {processor.py:914} INFO - Processing file /opt/airflow/dags/weekly_segment.py for tasks to queue
[2026-08-23T03:17:35.979+0000] {logging_mixin.py:190} INFO - [2026-08-23T03:17:35.979+0000] {dagbag.py:588} INFO - Filling up the DagBag from /opt/airflow/dags/weekly_segment.py
[2026-08-23T03:17:36.123+0000] {processor.py:925} INFO - DAG(s) 'weekly_segment' retrieved from /opt/airflow/dags/weekly_segment.py
[2026-08-23T03:17:36.144+0000] {logging_mixin.py:190} INFO - [2026-08-23T03:17:36.143+0000] {dag.py:3239} INFO - Sync 1 DAGs
[2026-08-23T03:17:36.162+0000] {logging_mixin.py:190} INFO - [2026-08-23T03:17:36.162+0000] {dag.py:4180} INFO - Setting next_dagrun for weekly_segment to 2026-08-22 16:00:00+00:00, run_after=2026-08-29 16:00:00+00:00
[2026-08-23T03:17:36.175+0000] {processor.py:208} INFO - Processing /opt/airflow/dags/weekly_segment.py took 0.215 seconds
[2026-08-23T03:18:06.257+0000] {processor.py:186} INFO - Started process (PID=3184) to work on /opt/airflow/dags/weekly_segment.py
[2026-08-23T03:18:06.258+0000] {processor.py:914} INFO - Processing file /opt/airflow/dags/weekly_segment.py for tasks to queue
[2026-08-23T03:18:06.260+0000] {logging_mixin.py:190} INFO - [2026-08-23T03:18:06.260+0000] {dagbag.py:588} INFO - Filling up the DagBag from /opt/airflow/dags/weekly_segment.py
[2026-08-23T03:18:06.367+0000] {processor.py:925} INFO - DAG(s) 'weekly_segment' retrieved from /opt/airflow/dags/weekly_segment.py
[2026-08-23T03:18:06.388+0000] {logging_mixin.py:190} INFO - [2026-08-23T03:18:06.387+0000] {dag.py:3239} INFO - Sync 1 DAGs
[2026-08-23T03:18:06.404+0000] {logging_mixin.py:190} INFO - [2026-08-23T03:18:06.404+0000] {dag.py:4180} INFO - Setting next_dagrun for weekly_segment to 2026-08-22 16:00:00+00:00, run_after=2026-08-29 16:00:00+00:00
[2026-08-23T03:18:06.422+0000] {processor.py:208} INFO - Processing /opt/airflow/dags/weekly_segment.py took 0.170 seconds
[2026-08-23T03:18:36.717+0000] {processor.py:186} INFO - Started process (PID=3194) to work on /opt/airflow/dags/weekly_segment.py
[2026-08-23T03:18:36.718+0000] {processor.py:914} INFO - Processing file /opt/airflow/dags/weekly_segment.py for tasks to queue
[2026-08-23T03:18:36.721+0000] {logging_mixin.py:190} INFO - [2026-08-23T03:18:36.720+0000] {dagbag.py:588} INFO - Filling up the DagBag from /opt/airflow/dags/weekly_segment.py
[2026-08-23T03:18:36.867+0000] {processor.py:925} INFO - DAG(s) 'weekly_segment' retrieved from /opt/airflow/dags/weekly_segment.py
[2026-08-23T03:18:36.890+0000] {logging_mixin.py:190} INFO - [2026-08-23T03:18:36.890+0000] {dag.py:3239} INFO - Sync 1 DAGs
[2026-08-23T03:18:36.909+0000] {logging_mixin.py:190} INFO - [2026-08-23T03:18:36.908+0000] {dag.py:4180} INFO - Setting next_dagrun for weekly_segment to 2026-08-22 16:00:00+00:00, run_after=2026-08-29 16:00:00+00:00
[2026-08-23T03:18:36.924+0000] {processor.py:208} INFO - Processing /opt/airflow/dags/weekly_segment.py took 0.215 seconds
[2026-08-23T03:19:07.039+0000] {processor.py:186} INFO - Started process (PID=3204) to work on /opt/airflow/dags/weekly_segment.py
[2026-08-23T03:19:07.041+0000] {processor.py:914} INFO - Processing file /opt/airflow/dags/weekly_segment.py for tasks to queue
[2026-08-23T03:19:07.043+0000] {logging_mixin.py:190} INFO - [2026-08-23T03:19:07.043+0000] {dagbag.py:588} INFO - Filling up the DagBag from /opt/airflow/dags/weekly_segment.py
[2026-08-23T03:19:07.171+0000] {processor.py:925} INFO - DAG(s) 'weekly_segment' retrieved from /opt/airflow/dags/weekly_segment.py
[2026-08-23T03:19:07.191+0000] {logging_mixin.py:190} INFO - [2026-08-23T03:19:07.191+0000] {dag.py:3239} INFO - Sync 1 DAGs
[2026-08-23T03:19:07.208+0000] {logging_mixin.py:190} INFO - [2026-08-23T03:19:07.208+0000] {dag.py:4180} INFO - Setting next_dagrun for weekly_segment to 2026-08-22 16:00:00+00:00, run_after=2026-08-29 16:00:00+00:00
[2026-08-23T03:19:07.221+0000] {processor.py:208} INFO - Processing /opt/airflow/dags/weekly_segment.py took 0.190 seconds
[2026-08-23T03:19:37.481+0000] {processor.py:186} INFO - Started process (PID=3214) to work on /opt/airflow/dags/weekly_segment.py
[2026-08-23T03:19:37.482+0000] {processor.py:914} INFO - Processing file /opt/airflow/dags/weekly_segment.py for tasks to queue
[2026-08-23T03:19:37.484+0000] {logging_mixin.py:190} INFO - [2026-08-23T03:19:37.483+0000] {dagbag.py:588} INFO - Filling up the DagBag from /opt/airflow/dags/weekly_segment.py
[2026-08-23T03:19:37.581+0000] {processor.py:925} INFO - DAG(s) 'weekly_segment' retrieved from /opt/airflow/dags/weekly_segment.py
[2026-08-23T03:19:37.601+0000] {logging_mixin.py:190} INFO - [2026-08-23T03:19:37.601+0000] {dag.py:3239} INFO - Sync 1 DAGs
[2026-08-23T03:19:37.617+0000] {logging_mixin.py:190} INFO - [2026-08-23T03:19:37.617+0000] {dag.py:4180} INFO - Setting next_dagrun for weekly_segment to 2026-08-22 16:00:00+00:00, run_after=2026-08-29 16:00:00+00:00
[2026-08-23T03:19:37.632+0000] {processor.py:208} INFO - Processing /opt/airflow/dags/weekly_segment.py took 0.157 seconds
[2026-08-23T03:20:07.801+0000] {processor.py:186} INFO - Started process (PID=3224) to work on /opt/airflow/dags/weekly_segment.py
[2026-08-23T03:20:07.801+0000] {processor.py:914} INFO - Processing file /opt/airflow/dags/weekly_segment.py for tasks to queue
[2026-08-23T03:20:07.804+0000] {logging_mixin.py:190} INFO - [2026-08-23T03:20:07.803+0000] {dagbag.py:588} INFO - Filling up the DagBag from /opt/airflow/dags/weekly_segment.py
[2026-08-23T03:20:07.921+0000] {processor.py:925} INFO - DAG(s) 'weekly_segment' retrieved from /opt/airflow/dags/weekly_segment.py
[2026-08-23T03:20:07.943+0000] {logging_mixin.py:190} INFO - [2026-08-23T03:20:07.943+0000] {dag.py:3239} INFO - Sync 1 DAGs
[2026-08-23T03:20:07.961+0000] {logging_mixin.py:190} INFO - [2026-08-23T03:20:07.961+0000] {dag.py:4180} INFO - Setting next_dagrun for weekly_segment to 2026-08-22 16:00:00+00:00, run_after=2026-08-29 16:00:00+00:00
[2026-08-23T03:20:07.977+0000] {processor.py:208} INFO - Processing /opt/airflow/dags/weekly_segment.py took 0.185 seconds
[2026-08-23T03:20:38.034+0000] {processor.py:186} INFO - Started process (PID=3234) to work on /opt/airflow/dags/weekly_segment.py
[2026-08-23T03:20:38.034+0000] {processor.py:914} INFO - Processing file /opt/airflow/dags/weekly_segment.py for tasks to queue
[2026-08-23T03:20:38.037+0000] {logging_mixin.py:190} INFO - [2026-08-23T03:20:38.036+0000] {dagbag.py:588} INFO - Filling up the DagBag from /opt/airflow/dags/weekly_segment.py
[2026-08-23T03:20:38.219+0000] {processor.py:925} INFO - DAG(s) 'weekly_segment' retrieved from /opt/airflow/dags/weekly_segment.py
[2026-08-23T03:20:38.239+0000] {logging_mixin.py:190} INFO - [2026-08-23T03:20:38.239+0000] {dag.py:3239} INFO - Sync 1 DAGs
[2026-08-23T03:20:38.257+0000] {logging_mixin.py:190} INFO - [2026-08-23T03:20:38.257+0000] {dag.py:4180} INFO - Setting next_dagrun for weekly_segment to 2026-08-22 16:00:00+00:00, run_after=2026-08-29 16:00:00+00:00
[2026-08-23T03:20:38.270+0000] {processor.py:208} INFO - Processing /opt/airflow/dags/weekly_segment.py took 0.243 seconds
[2026-08-23T03:21:08.502+0000] {processor.py:186} INFO - Started process (PID=3244) to work on /opt/airflow/dags/weekly_segment.py
[2026-08-23T03:21:08.504+0000] {processor.py:914} INFO - Processing file /opt/airflow/dags/weekly_segment.py for tasks to queue
[2026-08-23T03:21:08.508+0000] {logging_mixin.py:190} INFO - [2026-08-23T03:21:08.507+0000] {dagbag.py:588} INFO - Filling up the DagBag from /opt/airflow/dags/weekly_segment.py
[2026-08-23T03:21:08.744+0000] {processor.py:925} INFO - DAG(s) 'weekly_segment' retrieved from /opt/airflow/dags/weekly_segment.py
[2026-08-23T03:21:08.776+0000] {logging_mixin.py:190} INFO - [2026-08-23T03:21:08.776+0000] {dag.py:3239} INFO - Sync 1 DAGs
[2026-08-23T03:21:08.808+0000] {logging_mixin.py:190} INFO - [2026-08-23T03:21:08.808+0000] {dag.py:4180} INFO - Setting next_dagrun for weekly_segment to 2026-08-22 16:00:00+00:00, run_after=2026-08-29 16:00:00+00:00
[2026-08-23T03:21:08.834+0000] {processor.py:208} INFO - Processing /opt/airflow/dags/weekly_segment.py took 0.343 seconds
[2026-08-23T03:21:39.064+0000] {processor.py:186} INFO - Started process (PID=3254) to work on /opt/airflow/dags/weekly_segment.py
[2026-08-23T03:21:39.065+0000] {processor.py:914} INFO - Processing file /opt/airflow/dags/weekly_segment.py for tasks to queue
[2026-08-23T03:21:39.068+0000] {logging_mixin.py:190} INFO - [2026-08-23T03:21:39.067+0000] {dagbag.py:588} INFO - Filling up the DagBag from /opt/airflow/dags/weekly_segment.py
[2026-08-23T03:21:39.174+0000] {processor.py:925} INFO - DAG(s) 'weekly_segment' retrieved from /opt/airflow/dags/weekly_segment.py
[2026-08-23T03:21:39.198+0000] {logging_mixin.py:190} INFO - [2026-08-23T03:21:39.198+0000] {dag.py:3239} INFO - Sync 1 DAGs
[2026-08-23T03:21:39.219+0000] {logging_mixin.py:190} INFO - [2026-08-23T03:21:39.218+0000] {dag.py:4180} INFO - Setting next_dagrun for weekly_segment to 2026-08-22 16:00:00+00:00, run_after=2026-08-29 16:00:00+00:00
[2026-08-23T03:21:39.235+0000] {processor.py:208} INFO - Processing /opt/airflow/dags/weekly_segment.py took 0.178 seconds
[2026-08-23T03:22:09.467+0000] {processor.py:186} INFO - Started process (PID=3264) to work on /opt/airflow/dags/weekly_segment.py
[2026-08-23T03:22:09.468+0000] {processor.py:914} INFO - Processing file /opt/airflow/dags/weekly_segment.py for tasks to queue
[2026-08-23T03:22:09.470+0000] {logging_mixin.py:190} INFO - [2026-08-23T03:22:09.469+0000] {dagbag.py:588} INFO - Filling up the DagBag from /opt/airflow/dags/weekly_segment.py
[2026-08-23T03:22:09.581+0000] {processor.py:925} INFO - DAG(s) 'weekly_segment' retrieved from /opt/airflow/dags/weekly_segment.py
[2026-08-23T03:22:09.603+0000] {logging_mixin.py:190} INFO - [2026-08-23T03:22:09.603+0000] {dag.py:3239} INFO - Sync 1 DAGs
[2026-08-23T03:22:09.620+0000] {logging_mixin.py:190} INFO - [2026-08-23T03:22:09.619+0000] {dag.py:4180} INFO - Setting next_dagrun for weekly_segment to 2026-08-22 16:00:00+00:00, run_after=2026-08-29 16:00:00+00:00
[2026-08-23T03:22:09.633+0000] {processor.py:208} INFO - Processing /opt/airflow/dags/weekly_segment.py took 0.172 seconds
[2026-08-23T03:22:39.809+0000] {processor.py:186} INFO - Started process (PID=3274) to work on /opt/airflow/dags/weekly_segment.py
[2026-08-23T03:22:39.810+0000] {processor.py:914} INFO - Processing file /opt/airflow/dags/weekly_segment.py for tasks to queue
[2026-08-23T03:22:39.812+0000] {logging_mixin.py:190} INFO - [2026-08-23T03:22:39.812+0000] {dagbag.py:588} INFO - Filling up the DagBag from /opt/airflow/dags/weekly_segment.py
[2026-08-23T03:22:39.913+0000] {processor.py:925} INFO - DAG(s) 'weekly_segment' retrieved from /opt/airflow/dags/weekly_segment.py
[2026-08-23T03:22:39.935+0000] {logging_mixin.py:190} INFO - [2026-08-23T03:22:39.935+0000] {dag.py:3239} INFO - Sync 1 DAGs
[2026-08-23T03:22:39.953+0000] {logging_mixin.py:190} INFO - [2026-08-23T03:22:39.952+0000] {dag.py:4180} INFO - Setting next_dagrun for weekly_segment to 2026-08-22 16:00:00+00:00, run_after=2026-08-29 16:00:00+00:00
[2026-08-23T03:22:39.969+0000] {processor.py:208} INFO - Processing /opt/airflow/dags/weekly_segment.py took 0.165 seconds
[2026-08-23T03:23:10.140+0000] {processor.py:186} INFO - Started process (PID=3284) to work on /opt/airflow/dags/weekly_segment.py
[2026-08-23T03:23:10.141+0000] {processor.py:914} INFO - Processing file /opt/airflow/dags/weekly_segment.py for tasks to queue
[2026-08-23T03:23:10.143+0000] {logging_mixin.py:190} INFO - [2026-08-23T03:23:10.143+0000] {dagbag.py:588} INFO - Filling up the DagBag from /opt/airflow/dags/weekly_segment.py
[2026-08-23T03:23:10.240+0000] {processor.py:925} INFO - DAG(s) 'weekly_segment' retrieved from /opt/airflow/dags/weekly_segment.py
[2026-08-23T03:23:10.261+0000] {logging_mixin.py:190} INFO - [2026-08-23T03:23:10.261+0000] {dag.py:3239} INFO - Sync 1 DAGs
[2026-08-23T03:23:10.280+0000] {logging_mixin.py:190} INFO - [2026-08-23T03:23:10.280+0000] {dag.py:4180} INFO - Setting next_dagrun for weekly_segment to 2026-08-22 16:00:00+00:00, run_after=2026-08-29 16:00:00+00:00
[2026-08-23T03:23:10.295+0000] {processor.py:208} INFO - Processing /opt/airflow/dags/weekly_segment.py took 0.161 seconds
[2026-08-23T03:23:40.368+0000] {processor.py:186} INFO - Started process (PID=3294) to work on /opt/airflow/dags/weekly_segment.py
[2026-08-23T03:23:40.369+0000] {processor.py:914} INFO - Processing file /opt/airflow/dags/weekly_segment.py for tasks to queue
[2026-08-23T03:23:40.372+0000] {logging_mixin.py:190} INFO - [2026-08-23T03:23:40.371+0000] {dagbag.py:588} INFO - Filling up the DagBag from /opt/airflow/dags/weekly_segment.py
[2026-08-23T03:23:40.733+0000] {processor.py:925} INFO - DAG(s) 'weekly_segment' retrieved from /opt/airflow/dags/weekly_segment.py
[2026-08-23T03:23:40.756+0000] {logging_mixin.py:190} INFO - [2026-08-23T03:23:40.756+0000] {dag.py:3239} INFO - Sync 1 DAGs
[2026-08-23T03:23:40.773+0000] {logging_mixin.py:190} INFO - [2026-08-23T03:23:40.773+0000] {dag.py:4180} INFO - Setting next_dagrun for weekly_segment to 2026-08-22 16:00:00+00:00, run_after=2026-08-29 16:00:00+00:00
[2026-08-23T03:23:40.792+0000] {processor.py:208} INFO - Processing /opt/airflow/dags/weekly_segment.py took 0.435 seconds
[2026-08-23T03:24:11.077+0000] {processor.py:186} INFO - Started process (PID=3304) to work on /opt/airflow/dags/weekly_segment.py
[2026-08-23T03:24:11.078+0000] {processor.py:914} INFO - Processing file /opt/airflow/dags/weekly_segment.py for tasks to queue
[2026-08-23T03:24:11.080+0000] {logging_mixin.py:190} INFO - [2026-08-23T03:24:11.080+0000] {dagbag.py:588} INFO - Filling up the DagBag from /opt/airflow/dags/weekly_segment.py
[2026-08-23T03:24:11.205+0000] {processor.py:925} INFO - DAG(s) 'weekly_segment' retrieved from /opt/airflow/dags/weekly_segment.py
[2026-08-23T03:24:11.228+0000] {logging_mixin.py:190} INFO - [2026-08-23T03:24:11.227+0000] {dag.py:3239} INFO - Sync 1 DAGs
[2026-08-23T03:24:11.243+0000] {logging_mixin.py:190} INFO - [2026-08-23T03:24:11.243+0000] {dag.py:4180} INFO - Setting next_dagrun for weekly_segment to 2026-08-22 16:00:00+00:00, run_after=2026-08-29 16:00:00+00:00
[2026-08-23T03:24:11.257+0000] {processor.py:208} INFO - Processing /opt/airflow/dags/weekly_segment.py took 0.186 seconds
[2026-08-23T03:24:41.354+0000] {processor.py:186} INFO - Started process (PID=3314) to work on /opt/airflow/dags/weekly_segment.py
[2026-08-23T03:24:41.355+0000] {processor.py:914} INFO - Processing file /opt/airflow/dags/weekly_segment.py for tasks to queue
[2026-08-23T03:24:41.357+0000] {logging_mixin.py:190} INFO - [2026-08-23T03:24:41.356+0000] {dagbag.py:588} INFO - Filling up the DagBag from /opt/airflow/dags/weekly_segment.py
[2026-08-23T03:24:41.457+0000] {processor.py:925} INFO - DAG(s) 'weekly_segment' retrieved from /opt/airflow/dags/weekly_segment.py
[2026-08-23T03:24:41.478+0000] {logging_mixin.py:190} INFO - [2026-08-23T03:24:41.478+0000] {dag.py:3239} INFO - Sync 1 DAGs
[2026-08-23T03:24:41.495+0000] {logging_mixin.py:190} INFO - [2026-08-23T03:24:41.495+0000] {dag.py:4180} INFO - Setting next_dagrun for weekly_segment to 2026-08-22 16:00:00+00:00, run_after=2026-08-29 16:00:00+00:00
[2026-08-23T03:24:41.510+0000] {processor.py:208} INFO - Processing /opt/airflow/dags/weekly_segment.py took 0.162 seconds
[2026-08-23T03:25:11.702+0000] {processor.py:186} INFO - Started process (PID=3324) to work on /opt/airflow/dags/weekly_segment.py
[2026-08-23T03:25:11.703+0000] {processor.py:914} INFO - Processing file /opt/airflow/dags/weekly_segment.py for tasks to queue
[2026-08-23T03:25:11.706+0000] {logging_mixin.py:190} INFO - [2026-08-23T03:25:11.706+0000] {dagbag.py:588} INFO - Filling up the DagBag from /opt/airflow/dags/weekly_segment.py
[2026-08-23T03:25:11.831+0000] {processor.py:925} INFO - DAG(s) 'weekly_segment' retrieved from /opt/airflow/dags/weekly_segment.py
[2026-08-23T03:25:11.854+0000] {logging_mixin.py:190} INFO - [2026-08-23T03:25:11.854+0000] {dag.py:3239} INFO - Sync 1 DAGs
[2026-08-23T03:25:11.874+0000] {logging_mixin.py:190} INFO - [2026-08-23T03:25:11.873+0000] {dag.py:4180} INFO - Setting next_dagrun for weekly_segment to 2026-08-22 16:00:00+00:00, run_after=2026-08-29 16:00:00+00:00
[2026-08-23T03:25:11.891+0000] {processor.py:208} INFO - Processing /opt/airflow/dags/weekly_segment.py took 0.197 seconds
[2026-08-23T03:25:42.079+0000] {processor.py:186} INFO - Started process (PID=3334) to work on /opt/airflow/dags/weekly_segment.py
[2026-08-23T03:25:42.080+0000] {processor.py:914} INFO - Processing file /opt/airflow/dags/weekly_segment.py for tasks to queue
[2026-08-23T03:25:42.082+0000] {logging_mixin.py:190} INFO - [2026-08-23T03:25:42.082+0000] {dagbag.py:588} INFO - Filling up the DagBag from /opt/airflow/dags/weekly_segment.py
[2026-08-23T03:25:42.218+0000] {processor.py:925} INFO - DAG(s) 'weekly_segment' retrieved from /opt/airflow/dags/weekly_segment.py
[2026-08-23T03:25:42.239+0000] {logging_mixin.py:190} INFO - [2026-08-23T03:25:42.239+0000] {dag.py:3239} INFO - Sync 1 DAGs
[2026-08-23T03:25:42.255+0000] {logging_mixin.py:190} INFO - [2026-08-23T03:25:42.255+0000] {dag.py:4180} INFO - Setting next_dagrun for weekly_segment to 2026-08-22 16:00:00+00:00, run_after=2026-08-29 16:00:00+00:00
[2026-08-23T03:25:42.268+0000] {processor.py:208} INFO - Processing /opt/airflow/dags/weekly_segment.py took 0.195 seconds
[2026-08-23T03:26:12.520+0000] {processor.py:186} INFO - Started process (PID=3344) to work on /opt/airflow/dags/weekly_segment.py
[2026-08-23T03:26:12.521+0000] {processor.py:914} INFO - Processing file /opt/airflow/dags/weekly_segment.py for tasks to queue
[2026-08-23T03:26:12.523+0000] {logging_mixin.py:190} INFO - [2026-08-23T03:26:12.523+0000] {dagbag.py:588} INFO - Filling up the DagBag from /opt/airflow/dags/weekly_segment.py
[2026-08-23T03:26:12.701+0000] {processor.py:925} INFO - DAG(s) 'weekly_segment' retrieved from /opt/airflow/dags/weekly_segment.py
[2026-08-23T03:26:12.725+0000] {logging_mixin.py:190} INFO - [2026-08-23T03:26:12.725+0000] {dag.py:3239} INFO - Sync 1 DAGs
[2026-08-23T03:26:12.745+0000] {logging_mixin.py:190} INFO - [2026-08-23T03:26:12.745+0000] {dag.py:4180} INFO - Setting next_dagrun for weekly_segment to 2026-08-22 16:00:00+00:00, run_after=2026-08-29 16:00:00+00:00
[2026-08-23T03:26:12.760+0000] {processor.py:208} INFO - Processing /opt/airflow/dags/weekly_segment.py took 0.245 seconds
[2026-08-23T03:26:42.959+0000] {processor.py:186} INFO - Started process (PID=3354) to work on /opt/airflow/dags/weekly_segment.py
[2026-08-23T03:26:42.960+0000] {processor.py:914} INFO - Processing file /opt/airflow/dags/weekly_segment.py for tasks to queue
[2026-08-23T03:26:42.963+0000] {logging_mixin.py:190} INFO - [2026-08-23T03:26:42.962+0000] {dagbag.py:588} INFO - Filling up the DagBag from /opt/airflow/dags/weekly_segment.py
[2026-08-23T03:26:43.084+0000] {processor.py:925} INFO - DAG(s) 'weekly_segment' retrieved from /opt/airflow/dags/weekly_segment.py
[2026-08-23T03:26:43.106+0000] {logging_mixin.py:190} INFO - [2026-08-23T03:26:43.106+0000] {dag.py:3239} INFO - Sync 1 DAGs
[2026-08-23T03:26:43.123+0000] {logging_mixin.py:190} INFO - [2026-08-23T03:26:43.123+0000] {dag.py:4180} INFO - Setting next_dagrun for weekly_segment to 2026-08-22 16:00:00+00:00, run_after=2026-08-29 16:00:00+00:00
[2026-08-23T03:26:43.139+0000] {processor.py:208} INFO - Processing /opt/airflow/dags/weekly_segment.py took 0.185 seconds
[2026-08-23T03:27:13.328+0000] {processor.py:186} INFO - Started process (PID=3364) to work on /opt/airflow/dags/weekly_segment.py
[2026-08-23T03:27:13.329+0000] {processor.py:914} INFO - Processing file /opt/airflow/dags/weekly_segment.py for tasks to queue
[2026-08-23T03:27:13.331+0000] {logging_mixin.py:190} INFO - [2026-08-23T03:27:13.331+0000] {dagbag.py:588} INFO - Filling up the DagBag from /opt/airflow/dags/weekly_segment.py
[2026-08-23T03:27:13.423+0000] {processor.py:925} INFO - DAG(s) 'weekly_segment' retrieved from /opt/airflow/dags/weekly_segment.py
[2026-08-23T03:27:13.443+0000] {logging_mixin.py:190} INFO - [2026-08-23T03:27:13.443+0000] {dag.py:3239} INFO - Sync 1 DAGs
[2026-08-23T03:27:13.459+0000] {logging_mixin.py:190} INFO - [2026-08-23T03:27:13.459+0000] {dag.py:4180} INFO - Setting next_dagrun for weekly_segment to 2026-08-22 16:00:00+00:00, run_after=2026-08-29 16:00:00+00:00
[2026-08-23T03:27:13.471+0000] {processor.py:208} INFO - Processing /opt/airflow/dags/weekly_segment.py took 0.148 seconds
[2026-08-23T03:27:43.645+0000] {processor.py:186} INFO - Started process (PID=3377) to work on /opt/airflow/dags/weekly_segment.py
[2026-08-23T03:27:43.646+0000] {processor.py:914} INFO - Processing file /opt/airflow/dags/weekly_segment.py for tasks to queue
[2026-08-23T03:27:43.648+0000] {logging_mixin.py:190} INFO - [2026-08-23T03:27:43.648+0000] {dagbag.py:588} INFO - Filling up the DagBag from /opt/airflow/dags/weekly_segment.py
[2026-08-23T03:27:43.795+0000] {processor.py:925} INFO - DAG(s) 'weekly_segment' retrieved from /opt/airflow/dags/weekly_segment.py
[2026-08-23T03:27:43.816+0000] {logging_mixin.py:190} INFO - [2026-08-23T03:27:43.816+0000] {dag.py:3239} INFO - Sync 1 DAGs
[2026-08-23T03:27:43.834+0000] {logging_mixin.py:190} INFO - [2026-08-23T03:27:43.834+0000] {dag.py:4180} INFO - Setting next_dagrun for weekly_segment to 2026-08-22 16:00:00+00:00, run_after=2026-08-29 16:00:00+00:00
[2026-08-23T03:27:43.849+0000] {processor.py:208} INFO - Processing /opt/airflow/dags/weekly_segment.py took 0.210 seconds
[2026-08-23T03:28:13.917+0000] {processor.py:186} INFO - Started process (PID=3384) to work on /opt/airflow/dags/weekly_segment.py
[2026-08-23T03:28:13.918+0000] {processor.py:914} INFO - Processing file /opt/airflow/dags/weekly_segment.py for tasks to queue
[2026-08-23T03:28:13.921+0000] {logging_mixin.py:190} INFO - [2026-08-23T03:28:13.921+0000] {dagbag.py:588} INFO - Filling up the DagBag from /opt/airflow/dags/weekly_segment.py
[2026-08-23T03:28:14.050+0000] {processor.py:925} INFO - DAG(s) 'weekly_segment' retrieved from /opt/airflow/dags/weekly_segment.py
[2026-08-23T03:28:14.073+0000] {logging_mixin.py:190} INFO - [2026-08-23T03:28:14.073+0000] {dag.py:3239} INFO - Sync 1 DAGs
[2026-08-23T03:28:14.092+0000] {logging_mixin.py:190} INFO - [2026-08-23T03:28:14.092+0000] {dag.py:4180} INFO - Setting next_dagrun for weekly_segment to 2026-08-22 16:00:00+00:00, run_after=2026-08-29 16:00:00+00:00
[2026-08-23T03:28:14.109+0000] {processor.py:208} INFO - Processing /opt/airflow/dags/weekly_segment.py took 0.200 seconds
[2026-08-23T03:28:44.289+0000] {processor.py:186} INFO - Started process (PID=3394) to work on /opt/airflow/dags/weekly_segment.py
[2026-08-23T03:28:44.290+0000] {processor.py:914} INFO - Processing file /opt/airflow/dags/weekly_segment.py for tasks to queue
[2026-08-23T03:28:44.292+0000] {logging_mixin.py:190} INFO - [2026-08-23T03:28:44.291+0000] {dagbag.py:588} INFO - Filling up the DagBag from /opt/airflow/dags/weekly_segment.py
[2026-08-23T03:28:44.402+0000] {processor.py:925} INFO - DAG(s) 'weekly_segment' retrieved from /opt/airflow/dags/weekly_segment.py
[2026-08-23T03:28:44.422+0000] {logging_mixin.py:190} INFO - [2026-08-23T03:28:44.422+0000] {dag.py:3239} INFO - Sync 1 DAGs
[2026-08-23T03:28:44.441+0000] {logging_mixin.py:190} INFO - [2026-08-23T03:28:44.441+0000] {dag.py:4180} INFO - Setting next_dagrun for weekly_segment to 2026-08-22 16:00:00+00:00, run_after=2026-08-29 16:00:00+00:00
[2026-08-23T03:28:44.460+0000] {processor.py:208} INFO - Processing /opt/airflow/dags/weekly_segment.py took 0.179 seconds
[2026-08-23T03:29:14.643+0000] {processor.py:186} INFO - Started process (PID=3404) to work on /opt/airflow/dags/weekly_segment.py
[2026-08-23T03:29:14.644+0000] {processor.py:914} INFO - Processing file /opt/airflow/dags/weekly_segment.py for tasks to queue
[2026-08-23T03:29:14.646+0000] {logging_mixin.py:190} INFO - [2026-08-23T03:29:14.646+0000] {dagbag.py:588} INFO - Filling up the DagBag from /opt/airflow/dags/weekly_segment.py
[2026-08-23T03:29:14.753+0000] {processor.py:925} INFO - DAG(s) 'weekly_segment' retrieved from /opt/airflow/dags/weekly_segment.py
[2026-08-23T03:29:14.776+0000] {logging_mixin.py:190} INFO - [2026-08-23T03:29:14.776+0000] {dag.py:3239} INFO - Sync 1 DAGs
[2026-08-23T03:29:14.793+0000] {logging_mixin.py:190} INFO - [2026-08-23T03:29:14.793+0000] {dag.py:4180} INFO - Setting next_dagrun for weekly_segment to 2026-08-22 16:00:00+00:00, run_after=2026-08-29 16:00:00+00:00
[2026-08-23T03:29:14.812+0000] {processor.py:208} INFO - Processing /opt/airflow/dags/weekly_segment.py took 0.178 seconds
[2026-08-23T03:29:45.020+0000] {processor.py:186} INFO - Started process (PID=3414) to work on /opt/airflow/dags/weekly_segment.py
[2026-08-23T03:29:45.021+0000] {processor.py:914} INFO - Processing file /opt/airflow/dags/weekly_segment.py for tasks to queue
[2026-08-23T03:29:45.024+0000] {logging_mixin.py:190} INFO - [2026-08-23T03:29:45.023+0000] {dagbag.py:588} INFO - Filling up the DagBag from /opt/airflow/dags/weekly_segment.py
[2026-08-23T03:29:45.193+0000] {processor.py:925} INFO - DAG(s) 'weekly_segment' retrieved from /opt/airflow/dags/weekly_segment.py
[2026-08-23T03:29:45.217+0000] {logging_mixin.py:190} INFO - [2026-08-23T03:29:45.216+0000] {dag.py:3239} INFO - Sync 1 DAGs
[2026-08-23T03:29:45.236+0000] {logging_mixin.py:190} INFO - [2026-08-23T03:29:45.236+0000] {dag.py:4180} INFO - Setting next_dagrun for weekly_segment to 2026-08-22 16:00:00+00:00, run_after=2026-08-29 16:00:00+00:00
[2026-08-23T03:29:45.252+0000] {processor.py:208} INFO - Processing /opt/airflow/dags/weekly_segment.py took 0.239 seconds
[2026-08-23T03:30:15.508+0000] {processor.py:186} INFO - Started process (PID=3436) to work on /opt/airflow/dags/weekly_segment.py
[2026-08-23T03:30:15.509+0000] {processor.py:914} INFO - Processing file /opt/airflow/dags/weekly_segment.py for tasks to queue
[2026-08-23T03:30:15.512+0000] {logging_mixin.py:190} INFO - [2026-08-23T03:30:15.511+0000] {dagbag.py:588} INFO - Filling up the DagBag from /opt/airflow/dags/weekly_segment.py
[2026-08-23T03:30:15.663+0000] {processor.py:925} INFO - DAG(s) 'weekly_segment' retrieved from /opt/airflow/dags/weekly_segment.py
[2026-08-23T03:30:15.688+0000] {logging_mixin.py:190} INFO - [2026-08-23T03:30:15.688+0000] {dag.py:3239} INFO - Sync 1 DAGs
[2026-08-23T03:30:15.707+0000] {logging_mixin.py:190} INFO - [2026-08-23T03:30:15.707+0000] {dag.py:4180} INFO - Setting next_dagrun for weekly_segment to 2026-08-22 16:00:00+00:00, run_after=2026-08-29 16:00:00+00:00
[2026-08-23T03:30:15.726+0000] {processor.py:208} INFO - Processing /opt/airflow/dags/weekly_segment.py took 0.229 seconds
[2026-08-23T03:30:45.927+0000] {processor.py:186} INFO - Started process (PID=3446) to work on /opt/airflow/dags/weekly_segment.py
[2026-08-23T03:30:45.928+0000] {processor.py:914} INFO - Processing file /opt/airflow/dags/weekly_segment.py for tasks to queue
[2026-08-23T03:30:45.930+0000] {logging_mixin.py:190} INFO - [2026-08-23T03:30:45.930+0000] {dagbag.py:588} INFO - Filling up the DagBag from /opt/airflow/dags/weekly_segment.py
[2026-08-23T03:30:46.051+0000] {processor.py:925} INFO - DAG(s) 'weekly_segment' retrieved from /opt/airflow/dags/weekly_segment.py
[2026-08-23T03:30:46.076+0000] {logging_mixin.py:190} INFO - [2026-08-23T03:30:46.076+0000] {dag.py:3239} INFO - Sync 1 DAGs
[2026-08-23T03:30:46.094+0000] {logging_mixin.py:190} INFO - [2026-08-23T03:30:46.094+0000] {dag.py:4180} INFO - Setting next_dagrun for weekly_segment to 2026-08-22 16:00:00+00:00, run_after=2026-08-29 16:00:00+00:00
[2026-08-23T03:30:46.111+0000] {processor.py:208} INFO - Processing /opt/airflow/dags/weekly_segment.py took 0.190 seconds
[2026-08-23T03:31:16.294+0000] {processor.py:186} INFO - Started process (PID=3456) to work on /opt/airflow/dags/weekly_segment.py
[2026-08-23T03:31:16.295+0000] {processor.py:914} INFO - Processing file /opt/airflow/dags/weekly_segment.py for tasks to queue
[2026-08-23T03:31:16.297+0000] {logging_mixin.py:190} INFO - [2026-08-23T03:31:16.297+0000] {dagbag.py:588} INFO - Filling up the DagBag from /opt/airflow/dags/weekly_segment.py
[2026-08-23T03:31:16.402+0000] {processor.py:925} INFO - DAG(s) 'weekly_segment' retrieved from /opt/airflow/dags/weekly_segment.py
[2026-08-23T03:31:16.424+0000] {logging_mixin.py:190} INFO - [2026-08-23T03:31:16.424+0000] {dag.py:3239} INFO - Sync 1 DAGs
[2026-08-23T03:31:16.445+0000] {logging_mixin.py:190} INFO - [2026-08-23T03:31:16.445+0000] {dag.py:4180} INFO - Setting next_dagrun for weekly_segment to 2026-08-22 16:00:00+00:00, run_after=2026-08-29 16:00:00+00:00
[2026-08-23T03:31:16.463+0000] {processor.py:208} INFO - Processing /opt/airflow/dags/weekly_segment.py took 0.175 seconds
[2026-08-23T03:31:46.651+0000] {processor.py:186} INFO - Started process (PID=3466) to work on /opt/airflow/dags/weekly_segment.py
[2026-08-23T03:31:46.652+0000] {processor.py:914} INFO - Processing file /opt/airflow/dags/weekly_segment.py for tasks to queue
[2026-08-23T03:31:46.655+0000] {logging_mixin.py:190} INFO - [2026-08-23T03:31:46.654+0000] {dagbag.py:588} INFO - Filling up the DagBag from /opt/airflow/dags/weekly_segment.py
[2026-08-23T03:31:46.781+0000] {processor.py:925} INFO - DAG(s) 'weekly_segment' retrieved from /opt/airflow/dags/weekly_segment.py
[2026-08-23T03:31:46.805+0000] {logging_mixin.py:190} INFO - [2026-08-23T03:31:46.804+0000] {dag.py:3239} INFO - Sync 1 DAGs
[2026-08-23T03:31:46.825+0000] {logging_mixin.py:190} INFO - [2026-08-23T03:31:46.825+0000] {dag.py:4180} INFO - Setting next_dagrun for weekly_segment to 2026-08-22 16:00:00+00:00, run_after=2026-08-29 16:00:00+00:00
[2026-08-23T03:31:46.842+0000] {processor.py:208} INFO - Processing /opt/airflow/dags/weekly_segment.py took 0.197 seconds
[2026-08-23T03:32:17.033+0000] {processor.py:186} INFO - Started process (PID=3476) to work on /opt/airflow/dags/weekly_segment.py
[2026-08-23T03:32:17.034+0000] {processor.py:914} INFO - Processing file /opt/airflow/dags/weekly_segment.py for tasks to queue
[2026-08-23T03:32:17.036+0000] {logging_mixin.py:190} INFO - [2026-08-23T03:32:17.036+0000] {dagbag.py:588} INFO - Filling up the DagBag from /opt/airflow/dags/weekly_segment.py
[2026-08-23T03:32:17.172+0000] {processor.py:925} INFO - DAG(s) 'weekly_segment' retrieved from /opt/airflow/dags/weekly_segment.py
[2026-08-23T03:32:17.196+0000] {logging_mixin.py:190} INFO - [2026-08-23T03:32:17.196+0000] {dag.py:3239} INFO - Sync 1 DAGs
[2026-08-23T03:32:17.215+0000] {logging_mixin.py:190} INFO - [2026-08-23T03:32:17.215+0000] {dag.py:4180} INFO - Setting next_dagrun for weekly_segment to 2026-08-22 16:00:00+00:00, run_after=2026-08-29 16:00:00+00:00
[2026-08-23T03:32:17.233+0000] {processor.py:208} INFO - Processing /opt/airflow/dags/weekly_segment.py took 0.207 seconds
[2026-08-23T03:32:47.414+0000] {processor.py:186} INFO - Started process (PID=3486) to work on /opt/airflow/dags/weekly_segment.py
[2026-08-23T03:32:47.415+0000] {processor.py:914} INFO - Processing file /opt/airflow/dags/weekly_segment.py for tasks to queue
[2026-08-23T03:32:47.418+0000] {logging_mixin.py:190} INFO - [2026-08-23T03:32:47.418+0000] {dagbag.py:588} INFO - Filling up the DagBag from /opt/airflow/dags/weekly_segment.py
[2026-08-23T03:32:47.532+0000] {processor.py:925} INFO - DAG(s) 'weekly_segment' retrieved from /opt/airflow/dags/weekly_segment.py
[2026-08-23T03:32:47.555+0000] {logging_mixin.py:190} INFO - [2026-08-23T03:32:47.554+0000] {dag.py:3239} INFO - Sync 1 DAGs
[2026-08-23T03:32:47.572+0000] {logging_mixin.py:190} INFO - [2026-08-23T03:32:47.571+0000] {dag.py:4180} INFO - Setting next_dagrun for weekly_segment to 2026-08-22 16:00:00+00:00, run_after=2026-08-29 16:00:00+00:00
[2026-08-23T03:32:47.587+0000] {processor.py:208} INFO - Processing /opt/airflow/dags/weekly_segment.py took 0.180 seconds
[2026-08-23T03:33:17.775+0000] {processor.py:186} INFO - Started process (PID=3496) to work on /opt/airflow/dags/weekly_segment.py
[2026-08-23T03:33:17.776+0000] {processor.py:914} INFO - Processing file /opt/airflow/dags/weekly_segment.py for tasks to queue
[2026-08-23T03:33:17.777+0000] {logging_mixin.py:190} INFO - [2026-08-23T03:33:17.777+0000] {dagbag.py:588} INFO - Filling up the DagBag from /opt/airflow/dags/weekly_segment.py
[2026-08-23T03:33:17.886+0000] {processor.py:925} INFO - DAG(s) 'weekly_segment' retrieved from /opt/airflow/dags/weekly_segment.py
[2026-08-23T03:33:17.909+0000] {logging_mixin.py:190} INFO - [2026-08-23T03:33:17.908+0000] {dag.py:3239} INFO - Sync 1 DAGs
[2026-08-23T03:33:17.926+0000] {logging_mixin.py:190} INFO - [2026-08-23T03:33:17.926+0000] {dag.py:4180} INFO - Setting next_dagrun for weekly_segment to 2026-08-22 16:00:00+00:00, run_after=2026-08-29 16:00:00+00:00
[2026-08-23T03:33:17.943+0000] {processor.py:208} INFO - Processing /opt/airflow/dags/weekly_segment.py took 0.175 seconds
[2026-08-23T03:33:48.121+0000] {processor.py:186} INFO - Started process (PID=3506) to work on /opt/airflow/dags/weekly_segment.py
[2026-08-23T03:33:48.122+0000] {processor.py:914} INFO - Processing file /opt/airflow/dags/weekly_segment.py for tasks to queue
[2026-08-23T03:33:48.124+0000] {logging_mixin.py:190} INFO - [2026-08-23T03:33:48.124+0000] {dagbag.py:588} INFO - Filling up the DagBag from /opt/airflow/dags/weekly_segment.py
[2026-08-23T03:33:48.225+0000] {processor.py:925} INFO - DAG(s) 'weekly_segment' retrieved from /opt/airflow/dags/weekly_segment.py
[2026-08-23T03:33:48.247+0000] {logging_mixin.py:190} INFO - [2026-08-23T03:33:48.247+0000] {dag.py:3239} INFO - Sync 1 DAGs
[2026-08-23T03:33:48.269+0000] {logging_mixin.py:190} INFO - [2026-08-23T03:33:48.269+0000] {dag.py:4180} INFO - Setting next_dagrun for weekly_segment to 2026-08-22 16:00:00+00:00, run_after=2026-08-29 16:00:00+00:00
[2026-08-23T03:33:48.285+0000] {processor.py:208} INFO - Processing /opt/airflow/dags/weekly_segment.py took 0.171 seconds
[2026-08-23T03:34:18.487+0000] {processor.py:186} INFO - Started process (PID=3516) to work on /opt/airflow/dags/weekly_segment.py
[2026-08-23T03:34:18.489+0000] {processor.py:914} INFO - Processing file /opt/airflow/dags/weekly_segment.py for tasks to queue
[2026-08-23T03:34:18.490+0000] {logging_mixin.py:190} INFO - [2026-08-23T03:34:18.490+0000] {dagbag.py:588} INFO - Filling up the DagBag from /opt/airflow/dags/weekly_segment.py
[2026-08-23T03:34:18.627+0000] {processor.py:925} INFO - DAG(s) 'weekly_segment' retrieved from /opt/airflow/dags/weekly_segment.py
[2026-08-23T03:34:18.653+0000] {logging_mixin.py:190} INFO - [2026-08-23T03:34:18.653+0000] {dag.py:3239} INFO - Sync 1 DAGs
[2026-08-23T03:34:18.678+0000] {logging_mixin.py:190} INFO - [2026-08-23T03:34:18.677+0000] {dag.py:4180} INFO - Setting next_dagrun for weekly_segment to 2026-08-22 16:00:00+00:00, run_after=2026-08-29 16:00:00+00:00
[2026-08-23T03:34:18.695+0000] {processor.py:208} INFO - Processing /opt/airflow/dags/weekly_segment.py took 0.215 seconds
[2026-08-23T03:34:48.915+0000] {processor.py:186} INFO - Started process (PID=3526) to work on /opt/airflow/dags/weekly_segment.py
[2026-08-23T03:34:48.917+0000] {processor.py:914} INFO - Processing file /opt/airflow/dags/weekly_segment.py for tasks to queue
[2026-08-23T03:34:48.921+0000] {logging_mixin.py:190} INFO - [2026-08-23T03:34:48.920+0000] {dagbag.py:588} INFO - Filling up the DagBag from /opt/airflow/dags/weekly_segment.py
[2026-08-23T03:34:49.084+0000] {processor.py:925} INFO - DAG(s) 'weekly_segment' retrieved from /opt/airflow/dags/weekly_segment.py
[2026-08-23T03:34:49.107+0000] {logging_mixin.py:190} INFO - [2026-08-23T03:34:49.107+0000] {dag.py:3239} INFO - Sync 1 DAGs
[2026-08-23T03:34:49.125+0000] {logging_mixin.py:190} INFO - [2026-08-23T03:34:49.125+0000] {dag.py:4180} INFO - Setting next_dagrun for weekly_segment to 2026-08-22 16:00:00+00:00, run_after=2026-08-29 16:00:00+00:00
[2026-08-23T03:34:49.139+0000] {processor.py:208} INFO - Processing /opt/airflow/dags/weekly_segment.py took 0.235 seconds
[2026-08-23T03:35:19.312+0000] {processor.py:186} INFO - Started process (PID=3536) to work on /opt/airflow/dags/weekly_segment.py
[2026-08-23T03:35:19.313+0000] {processor.py:914} INFO - Processing file /opt/airflow/dags/weekly_segment.py for tasks to queue
[2026-08-23T03:35:19.315+0000] {logging_mixin.py:190} INFO - [2026-08-23T03:35:19.315+0000] {dagbag.py:588} INFO - Filling up the DagBag from /opt/airflow/dags/weekly_segment.py
[2026-08-23T03:35:19.418+0000] {processor.py:925} INFO - DAG(s) 'weekly_segment' retrieved from /opt/airflow/dags/weekly_segment.py
[2026-08-23T03:35:19.441+0000] {logging_mixin.py:190} INFO - [2026-08-23T03:35:19.441+0000] {dag.py:3239} INFO - Sync 1 DAGs
[2026-08-23T03:35:19.459+0000] {logging_mixin.py:190} INFO - [2026-08-23T03:35:19.459+0000] {dag.py:4180} INFO - Setting next_dagrun for weekly_segment to 2026-08-22 16:00:00+00:00, run_after=2026-08-29 16:00:00+00:00
[2026-08-23T03:35:19.473+0000] {processor.py:208} INFO - Processing /opt/airflow/dags/weekly_segment.py took 0.167 seconds
[2026-08-23T03:35:49.553+0000] {processor.py:186} INFO - Started process (PID=3546) to work on /opt/airflow/dags/weekly_segment.py
[2026-08-23T03:35:49.554+0000] {processor.py:914} INFO - Processing file /opt/airflow/dags/weekly_segment.py for tasks to queue
[2026-08-23T03:35:49.556+0000] {logging_mixin.py:190} INFO - [2026-08-23T03:35:49.556+0000] {dagbag.py:588} INFO - Filling up the DagBag from /opt/airflow/dags/weekly_segment.py
[2026-08-23T03:35:49.656+0000] {processor.py:925} INFO - DAG(s) 'weekly_segment' retrieved from /opt/airflow/dags/weekly_segment.py
[2026-08-23T03:35:49.676+0000] {logging_mixin.py:190} INFO - [2026-08-23T03:35:49.676+0000] {dag.py:3239} INFO - Sync 1 DAGs
[2026-08-23T03:35:49.692+0000] {logging_mixin.py:190} INFO - [2026-08-23T03:35:49.692+0000] {dag.py:4180} INFO - Setting next_dagrun for weekly_segment to 2026-08-22 16:00:00+00:00, run_after=2026-08-29 16:00:00+00:00
[2026-08-23T03:35:49.705+0000] {processor.py:208} INFO - Processing /opt/airflow/dags/weekly_segment.py took 0.159 seconds
[2026-08-23T03:36:19.941+0000] {processor.py:186} INFO - Started process (PID=3556) to work on /opt/airflow/dags/weekly_segment.py
[2026-08-23T03:36:19.942+0000] {processor.py:914} INFO - Processing file /opt/airflow/dags/weekly_segment.py for tasks to queue
[2026-08-23T03:36:19.944+0000] {logging_mixin.py:190} INFO - [2026-08-23T03:36:19.944+0000] {dagbag.py:588} INFO - Filling up the DagBag from /opt/airflow/dags/weekly_segment.py
[2026-08-23T03:36:20.044+0000] {processor.py:925} INFO - DAG(s) 'weekly_segment' retrieved from /opt/airflow/dags/weekly_segment.py
[2026-08-23T03:36:20.064+0000] {logging_mixin.py:190} INFO - [2026-08-23T03:36:20.064+0000] {dag.py:3239} INFO - Sync 1 DAGs
[2026-08-23T03:36:20.079+0000] {logging_mixin.py:190} INFO - [2026-08-23T03:36:20.079+0000] {dag.py:4180} INFO - Setting next_dagrun for weekly_segment to 2026-08-22 16:00:00+00:00, run_after=2026-08-29 16:00:00+00:00
[2026-08-23T03:36:20.094+0000] {processor.py:208} INFO - Processing /opt/airflow/dags/weekly_segment.py took 0.160 seconds
[2026-08-23T03:36:50.212+0000] {processor.py:186} INFO - Started process (PID=3566) to work on /opt/airflow/dags/weekly_segment.py
[2026-08-23T03:36:50.213+0000] {processor.py:914} INFO - Processing file /opt/airflow/dags/weekly_segment.py for tasks to queue
[2026-08-23T03:36:50.214+0000] {logging_mixin.py:190} INFO - [2026-08-23T03:36:50.214+0000] {dagbag.py:588} INFO - Filling up the DagBag from /opt/airflow/dags/weekly_segment.py
[2026-08-23T03:36:50.323+0000] {processor.py:925} INFO - DAG(s) 'weekly_segment' retrieved from /opt/airflow/dags/weekly_segment.py
[2026-08-23T03:36:50.343+0000] {logging_mixin.py:190} INFO - [2026-08-23T03:36:50.342+0000] {dag.py:3239} INFO - Sync 1 DAGs
[2026-08-23T03:36:50.359+0000] {logging_mixin.py:190} INFO - [2026-08-23T03:36:50.359+0000] {dag.py:4180} INFO - Setting next_dagrun for weekly_segment to 2026-08-22 16:00:00+00:00, run_after=2026-08-29 16:00:00+00:00
[2026-08-23T03:36:50.373+0000] {processor.py:208} INFO - Processing /opt/airflow/dags/weekly_segment.py took 0.167 seconds
[2026-08-23T03:37:20.534+0000] {processor.py:186} INFO - Started process (PID=3576) to work on /opt/airflow/dags/weekly_segment.py
[2026-08-23T03:37:20.535+0000] {processor.py:914} INFO - Processing file /opt/airflow/dags/weekly_segment.py for tasks to queue
[2026-08-23T03:37:20.537+0000] {logging_mixin.py:190} INFO - [2026-08-23T03:37:20.537+0000] {dagbag.py:588} INFO - Filling up the DagBag from /opt/airflow/dags/weekly_segment.py
[2026-08-23T03:37:20.633+0000] {processor.py:925} INFO - DAG(s) 'weekly_segment' retrieved from /opt/airflow/dags/weekly_segment.py
[2026-08-23T03:37:20.654+0000] {logging_mixin.py:190} INFO - [2026-08-23T03:37:20.654+0000] {dag.py:3239} INFO - Sync 1 DAGs
[2026-08-23T03:37:20.672+0000] {logging_mixin.py:190} INFO - [2026-08-23T03:37:20.672+0000] {dag.py:4180} INFO - Setting next_dagrun for weekly_segment to 2026-08-22 16:00:00+00:00, run_after=2026-08-29 16:00:00+00:00
[2026-08-23T03:37:20.686+0000] {processor.py:208} INFO - Processing /opt/airflow/dags/weekly_segment.py took 0.158 seconds
[2026-08-23T03:37:51.002+0000] {processor.py:186} INFO - Started process (PID=3586) to work on /opt/airflow/dags/weekly_segment.py
[2026-08-23T03:37:51.004+0000] {processor.py:914} INFO - Processing file /opt/airflow/dags/weekly_segment.py for tasks to queue
[2026-08-23T03:37:51.007+0000] {logging_mixin.py:190} INFO - [2026-08-23T03:37:51.006+0000] {dagbag.py:588} INFO - Filling up the DagBag from /opt/airflow/dags/weekly_segment.py
[2026-08-23T03:37:51.108+0000] {processor.py:925} INFO - DAG(s) 'weekly_segment' retrieved from /opt/airflow/dags/weekly_segment.py
[2026-08-23T03:37:51.132+0000] {logging_mixin.py:190} INFO - [2026-08-23T03:37:51.132+0000] {dag.py:3239} INFO - Sync 1 DAGs
[2026-08-23T03:37:51.152+0000] {logging_mixin.py:190} INFO - [2026-08-23T03:37:51.151+0000] {dag.py:4180} INFO - Setting next_dagrun for weekly_segment to 2026-08-22 16:00:00+00:00, run_after=2026-08-29 16:00:00+00:00
[2026-08-23T03:37:51.169+0000] {processor.py:208} INFO - Processing /opt/airflow/dags/weekly_segment.py took 0.174 seconds
[2026-08-23T03:38:21.297+0000] {processor.py:186} INFO - Started process (PID=3596) to work on /opt/airflow/dags/weekly_segment.py
[2026-08-23T03:38:21.298+0000] {processor.py:914} INFO - Processing file /opt/airflow/dags/weekly_segment.py for tasks to queue
[2026-08-23T03:38:21.300+0000] {logging_mixin.py:190} INFO - [2026-08-23T03:38:21.300+0000] {dagbag.py:588} INFO - Filling up the DagBag from /opt/airflow/dags/weekly_segment.py
[2026-08-23T03:38:21.395+0000] {processor.py:925} INFO - DAG(s) 'weekly_segment' retrieved from /opt/airflow/dags/weekly_segment.py
[2026-08-23T03:38:21.417+0000] {logging_mixin.py:190} INFO - [2026-08-23T03:38:21.416+0000] {dag.py:3239} INFO - Sync 1 DAGs
[2026-08-23T03:38:21.433+0000] {logging_mixin.py:190} INFO - [2026-08-23T03:38:21.433+0000] {dag.py:4180} INFO - Setting next_dagrun for weekly_segment to 2026-08-22 16:00:00+00:00, run_after=2026-08-29 16:00:00+00:00
[2026-08-23T03:38:21.446+0000] {processor.py:208} INFO - Processing /opt/airflow/dags/weekly_segment.py took 0.155 seconds
[2026-08-23T03:38:51.711+0000] {processor.py:186} INFO - Started process (PID=3606) to work on /opt/airflow/dags/weekly_segment.py
[2026-08-23T03:38:51.712+0000] {processor.py:914} INFO - Processing file /opt/airflow/dags/weekly_segment.py for tasks to queue
[2026-08-23T03:38:51.714+0000] {logging_mixin.py:190} INFO - [2026-08-23T03:38:51.714+0000] {dagbag.py:588} INFO - Filling up the DagBag from /opt/airflow/dags/weekly_segment.py
[2026-08-23T03:38:51.812+0000] {processor.py:925} INFO - DAG(s) 'weekly_segment' retrieved from /opt/airflow/dags/weekly_segment.py
[2026-08-23T03:38:51.833+0000] {logging_mixin.py:190} INFO - [2026-08-23T03:38:51.833+0000] {dag.py:3239} INFO - Sync 1 DAGs
[2026-08-23T03:38:51.849+0000] {logging_mixin.py:190} INFO - [2026-08-23T03:38:51.849+0000] {dag.py:4180} INFO - Setting next_dagrun for weekly_segment to 2026-08-22 16:00:00+00:00, run_after=2026-08-29 16:00:00+00:00
[2026-08-23T03:38:51.867+0000] {processor.py:208} INFO - Processing /opt/airflow/dags/weekly_segment.py took 0.163 seconds
[2026-08-23T03:39:22.022+0000] {processor.py:186} INFO - Started process (PID=3616) to work on /opt/airflow/dags/weekly_segment.py
[2026-08-23T03:39:22.023+0000] {processor.py:914} INFO - Processing file /opt/airflow/dags/weekly_segment.py for tasks to queue
[2026-08-23T03:39:22.025+0000] {logging_mixin.py:190} INFO - [2026-08-23T03:39:22.025+0000] {dagbag.py:588} INFO - Filling up the DagBag from /opt/airflow/dags/weekly_segment.py
[2026-08-23T03:39:22.126+0000] {processor.py:925} INFO - DAG(s) 'weekly_segment' retrieved from /opt/airflow/dags/weekly_segment.py
[2026-08-23T03:39:22.147+0000] {logging_mixin.py:190} INFO - [2026-08-23T03:39:22.147+0000] {dag.py:3239} INFO - Sync 1 DAGs
[2026-08-23T03:39:22.163+0000] {logging_mixin.py:190} INFO - [2026-08-23T03:39:22.163+0000] {dag.py:4180} INFO - Setting next_dagrun for weekly_segment to 2026-08-22 16:00:00+00:00, run_after=2026-08-29 16:00:00+00:00
[2026-08-23T03:39:22.178+0000] {processor.py:208} INFO - Processing /opt/airflow/dags/weekly_segment.py took 0.161 seconds
[2026-08-23T03:39:52.427+0000] {processor.py:186} INFO - Started process (PID=3626) to work on /opt/airflow/dags/weekly_segment.py
[2026-08-23T03:39:52.428+0000] {processor.py:914} INFO - Processing file /opt/airflow/dags/weekly_segment.py for tasks to queue
[2026-08-23T03:39:52.430+0000] {logging_mixin.py:190} INFO - [2026-08-23T03:39:52.430+0000] {dagbag.py:588} INFO - Filling up the DagBag from /opt/airflow/dags/weekly_segment.py
[2026-08-23T03:39:52.519+0000] {processor.py:925} INFO - DAG(s) 'weekly_segment' retrieved from /opt/airflow/dags/weekly_segment.py
[2026-08-23T03:39:52.538+0000] {logging_mixin.py:190} INFO - [2026-08-23T03:39:52.538+0000] {dag.py:3239} INFO - Sync 1 DAGs
[2026-08-23T03:39:52.555+0000] {logging_mixin.py:190} INFO - [2026-08-23T03:39:52.555+0000] {dag.py:4180} INFO - Setting next_dagrun for weekly_segment to 2026-08-22 16:00:00+00:00, run_after=2026-08-29 16:00:00+00:00
[2026-08-23T03:39:52.567+0000] {processor.py:208} INFO - Processing /opt/airflow/dags/weekly_segment.py took 0.148 seconds
[2026-08-23T03:40:22.683+0000] {processor.py:186} INFO - Started process (PID=3636) to work on /opt/airflow/dags/weekly_segment.py
[2026-08-23T03:40:22.684+0000] {processor.py:914} INFO - Processing file /opt/airflow/dags/weekly_segment.py for tasks to queue
[2026-08-23T03:40:22.686+0000] {logging_mixin.py:190} INFO - [2026-08-23T03:40:22.686+0000] {dagbag.py:588} INFO - Filling up the DagBag from /opt/airflow/dags/weekly_segment.py
[2026-08-23T03:40:22.803+0000] {processor.py:925} INFO - DAG(s) 'weekly_segment' retrieved from /opt/airflow/dags/weekly_segment.py
[2026-08-23T03:40:22.825+0000] {logging_mixin.py:190} INFO - [2026-08-23T03:40:22.825+0000] {dag.py:3239} INFO - Sync 1 DAGs
[2026-08-23T03:40:22.843+0000] {logging_mixin.py:190} INFO - [2026-08-23T03:40:22.843+0000] {dag.py:4180} INFO - Setting next_dagrun for weekly_segment to 2026-08-22 16:00:00+00:00, run_after=2026-08-29 16:00:00+00:00
[2026-08-23T03:40:22.857+0000] {processor.py:208} INFO - Processing /opt/airflow/dags/weekly_segment.py took 0.180 seconds
[2026-08-23T03:40:53.132+0000] {processor.py:186} INFO - Started process (PID=3646) to work on /opt/airflow/dags/weekly_segment.py
[2026-08-23T03:40:53.134+0000] {processor.py:914} INFO - Processing file /opt/airflow/dags/weekly_segment.py for tasks to queue
[2026-08-23T03:40:53.136+0000] {logging_mixin.py:190} INFO - [2026-08-23T03:40:53.136+0000] {dagbag.py:588} INFO - Filling up the DagBag from /opt/airflow/dags/weekly_segment.py
[2026-08-23T03:40:53.226+0000] {processor.py:925} INFO - DAG(s) 'weekly_segment' retrieved from /opt/airflow/dags/weekly_segment.py
[2026-08-23T03:40:53.248+0000] {logging_mixin.py:190} INFO - [2026-08-23T03:40:53.248+0000] {dag.py:3239} INFO - Sync 1 DAGs
[2026-08-23T03:40:53.265+0000] {logging_mixin.py:190} INFO - [2026-08-23T03:40:53.264+0000] {dag.py:4180} INFO - Setting next_dagrun for weekly_segment to 2026-08-22 16:00:00+00:00, run_after=2026-08-29 16:00:00+00:00
[2026-08-23T03:40:53.278+0000] {processor.py:208} INFO - Processing /opt/airflow/dags/weekly_segment.py took 0.155 seconds
[2026-08-23T03:41:23.486+0000] {processor.py:186} INFO - Started process (PID=3656) to work on /opt/airflow/dags/weekly_segment.py
[2026-08-23T03:41:23.487+0000] {processor.py:914} INFO - Processing file /opt/airflow/dags/weekly_segment.py for tasks to queue
[2026-08-23T03:41:23.490+0000] {logging_mixin.py:190} INFO - [2026-08-23T03:41:23.490+0000] {dagbag.py:588} INFO - Filling up the DagBag from /opt/airflow/dags/weekly_segment.py
[2026-08-23T03:41:23.579+0000] {processor.py:925} INFO - DAG(s) 'weekly_segment' retrieved from /opt/airflow/dags/weekly_segment.py
[2026-08-23T03:41:23.599+0000] {logging_mixin.py:190} INFO - [2026-08-23T03:41:23.599+0000] {dag.py:3239} INFO - Sync 1 DAGs
[2026-08-23T03:41:23.615+0000] {logging_mixin.py:190} INFO - [2026-08-23T03:41:23.615+0000] {dag.py:4180} INFO - Setting next_dagrun for weekly_segment to 2026-08-22 16:00:00+00:00, run_after=2026-08-29 16:00:00+00:00
[2026-08-23T03:41:23.628+0000] {processor.py:208} INFO - Processing /opt/airflow/dags/weekly_segment.py took 0.149 seconds
[2026-08-23T03:41:53.877+0000] {processor.py:186} INFO - Started process (PID=3666) to work on /opt/airflow/dags/weekly_segment.py
[2026-08-23T03:41:53.878+0000] {processor.py:914} INFO - Processing file /opt/airflow/dags/weekly_segment.py for tasks to queue
[2026-08-23T03:41:53.880+0000] {logging_mixin.py:190} INFO - [2026-08-23T03:41:53.880+0000] {dagbag.py:588} INFO - Filling up the DagBag from /opt/airflow/dags/weekly_segment.py
[2026-08-23T03:41:53.976+0000] {processor.py:925} INFO - DAG(s) 'weekly_segment' retrieved from /opt/airflow/dags/weekly_segment.py
[2026-08-23T03:41:53.996+0000] {logging_mixin.py:190} INFO - [2026-08-23T03:41:53.996+0000] {dag.py:3239} INFO - Sync 1 DAGs
[2026-08-23T03:41:54.012+0000] {logging_mixin.py:190} INFO - [2026-08-23T03:41:54.011+0000] {dag.py:4180} INFO - Setting next_dagrun for weekly_segment to 2026-08-22 16:00:00+00:00, run_after=2026-08-29 16:00:00+00:00
[2026-08-23T03:41:54.028+0000] {processor.py:208} INFO - Processing /opt/airflow/dags/weekly_segment.py took 0.159 seconds
[2026-08-23T03:42:24.090+0000] {processor.py:186} INFO - Started process (PID=3676) to work on /opt/airflow/dags/weekly_segment.py
[2026-08-23T03:42:24.091+0000] {processor.py:914} INFO - Processing file /opt/airflow/dags/weekly_segment.py for tasks to queue
[2026-08-23T03:42:24.093+0000] {logging_mixin.py:190} INFO - [2026-08-23T03:42:24.093+0000] {dagbag.py:588} INFO - Filling up the DagBag from /opt/airflow/dags/weekly_segment.py
[2026-08-23T03:42:24.204+0000] {processor.py:925} INFO - DAG(s) 'weekly_segment' retrieved from /opt/airflow/dags/weekly_segment.py
[2026-08-23T03:42:24.228+0000] {logging_mixin.py:190} INFO - [2026-08-23T03:42:24.227+0000] {dag.py:3239} INFO - Sync 1 DAGs
[2026-08-23T03:42:24.247+0000] {logging_mixin.py:190} INFO - [2026-08-23T03:42:24.247+0000] {dag.py:4180} INFO - Setting next_dagrun for weekly_segment to 2026-08-22 16:00:00+00:00, run_after=2026-08-29 16:00:00+00:00
[2026-08-23T03:42:24.270+0000] {processor.py:208} INFO - Processing /opt/airflow/dags/weekly_segment.py took 0.187 seconds
[2026-08-23T03:42:54.442+0000] {processor.py:186} INFO - Started process (PID=3686) to work on /opt/airflow/dags/weekly_segment.py
[2026-08-23T03:42:54.443+0000] {processor.py:914} INFO - Processing file /opt/airflow/dags/weekly_segment.py for tasks to queue
[2026-08-23T03:42:54.446+0000] {logging_mixin.py:190} INFO - [2026-08-23T03:42:54.446+0000] {dagbag.py:588} INFO - Filling up the DagBag from /opt/airflow/dags/weekly_segment.py
[2026-08-23T03:42:54.591+0000] {processor.py:925} INFO - DAG(s) 'weekly_segment' retrieved from /opt/airflow/dags/weekly_segment.py
[2026-08-23T03:42:54.618+0000] {logging_mixin.py:190} INFO - [2026-08-23T03:42:54.617+0000] {dag.py:3239} INFO - Sync 1 DAGs
[2026-08-23T03:42:54.639+0000] {logging_mixin.py:190} INFO - [2026-08-23T03:42:54.639+0000] {dag.py:4180} INFO - Setting next_dagrun for weekly_segment to 2026-08-22 16:00:00+00:00, run_after=2026-08-29 16:00:00+00:00
[2026-08-23T03:42:54.657+0000] {processor.py:208} INFO - Processing /opt/airflow/dags/weekly_segment.py took 0.222 seconds
[2026-08-23T03:43:24.729+0000] {processor.py:186} INFO - Started process (PID=3696) to work on /opt/airflow/dags/weekly_segment.py
[2026-08-23T03:43:24.730+0000] {processor.py:914} INFO - Processing file /opt/airflow/dags/weekly_segment.py for tasks to queue
[2026-08-23T03:43:24.733+0000] {logging_mixin.py:190} INFO - [2026-08-23T03:43:24.733+0000] {dagbag.py:588} INFO - Filling up the DagBag from /opt/airflow/dags/weekly_segment.py
[2026-08-23T03:43:24.873+0000] {processor.py:925} INFO - DAG(s) 'weekly_segment' retrieved from /opt/airflow/dags/weekly_segment.py
[2026-08-23T03:43:24.898+0000] {logging_mixin.py:190} INFO - [2026-08-23T03:43:24.898+0000] {dag.py:3239} INFO - Sync 1 DAGs
[2026-08-23T03:43:24.919+0000] {logging_mixin.py:190} INFO - [2026-08-23T03:43:24.918+0000] {dag.py:4180} INFO - Setting next_dagrun for weekly_segment to 2026-08-22 16:00:00+00:00, run_after=2026-08-29 16:00:00+00:00
[2026-08-23T03:43:24.938+0000] {processor.py:208} INFO - Processing /opt/airflow/dags/weekly_segment.py took 0.218 seconds
[2026-08-23T03:43:55.234+0000] {processor.py:186} INFO - Started process (PID=3706) to work on /opt/airflow/dags/weekly_segment.py
[2026-08-23T03:43:55.237+0000] {processor.py:914} INFO - Processing file /opt/airflow/dags/weekly_segment.py for tasks to queue
[2026-08-23T03:43:55.240+0000] {logging_mixin.py:190} INFO - [2026-08-23T03:43:55.240+0000] {dagbag.py:588} INFO - Filling up the DagBag from /opt/airflow/dags/weekly_segment.py
[2026-08-23T03:43:55.381+0000] {processor.py:925} INFO - DAG(s) 'weekly_segment' retrieved from /opt/airflow/dags/weekly_segment.py
[2026-08-23T03:43:55.402+0000] {logging_mixin.py:190} INFO - [2026-08-23T03:43:55.402+0000] {dag.py:3239} INFO - Sync 1 DAGs
[2026-08-23T03:43:55.420+0000] {logging_mixin.py:190} INFO - [2026-08-23T03:43:55.419+0000] {dag.py:4180} INFO - Setting next_dagrun for weekly_segment to 2026-08-22 16:00:00+00:00, run_after=2026-08-29 16:00:00+00:00
[2026-08-23T03:43:55.433+0000] {processor.py:208} INFO - Processing /opt/airflow/dags/weekly_segment.py took 0.208 seconds
[2026-08-23T03:44:25.509+0000] {processor.py:186} INFO - Started process (PID=3716) to work on /opt/airflow/dags/weekly_segment.py
[2026-08-23T03:44:25.511+0000] {processor.py:914} INFO - Processing file /opt/airflow/dags/weekly_segment.py for tasks to queue
[2026-08-23T03:44:25.513+0000] {logging_mixin.py:190} INFO - [2026-08-23T03:44:25.513+0000] {dagbag.py:588} INFO - Filling up the DagBag from /opt/airflow/dags/weekly_segment.py
[2026-08-23T03:44:25.711+0000] {processor.py:925} INFO - DAG(s) 'weekly_segment' retrieved from /opt/airflow/dags/weekly_segment.py
[2026-08-23T03:44:25.735+0000] {logging_mixin.py:190} INFO - [2026-08-23T03:44:25.735+0000] {dag.py:3239} INFO - Sync 1 DAGs
[2026-08-23T03:44:25.754+0000] {logging_mixin.py:190} INFO - [2026-08-23T03:44:25.754+0000] {dag.py:4180} INFO - Setting next_dagrun for weekly_segment to 2026-08-22 16:00:00+00:00, run_after=2026-08-29 16:00:00+00:00
[2026-08-23T03:44:25.773+0000] {processor.py:208} INFO - Processing /opt/airflow/dags/weekly_segment.py took 0.273 seconds
[2026-08-23T03:44:55.953+0000] {processor.py:186} INFO - Started process (PID=3726) to work on /opt/airflow/dags/weekly_segment.py
[2026-08-23T03:44:55.955+0000] {processor.py:914} INFO - Processing file /opt/airflow/dags/weekly_segment.py for tasks to queue
[2026-08-23T03:44:55.957+0000] {logging_mixin.py:190} INFO - [2026-08-23T03:44:55.957+0000] {dagbag.py:588} INFO - Filling up the DagBag from /opt/airflow/dags/weekly_segment.py
[2026-08-23T03:44:56.073+0000] {processor.py:925} INFO - DAG(s) 'weekly_segment' retrieved from /opt/airflow/dags/weekly_segment.py
[2026-08-23T03:44:56.099+0000] {logging_mixin.py:190} INFO - [2026-08-23T03:44:56.099+0000] {dag.py:3239} INFO - Sync 1 DAGs
[2026-08-23T03:44:56.117+0000] {logging_mixin.py:190} INFO - [2026-08-23T03:44:56.117+0000] {dag.py:4180} INFO - Setting next_dagrun for weekly_segment to 2026-08-22 16:00:00+00:00, run_after=2026-08-29 16:00:00+00:00
[2026-08-23T03:44:56.133+0000] {processor.py:208} INFO - Processing /opt/airflow/dags/weekly_segment.py took 0.188 seconds
[2026-08-23T03:45:26.260+0000] {processor.py:186} INFO - Started process (PID=3736) to work on /opt/airflow/dags/weekly_segment.py
[2026-08-23T03:45:26.261+0000] {processor.py:914} INFO - Processing file /opt/airflow/dags/weekly_segment.py for tasks to queue
[2026-08-23T03:45:26.263+0000] {logging_mixin.py:190} INFO - [2026-08-23T03:45:26.263+0000] {dagbag.py:588} INFO - Filling up the DagBag from /opt/airflow/dags/weekly_segment.py
[2026-08-23T03:45:26.422+0000] {processor.py:925} INFO - DAG(s) 'weekly_segment' retrieved from /opt/airflow/dags/weekly_segment.py
[2026-08-23T03:45:26.444+0000] {logging_mixin.py:190} INFO - [2026-08-23T03:45:26.444+0000] {dag.py:3239} INFO - Sync 1 DAGs
[2026-08-23T03:45:26.461+0000] {logging_mixin.py:190} INFO - [2026-08-23T03:45:26.461+0000] {dag.py:4180} INFO - Setting next_dagrun for weekly_segment to 2026-08-22 16:00:00+00:00, run_after=2026-08-29 16:00:00+00:00
[2026-08-23T03:45:26.475+0000] {processor.py:208} INFO - Processing /opt/airflow/dags/weekly_segment.py took 0.222 seconds
[2026-08-23T03:45:56.618+0000] {processor.py:186} INFO - Started process (PID=3746) to work on /opt/airflow/dags/weekly_segment.py
[2026-08-23T03:45:56.619+0000] {processor.py:914} INFO - Processing file /opt/airflow/dags/weekly_segment.py for tasks to queue
[2026-08-23T03:45:56.621+0000] {logging_mixin.py:190} INFO - [2026-08-23T03:45:56.621+0000] {dagbag.py:588} INFO - Filling up the DagBag from /opt/airflow/dags/weekly_segment.py
[2026-08-23T03:45:56.734+0000] {processor.py:925} INFO - DAG(s) 'weekly_segment' retrieved from /opt/airflow/dags/weekly_segment.py
[2026-08-23T03:45:56.755+0000] {logging_mixin.py:190} INFO - [2026-08-23T03:45:56.755+0000] {dag.py:3239} INFO - Sync 1 DAGs
[2026-08-23T03:45:56.773+0000] {logging_mixin.py:190} INFO - [2026-08-23T03:45:56.773+0000] {dag.py:4180} INFO - Setting next_dagrun for weekly_segment to 2026-08-22 16:00:00+00:00, run_after=2026-08-29 16:00:00+00:00
[2026-08-23T03:45:56.786+0000] {processor.py:208} INFO - Processing /opt/airflow/dags/weekly_segment.py took 0.174 seconds
[2026-08-23T03:46:26.971+0000] {processor.py:186} INFO - Started process (PID=3756) to work on /opt/airflow/dags/weekly_segment.py
[2026-08-23T03:46:26.972+0000] {processor.py:914} INFO - Processing file /opt/airflow/dags/weekly_segment.py for tasks to queue
[2026-08-23T03:46:26.975+0000] {logging_mixin.py:190} INFO - [2026-08-23T03:46:26.974+0000] {dagbag.py:588} INFO - Filling up the DagBag from /opt/airflow/dags/weekly_segment.py
[2026-08-23T03:46:27.099+0000] {processor.py:925} INFO - DAG(s) 'weekly_segment' retrieved from /opt/airflow/dags/weekly_segment.py
[2026-08-23T03:46:27.119+0000] {logging_mixin.py:190} INFO - [2026-08-23T03:46:27.119+0000] {dag.py:3239} INFO - Sync 1 DAGs
[2026-08-23T03:46:27.136+0000] {logging_mixin.py:190} INFO - [2026-08-23T03:46:27.136+0000] {dag.py:4180} INFO - Setting next_dagrun for weekly_segment to 2026-08-22 16:00:00+00:00, run_after=2026-08-29 16:00:00+00:00
[2026-08-23T03:46:27.150+0000] {processor.py:208} INFO - Processing /opt/airflow/dags/weekly_segment.py took 0.187 seconds
[2026-08-23T03:46:57.272+0000] {processor.py:186} INFO - Started process (PID=3766) to work on /opt/airflow/dags/weekly_segment.py
[2026-08-23T03:46:57.272+0000] {processor.py:914} INFO - Processing file /opt/airflow/dags/weekly_segment.py for tasks to queue
[2026-08-23T03:46:57.274+0000] {logging_mixin.py:190} INFO - [2026-08-23T03:46:57.274+0000] {dagbag.py:588} INFO - Filling up the DagBag from /opt/airflow/dags/weekly_segment.py
[2026-08-23T03:46:57.425+0000] {processor.py:925} INFO - DAG(s) 'weekly_segment' retrieved from /opt/airflow/dags/weekly_segment.py
[2026-08-23T03:46:57.448+0000] {logging_mixin.py:190} INFO - [2026-08-23T03:46:57.448+0000] {dag.py:3239} INFO - Sync 1 DAGs
[2026-08-23T03:46:57.467+0000] {logging_mixin.py:190} INFO - [2026-08-23T03:46:57.467+0000] {dag.py:4180} INFO - Setting next_dagrun for weekly_segment to 2026-08-22 16:00:00+00:00, run_after=2026-08-29 16:00:00+00:00
[2026-08-23T03:46:57.486+0000] {processor.py:208} INFO - Processing /opt/airflow/dags/weekly_segment.py took 0.220 seconds
[2026-08-23T03:47:27.671+0000] {processor.py:186} INFO - Started process (PID=3776) to work on /opt/airflow/dags/weekly_segment.py
[2026-08-23T03:47:27.672+0000] {processor.py:914} INFO - Processing file /opt/airflow/dags/weekly_segment.py for tasks to queue
[2026-08-23T03:47:27.674+0000] {logging_mixin.py:190} INFO - [2026-08-23T03:47:27.674+0000] {dagbag.py:588} INFO - Filling up the DagBag from /opt/airflow/dags/weekly_segment.py
[2026-08-23T03:47:27.780+0000] {processor.py:925} INFO - DAG(s) 'weekly_segment' retrieved from /opt/airflow/dags/weekly_segment.py
[2026-08-23T03:47:27.800+0000] {logging_mixin.py:190} INFO - [2026-08-23T03:47:27.800+0000] {dag.py:3239} INFO - Sync 1 DAGs
[2026-08-23T03:47:27.817+0000] {logging_mixin.py:190} INFO - [2026-08-23T03:47:27.817+0000] {dag.py:4180} INFO - Setting next_dagrun for weekly_segment to 2026-08-22 16:00:00+00:00, run_after=2026-08-29 16:00:00+00:00
[2026-08-23T03:47:27.837+0000] {processor.py:208} INFO - Processing /opt/airflow/dags/weekly_segment.py took 0.172 seconds
[2026-08-23T03:47:58.091+0000] {processor.py:186} INFO - Started process (PID=3786) to work on /opt/airflow/dags/weekly_segment.py
[2026-08-23T03:47:58.092+0000] {processor.py:914} INFO - Processing file /opt/airflow/dags/weekly_segment.py for tasks to queue
[2026-08-23T03:47:58.094+0000] {logging_mixin.py:190} INFO - [2026-08-23T03:47:58.094+0000] {dagbag.py:588} INFO - Filling up the DagBag from /opt/airflow/dags/weekly_segment.py
[2026-08-23T03:47:58.205+0000] {processor.py:925} INFO - DAG(s) 'weekly_segment' retrieved from /opt/airflow/dags/weekly_segment.py
[2026-08-23T03:47:58.227+0000] {logging_mixin.py:190} INFO - [2026-08-23T03:47:58.227+0000] {dag.py:3239} INFO - Sync 1 DAGs
[2026-08-23T03:47:58.246+0000] {logging_mixin.py:190} INFO - [2026-08-23T03:47:58.246+0000] {dag.py:4180} INFO - Setting next_dagrun for weekly_segment to 2026-08-22 16:00:00+00:00, run_after=2026-08-29 16:00:00+00:00
[2026-08-23T03:47:58.264+0000] {processor.py:208} INFO - Processing /opt/airflow/dags/weekly_segment.py took 0.182 seconds
[2026-08-23T03:48:28.469+0000] {processor.py:186} INFO - Started process (PID=3796) to work on /opt/airflow/dags/weekly_segment.py
[2026-08-23T03:48:28.470+0000] {processor.py:914} INFO - Processing file /opt/airflow/dags/weekly_segment.py for tasks to queue
[2026-08-23T03:48:28.472+0000] {logging_mixin.py:190} INFO - [2026-08-23T03:48:28.472+0000] {dagbag.py:588} INFO - Filling up the DagBag from /opt/airflow/dags/weekly_segment.py
[2026-08-23T03:48:28.571+0000] {processor.py:925} INFO - DAG(s) 'weekly_segment' retrieved from /opt/airflow/dags/weekly_segment.py
[2026-08-23T03:48:28.594+0000] {logging_mixin.py:190} INFO - [2026-08-23T03:48:28.594+0000] {dag.py:3239} INFO - Sync 1 DAGs
[2026-08-23T03:48:28.612+0000] {logging_mixin.py:190} INFO - [2026-08-23T03:48:28.611+0000] {dag.py:4180} INFO - Setting next_dagrun for weekly_segment to 2026-08-22 16:00:00+00:00, run_after=2026-08-29 16:00:00+00:00
[2026-08-23T03:48:28.626+0000] {processor.py:208} INFO - Processing /opt/airflow/dags/weekly_segment.py took 0.163 seconds
[2026-08-23T03:48:58.687+0000] {processor.py:186} INFO - Started process (PID=3806) to work on /opt/airflow/dags/weekly_segment.py
[2026-08-23T03:48:58.688+0000] {processor.py:914} INFO - Processing file /opt/airflow/dags/weekly_segment.py for tasks to queue
[2026-08-23T03:48:58.689+0000] {logging_mixin.py:190} INFO - [2026-08-23T03:48:58.689+0000] {dagbag.py:588} INFO - Filling up the DagBag from /opt/airflow/dags/weekly_segment.py
[2026-08-23T03:48:58.778+0000] {processor.py:925} INFO - DAG(s) 'weekly_segment' retrieved from /opt/airflow/dags/weekly_segment.py
[2026-08-23T03:48:58.800+0000] {logging_mixin.py:190} INFO - [2026-08-23T03:48:58.800+0000] {dag.py:3239} INFO - Sync 1 DAGs
[2026-08-23T03:48:58.817+0000] {logging_mixin.py:190} INFO - [2026-08-23T03:48:58.817+0000] {dag.py:4180} INFO - Setting next_dagrun for weekly_segment to 2026-08-22 16:00:00+00:00, run_after=2026-08-29 16:00:00+00:00
[2026-08-23T03:48:58.834+0000] {processor.py:208} INFO - Processing /opt/airflow/dags/weekly_segment.py took 0.153 seconds
[2026-08-23T03:49:28.952+0000] {processor.py:186} INFO - Started process (PID=3816) to work on /opt/airflow/dags/weekly_segment.py
[2026-08-23T03:49:28.953+0000] {processor.py:914} INFO - Processing file /opt/airflow/dags/weekly_segment.py for tasks to queue
[2026-08-23T03:49:28.955+0000] {logging_mixin.py:190} INFO - [2026-08-23T03:49:28.955+0000] {dagbag.py:588} INFO - Filling up the DagBag from /opt/airflow/dags/weekly_segment.py
[2026-08-23T03:49:29.103+0000] {processor.py:925} INFO - DAG(s) 'weekly_segment' retrieved from /opt/airflow/dags/weekly_segment.py
[2026-08-23T03:49:29.126+0000] {logging_mixin.py:190} INFO - [2026-08-23T03:49:29.126+0000] {dag.py:3239} INFO - Sync 1 DAGs
[2026-08-23T03:49:29.144+0000] {logging_mixin.py:190} INFO - [2026-08-23T03:49:29.144+0000] {dag.py:4180} INFO - Setting next_dagrun for weekly_segment to 2026-08-22 16:00:00+00:00, run_after=2026-08-29 16:00:00+00:00
[2026-08-23T03:49:29.157+0000] {processor.py:208} INFO - Processing /opt/airflow/dags/weekly_segment.py took 0.213 seconds
[2026-08-23T03:49:59.340+0000] {processor.py:186} INFO - Started process (PID=3826) to work on /opt/airflow/dags/weekly_segment.py
[2026-08-23T03:49:59.340+0000] {processor.py:914} INFO - Processing file /opt/airflow/dags/weekly_segment.py for tasks to queue
[2026-08-23T03:49:59.342+0000] {logging_mixin.py:190} INFO - [2026-08-23T03:49:59.342+0000] {dagbag.py:588} INFO - Filling up the DagBag from /opt/airflow/dags/weekly_segment.py
[2026-08-23T03:49:59.490+0000] {processor.py:925} INFO - DAG(s) 'weekly_segment' retrieved from /opt/airflow/dags/weekly_segment.py
[2026-08-23T03:49:59.510+0000] {logging_mixin.py:190} INFO - [2026-08-23T03:49:59.509+0000] {dag.py:3239} INFO - Sync 1 DAGs
[2026-08-23T03:49:59.526+0000] {logging_mixin.py:190} INFO - [2026-08-23T03:49:59.526+0000] {dag.py:4180} INFO - Setting next_dagrun for weekly_segment to 2026-08-22 16:00:00+00:00, run_after=2026-08-29 16:00:00+00:00
[2026-08-23T03:49:59.546+0000] {processor.py:208} INFO - Processing /opt/airflow/dags/weekly_segment.py took 0.213 seconds
[2026-08-23T03:50:29.699+0000] {processor.py:186} INFO - Started process (PID=3836) to work on /opt/airflow/dags/weekly_segment.py
[2026-08-23T03:50:29.700+0000] {processor.py:914} INFO - Processing file /opt/airflow/dags/weekly_segment.py for tasks to queue
[2026-08-23T03:50:29.703+0000] {logging_mixin.py:190} INFO - [2026-08-23T03:50:29.702+0000] {dagbag.py:588} INFO - Filling up the DagBag from /opt/airflow/dags/weekly_segment.py
[2026-08-23T03:50:29.829+0000] {processor.py:925} INFO - DAG(s) 'weekly_segment' retrieved from /opt/airflow/dags/weekly_segment.py
[2026-08-23T03:50:29.849+0000] {logging_mixin.py:190} INFO - [2026-08-23T03:50:29.849+0000] {dag.py:3239} INFO - Sync 1 DAGs
[2026-08-23T03:50:29.865+0000] {logging_mixin.py:190} INFO - [2026-08-23T03:50:29.865+0000] {dag.py:4180} INFO - Setting next_dagrun for weekly_segment to 2026-08-22 16:00:00+00:00, run_after=2026-08-29 16:00:00+00:00
[2026-08-23T03:50:29.879+0000] {processor.py:208} INFO - Processing /opt/airflow/dags/weekly_segment.py took 0.187 seconds
[2026-08-23T03:51:00.097+0000] {processor.py:186} INFO - Started process (PID=3846) to work on /opt/airflow/dags/weekly_segment.py
[2026-08-23T03:51:00.098+0000] {processor.py:914} INFO - Processing file /opt/airflow/dags/weekly_segment.py for tasks to queue
[2026-08-23T03:51:00.100+0000] {logging_mixin.py:190} INFO - [2026-08-23T03:51:00.100+0000] {dagbag.py:588} INFO - Filling up the DagBag from /opt/airflow/dags/weekly_segment.py
[2026-08-23T03:51:00.228+0000] {processor.py:925} INFO - DAG(s) 'weekly_segment' retrieved from /opt/airflow/dags/weekly_segment.py
[2026-08-23T03:51:00.251+0000] {logging_mixin.py:190} INFO - [2026-08-23T03:51:00.251+0000] {dag.py:3239} INFO - Sync 1 DAGs
[2026-08-23T03:51:00.269+0000] {logging_mixin.py:190} INFO - [2026-08-23T03:51:00.269+0000] {dag.py:4180} INFO - Setting next_dagrun for weekly_segment to 2026-08-22 16:00:00+00:00, run_after=2026-08-29 16:00:00+00:00
[2026-08-23T03:51:00.282+0000] {processor.py:208} INFO - Processing /opt/airflow/dags/weekly_segment.py took 0.192 seconds
[2026-08-23T03:51:30.463+0000] {processor.py:186} INFO - Started process (PID=3856) to work on /opt/airflow/dags/weekly_segment.py
[2026-08-23T03:51:30.464+0000] {processor.py:914} INFO - Processing file /opt/airflow/dags/weekly_segment.py for tasks to queue
[2026-08-23T03:51:30.466+0000] {logging_mixin.py:190} INFO - [2026-08-23T03:51:30.465+0000] {dagbag.py:588} INFO - Filling up the DagBag from /opt/airflow/dags/weekly_segment.py
[2026-08-23T03:51:30.566+0000] {processor.py:925} INFO - DAG(s) 'weekly_segment' retrieved from /opt/airflow/dags/weekly_segment.py
[2026-08-23T03:51:30.587+0000] {logging_mixin.py:190} INFO - [2026-08-23T03:51:30.587+0000] {dag.py:3239} INFO - Sync 1 DAGs
[2026-08-23T03:51:30.606+0000] {logging_mixin.py:190} INFO - [2026-08-23T03:51:30.606+0000] {dag.py:4180} INFO - Setting next_dagrun for weekly_segment to 2026-08-22 16:00:00+00:00, run_after=2026-08-29 16:00:00+00:00
[2026-08-23T03:51:30.621+0000] {processor.py:208} INFO - Processing /opt/airflow/dags/weekly_segment.py took 0.167 seconds
[2026-08-23T03:52:00.749+0000] {processor.py:186} INFO - Started process (PID=3866) to work on /opt/airflow/dags/weekly_segment.py
[2026-08-23T03:52:00.750+0000] {processor.py:914} INFO - Processing file /opt/airflow/dags/weekly_segment.py for tasks to queue
[2026-08-23T03:52:00.752+0000] {logging_mixin.py:190} INFO - [2026-08-23T03:52:00.752+0000] {dagbag.py:588} INFO - Filling up the DagBag from /opt/airflow/dags/weekly_segment.py
[2026-08-23T03:52:00.846+0000] {processor.py:925} INFO - DAG(s) 'weekly_segment' retrieved from /opt/airflow/dags/weekly_segment.py
[2026-08-23T03:52:00.868+0000] {logging_mixin.py:190} INFO - [2026-08-23T03:52:00.868+0000] {dag.py:3239} INFO - Sync 1 DAGs
[2026-08-23T03:52:00.885+0000] {logging_mixin.py:190} INFO - [2026-08-23T03:52:00.884+0000] {dag.py:4180} INFO - Setting next_dagrun for weekly_segment to 2026-08-22 16:00:00+00:00, run_after=2026-08-29 16:00:00+00:00
[2026-08-23T03:52:00.897+0000] {processor.py:208} INFO - Processing /opt/airflow/dags/weekly_segment.py took 0.155 seconds
[2026-08-23T03:52:31.123+0000] {processor.py:186} INFO - Started process (PID=3876) to work on /opt/airflow/dags/weekly_segment.py
[2026-08-23T03:52:31.124+0000] {processor.py:914} INFO - Processing file /opt/airflow/dags/weekly_segment.py for tasks to queue
[2026-08-23T03:52:31.126+0000] {logging_mixin.py:190} INFO - [2026-08-23T03:52:31.126+0000] {dagbag.py:588} INFO - Filling up the DagBag from /opt/airflow/dags/weekly_segment.py
[2026-08-23T03:52:31.233+0000] {processor.py:925} INFO - DAG(s) 'weekly_segment' retrieved from /opt/airflow/dags/weekly_segment.py
[2026-08-23T03:52:31.259+0000] {logging_mixin.py:190} INFO - [2026-08-23T03:52:31.259+0000] {dag.py:3239} INFO - Sync 1 DAGs
[2026-08-23T03:52:31.278+0000] {logging_mixin.py:190} INFO - [2026-08-23T03:52:31.278+0000] {dag.py:4180} INFO - Setting next_dagrun for weekly_segment to 2026-08-22 16:00:00+00:00, run_after=2026-08-29 16:00:00+00:00
[2026-08-23T03:52:31.294+0000] {processor.py:208} INFO - Processing /opt/airflow/dags/weekly_segment.py took 0.178 seconds
[2026-08-23T03:53:01.455+0000] {processor.py:186} INFO - Started process (PID=3886) to work on /opt/airflow/dags/weekly_segment.py
[2026-08-23T03:53:01.456+0000] {processor.py:914} INFO - Processing file /opt/airflow/dags/weekly_segment.py for tasks to queue
[2026-08-23T03:53:01.458+0000] {logging_mixin.py:190} INFO - [2026-08-23T03:53:01.457+0000] {dagbag.py:588} INFO - Filling up the DagBag from /opt/airflow/dags/weekly_segment.py
[2026-08-23T03:53:01.555+0000] {processor.py:925} INFO - DAG(s) 'weekly_segment' retrieved from /opt/airflow/dags/weekly_segment.py
[2026-08-23T03:53:01.574+0000] {logging_mixin.py:190} INFO - [2026-08-23T03:53:01.574+0000] {dag.py:3239} INFO - Sync 1 DAGs
[2026-08-23T03:53:01.590+0000] {logging_mixin.py:190} INFO - [2026-08-23T03:53:01.590+0000] {dag.py:4180} INFO - Setting next_dagrun for weekly_segment to 2026-08-22 16:00:00+00:00, run_after=2026-08-29 16:00:00+00:00
[2026-08-23T03:53:01.602+0000] {processor.py:208} INFO - Processing /opt/airflow/dags/weekly_segment.py took 0.154 seconds
[2026-08-23T03:53:31.768+0000] {processor.py:186} INFO - Started process (PID=3896) to work on /opt/airflow/dags/weekly_segment.py
[2026-08-23T03:53:31.769+0000] {processor.py:914} INFO - Processing file /opt/airflow/dags/weekly_segment.py for tasks to queue
[2026-08-23T03:53:31.771+0000] {logging_mixin.py:190} INFO - [2026-08-23T03:53:31.770+0000] {dagbag.py:588} INFO - Filling up the DagBag from /opt/airflow/dags/weekly_segment.py
[2026-08-23T03:53:31.868+0000] {processor.py:925} INFO - DAG(s) 'weekly_segment' retrieved from /opt/airflow/dags/weekly_segment.py
[2026-08-23T03:53:31.888+0000] {logging_mixin.py:190} INFO - [2026-08-23T03:53:31.888+0000] {dag.py:3239} INFO - Sync 1 DAGs
[2026-08-23T03:53:31.907+0000] {logging_mixin.py:190} INFO - [2026-08-23T03:53:31.907+0000] {dag.py:4180} INFO - Setting next_dagrun for weekly_segment to 2026-08-22 16:00:00+00:00, run_after=2026-08-29 16:00:00+00:00
[2026-08-23T03:53:32.214+0000] {processor.py:208} INFO - Processing /opt/airflow/dags/weekly_segment.py took 0.455 seconds
[2026-08-23T03:54:02.550+0000] {processor.py:186} INFO - Started process (PID=3906) to work on /opt/airflow/dags/weekly_segment.py
[2026-08-23T03:54:02.551+0000] {processor.py:914} INFO - Processing file /opt/airflow/dags/weekly_segment.py for tasks to queue
[2026-08-23T03:54:02.553+0000] {logging_mixin.py:190} INFO - [2026-08-23T03:54:02.552+0000] {dagbag.py:588} INFO - Filling up the DagBag from /opt/airflow/dags/weekly_segment.py
[2026-08-23T03:54:02.642+0000] {processor.py:925} INFO - DAG(s) 'weekly_segment' retrieved from /opt/airflow/dags/weekly_segment.py
[2026-08-23T03:54:02.662+0000] {logging_mixin.py:190} INFO - [2026-08-23T03:54:02.662+0000] {dag.py:3239} INFO - Sync 1 DAGs
[2026-08-23T03:54:02.680+0000] {logging_mixin.py:190} INFO - [2026-08-23T03:54:02.680+0000] {dag.py:4180} INFO - Setting next_dagrun for weekly_segment to 2026-08-22 16:00:00+00:00, run_after=2026-08-29 16:00:00+00:00
[2026-08-23T03:54:02.692+0000] {processor.py:208} INFO - Processing /opt/airflow/dags/weekly_segment.py took 0.149 seconds
[2026-08-23T03:54:32.846+0000] {processor.py:186} INFO - Started process (PID=3916) to work on /opt/airflow/dags/weekly_segment.py
[2026-08-23T03:54:32.847+0000] {processor.py:914} INFO - Processing file /opt/airflow/dags/weekly_segment.py for tasks to queue
[2026-08-23T03:54:32.849+0000] {logging_mixin.py:190} INFO - [2026-08-23T03:54:32.849+0000] {dagbag.py:588} INFO - Filling up the DagBag from /opt/airflow/dags/weekly_segment.py
[2026-08-23T03:54:32.946+0000] {processor.py:925} INFO - DAG(s) 'weekly_segment' retrieved from /opt/airflow/dags/weekly_segment.py
[2026-08-23T03:54:32.967+0000] {logging_mixin.py:190} INFO - [2026-08-23T03:54:32.967+0000] {dag.py:3239} INFO - Sync 1 DAGs
[2026-08-23T03:54:32.983+0000] {logging_mixin.py:190} INFO - [2026-08-23T03:54:32.982+0000] {dag.py:4180} INFO - Setting next_dagrun for weekly_segment to 2026-08-22 16:00:00+00:00, run_after=2026-08-29 16:00:00+00:00
[2026-08-23T03:54:32.995+0000] {processor.py:208} INFO - Processing /opt/airflow/dags/weekly_segment.py took 0.156 seconds
[2026-08-23T03:55:03.168+0000] {processor.py:186} INFO - Started process (PID=3926) to work on /opt/airflow/dags/weekly_segment.py
[2026-08-23T03:55:03.169+0000] {processor.py:914} INFO - Processing file /opt/airflow/dags/weekly_segment.py for tasks to queue
[2026-08-23T03:55:03.171+0000] {logging_mixin.py:190} INFO - [2026-08-23T03:55:03.170+0000] {dagbag.py:588} INFO - Filling up the DagBag from /opt/airflow/dags/weekly_segment.py
[2026-08-23T03:55:03.261+0000] {processor.py:925} INFO - DAG(s) 'weekly_segment' retrieved from /opt/airflow/dags/weekly_segment.py
[2026-08-23T03:55:03.282+0000] {logging_mixin.py:190} INFO - [2026-08-23T03:55:03.282+0000] {dag.py:3239} INFO - Sync 1 DAGs
[2026-08-23T03:55:03.299+0000] {logging_mixin.py:190} INFO - [2026-08-23T03:55:03.298+0000] {dag.py:4180} INFO - Setting next_dagrun for weekly_segment to 2026-08-22 16:00:00+00:00, run_after=2026-08-29 16:00:00+00:00
[2026-08-23T03:55:03.313+0000] {processor.py:208} INFO - Processing /opt/airflow/dags/weekly_segment.py took 0.153 seconds
[2026-08-23T03:55:33.506+0000] {processor.py:186} INFO - Started process (PID=3936) to work on /opt/airflow/dags/weekly_segment.py
[2026-08-23T03:55:33.507+0000] {processor.py:914} INFO - Processing file /opt/airflow/dags/weekly_segment.py for tasks to queue
[2026-08-23T03:55:33.509+0000] {logging_mixin.py:190} INFO - [2026-08-23T03:55:33.509+0000] {dagbag.py:588} INFO - Filling up the DagBag from /opt/airflow/dags/weekly_segment.py
[2026-08-23T03:55:33.604+0000] {processor.py:925} INFO - DAG(s) 'weekly_segment' retrieved from /opt/airflow/dags/weekly_segment.py
[2026-08-23T03:55:33.624+0000] {logging_mixin.py:190} INFO - [2026-08-23T03:55:33.624+0000] {dag.py:3239} INFO - Sync 1 DAGs
[2026-08-23T03:55:33.639+0000] {logging_mixin.py:190} INFO - [2026-08-23T03:55:33.639+0000] {dag.py:4180} INFO - Setting next_dagrun for weekly_segment to 2026-08-22 16:00:00+00:00, run_after=2026-08-29 16:00:00+00:00
[2026-08-23T03:55:33.651+0000] {processor.py:208} INFO - Processing /opt/airflow/dags/weekly_segment.py took 0.150 seconds
[2026-08-23T03:56:03.809+0000] {processor.py:186} INFO - Started process (PID=3946) to work on /opt/airflow/dags/weekly_segment.py
[2026-08-23T03:56:03.810+0000] {processor.py:914} INFO - Processing file /opt/airflow/dags/weekly_segment.py for tasks to queue
[2026-08-23T03:56:03.811+0000] {logging_mixin.py:190} INFO - [2026-08-23T03:56:03.811+0000] {dagbag.py:588} INFO - Filling up the DagBag from /opt/airflow/dags/weekly_segment.py
[2026-08-23T03:56:03.906+0000] {processor.py:925} INFO - DAG(s) 'weekly_segment' retrieved from /opt/airflow/dags/weekly_segment.py
[2026-08-23T03:56:03.927+0000] {logging_mixin.py:190} INFO - [2026-08-23T03:56:03.927+0000] {dag.py:3239} INFO - Sync 1 DAGs
[2026-08-23T03:56:03.943+0000] {logging_mixin.py:190} INFO - [2026-08-23T03:56:03.943+0000] {dag.py:4180} INFO - Setting next_dagrun for weekly_segment to 2026-08-22 16:00:00+00:00, run_after=2026-08-29 16:00:00+00:00
[2026-08-23T03:56:03.959+0000] {processor.py:208} INFO - Processing /opt/airflow/dags/weekly_segment.py took 0.156 seconds
[2026-08-23T03:56:34.180+0000] {processor.py:186} INFO - Started process (PID=3956) to work on /opt/airflow/dags/weekly_segment.py
[2026-08-23T03:56:34.181+0000] {processor.py:914} INFO - Processing file /opt/airflow/dags/weekly_segment.py for tasks to queue
[2026-08-23T03:56:34.183+0000] {logging_mixin.py:190} INFO - [2026-08-23T03:56:34.183+0000] {dagbag.py:588} INFO - Filling up the DagBag from /opt/airflow/dags/weekly_segment.py
[2026-08-23T03:56:34.284+0000] {processor.py:925} INFO - DAG(s) 'weekly_segment' retrieved from /opt/airflow/dags/weekly_segment.py
[2026-08-23T03:56:34.305+0000] {logging_mixin.py:190} INFO - [2026-08-23T03:56:34.305+0000] {dag.py:3239} INFO - Sync 1 DAGs
[2026-08-23T03:56:34.323+0000] {logging_mixin.py:190} INFO - [2026-08-23T03:56:34.323+0000] {dag.py:4180} INFO - Setting next_dagrun for weekly_segment to 2026-08-22 16:00:00+00:00, run_after=2026-08-29 16:00:00+00:00
[2026-08-23T03:56:34.338+0000] {processor.py:208} INFO - Processing /opt/airflow/dags/weekly_segment.py took 0.166 seconds
[2026-08-23T03:57:04.426+0000] {processor.py:186} INFO - Started process (PID=3966) to work on /opt/airflow/dags/weekly_segment.py
[2026-08-23T03:57:04.427+0000] {processor.py:914} INFO - Processing file /opt/airflow/dags/weekly_segment.py for tasks to queue
[2026-08-23T03:57:04.429+0000] {logging_mixin.py:190} INFO - [2026-08-23T03:57:04.429+0000] {dagbag.py:588} INFO - Filling up the DagBag from /opt/airflow/dags/weekly_segment.py
[2026-08-23T03:57:04.559+0000] {processor.py:925} INFO - DAG(s) 'weekly_segment' retrieved from /opt/airflow/dags/weekly_segment.py
[2026-08-23T03:57:04.583+0000] {logging_mixin.py:190} INFO - [2026-08-23T03:57:04.583+0000] {dag.py:3239} INFO - Sync 1 DAGs
[2026-08-23T03:57:04.603+0000] {logging_mixin.py:190} INFO - [2026-08-23T03:57:04.603+0000] {dag.py:4180} INFO - Setting next_dagrun for weekly_segment to 2026-08-22 16:00:00+00:00, run_after=2026-08-29 16:00:00+00:00
[2026-08-23T03:57:04.620+0000] {processor.py:208} INFO - Processing /opt/airflow/dags/weekly_segment.py took 0.202 seconds
[2026-08-23T03:57:34.809+0000] {processor.py:186} INFO - Started process (PID=3976) to work on /opt/airflow/dags/weekly_segment.py
[2026-08-23T03:57:34.810+0000] {processor.py:914} INFO - Processing file /opt/airflow/dags/weekly_segment.py for tasks to queue
[2026-08-23T03:57:34.812+0000] {logging_mixin.py:190} INFO - [2026-08-23T03:57:34.812+0000] {dagbag.py:588} INFO - Filling up the DagBag from /opt/airflow/dags/weekly_segment.py
[2026-08-23T03:57:34.904+0000] {processor.py:925} INFO - DAG(s) 'weekly_segment' retrieved from /opt/airflow/dags/weekly_segment.py
[2026-08-23T03:57:34.926+0000] {logging_mixin.py:190} INFO - [2026-08-23T03:57:34.926+0000] {dag.py:3239} INFO - Sync 1 DAGs
[2026-08-23T03:57:34.941+0000] {logging_mixin.py:190} INFO - [2026-08-23T03:57:34.940+0000] {dag.py:4180} INFO - Setting next_dagrun for weekly_segment to 2026-08-22 16:00:00+00:00, run_after=2026-08-29 16:00:00+00:00
[2026-08-23T03:57:34.959+0000] {processor.py:208} INFO - Processing /opt/airflow/dags/weekly_segment.py took 0.156 seconds
[2026-08-23T03:58:05.178+0000] {processor.py:186} INFO - Started process (PID=3986) to work on /opt/airflow/dags/weekly_segment.py
[2026-08-23T03:58:05.178+0000] {processor.py:914} INFO - Processing file /opt/airflow/dags/weekly_segment.py for tasks to queue
[2026-08-23T03:58:05.182+0000] {logging_mixin.py:190} INFO - [2026-08-23T03:58:05.181+0000] {dagbag.py:588} INFO - Filling up the DagBag from /opt/airflow/dags/weekly_segment.py
[2026-08-23T03:58:05.289+0000] {processor.py:925} INFO - DAG(s) 'weekly_segment' retrieved from /opt/airflow/dags/weekly_segment.py
[2026-08-23T03:58:05.310+0000] {logging_mixin.py:190} INFO - [2026-08-23T03:58:05.310+0000] {dag.py:3239} INFO - Sync 1 DAGs
[2026-08-23T03:58:05.327+0000] {logging_mixin.py:190} INFO - [2026-08-23T03:58:05.327+0000] {dag.py:4180} INFO - Setting next_dagrun for weekly_segment to 2026-08-22 16:00:00+00:00, run_after=2026-08-29 16:00:00+00:00
[2026-08-23T03:58:05.341+0000] {processor.py:208} INFO - Processing /opt/airflow/dags/weekly_segment.py took 0.169 seconds
[2026-08-23T03:58:35.595+0000] {processor.py:186} INFO - Started process (PID=3996) to work on /opt/airflow/dags/weekly_segment.py
[2026-08-23T03:58:35.597+0000] {processor.py:914} INFO - Processing file /opt/airflow/dags/weekly_segment.py for tasks to queue
[2026-08-23T03:58:35.600+0000] {logging_mixin.py:190} INFO - [2026-08-23T03:58:35.599+0000] {dagbag.py:588} INFO - Filling up the DagBag from /opt/airflow/dags/weekly_segment.py
[2026-08-23T03:58:35.692+0000] {processor.py:925} INFO - DAG(s) 'weekly_segment' retrieved from /opt/airflow/dags/weekly_segment.py
[2026-08-23T03:58:35.711+0000] {logging_mixin.py:190} INFO - [2026-08-23T03:58:35.711+0000] {dag.py:3239} INFO - Sync 1 DAGs
[2026-08-23T03:58:35.726+0000] {logging_mixin.py:190} INFO - [2026-08-23T03:58:35.726+0000] {dag.py:4180} INFO - Setting next_dagrun for weekly_segment to 2026-08-22 16:00:00+00:00, run_after=2026-08-29 16:00:00+00:00
[2026-08-23T03:58:35.741+0000] {processor.py:208} INFO - Processing /opt/airflow/dags/weekly_segment.py took 0.153 seconds
[2026-08-23T03:59:05.873+0000] {processor.py:186} INFO - Started process (PID=4006) to work on /opt/airflow/dags/weekly_segment.py
[2026-08-23T03:59:05.874+0000] {processor.py:914} INFO - Processing file /opt/airflow/dags/weekly_segment.py for tasks to queue
[2026-08-23T03:59:05.877+0000] {logging_mixin.py:190} INFO - [2026-08-23T03:59:05.876+0000] {dagbag.py:588} INFO - Filling up the DagBag from /opt/airflow/dags/weekly_segment.py
[2026-08-23T03:59:05.975+0000] {processor.py:925} INFO - DAG(s) 'weekly_segment' retrieved from /opt/airflow/dags/weekly_segment.py
[2026-08-23T03:59:05.996+0000] {logging_mixin.py:190} INFO - [2026-08-23T03:59:05.996+0000] {dag.py:3239} INFO - Sync 1 DAGs
[2026-08-23T03:59:06.013+0000] {logging_mixin.py:190} INFO - [2026-08-23T03:59:06.013+0000] {dag.py:4180} INFO - Setting next_dagrun for weekly_segment to 2026-08-22 16:00:00+00:00, run_after=2026-08-29 16:00:00+00:00
[2026-08-23T03:59:06.145+0000] {processor.py:208} INFO - Processing /opt/airflow/dags/weekly_segment.py took 0.277 seconds
[2026-08-23T03:59:36.268+0000] {processor.py:186} INFO - Started process (PID=4016) to work on /opt/airflow/dags/weekly_segment.py
[2026-08-23T03:59:36.269+0000] {processor.py:914} INFO - Processing file /opt/airflow/dags/weekly_segment.py for tasks to queue
[2026-08-23T03:59:36.271+0000] {logging_mixin.py:190} INFO - [2026-08-23T03:59:36.271+0000] {dagbag.py:588} INFO - Filling up the DagBag from /opt/airflow/dags/weekly_segment.py
[2026-08-23T03:59:36.375+0000] {processor.py:925} INFO - DAG(s) 'weekly_segment' retrieved from /opt/airflow/dags/weekly_segment.py
[2026-08-23T03:59:36.397+0000] {logging_mixin.py:190} INFO - [2026-08-23T03:59:36.397+0000] {dag.py:3239} INFO - Sync 1 DAGs
[2026-08-23T03:59:36.415+0000] {logging_mixin.py:190} INFO - [2026-08-23T03:59:36.415+0000] {dag.py:4180} INFO - Setting next_dagrun for weekly_segment to 2026-08-22 16:00:00+00:00, run_after=2026-08-29 16:00:00+00:00
[2026-08-23T03:59:36.429+0000] {processor.py:208} INFO - Processing /opt/airflow/dags/weekly_segment.py took 0.168 seconds
[2026-08-23T04:00:06.671+0000] {processor.py:186} INFO - Started process (PID=4026) to work on /opt/airflow/dags/weekly_segment.py
[2026-08-23T04:00:06.672+0000] {processor.py:914} INFO - Processing file /opt/airflow/dags/weekly_segment.py for tasks to queue
[2026-08-23T04:00:06.674+0000] {logging_mixin.py:190} INFO - [2026-08-23T04:00:06.674+0000] {dagbag.py:588} INFO - Filling up the DagBag from /opt/airflow/dags/weekly_segment.py
[2026-08-23T04:00:06.767+0000] {processor.py:925} INFO - DAG(s) 'weekly_segment' retrieved from /opt/airflow/dags/weekly_segment.py
[2026-08-23T04:00:06.787+0000] {logging_mixin.py:190} INFO - [2026-08-23T04:00:06.787+0000] {dag.py:3239} INFO - Sync 1 DAGs
[2026-08-23T04:00:06.810+0000] {logging_mixin.py:190} INFO - [2026-08-23T04:00:06.810+0000] {dag.py:4180} INFO - Setting next_dagrun for weekly_segment to 2026-08-22 16:00:00+00:00, run_after=2026-08-29 16:00:00+00:00
[2026-08-23T04:00:06.827+0000] {processor.py:208} INFO - Processing /opt/airflow/dags/weekly_segment.py took 0.163 seconds
[2026-08-23T04:00:37.057+0000] {processor.py:186} INFO - Started process (PID=4036) to work on /opt/airflow/dags/weekly_segment.py
[2026-08-23T04:00:37.058+0000] {processor.py:914} INFO - Processing file /opt/airflow/dags/weekly_segment.py for tasks to queue
[2026-08-23T04:00:37.060+0000] {logging_mixin.py:190} INFO - [2026-08-23T04:00:37.059+0000] {dagbag.py:588} INFO - Filling up the DagBag from /opt/airflow/dags/weekly_segment.py
[2026-08-23T04:00:37.153+0000] {processor.py:925} INFO - DAG(s) 'weekly_segment' retrieved from /opt/airflow/dags/weekly_segment.py
[2026-08-23T04:00:37.174+0000] {logging_mixin.py:190} INFO - [2026-08-23T04:00:37.174+0000] {dag.py:3239} INFO - Sync 1 DAGs
[2026-08-23T04:00:37.190+0000] {logging_mixin.py:190} INFO - [2026-08-23T04:00:37.189+0000] {dag.py:4180} INFO - Setting next_dagrun for weekly_segment to 2026-08-22 16:00:00+00:00, run_after=2026-08-29 16:00:00+00:00
[2026-08-23T04:00:37.202+0000] {processor.py:208} INFO - Processing /opt/airflow/dags/weekly_segment.py took 0.152 seconds
[2026-08-23T04:01:07.477+0000] {processor.py:186} INFO - Started process (PID=4046) to work on /opt/airflow/dags/weekly_segment.py
[2026-08-23T04:01:07.478+0000] {processor.py:914} INFO - Processing file /opt/airflow/dags/weekly_segment.py for tasks to queue
[2026-08-23T04:01:07.480+0000] {logging_mixin.py:190} INFO - [2026-08-23T04:01:07.480+0000] {dagbag.py:588} INFO - Filling up the DagBag from /opt/airflow/dags/weekly_segment.py
[2026-08-23T04:01:07.582+0000] {processor.py:925} INFO - DAG(s) 'weekly_segment' retrieved from /opt/airflow/dags/weekly_segment.py
[2026-08-23T04:01:07.602+0000] {logging_mixin.py:190} INFO - [2026-08-23T04:01:07.602+0000] {dag.py:3239} INFO - Sync 1 DAGs
[2026-08-23T04:01:07.618+0000] {logging_mixin.py:190} INFO - [2026-08-23T04:01:07.617+0000] {dag.py:4180} INFO - Setting next_dagrun for weekly_segment to 2026-08-22 16:00:00+00:00, run_after=2026-08-29 16:00:00+00:00
[2026-08-23T04:01:07.630+0000] {processor.py:208} INFO - Processing /opt/airflow/dags/weekly_segment.py took 0.160 seconds
[2026-08-23T04:01:37.915+0000] {processor.py:186} INFO - Started process (PID=4056) to work on /opt/airflow/dags/weekly_segment.py
[2026-08-23T04:01:37.915+0000] {processor.py:914} INFO - Processing file /opt/airflow/dags/weekly_segment.py for tasks to queue
[2026-08-23T04:01:37.917+0000] {logging_mixin.py:190} INFO - [2026-08-23T04:01:37.917+0000] {dagbag.py:588} INFO - Filling up the DagBag from /opt/airflow/dags/weekly_segment.py
[2026-08-23T04:01:38.033+0000] {processor.py:925} INFO - DAG(s) 'weekly_segment' retrieved from /opt/airflow/dags/weekly_segment.py
[2026-08-23T04:01:38.055+0000] {logging_mixin.py:190} INFO - [2026-08-23T04:01:38.055+0000] {dag.py:3239} INFO - Sync 1 DAGs
[2026-08-23T04:01:38.073+0000] {logging_mixin.py:190} INFO - [2026-08-23T04:01:38.073+0000] {dag.py:4180} INFO - Setting next_dagrun for weekly_segment to 2026-08-22 16:00:00+00:00, run_after=2026-08-29 16:00:00+00:00
[2026-08-23T04:01:38.090+0000] {processor.py:208} INFO - Processing /opt/airflow/dags/weekly_segment.py took 0.181 seconds
[2026-08-23T04:02:08.195+0000] {processor.py:186} INFO - Started process (PID=4066) to work on /opt/airflow/dags/weekly_segment.py
[2026-08-23T04:02:08.195+0000] {processor.py:914} INFO - Processing file /opt/airflow/dags/weekly_segment.py for tasks to queue
[2026-08-23T04:02:08.197+0000] {logging_mixin.py:190} INFO - [2026-08-23T04:02:08.197+0000] {dagbag.py:588} INFO - Filling up the DagBag from /opt/airflow/dags/weekly_segment.py
[2026-08-23T04:02:08.299+0000] {processor.py:925} INFO - DAG(s) 'weekly_segment' retrieved from /opt/airflow/dags/weekly_segment.py
[2026-08-23T04:02:08.321+0000] {logging_mixin.py:190} INFO - [2026-08-23T04:02:08.320+0000] {dag.py:3239} INFO - Sync 1 DAGs
[2026-08-23T04:02:08.339+0000] {logging_mixin.py:190} INFO - [2026-08-23T04:02:08.339+0000] {dag.py:4180} INFO - Setting next_dagrun for weekly_segment to 2026-08-22 16:00:00+00:00, run_after=2026-08-29 16:00:00+00:00
[2026-08-23T04:02:08.463+0000] {processor.py:208} INFO - Processing /opt/airflow/dags/weekly_segment.py took 0.275 seconds
[2026-08-23T04:02:38.590+0000] {processor.py:186} INFO - Started process (PID=4076) to work on /opt/airflow/dags/weekly_segment.py
[2026-08-23T04:02:38.591+0000] {processor.py:914} INFO - Processing file /opt/airflow/dags/weekly_segment.py for tasks to queue
[2026-08-23T04:02:38.593+0000] {logging_mixin.py:190} INFO - [2026-08-23T04:02:38.593+0000] {dagbag.py:588} INFO - Filling up the DagBag from /opt/airflow/dags/weekly_segment.py
[2026-08-23T04:02:38.685+0000] {processor.py:925} INFO - DAG(s) 'weekly_segment' retrieved from /opt/airflow/dags/weekly_segment.py
[2026-08-23T04:02:38.705+0000] {logging_mixin.py:190} INFO - [2026-08-23T04:02:38.705+0000] {dag.py:3239} INFO - Sync 1 DAGs
[2026-08-23T04:02:38.726+0000] {logging_mixin.py:190} INFO - [2026-08-23T04:02:38.726+0000] {dag.py:4180} INFO - Setting next_dagrun for weekly_segment to 2026-08-22 16:00:00+00:00, run_after=2026-08-29 16:00:00+00:00
[2026-08-23T04:02:38.743+0000] {processor.py:208} INFO - Processing /opt/airflow/dags/weekly_segment.py took 0.158 seconds
[2026-08-23T04:03:08.875+0000] {processor.py:186} INFO - Started process (PID=4086) to work on /opt/airflow/dags/weekly_segment.py
[2026-08-23T04:03:08.876+0000] {processor.py:914} INFO - Processing file /opt/airflow/dags/weekly_segment.py for tasks to queue
[2026-08-23T04:03:08.878+0000] {logging_mixin.py:190} INFO - [2026-08-23T04:03:08.878+0000] {dagbag.py:588} INFO - Filling up the DagBag from /opt/airflow/dags/weekly_segment.py
[2026-08-23T04:03:08.974+0000] {processor.py:925} INFO - DAG(s) 'weekly_segment' retrieved from /opt/airflow/dags/weekly_segment.py
[2026-08-23T04:03:08.995+0000] {logging_mixin.py:190} INFO - [2026-08-23T04:03:08.995+0000] {dag.py:3239} INFO - Sync 1 DAGs
[2026-08-23T04:03:09.011+0000] {logging_mixin.py:190} INFO - [2026-08-23T04:03:09.011+0000] {dag.py:4180} INFO - Setting next_dagrun for weekly_segment to 2026-08-22 16:00:00+00:00, run_after=2026-08-29 16:00:00+00:00
[2026-08-23T04:03:09.027+0000] {processor.py:208} INFO - Processing /opt/airflow/dags/weekly_segment.py took 0.157 seconds
[2026-08-23T04:03:39.243+0000] {processor.py:186} INFO - Started process (PID=4099) to work on /opt/airflow/dags/weekly_segment.py
[2026-08-23T04:03:39.243+0000] {processor.py:914} INFO - Processing file /opt/airflow/dags/weekly_segment.py for tasks to queue
[2026-08-23T04:03:39.246+0000] {logging_mixin.py:190} INFO - [2026-08-23T04:03:39.245+0000] {dagbag.py:588} INFO - Filling up the DagBag from /opt/airflow/dags/weekly_segment.py
[2026-08-23T04:03:39.395+0000] {processor.py:925} INFO - DAG(s) 'weekly_segment' retrieved from /opt/airflow/dags/weekly_segment.py
[2026-08-23T04:03:39.416+0000] {logging_mixin.py:190} INFO - [2026-08-23T04:03:39.416+0000] {dag.py:3239} INFO - Sync 1 DAGs
[2026-08-23T04:03:39.434+0000] {logging_mixin.py:190} INFO - [2026-08-23T04:03:39.434+0000] {dag.py:4180} INFO - Setting next_dagrun for weekly_segment to 2026-08-22 16:00:00+00:00, run_after=2026-08-29 16:00:00+00:00
[2026-08-23T04:03:39.447+0000] {processor.py:208} INFO - Processing /opt/airflow/dags/weekly_segment.py took 0.210 seconds
[2026-08-23T04:04:09.525+0000] {processor.py:186} INFO - Started process (PID=4106) to work on /opt/airflow/dags/weekly_segment.py
[2026-08-23T04:04:09.526+0000] {processor.py:914} INFO - Processing file /opt/airflow/dags/weekly_segment.py for tasks to queue
[2026-08-23T04:04:09.529+0000] {logging_mixin.py:190} INFO - [2026-08-23T04:04:09.528+0000] {dagbag.py:588} INFO - Filling up the DagBag from /opt/airflow/dags/weekly_segment.py
[2026-08-23T04:04:09.631+0000] {processor.py:925} INFO - DAG(s) 'weekly_segment' retrieved from /opt/airflow/dags/weekly_segment.py
[2026-08-23T04:04:09.651+0000] {logging_mixin.py:190} INFO - [2026-08-23T04:04:09.651+0000] {dag.py:3239} INFO - Sync 1 DAGs
[2026-08-23T04:04:09.668+0000] {logging_mixin.py:190} INFO - [2026-08-23T04:04:09.668+0000] {dag.py:4180} INFO - Setting next_dagrun for weekly_segment to 2026-08-22 16:00:00+00:00, run_after=2026-08-29 16:00:00+00:00
[2026-08-23T04:04:09.686+0000] {processor.py:208} INFO - Processing /opt/airflow/dags/weekly_segment.py took 0.166 seconds
[2026-08-23T04:04:39.973+0000] {processor.py:186} INFO - Started process (PID=4116) to work on /opt/airflow/dags/weekly_segment.py
[2026-08-23T04:04:39.974+0000] {processor.py:914} INFO - Processing file /opt/airflow/dags/weekly_segment.py for tasks to queue
[2026-08-23T04:04:39.977+0000] {logging_mixin.py:190} INFO - [2026-08-23T04:04:39.976+0000] {dagbag.py:588} INFO - Filling up the DagBag from /opt/airflow/dags/weekly_segment.py
[2026-08-23T04:04:40.072+0000] {processor.py:925} INFO - DAG(s) 'weekly_segment' retrieved from /opt/airflow/dags/weekly_segment.py
[2026-08-23T04:04:40.092+0000] {logging_mixin.py:190} INFO - [2026-08-23T04:04:40.092+0000] {dag.py:3239} INFO - Sync 1 DAGs
[2026-08-23T04:04:40.108+0000] {logging_mixin.py:190} INFO - [2026-08-23T04:04:40.108+0000] {dag.py:4180} INFO - Setting next_dagrun for weekly_segment to 2026-08-22 16:00:00+00:00, run_after=2026-08-29 16:00:00+00:00
[2026-08-23T04:04:40.126+0000] {processor.py:208} INFO - Processing /opt/airflow/dags/weekly_segment.py took 0.161 seconds
[2026-08-23T04:05:10.417+0000] {processor.py:186} INFO - Started process (PID=4126) to work on /opt/airflow/dags/weekly_segment.py
[2026-08-23T04:05:10.418+0000] {processor.py:914} INFO - Processing file /opt/airflow/dags/weekly_segment.py for tasks to queue
[2026-08-23T04:05:10.420+0000] {logging_mixin.py:190} INFO - [2026-08-23T04:05:10.420+0000] {dagbag.py:588} INFO - Filling up the DagBag from /opt/airflow/dags/weekly_segment.py
[2026-08-23T04:05:10.538+0000] {processor.py:925} INFO - DAG(s) 'weekly_segment' retrieved from /opt/airflow/dags/weekly_segment.py
[2026-08-23T04:05:10.559+0000] {logging_mixin.py:190} INFO - [2026-08-23T04:05:10.559+0000] {dag.py:3239} INFO - Sync 1 DAGs
[2026-08-23T04:05:10.577+0000] {logging_mixin.py:190} INFO - [2026-08-23T04:05:10.577+0000] {dag.py:4180} INFO - Setting next_dagrun for weekly_segment to 2026-08-22 16:00:00+00:00, run_after=2026-08-29 16:00:00+00:00
[2026-08-23T04:05:10.590+0000] {processor.py:208} INFO - Processing /opt/airflow/dags/weekly_segment.py took 0.179 seconds
[2026-08-23T04:05:40.840+0000] {processor.py:186} INFO - Started process (PID=4136) to work on /opt/airflow/dags/weekly_segment.py
[2026-08-23T04:05:40.841+0000] {processor.py:914} INFO - Processing file /opt/airflow/dags/weekly_segment.py for tasks to queue
[2026-08-23T04:05:40.843+0000] {logging_mixin.py:190} INFO - [2026-08-23T04:05:40.843+0000] {dagbag.py:588} INFO - Filling up the DagBag from /opt/airflow/dags/weekly_segment.py
[2026-08-23T04:05:40.939+0000] {processor.py:925} INFO - DAG(s) 'weekly_segment' retrieved from /opt/airflow/dags/weekly_segment.py
[2026-08-23T04:05:40.959+0000] {logging_mixin.py:190} INFO - [2026-08-23T04:05:40.959+0000] {dag.py:3239} INFO - Sync 1 DAGs
[2026-08-23T04:05:40.976+0000] {logging_mixin.py:190} INFO - [2026-08-23T04:05:40.976+0000] {dag.py:4180} INFO - Setting next_dagrun for weekly_segment to 2026-08-22 16:00:00+00:00, run_after=2026-08-29 16:00:00+00:00
[2026-08-23T04:05:40.989+0000] {processor.py:208} INFO - Processing /opt/airflow/dags/weekly_segment.py took 0.156 seconds
[2026-08-23T04:06:11.077+0000] {processor.py:186} INFO - Started process (PID=4146) to work on /opt/airflow/dags/weekly_segment.py
[2026-08-23T04:06:11.078+0000] {processor.py:914} INFO - Processing file /opt/airflow/dags/weekly_segment.py for tasks to queue
[2026-08-23T04:06:11.080+0000] {logging_mixin.py:190} INFO - [2026-08-23T04:06:11.080+0000] {dagbag.py:588} INFO - Filling up the DagBag from /opt/airflow/dags/weekly_segment.py
[2026-08-23T04:06:11.185+0000] {processor.py:925} INFO - DAG(s) 'weekly_segment' retrieved from /opt/airflow/dags/weekly_segment.py
[2026-08-23T04:06:11.208+0000] {logging_mixin.py:190} INFO - [2026-08-23T04:06:11.208+0000] {dag.py:3239} INFO - Sync 1 DAGs
[2026-08-23T04:06:11.226+0000] {logging_mixin.py:190} INFO - [2026-08-23T04:06:11.226+0000] {dag.py:4180} INFO - Setting next_dagrun for weekly_segment to 2026-08-22 16:00:00+00:00, run_after=2026-08-29 16:00:00+00:00
[2026-08-23T04:06:11.241+0000] {processor.py:208} INFO - Processing /opt/airflow/dags/weekly_segment.py took 0.170 seconds
[2026-08-23T04:06:41.420+0000] {processor.py:186} INFO - Started process (PID=4156) to work on /opt/airflow/dags/weekly_segment.py
[2026-08-23T04:06:41.421+0000] {processor.py:914} INFO - Processing file /opt/airflow/dags/weekly_segment.py for tasks to queue
[2026-08-23T04:06:41.424+0000] {logging_mixin.py:190} INFO - [2026-08-23T04:06:41.424+0000] {dagbag.py:588} INFO - Filling up the DagBag from /opt/airflow/dags/weekly_segment.py
[2026-08-23T04:06:41.534+0000] {processor.py:925} INFO - DAG(s) 'weekly_segment' retrieved from /opt/airflow/dags/weekly_segment.py
[2026-08-23T04:06:41.555+0000] {logging_mixin.py:190} INFO - [2026-08-23T04:06:41.555+0000] {dag.py:3239} INFO - Sync 1 DAGs
[2026-08-23T04:06:41.572+0000] {logging_mixin.py:190} INFO - [2026-08-23T04:06:41.572+0000] {dag.py:4180} INFO - Setting next_dagrun for weekly_segment to 2026-08-22 16:00:00+00:00, run_after=2026-08-29 16:00:00+00:00
[2026-08-23T04:06:41.586+0000] {processor.py:208} INFO - Processing /opt/airflow/dags/weekly_segment.py took 0.174 seconds
[2026-08-23T04:07:11.701+0000] {processor.py:186} INFO - Started process (PID=4166) to work on /opt/airflow/dags/weekly_segment.py
[2026-08-23T04:07:11.703+0000] {processor.py:914} INFO - Processing file /opt/airflow/dags/weekly_segment.py for tasks to queue
[2026-08-23T04:07:11.705+0000] {logging_mixin.py:190} INFO - [2026-08-23T04:07:11.704+0000] {dagbag.py:588} INFO - Filling up the DagBag from /opt/airflow/dags/weekly_segment.py
[2026-08-23T04:07:11.834+0000] {processor.py:925} INFO - DAG(s) 'weekly_segment' retrieved from /opt/airflow/dags/weekly_segment.py
[2026-08-23T04:07:11.855+0000] {logging_mixin.py:190} INFO - [2026-08-23T04:07:11.854+0000] {dag.py:3239} INFO - Sync 1 DAGs
[2026-08-23T04:07:11.872+0000] {logging_mixin.py:190} INFO - [2026-08-23T04:07:11.872+0000] {dag.py:4180} INFO - Setting next_dagrun for weekly_segment to 2026-08-22 16:00:00+00:00, run_after=2026-08-29 16:00:00+00:00
[2026-08-23T04:07:11.885+0000] {processor.py:208} INFO - Processing /opt/airflow/dags/weekly_segment.py took 0.190 seconds
[2026-08-23T04:07:42.098+0000] {processor.py:186} INFO - Started process (PID=4176) to work on /opt/airflow/dags/weekly_segment.py
[2026-08-23T04:07:42.099+0000] {processor.py:914} INFO - Processing file /opt/airflow/dags/weekly_segment.py for tasks to queue
[2026-08-23T04:07:42.100+0000] {logging_mixin.py:190} INFO - [2026-08-23T04:07:42.100+0000] {dagbag.py:588} INFO - Filling up the DagBag from /opt/airflow/dags/weekly_segment.py
[2026-08-23T04:07:42.202+0000] {processor.py:925} INFO - DAG(s) 'weekly_segment' retrieved from /opt/airflow/dags/weekly_segment.py
[2026-08-23T04:07:42.224+0000] {logging_mixin.py:190} INFO - [2026-08-23T04:07:42.224+0000] {dag.py:3239} INFO - Sync 1 DAGs
[2026-08-23T04:07:42.242+0000] {logging_mixin.py:190} INFO - [2026-08-23T04:07:42.242+0000] {dag.py:4180} INFO - Setting next_dagrun for weekly_segment to 2026-08-22 16:00:00+00:00, run_after=2026-08-29 16:00:00+00:00
[2026-08-23T04:07:42.378+0000] {processor.py:208} INFO - Processing /opt/airflow/dags/weekly_segment.py took 0.287 seconds
[2026-08-23T04:08:12.446+0000] {processor.py:186} INFO - Started process (PID=4186) to work on /opt/airflow/dags/weekly_segment.py
[2026-08-23T04:08:12.447+0000] {processor.py:914} INFO - Processing file /opt/airflow/dags/weekly_segment.py for tasks to queue
[2026-08-23T04:08:12.449+0000] {logging_mixin.py:190} INFO - [2026-08-23T04:08:12.449+0000] {dagbag.py:588} INFO - Filling up the DagBag from /opt/airflow/dags/weekly_segment.py
[2026-08-23T04:08:12.556+0000] {processor.py:925} INFO - DAG(s) 'weekly_segment' retrieved from /opt/airflow/dags/weekly_segment.py
[2026-08-23T04:08:12.580+0000] {logging_mixin.py:190} INFO - [2026-08-23T04:08:12.579+0000] {dag.py:3239} INFO - Sync 1 DAGs
[2026-08-23T04:08:12.599+0000] {logging_mixin.py:190} INFO - [2026-08-23T04:08:12.599+0000] {dag.py:4180} INFO - Setting next_dagrun for weekly_segment to 2026-08-22 16:00:00+00:00, run_after=2026-08-29 16:00:00+00:00
[2026-08-23T04:08:12.615+0000] {processor.py:208} INFO - Processing /opt/airflow/dags/weekly_segment.py took 0.175 seconds
[2026-08-23T04:08:42.822+0000] {processor.py:186} INFO - Started process (PID=4196) to work on /opt/airflow/dags/weekly_segment.py
[2026-08-23T04:08:42.823+0000] {processor.py:914} INFO - Processing file /opt/airflow/dags/weekly_segment.py for tasks to queue
[2026-08-23T04:08:42.825+0000] {logging_mixin.py:190} INFO - [2026-08-23T04:08:42.824+0000] {dagbag.py:588} INFO - Filling up the DagBag from /opt/airflow/dags/weekly_segment.py
[2026-08-23T04:08:42.923+0000] {processor.py:925} INFO - DAG(s) 'weekly_segment' retrieved from /opt/airflow/dags/weekly_segment.py
[2026-08-23T04:08:42.951+0000] {logging_mixin.py:190} INFO - [2026-08-23T04:08:42.951+0000] {dag.py:3239} INFO - Sync 1 DAGs
[2026-08-23T04:08:42.967+0000] {logging_mixin.py:190} INFO - [2026-08-23T04:08:42.967+0000] {dag.py:4180} INFO - Setting next_dagrun for weekly_segment to 2026-08-22 16:00:00+00:00, run_after=2026-08-29 16:00:00+00:00
[2026-08-23T04:08:42.985+0000] {processor.py:208} INFO - Processing /opt/airflow/dags/weekly_segment.py took 0.170 seconds
[2026-08-23T04:09:13.129+0000] {processor.py:186} INFO - Started process (PID=4206) to work on /opt/airflow/dags/weekly_segment.py
[2026-08-23T04:09:13.130+0000] {processor.py:914} INFO - Processing file /opt/airflow/dags/weekly_segment.py for tasks to queue
[2026-08-23T04:09:13.132+0000] {logging_mixin.py:190} INFO - [2026-08-23T04:09:13.132+0000] {dagbag.py:588} INFO - Filling up the DagBag from /opt/airflow/dags/weekly_segment.py
[2026-08-23T04:09:13.239+0000] {processor.py:925} INFO - DAG(s) 'weekly_segment' retrieved from /opt/airflow/dags/weekly_segment.py
[2026-08-23T04:09:13.265+0000] {logging_mixin.py:190} INFO - [2026-08-23T04:09:13.265+0000] {dag.py:3239} INFO - Sync 1 DAGs
[2026-08-23T04:09:13.282+0000] {logging_mixin.py:190} INFO - [2026-08-23T04:09:13.282+0000] {dag.py:4180} INFO - Setting next_dagrun for weekly_segment to 2026-08-22 16:00:00+00:00, run_after=2026-08-29 16:00:00+00:00
[2026-08-23T04:09:13.298+0000] {processor.py:208} INFO - Processing /opt/airflow/dags/weekly_segment.py took 0.175 seconds
[2026-08-23T04:09:43.497+0000] {processor.py:186} INFO - Started process (PID=4216) to work on /opt/airflow/dags/weekly_segment.py
[2026-08-23T04:09:43.498+0000] {processor.py:914} INFO - Processing file /opt/airflow/dags/weekly_segment.py for tasks to queue
[2026-08-23T04:09:43.500+0000] {logging_mixin.py:190} INFO - [2026-08-23T04:09:43.500+0000] {dagbag.py:588} INFO - Filling up the DagBag from /opt/airflow/dags/weekly_segment.py
[2026-08-23T04:09:43.589+0000] {processor.py:925} INFO - DAG(s) 'weekly_segment' retrieved from /opt/airflow/dags/weekly_segment.py
[2026-08-23T04:09:43.612+0000] {logging_mixin.py:190} INFO - [2026-08-23T04:09:43.612+0000] {dag.py:3239} INFO - Sync 1 DAGs
[2026-08-23T04:09:43.628+0000] {logging_mixin.py:190} INFO - [2026-08-23T04:09:43.627+0000] {dag.py:4180} INFO - Setting next_dagrun for weekly_segment to 2026-08-22 16:00:00+00:00, run_after=2026-08-29 16:00:00+00:00
[2026-08-23T04:09:43.640+0000] {processor.py:208} INFO - Processing /opt/airflow/dags/weekly_segment.py took 0.151 seconds
[2026-08-23T04:10:13.806+0000] {processor.py:186} INFO - Started process (PID=4226) to work on /opt/airflow/dags/weekly_segment.py
[2026-08-23T04:10:13.807+0000] {processor.py:914} INFO - Processing file /opt/airflow/dags/weekly_segment.py for tasks to queue
[2026-08-23T04:10:13.809+0000] {logging_mixin.py:190} INFO - [2026-08-23T04:10:13.809+0000] {dagbag.py:588} INFO - Filling up the DagBag from /opt/airflow/dags/weekly_segment.py
[2026-08-23T04:10:13.903+0000] {processor.py:925} INFO - DAG(s) 'weekly_segment' retrieved from /opt/airflow/dags/weekly_segment.py
[2026-08-23T04:10:13.932+0000] {logging_mixin.py:190} INFO - [2026-08-23T04:10:13.932+0000] {dag.py:3239} INFO - Sync 1 DAGs
[2026-08-23T04:10:13.949+0000] {logging_mixin.py:190} INFO - [2026-08-23T04:10:13.948+0000] {dag.py:4180} INFO - Setting next_dagrun for weekly_segment to 2026-08-22 16:00:00+00:00, run_after=2026-08-29 16:00:00+00:00
[2026-08-23T04:10:13.962+0000] {processor.py:208} INFO - Processing /opt/airflow/dags/weekly_segment.py took 0.162 seconds
[2026-08-23T04:10:44.199+0000] {processor.py:186} INFO - Started process (PID=4236) to work on /opt/airflow/dags/weekly_segment.py
[2026-08-23T04:10:44.200+0000] {processor.py:914} INFO - Processing file /opt/airflow/dags/weekly_segment.py for tasks to queue
[2026-08-23T04:10:44.202+0000] {logging_mixin.py:190} INFO - [2026-08-23T04:10:44.202+0000] {dagbag.py:588} INFO - Filling up the DagBag from /opt/airflow/dags/weekly_segment.py
[2026-08-23T04:10:44.306+0000] {processor.py:925} INFO - DAG(s) 'weekly_segment' retrieved from /opt/airflow/dags/weekly_segment.py
[2026-08-23T04:10:44.330+0000] {logging_mixin.py:190} INFO - [2026-08-23T04:10:44.330+0000] {dag.py:3239} INFO - Sync 1 DAGs
[2026-08-23T04:10:44.452+0000] {logging_mixin.py:190} INFO - [2026-08-23T04:10:44.452+0000] {dag.py:4180} INFO - Setting next_dagrun for weekly_segment to 2026-08-22 16:00:00+00:00, run_after=2026-08-29 16:00:00+00:00
[2026-08-23T04:10:44.464+0000] {processor.py:208} INFO - Processing /opt/airflow/dags/weekly_segment.py took 0.272 seconds
[2026-08-23T04:11:14.638+0000] {processor.py:186} INFO - Started process (PID=4246) to work on /opt/airflow/dags/weekly_segment.py
[2026-08-23T04:11:14.640+0000] {processor.py:914} INFO - Processing file /opt/airflow/dags/weekly_segment.py for tasks to queue
[2026-08-23T04:11:14.641+0000] {logging_mixin.py:190} INFO - [2026-08-23T04:11:14.641+0000] {dagbag.py:588} INFO - Filling up the DagBag from /opt/airflow/dags/weekly_segment.py
[2026-08-23T04:11:14.750+0000] {processor.py:925} INFO - DAG(s) 'weekly_segment' retrieved from /opt/airflow/dags/weekly_segment.py
[2026-08-23T04:11:14.775+0000] {logging_mixin.py:190} INFO - [2026-08-23T04:11:14.775+0000] {dag.py:3239} INFO - Sync 1 DAGs
[2026-08-23T04:11:14.792+0000] {logging_mixin.py:190} INFO - [2026-08-23T04:11:14.792+0000] {dag.py:4180} INFO - Setting next_dagrun for weekly_segment to 2026-08-22 16:00:00+00:00, run_after=2026-08-29 16:00:00+00:00
[2026-08-23T04:11:14.806+0000] {processor.py:208} INFO - Processing /opt/airflow/dags/weekly_segment.py took 0.174 seconds
[2026-08-23T04:11:44.867+0000] {processor.py:186} INFO - Started process (PID=4256) to work on /opt/airflow/dags/weekly_segment.py
[2026-08-23T04:11:44.868+0000] {processor.py:914} INFO - Processing file /opt/airflow/dags/weekly_segment.py for tasks to queue
[2026-08-23T04:11:44.870+0000] {logging_mixin.py:190} INFO - [2026-08-23T04:11:44.869+0000] {dagbag.py:588} INFO - Filling up the DagBag from /opt/airflow/dags/weekly_segment.py
[2026-08-23T04:11:44.962+0000] {processor.py:925} INFO - DAG(s) 'weekly_segment' retrieved from /opt/airflow/dags/weekly_segment.py
[2026-08-23T04:11:44.988+0000] {logging_mixin.py:190} INFO - [2026-08-23T04:11:44.988+0000] {dag.py:3239} INFO - Sync 1 DAGs
[2026-08-23T04:11:45.005+0000] {logging_mixin.py:190} INFO - [2026-08-23T04:11:45.005+0000] {dag.py:4180} INFO - Setting next_dagrun for weekly_segment to 2026-08-22 16:00:00+00:00, run_after=2026-08-29 16:00:00+00:00
[2026-08-23T04:11:45.019+0000] {processor.py:208} INFO - Processing /opt/airflow/dags/weekly_segment.py took 0.160 seconds
[2026-08-23T04:12:15.256+0000] {processor.py:186} INFO - Started process (PID=4266) to work on /opt/airflow/dags/weekly_segment.py
[2026-08-23T04:12:15.257+0000] {processor.py:914} INFO - Processing file /opt/airflow/dags/weekly_segment.py for tasks to queue
[2026-08-23T04:12:15.259+0000] {logging_mixin.py:190} INFO - [2026-08-23T04:12:15.259+0000] {dagbag.py:588} INFO - Filling up the DagBag from /opt/airflow/dags/weekly_segment.py
[2026-08-23T04:12:15.352+0000] {processor.py:925} INFO - DAG(s) 'weekly_segment' retrieved from /opt/airflow/dags/weekly_segment.py
[2026-08-23T04:12:15.376+0000] {logging_mixin.py:190} INFO - [2026-08-23T04:12:15.375+0000] {dag.py:3239} INFO - Sync 1 DAGs
[2026-08-23T04:12:15.392+0000] {logging_mixin.py:190} INFO - [2026-08-23T04:12:15.392+0000] {dag.py:4180} INFO - Setting next_dagrun for weekly_segment to 2026-08-22 16:00:00+00:00, run_after=2026-08-29 16:00:00+00:00
[2026-08-23T04:12:15.411+0000] {processor.py:208} INFO - Processing /opt/airflow/dags/weekly_segment.py took 0.162 seconds
[2026-08-23T04:12:45.548+0000] {processor.py:186} INFO - Started process (PID=4276) to work on /opt/airflow/dags/weekly_segment.py
[2026-08-23T04:12:45.551+0000] {processor.py:914} INFO - Processing file /opt/airflow/dags/weekly_segment.py for tasks to queue
[2026-08-23T04:12:45.558+0000] {logging_mixin.py:190} INFO - [2026-08-23T04:12:45.557+0000] {dagbag.py:588} INFO - Filling up the DagBag from /opt/airflow/dags/weekly_segment.py
[2026-08-23T04:12:45.709+0000] {processor.py:925} INFO - DAG(s) 'weekly_segment' retrieved from /opt/airflow/dags/weekly_segment.py
[2026-08-23T04:12:45.735+0000] {logging_mixin.py:190} INFO - [2026-08-23T04:12:45.735+0000] {dag.py:3239} INFO - Sync 1 DAGs
[2026-08-23T04:12:45.753+0000] {logging_mixin.py:190} INFO - [2026-08-23T04:12:45.753+0000] {dag.py:4180} INFO - Setting next_dagrun for weekly_segment to 2026-08-22 16:00:00+00:00, run_after=2026-08-29 16:00:00+00:00
[2026-08-23T04:12:45.769+0000] {processor.py:208} INFO - Processing /opt/airflow/dags/weekly_segment.py took 0.230 seconds
[2026-08-23T04:13:15.935+0000] {processor.py:186} INFO - Started process (PID=4286) to work on /opt/airflow/dags/weekly_segment.py
[2026-08-23T04:13:15.936+0000] {processor.py:914} INFO - Processing file /opt/airflow/dags/weekly_segment.py for tasks to queue
[2026-08-23T04:13:15.938+0000] {logging_mixin.py:190} INFO - [2026-08-23T04:13:15.937+0000] {dagbag.py:588} INFO - Filling up the DagBag from /opt/airflow/dags/weekly_segment.py
[2026-08-23T04:13:16.029+0000] {processor.py:925} INFO - DAG(s) 'weekly_segment' retrieved from /opt/airflow/dags/weekly_segment.py
[2026-08-23T04:13:16.052+0000] {logging_mixin.py:190} INFO - [2026-08-23T04:13:16.052+0000] {dag.py:3239} INFO - Sync 1 DAGs
[2026-08-23T04:13:16.068+0000] {logging_mixin.py:190} INFO - [2026-08-23T04:13:16.068+0000] {dag.py:4180} INFO - Setting next_dagrun for weekly_segment to 2026-08-22 16:00:00+00:00, run_after=2026-08-29 16:00:00+00:00
[2026-08-23T04:13:16.174+0000] {processor.py:208} INFO - Processing /opt/airflow/dags/weekly_segment.py took 0.245 seconds
[2026-08-23T04:13:46.244+0000] {processor.py:186} INFO - Started process (PID=4296) to work on /opt/airflow/dags/weekly_segment.py
[2026-08-23T04:13:46.245+0000] {processor.py:914} INFO - Processing file /opt/airflow/dags/weekly_segment.py for tasks to queue
[2026-08-23T04:13:46.247+0000] {logging_mixin.py:190} INFO - [2026-08-23T04:13:46.247+0000] {dagbag.py:588} INFO - Filling up the DagBag from /opt/airflow/dags/weekly_segment.py
[2026-08-23T04:13:46.339+0000] {processor.py:925} INFO - DAG(s) 'weekly_segment' retrieved from /opt/airflow/dags/weekly_segment.py
[2026-08-23T04:13:46.363+0000] {logging_mixin.py:190} INFO - [2026-08-23T04:13:46.363+0000] {dag.py:3239} INFO - Sync 1 DAGs
[2026-08-23T04:13:46.380+0000] {logging_mixin.py:190} INFO - [2026-08-23T04:13:46.380+0000] {dag.py:4180} INFO - Setting next_dagrun for weekly_segment to 2026-08-22 16:00:00+00:00, run_after=2026-08-29 16:00:00+00:00
[2026-08-23T04:13:46.394+0000] {processor.py:208} INFO - Processing /opt/airflow/dags/weekly_segment.py took 0.156 seconds
[2026-08-23T04:14:16.574+0000] {processor.py:186} INFO - Started process (PID=4306) to work on /opt/airflow/dags/weekly_segment.py
[2026-08-23T04:14:16.575+0000] {processor.py:914} INFO - Processing file /opt/airflow/dags/weekly_segment.py for tasks to queue
[2026-08-23T04:14:16.577+0000] {logging_mixin.py:190} INFO - [2026-08-23T04:14:16.576+0000] {dagbag.py:588} INFO - Filling up the DagBag from /opt/airflow/dags/weekly_segment.py
[2026-08-23T04:14:16.696+0000] {processor.py:925} INFO - DAG(s) 'weekly_segment' retrieved from /opt/airflow/dags/weekly_segment.py
[2026-08-23T04:14:16.721+0000] {logging_mixin.py:190} INFO - [2026-08-23T04:14:16.720+0000] {dag.py:3239} INFO - Sync 1 DAGs
[2026-08-23T04:14:16.737+0000] {logging_mixin.py:190} INFO - [2026-08-23T04:14:16.737+0000] {dag.py:4180} INFO - Setting next_dagrun for weekly_segment to 2026-08-22 16:00:00+00:00, run_after=2026-08-29 16:00:00+00:00
[2026-08-23T04:14:16.751+0000] {processor.py:208} INFO - Processing /opt/airflow/dags/weekly_segment.py took 0.185 seconds
[2026-08-23T04:14:46.993+0000] {processor.py:186} INFO - Started process (PID=4316) to work on /opt/airflow/dags/weekly_segment.py
[2026-08-23T04:14:46.994+0000] {processor.py:914} INFO - Processing file /opt/airflow/dags/weekly_segment.py for tasks to queue
[2026-08-23T04:14:46.996+0000] {logging_mixin.py:190} INFO - [2026-08-23T04:14:46.995+0000] {dagbag.py:588} INFO - Filling up the DagBag from /opt/airflow/dags/weekly_segment.py
[2026-08-23T04:14:47.089+0000] {processor.py:925} INFO - DAG(s) 'weekly_segment' retrieved from /opt/airflow/dags/weekly_segment.py
[2026-08-23T04:14:47.109+0000] {logging_mixin.py:190} INFO - [2026-08-23T04:14:47.109+0000] {dag.py:3239} INFO - Sync 1 DAGs
[2026-08-23T04:14:47.124+0000] {logging_mixin.py:190} INFO - [2026-08-23T04:14:47.124+0000] {dag.py:4180} INFO - Setting next_dagrun for weekly_segment to 2026-08-22 16:00:00+00:00, run_after=2026-08-29 16:00:00+00:00
[2026-08-23T04:14:47.138+0000] {processor.py:208} INFO - Processing /opt/airflow/dags/weekly_segment.py took 0.152 seconds
[2026-08-23T04:15:17.350+0000] {processor.py:186} INFO - Started process (PID=4326) to work on /opt/airflow/dags/weekly_segment.py
[2026-08-23T04:15:17.351+0000] {processor.py:914} INFO - Processing file /opt/airflow/dags/weekly_segment.py for tasks to queue
[2026-08-23T04:15:17.352+0000] {logging_mixin.py:190} INFO - [2026-08-23T04:15:17.352+0000] {dagbag.py:588} INFO - Filling up the DagBag from /opt/airflow/dags/weekly_segment.py
[2026-08-23T04:15:17.444+0000] {processor.py:925} INFO - DAG(s) 'weekly_segment' retrieved from /opt/airflow/dags/weekly_segment.py
[2026-08-23T04:15:17.464+0000] {logging_mixin.py:190} INFO - [2026-08-23T04:15:17.464+0000] {dag.py:3239} INFO - Sync 1 DAGs
[2026-08-23T04:15:17.480+0000] {logging_mixin.py:190} INFO - [2026-08-23T04:15:17.480+0000] {dag.py:4180} INFO - Setting next_dagrun for weekly_segment to 2026-08-22 16:00:00+00:00, run_after=2026-08-29 16:00:00+00:00
[2026-08-23T04:15:17.493+0000] {processor.py:208} INFO - Processing /opt/airflow/dags/weekly_segment.py took 0.149 seconds
[2026-08-23T04:15:47.773+0000] {processor.py:186} INFO - Started process (PID=4336) to work on /opt/airflow/dags/weekly_segment.py
[2026-08-23T04:15:47.774+0000] {processor.py:914} INFO - Processing file /opt/airflow/dags/weekly_segment.py for tasks to queue
[2026-08-23T04:15:47.776+0000] {logging_mixin.py:190} INFO - [2026-08-23T04:15:47.776+0000] {dagbag.py:588} INFO - Filling up the DagBag from /opt/airflow/dags/weekly_segment.py
[2026-08-23T04:15:47.866+0000] {processor.py:925} INFO - DAG(s) 'weekly_segment' retrieved from /opt/airflow/dags/weekly_segment.py
[2026-08-23T04:15:47.885+0000] {logging_mixin.py:190} INFO - [2026-08-23T04:15:47.885+0000] {dag.py:3239} INFO - Sync 1 DAGs
[2026-08-23T04:15:47.901+0000] {logging_mixin.py:190} INFO - [2026-08-23T04:15:47.901+0000] {dag.py:4180} INFO - Setting next_dagrun for weekly_segment to 2026-08-22 16:00:00+00:00, run_after=2026-08-29 16:00:00+00:00
[2026-08-23T04:15:47.919+0000] {processor.py:208} INFO - Processing /opt/airflow/dags/weekly_segment.py took 0.152 seconds
[2026-08-23T04:16:18.053+0000] {processor.py:186} INFO - Started process (PID=4346) to work on /opt/airflow/dags/weekly_segment.py
[2026-08-23T04:16:18.054+0000] {processor.py:914} INFO - Processing file /opt/airflow/dags/weekly_segment.py for tasks to queue
[2026-08-23T04:16:18.057+0000] {logging_mixin.py:190} INFO - [2026-08-23T04:16:18.056+0000] {dagbag.py:588} INFO - Filling up the DagBag from /opt/airflow/dags/weekly_segment.py
[2026-08-23T04:16:18.165+0000] {processor.py:925} INFO - DAG(s) 'weekly_segment' retrieved from /opt/airflow/dags/weekly_segment.py
[2026-08-23T04:16:18.187+0000] {logging_mixin.py:190} INFO - [2026-08-23T04:16:18.187+0000] {dag.py:3239} INFO - Sync 1 DAGs
[2026-08-23T04:16:18.315+0000] {logging_mixin.py:190} INFO - [2026-08-23T04:16:18.315+0000] {dag.py:4180} INFO - Setting next_dagrun for weekly_segment to 2026-08-22 16:00:00+00:00, run_after=2026-08-29 16:00:00+00:00
[2026-08-23T04:16:18.328+0000] {processor.py:208} INFO - Processing /opt/airflow/dags/weekly_segment.py took 0.282 seconds
[2026-08-23T04:16:48.540+0000] {processor.py:186} INFO - Started process (PID=4356) to work on /opt/airflow/dags/weekly_segment.py
[2026-08-23T04:16:48.541+0000] {processor.py:914} INFO - Processing file /opt/airflow/dags/weekly_segment.py for tasks to queue
[2026-08-23T04:16:48.543+0000] {logging_mixin.py:190} INFO - [2026-08-23T04:16:48.543+0000] {dagbag.py:588} INFO - Filling up the DagBag from /opt/airflow/dags/weekly_segment.py
[2026-08-23T04:16:48.635+0000] {processor.py:925} INFO - DAG(s) 'weekly_segment' retrieved from /opt/airflow/dags/weekly_segment.py
[2026-08-23T04:16:48.656+0000] {logging_mixin.py:190} INFO - [2026-08-23T04:16:48.656+0000] {dag.py:3239} INFO - Sync 1 DAGs
[2026-08-23T04:16:48.673+0000] {logging_mixin.py:190} INFO - [2026-08-23T04:16:48.673+0000] {dag.py:4180} INFO - Setting next_dagrun for weekly_segment to 2026-08-22 16:00:00+00:00, run_after=2026-08-29 16:00:00+00:00
[2026-08-23T04:16:48.685+0000] {processor.py:208} INFO - Processing /opt/airflow/dags/weekly_segment.py took 0.152 seconds
[2026-08-23T04:17:18.767+0000] {processor.py:186} INFO - Started process (PID=4366) to work on /opt/airflow/dags/weekly_segment.py
[2026-08-23T04:17:18.768+0000] {processor.py:914} INFO - Processing file /opt/airflow/dags/weekly_segment.py for tasks to queue
[2026-08-23T04:17:18.770+0000] {logging_mixin.py:190} INFO - [2026-08-23T04:17:18.770+0000] {dagbag.py:588} INFO - Filling up the DagBag from /opt/airflow/dags/weekly_segment.py
[2026-08-23T04:17:18.884+0000] {processor.py:925} INFO - DAG(s) 'weekly_segment' retrieved from /opt/airflow/dags/weekly_segment.py
[2026-08-23T04:17:18.905+0000] {logging_mixin.py:190} INFO - [2026-08-23T04:17:18.904+0000] {dag.py:3239} INFO - Sync 1 DAGs
[2026-08-23T04:17:18.921+0000] {logging_mixin.py:190} INFO - [2026-08-23T04:17:18.921+0000] {dag.py:4180} INFO - Setting next_dagrun for weekly_segment to 2026-08-22 16:00:00+00:00, run_after=2026-08-29 16:00:00+00:00
[2026-08-23T04:17:18.934+0000] {processor.py:208} INFO - Processing /opt/airflow/dags/weekly_segment.py took 0.173 seconds
[2026-08-23T04:17:49.140+0000] {processor.py:186} INFO - Started process (PID=4376) to work on /opt/airflow/dags/weekly_segment.py
[2026-08-23T04:17:49.141+0000] {processor.py:914} INFO - Processing file /opt/airflow/dags/weekly_segment.py for tasks to queue
[2026-08-23T04:17:49.144+0000] {logging_mixin.py:190} INFO - [2026-08-23T04:17:49.143+0000] {dagbag.py:588} INFO - Filling up the DagBag from /opt/airflow/dags/weekly_segment.py
[2026-08-23T04:17:49.247+0000] {processor.py:925} INFO - DAG(s) 'weekly_segment' retrieved from /opt/airflow/dags/weekly_segment.py
[2026-08-23T04:17:49.268+0000] {logging_mixin.py:190} INFO - [2026-08-23T04:17:49.268+0000] {dag.py:3239} INFO - Sync 1 DAGs
[2026-08-23T04:17:49.286+0000] {logging_mixin.py:190} INFO - [2026-08-23T04:17:49.286+0000] {dag.py:4180} INFO - Setting next_dagrun for weekly_segment to 2026-08-22 16:00:00+00:00, run_after=2026-08-29 16:00:00+00:00
[2026-08-23T04:17:49.299+0000] {processor.py:208} INFO - Processing /opt/airflow/dags/weekly_segment.py took 0.166 seconds
[2026-08-23T04:18:19.481+0000] {processor.py:186} INFO - Started process (PID=4386) to work on /opt/airflow/dags/weekly_segment.py
[2026-08-23T04:18:19.482+0000] {processor.py:914} INFO - Processing file /opt/airflow/dags/weekly_segment.py for tasks to queue
[2026-08-23T04:18:19.484+0000] {logging_mixin.py:190} INFO - [2026-08-23T04:18:19.484+0000] {dagbag.py:588} INFO - Filling up the DagBag from /opt/airflow/dags/weekly_segment.py
[2026-08-23T04:18:19.584+0000] {processor.py:925} INFO - DAG(s) 'weekly_segment' retrieved from /opt/airflow/dags/weekly_segment.py
[2026-08-23T04:18:19.604+0000] {logging_mixin.py:190} INFO - [2026-08-23T04:18:19.604+0000] {dag.py:3239} INFO - Sync 1 DAGs
[2026-08-23T04:18:19.620+0000] {logging_mixin.py:190} INFO - [2026-08-23T04:18:19.620+0000] {dag.py:4180} INFO - Setting next_dagrun for weekly_segment to 2026-08-22 16:00:00+00:00, run_after=2026-08-29 16:00:00+00:00
[2026-08-23T04:18:19.634+0000] {processor.py:208} INFO - Processing /opt/airflow/dags/weekly_segment.py took 0.158 seconds
[2026-08-23T04:18:49.924+0000] {processor.py:186} INFO - Started process (PID=4396) to work on /opt/airflow/dags/weekly_segment.py
[2026-08-23T04:18:49.925+0000] {processor.py:914} INFO - Processing file /opt/airflow/dags/weekly_segment.py for tasks to queue
[2026-08-23T04:18:49.928+0000] {logging_mixin.py:190} INFO - [2026-08-23T04:18:49.927+0000] {dagbag.py:588} INFO - Filling up the DagBag from /opt/airflow/dags/weekly_segment.py
[2026-08-23T04:18:50.025+0000] {processor.py:925} INFO - DAG(s) 'weekly_segment' retrieved from /opt/airflow/dags/weekly_segment.py
[2026-08-23T04:18:50.045+0000] {logging_mixin.py:190} INFO - [2026-08-23T04:18:50.044+0000] {dag.py:3239} INFO - Sync 1 DAGs
[2026-08-23T04:18:50.061+0000] {logging_mixin.py:190} INFO - [2026-08-23T04:18:50.060+0000] {dag.py:4180} INFO - Setting next_dagrun for weekly_segment to 2026-08-22 16:00:00+00:00, run_after=2026-08-29 16:00:00+00:00
[2026-08-23T04:18:50.181+0000] {processor.py:208} INFO - Processing /opt/airflow/dags/weekly_segment.py took 0.263 seconds
[2026-08-23T04:19:20.393+0000] {processor.py:186} INFO - Started process (PID=4406) to work on /opt/airflow/dags/weekly_segment.py
[2026-08-23T04:19:20.394+0000] {processor.py:914} INFO - Processing file /opt/airflow/dags/weekly_segment.py for tasks to queue
[2026-08-23T04:19:20.396+0000] {logging_mixin.py:190} INFO - [2026-08-23T04:19:20.396+0000] {dagbag.py:588} INFO - Filling up the DagBag from /opt/airflow/dags/weekly_segment.py
[2026-08-23T04:19:20.508+0000] {processor.py:925} INFO - DAG(s) 'weekly_segment' retrieved from /opt/airflow/dags/weekly_segment.py
[2026-08-23T04:19:20.532+0000] {logging_mixin.py:190} INFO - [2026-08-23T04:19:20.532+0000] {dag.py:3239} INFO - Sync 1 DAGs
[2026-08-23T04:19:20.656+0000] {logging_mixin.py:190} INFO - [2026-08-23T04:19:20.656+0000] {dag.py:4180} INFO - Setting next_dagrun for weekly_segment to 2026-08-22 16:00:00+00:00, run_after=2026-08-29 16:00:00+00:00
[2026-08-23T04:19:20.669+0000] {processor.py:208} INFO - Processing /opt/airflow/dags/weekly_segment.py took 0.282 seconds
[2026-08-23T04:19:50.953+0000] {processor.py:186} INFO - Started process (PID=4416) to work on /opt/airflow/dags/weekly_segment.py
[2026-08-23T04:19:50.954+0000] {processor.py:914} INFO - Processing file /opt/airflow/dags/weekly_segment.py for tasks to queue
[2026-08-23T04:19:50.956+0000] {logging_mixin.py:190} INFO - [2026-08-23T04:19:50.956+0000] {dagbag.py:588} INFO - Filling up the DagBag from /opt/airflow/dags/weekly_segment.py
[2026-08-23T04:19:51.050+0000] {processor.py:925} INFO - DAG(s) 'weekly_segment' retrieved from /opt/airflow/dags/weekly_segment.py
[2026-08-23T04:19:51.072+0000] {logging_mixin.py:190} INFO - [2026-08-23T04:19:51.072+0000] {dag.py:3239} INFO - Sync 1 DAGs
[2026-08-23T04:19:51.089+0000] {logging_mixin.py:190} INFO - [2026-08-23T04:19:51.088+0000] {dag.py:4180} INFO - Setting next_dagrun for weekly_segment to 2026-08-22 16:00:00+00:00, run_after=2026-08-29 16:00:00+00:00
[2026-08-23T04:19:51.102+0000] {processor.py:208} INFO - Processing /opt/airflow/dags/weekly_segment.py took 0.155 seconds
[2026-08-23T04:20:21.163+0000] {processor.py:186} INFO - Started process (PID=4426) to work on /opt/airflow/dags/weekly_segment.py
[2026-08-23T04:20:21.164+0000] {processor.py:914} INFO - Processing file /opt/airflow/dags/weekly_segment.py for tasks to queue
[2026-08-23T04:20:21.166+0000] {logging_mixin.py:190} INFO - [2026-08-23T04:20:21.165+0000] {dagbag.py:588} INFO - Filling up the DagBag from /opt/airflow/dags/weekly_segment.py
[2026-08-23T04:20:21.296+0000] {processor.py:925} INFO - DAG(s) 'weekly_segment' retrieved from /opt/airflow/dags/weekly_segment.py
[2026-08-23T04:20:21.319+0000] {logging_mixin.py:190} INFO - [2026-08-23T04:20:21.319+0000] {dag.py:3239} INFO - Sync 1 DAGs
[2026-08-23T04:20:21.337+0000] {logging_mixin.py:190} INFO - [2026-08-23T04:20:21.337+0000] {dag.py:4180} INFO - Setting next_dagrun for weekly_segment to 2026-08-22 16:00:00+00:00, run_after=2026-08-29 16:00:00+00:00
[2026-08-23T04:20:21.353+0000] {processor.py:208} INFO - Processing /opt/airflow/dags/weekly_segment.py took 0.196 seconds
[2026-08-23T04:20:51.577+0000] {processor.py:186} INFO - Started process (PID=4436) to work on /opt/airflow/dags/weekly_segment.py
[2026-08-23T04:20:51.578+0000] {processor.py:914} INFO - Processing file /opt/airflow/dags/weekly_segment.py for tasks to queue
[2026-08-23T04:20:51.580+0000] {logging_mixin.py:190} INFO - [2026-08-23T04:20:51.580+0000] {dagbag.py:588} INFO - Filling up the DagBag from /opt/airflow/dags/weekly_segment.py
[2026-08-23T04:20:51.675+0000] {processor.py:925} INFO - DAG(s) 'weekly_segment' retrieved from /opt/airflow/dags/weekly_segment.py
[2026-08-23T04:20:51.695+0000] {logging_mixin.py:190} INFO - [2026-08-23T04:20:51.695+0000] {dag.py:3239} INFO - Sync 1 DAGs
[2026-08-23T04:20:51.711+0000] {logging_mixin.py:190} INFO - [2026-08-23T04:20:51.711+0000] {dag.py:4180} INFO - Setting next_dagrun for weekly_segment to 2026-08-22 16:00:00+00:00, run_after=2026-08-29 16:00:00+00:00
[2026-08-23T04:20:51.723+0000] {processor.py:208} INFO - Processing /opt/airflow/dags/weekly_segment.py took 0.154 seconds
[2026-08-23T04:21:21.862+0000] {processor.py:186} INFO - Started process (PID=4446) to work on /opt/airflow/dags/weekly_segment.py
[2026-08-23T04:21:21.863+0000] {processor.py:914} INFO - Processing file /opt/airflow/dags/weekly_segment.py for tasks to queue
[2026-08-23T04:21:21.865+0000] {logging_mixin.py:190} INFO - [2026-08-23T04:21:21.865+0000] {dagbag.py:588} INFO - Filling up the DagBag from /opt/airflow/dags/weekly_segment.py
[2026-08-23T04:21:21.983+0000] {processor.py:925} INFO - DAG(s) 'weekly_segment' retrieved from /opt/airflow/dags/weekly_segment.py
[2026-08-23T04:21:22.003+0000] {logging_mixin.py:190} INFO - [2026-08-23T04:21:22.003+0000] {dag.py:3239} INFO - Sync 1 DAGs
[2026-08-23T04:21:22.022+0000] {logging_mixin.py:190} INFO - [2026-08-23T04:21:22.022+0000] {dag.py:4180} INFO - Setting next_dagrun for weekly_segment to 2026-08-22 16:00:00+00:00, run_after=2026-08-29 16:00:00+00:00
[2026-08-23T04:21:22.041+0000] {processor.py:208} INFO - Processing /opt/airflow/dags/weekly_segment.py took 0.188 seconds
[2026-08-23T04:21:52.191+0000] {processor.py:186} INFO - Started process (PID=4456) to work on /opt/airflow/dags/weekly_segment.py
[2026-08-23T04:21:52.192+0000] {processor.py:914} INFO - Processing file /opt/airflow/dags/weekly_segment.py for tasks to queue
[2026-08-23T04:21:52.194+0000] {logging_mixin.py:190} INFO - [2026-08-23T04:21:52.194+0000] {dagbag.py:588} INFO - Filling up the DagBag from /opt/airflow/dags/weekly_segment.py
[2026-08-23T04:21:52.295+0000] {processor.py:925} INFO - DAG(s) 'weekly_segment' retrieved from /opt/airflow/dags/weekly_segment.py
[2026-08-23T04:21:52.318+0000] {logging_mixin.py:190} INFO - [2026-08-23T04:21:52.318+0000] {dag.py:3239} INFO - Sync 1 DAGs
[2026-08-23T04:21:52.338+0000] {logging_mixin.py:190} INFO - [2026-08-23T04:21:52.338+0000] {dag.py:4180} INFO - Setting next_dagrun for weekly_segment to 2026-08-22 16:00:00+00:00, run_after=2026-08-29 16:00:00+00:00
[2026-08-23T04:21:52.464+0000] {processor.py:208} INFO - Processing /opt/airflow/dags/weekly_segment.py took 0.280 seconds
[2026-08-23T04:22:22.734+0000] {processor.py:186} INFO - Started process (PID=4466) to work on /opt/airflow/dags/weekly_segment.py
[2026-08-23T04:22:22.734+0000] {processor.py:914} INFO - Processing file /opt/airflow/dags/weekly_segment.py for tasks to queue
[2026-08-23T04:22:22.737+0000] {logging_mixin.py:190} INFO - [2026-08-23T04:22:22.736+0000] {dagbag.py:588} INFO - Filling up the DagBag from /opt/airflow/dags/weekly_segment.py
[2026-08-23T04:22:22.852+0000] {processor.py:925} INFO - DAG(s) 'weekly_segment' retrieved from /opt/airflow/dags/weekly_segment.py
[2026-08-23T04:22:22.876+0000] {logging_mixin.py:190} INFO - [2026-08-23T04:22:22.876+0000] {dag.py:3239} INFO - Sync 1 DAGs
[2026-08-23T04:22:22.897+0000] {logging_mixin.py:190} INFO - [2026-08-23T04:22:22.897+0000] {dag.py:4180} INFO - Setting next_dagrun for weekly_segment to 2026-08-22 16:00:00+00:00, run_after=2026-08-29 16:00:00+00:00
[2026-08-23T04:22:22.912+0000] {processor.py:208} INFO - Processing /opt/airflow/dags/weekly_segment.py took 0.186 seconds
[2026-08-23T04:22:53.050+0000] {processor.py:186} INFO - Started process (PID=4476) to work on /opt/airflow/dags/weekly_segment.py
[2026-08-23T04:22:53.051+0000] {processor.py:914} INFO - Processing file /opt/airflow/dags/weekly_segment.py for tasks to queue
[2026-08-23T04:22:53.053+0000] {logging_mixin.py:190} INFO - [2026-08-23T04:22:53.053+0000] {dagbag.py:588} INFO - Filling up the DagBag from /opt/airflow/dags/weekly_segment.py
[2026-08-23T04:22:53.159+0000] {processor.py:925} INFO - DAG(s) 'weekly_segment' retrieved from /opt/airflow/dags/weekly_segment.py
[2026-08-23T04:22:53.184+0000] {logging_mixin.py:190} INFO - [2026-08-23T04:22:53.184+0000] {dag.py:3239} INFO - Sync 1 DAGs
[2026-08-23T04:22:53.201+0000] {logging_mixin.py:190} INFO - [2026-08-23T04:22:53.201+0000] {dag.py:4180} INFO - Setting next_dagrun for weekly_segment to 2026-08-22 16:00:00+00:00, run_after=2026-08-29 16:00:00+00:00
[2026-08-23T04:22:53.214+0000] {processor.py:208} INFO - Processing /opt/airflow/dags/weekly_segment.py took 0.171 seconds
[2026-08-23T04:23:23.405+0000] {processor.py:186} INFO - Started process (PID=4486) to work on /opt/airflow/dags/weekly_segment.py
[2026-08-23T04:23:23.406+0000] {processor.py:914} INFO - Processing file /opt/airflow/dags/weekly_segment.py for tasks to queue
[2026-08-23T04:23:23.408+0000] {logging_mixin.py:190} INFO - [2026-08-23T04:23:23.408+0000] {dagbag.py:588} INFO - Filling up the DagBag from /opt/airflow/dags/weekly_segment.py
[2026-08-23T04:23:23.525+0000] {processor.py:925} INFO - DAG(s) 'weekly_segment' retrieved from /opt/airflow/dags/weekly_segment.py
[2026-08-23T04:23:23.546+0000] {logging_mixin.py:190} INFO - [2026-08-23T04:23:23.546+0000] {dag.py:3239} INFO - Sync 1 DAGs
[2026-08-23T04:23:23.563+0000] {logging_mixin.py:190} INFO - [2026-08-23T04:23:23.563+0000] {dag.py:4180} INFO - Setting next_dagrun for weekly_segment to 2026-08-22 16:00:00+00:00, run_after=2026-08-29 16:00:00+00:00
[2026-08-23T04:23:23.578+0000] {processor.py:208} INFO - Processing /opt/airflow/dags/weekly_segment.py took 0.180 seconds
[2026-08-23T04:23:53.658+0000] {processor.py:186} INFO - Started process (PID=4496) to work on /opt/airflow/dags/weekly_segment.py
[2026-08-23T04:23:53.659+0000] {processor.py:914} INFO - Processing file /opt/airflow/dags/weekly_segment.py for tasks to queue
[2026-08-23T04:23:53.661+0000] {logging_mixin.py:190} INFO - [2026-08-23T04:23:53.661+0000] {dagbag.py:588} INFO - Filling up the DagBag from /opt/airflow/dags/weekly_segment.py
[2026-08-23T04:23:53.760+0000] {processor.py:925} INFO - DAG(s) 'weekly_segment' retrieved from /opt/airflow/dags/weekly_segment.py
[2026-08-23T04:23:53.781+0000] {logging_mixin.py:190} INFO - [2026-08-23T04:23:53.781+0000] {dag.py:3239} INFO - Sync 1 DAGs
[2026-08-23T04:23:53.798+0000] {logging_mixin.py:190} INFO - [2026-08-23T04:23:53.798+0000] {dag.py:4180} INFO - Setting next_dagrun for weekly_segment to 2026-08-22 16:00:00+00:00, run_after=2026-08-29 16:00:00+00:00
[2026-08-23T04:23:53.813+0000] {processor.py:208} INFO - Processing /opt/airflow/dags/weekly_segment.py took 0.161 seconds
[2026-08-23T04:24:24.126+0000] {processor.py:186} INFO - Started process (PID=4506) to work on /opt/airflow/dags/weekly_segment.py
[2026-08-23T04:24:24.126+0000] {processor.py:914} INFO - Processing file /opt/airflow/dags/weekly_segment.py for tasks to queue
[2026-08-23T04:24:24.128+0000] {logging_mixin.py:190} INFO - [2026-08-23T04:24:24.128+0000] {dagbag.py:588} INFO - Filling up the DagBag from /opt/airflow/dags/weekly_segment.py
[2026-08-23T04:24:24.225+0000] {processor.py:925} INFO - DAG(s) 'weekly_segment' retrieved from /opt/airflow/dags/weekly_segment.py
[2026-08-23T04:24:24.245+0000] {logging_mixin.py:190} INFO - [2026-08-23T04:24:24.244+0000] {dag.py:3239} INFO - Sync 1 DAGs
[2026-08-23T04:24:24.261+0000] {logging_mixin.py:190} INFO - [2026-08-23T04:24:24.261+0000] {dag.py:4180} INFO - Setting next_dagrun for weekly_segment to 2026-08-22 16:00:00+00:00, run_after=2026-08-29 16:00:00+00:00
[2026-08-23T04:24:24.383+0000] {processor.py:208} INFO - Processing /opt/airflow/dags/weekly_segment.py took 0.265 seconds
[2026-08-23T04:24:54.646+0000] {processor.py:186} INFO - Started process (PID=4516) to work on /opt/airflow/dags/weekly_segment.py
[2026-08-23T04:24:54.647+0000] {processor.py:914} INFO - Processing file /opt/airflow/dags/weekly_segment.py for tasks to queue
[2026-08-23T04:24:54.649+0000] {logging_mixin.py:190} INFO - [2026-08-23T04:24:54.649+0000] {dagbag.py:588} INFO - Filling up the DagBag from /opt/airflow/dags/weekly_segment.py
[2026-08-23T04:24:54.749+0000] {processor.py:925} INFO - DAG(s) 'weekly_segment' retrieved from /opt/airflow/dags/weekly_segment.py
[2026-08-23T04:24:54.771+0000] {logging_mixin.py:190} INFO - [2026-08-23T04:24:54.770+0000] {dag.py:3239} INFO - Sync 1 DAGs
[2026-08-23T04:24:54.891+0000] {logging_mixin.py:190} INFO - [2026-08-23T04:24:54.891+0000] {dag.py:4180} INFO - Setting next_dagrun for weekly_segment to 2026-08-22 16:00:00+00:00, run_after=2026-08-29 16:00:00+00:00
[2026-08-23T04:24:54.904+0000] {processor.py:208} INFO - Processing /opt/airflow/dags/weekly_segment.py took 0.265 seconds
[2026-08-23T04:25:25.127+0000] {processor.py:186} INFO - Started process (PID=4526) to work on /opt/airflow/dags/weekly_segment.py
[2026-08-23T04:25:25.128+0000] {processor.py:914} INFO - Processing file /opt/airflow/dags/weekly_segment.py for tasks to queue
[2026-08-23T04:25:25.130+0000] {logging_mixin.py:190} INFO - [2026-08-23T04:25:25.130+0000] {dagbag.py:588} INFO - Filling up the DagBag from /opt/airflow/dags/weekly_segment.py
[2026-08-23T04:25:25.232+0000] {processor.py:925} INFO - DAG(s) 'weekly_segment' retrieved from /opt/airflow/dags/weekly_segment.py
[2026-08-23T04:25:25.253+0000] {logging_mixin.py:190} INFO - [2026-08-23T04:25:25.253+0000] {dag.py:3239} INFO - Sync 1 DAGs
[2026-08-23T04:25:25.270+0000] {logging_mixin.py:190} INFO - [2026-08-23T04:25:25.270+0000] {dag.py:4180} INFO - Setting next_dagrun for weekly_segment to 2026-08-22 16:00:00+00:00, run_after=2026-08-29 16:00:00+00:00
[2026-08-23T04:25:25.287+0000] {processor.py:208} INFO - Processing /opt/airflow/dags/weekly_segment.py took 0.168 seconds
[2026-08-23T04:25:55.438+0000] {processor.py:186} INFO - Started process (PID=4536) to work on /opt/airflow/dags/weekly_segment.py
[2026-08-23T04:25:55.439+0000] {processor.py:914} INFO - Processing file /opt/airflow/dags/weekly_segment.py for tasks to queue
[2026-08-23T04:25:55.441+0000] {logging_mixin.py:190} INFO - [2026-08-23T04:25:55.441+0000] {dagbag.py:588} INFO - Filling up the DagBag from /opt/airflow/dags/weekly_segment.py
[2026-08-23T04:25:55.536+0000] {processor.py:925} INFO - DAG(s) 'weekly_segment' retrieved from /opt/airflow/dags/weekly_segment.py
[2026-08-23T04:25:55.558+0000] {logging_mixin.py:190} INFO - [2026-08-23T04:25:55.557+0000] {dag.py:3239} INFO - Sync 1 DAGs
[2026-08-23T04:25:55.575+0000] {logging_mixin.py:190} INFO - [2026-08-23T04:25:55.575+0000] {dag.py:4180} INFO - Setting next_dagrun for weekly_segment to 2026-08-22 16:00:00+00:00, run_after=2026-08-29 16:00:00+00:00
[2026-08-23T04:25:55.588+0000] {processor.py:208} INFO - Processing /opt/airflow/dags/weekly_segment.py took 0.156 seconds
[2026-08-23T04:26:25.838+0000] {processor.py:186} INFO - Started process (PID=4546) to work on /opt/airflow/dags/weekly_segment.py
[2026-08-23T04:26:25.839+0000] {processor.py:914} INFO - Processing file /opt/airflow/dags/weekly_segment.py for tasks to queue
[2026-08-23T04:26:25.841+0000] {logging_mixin.py:190} INFO - [2026-08-23T04:26:25.840+0000] {dagbag.py:588} INFO - Filling up the DagBag from /opt/airflow/dags/weekly_segment.py
[2026-08-23T04:26:25.944+0000] {processor.py:925} INFO - DAG(s) 'weekly_segment' retrieved from /opt/airflow/dags/weekly_segment.py
[2026-08-23T04:26:25.967+0000] {logging_mixin.py:190} INFO - [2026-08-23T04:26:25.966+0000] {dag.py:3239} INFO - Sync 1 DAGs
[2026-08-23T04:26:25.985+0000] {logging_mixin.py:190} INFO - [2026-08-23T04:26:25.984+0000] {dag.py:4180} INFO - Setting next_dagrun for weekly_segment to 2026-08-22 16:00:00+00:00, run_after=2026-08-29 16:00:00+00:00
[2026-08-23T04:26:26.000+0000] {processor.py:208} INFO - Processing /opt/airflow/dags/weekly_segment.py took 0.170 seconds
[2026-08-23T04:26:56.047+0000] {processor.py:186} INFO - Started process (PID=4556) to work on /opt/airflow/dags/weekly_segment.py
[2026-08-23T04:26:56.048+0000] {processor.py:914} INFO - Processing file /opt/airflow/dags/weekly_segment.py for tasks to queue
[2026-08-23T04:26:56.050+0000] {logging_mixin.py:190} INFO - [2026-08-23T04:26:56.049+0000] {dagbag.py:588} INFO - Filling up the DagBag from /opt/airflow/dags/weekly_segment.py
[2026-08-23T04:26:56.144+0000] {processor.py:925} INFO - DAG(s) 'weekly_segment' retrieved from /opt/airflow/dags/weekly_segment.py
[2026-08-23T04:26:56.174+0000] {logging_mixin.py:190} INFO - [2026-08-23T04:26:56.174+0000] {dag.py:3239} INFO - Sync 1 DAGs
[2026-08-23T04:26:56.195+0000] {logging_mixin.py:190} INFO - [2026-08-23T04:26:56.195+0000] {dag.py:4180} INFO - Setting next_dagrun for weekly_segment to 2026-08-22 16:00:00+00:00, run_after=2026-08-29 16:00:00+00:00
[2026-08-23T04:26:56.216+0000] {processor.py:208} INFO - Processing /opt/airflow/dags/weekly_segment.py took 0.176 seconds
[2026-08-23T04:27:26.423+0000] {processor.py:186} INFO - Started process (PID=4566) to work on /opt/airflow/dags/weekly_segment.py
[2026-08-23T04:27:26.424+0000] {processor.py:914} INFO - Processing file /opt/airflow/dags/weekly_segment.py for tasks to queue
[2026-08-23T04:27:26.426+0000] {logging_mixin.py:190} INFO - [2026-08-23T04:27:26.426+0000] {dagbag.py:588} INFO - Filling up the DagBag from /opt/airflow/dags/weekly_segment.py
[2026-08-23T04:27:26.527+0000] {processor.py:925} INFO - DAG(s) 'weekly_segment' retrieved from /opt/airflow/dags/weekly_segment.py
[2026-08-23T04:27:26.548+0000] {logging_mixin.py:190} INFO - [2026-08-23T04:27:26.548+0000] {dag.py:3239} INFO - Sync 1 DAGs
[2026-08-23T04:27:26.567+0000] {logging_mixin.py:190} INFO - [2026-08-23T04:27:26.567+0000] {dag.py:4180} INFO - Setting next_dagrun for weekly_segment to 2026-08-22 16:00:00+00:00, run_after=2026-08-29 16:00:00+00:00
[2026-08-23T04:27:26.691+0000] {processor.py:208} INFO - Processing /opt/airflow/dags/weekly_segment.py took 0.275 seconds
[2026-08-23T04:27:58.027+0000] {processor.py:186} INFO - Started process (PID=4576) to work on /opt/airflow/dags/weekly_segment.py
[2026-08-23T04:27:58.033+0000] {processor.py:914} INFO - Processing file /opt/airflow/dags/weekly_segment.py for tasks to queue
[2026-08-23T04:27:58.053+0000] {logging_mixin.py:190} INFO - [2026-08-23T04:27:58.052+0000] {dagbag.py:588} INFO - Filling up the DagBag from /opt/airflow/dags/weekly_segment.py
[2026-08-23T04:28:00.657+0000] {processor.py:925} INFO - DAG(s) 'weekly_segment' retrieved from /opt/airflow/dags/weekly_segment.py
[2026-08-23T04:28:00.706+0000] {logging_mixin.py:190} INFO - [2026-08-23T04:28:00.705+0000] {dag.py:3239} INFO - Sync 1 DAGs
[2026-08-23T04:28:00.855+0000] {logging_mixin.py:190} INFO - [2026-08-23T04:28:00.854+0000] {dag.py:4180} INFO - Setting next_dagrun for weekly_segment to 2026-08-22 16:00:00+00:00, run_after=2026-08-29 16:00:00+00:00
[2026-08-23T04:28:00.900+0000] {processor.py:208} INFO - Processing /opt/airflow/dags/weekly_segment.py took 2.918 seconds
[2026-08-23T04:28:31.778+0000] {processor.py:186} INFO - Started process (PID=4586) to work on /opt/airflow/dags/weekly_segment.py
[2026-08-23T04:28:31.794+0000] {processor.py:914} INFO - Processing file /opt/airflow/dags/weekly_segment.py for tasks to queue
[2026-08-23T04:28:31.812+0000] {logging_mixin.py:190} INFO - [2026-08-23T04:28:31.811+0000] {dagbag.py:588} INFO - Filling up the DagBag from /opt/airflow/dags/weekly_segment.py
[2026-08-23T04:28:34.969+0000] {processor.py:925} INFO - DAG(s) 'weekly_segment' retrieved from /opt/airflow/dags/weekly_segment.py
[2026-08-23T04:28:35.049+0000] {logging_mixin.py:190} INFO - [2026-08-23T04:28:35.049+0000] {dag.py:3239} INFO - Sync 1 DAGs
[2026-08-23T04:28:35.081+0000] {logging_mixin.py:190} INFO - [2026-08-23T04:28:35.081+0000] {dag.py:4180} INFO - Setting next_dagrun for weekly_segment to 2026-08-22 16:00:00+00:00, run_after=2026-08-29 16:00:00+00:00
[2026-08-23T04:28:35.176+0000] {processor.py:208} INFO - Processing /opt/airflow/dags/weekly_segment.py took 3.451 seconds
[2026-08-23T04:29:05.858+0000] {processor.py:186} INFO - Started process (PID=4596) to work on /opt/airflow/dags/weekly_segment.py
[2026-08-23T04:29:05.875+0000] {processor.py:914} INFO - Processing file /opt/airflow/dags/weekly_segment.py for tasks to queue
[2026-08-23T04:29:05.888+0000] {logging_mixin.py:190} INFO - [2026-08-23T04:29:05.887+0000] {dagbag.py:588} INFO - Filling up the DagBag from /opt/airflow/dags/weekly_segment.py
[2026-08-23T04:29:09.734+0000] {processor.py:925} INFO - DAG(s) 'weekly_segment' retrieved from /opt/airflow/dags/weekly_segment.py
[2026-08-23T04:29:09.799+0000] {logging_mixin.py:190} INFO - [2026-08-23T04:29:09.799+0000] {dag.py:3239} INFO - Sync 1 DAGs
[2026-08-23T04:29:09.862+0000] {logging_mixin.py:190} INFO - [2026-08-23T04:29:09.862+0000] {dag.py:4180} INFO - Setting next_dagrun for weekly_segment to 2026-08-22 16:00:00+00:00, run_after=2026-08-29 16:00:00+00:00
[2026-08-23T04:29:09.982+0000] {processor.py:208} INFO - Processing /opt/airflow/dags/weekly_segment.py took 4.176 seconds
[2026-08-23T04:29:41.917+0000] {processor.py:186} INFO - Started process (PID=4606) to work on /opt/airflow/dags/weekly_segment.py
[2026-08-23T04:29:41.946+0000] {processor.py:914} INFO - Processing file /opt/airflow/dags/weekly_segment.py for tasks to queue
[2026-08-23T04:29:42.002+0000] {logging_mixin.py:190} INFO - [2026-08-23T04:29:42.002+0000] {dagbag.py:588} INFO - Filling up the DagBag from /opt/airflow/dags/weekly_segment.py
[2026-08-23T04:29:45.683+0000] {processor.py:925} INFO - DAG(s) 'weekly_segment' retrieved from /opt/airflow/dags/weekly_segment.py
[2026-08-23T04:29:45.726+0000] {logging_mixin.py:190} INFO - [2026-08-23T04:29:45.725+0000] {dag.py:3239} INFO - Sync 1 DAGs
[2026-08-23T04:29:45.763+0000] {logging_mixin.py:190} INFO - [2026-08-23T04:29:45.762+0000] {dag.py:4180} INFO - Setting next_dagrun for weekly_segment to 2026-08-22 16:00:00+00:00, run_after=2026-08-29 16:00:00+00:00
[2026-08-23T04:29:45.811+0000] {processor.py:208} INFO - Processing /opt/airflow/dags/weekly_segment.py took 3.980 seconds
[2026-08-23T04:30:16.436+0000] {processor.py:186} INFO - Started process (PID=4616) to work on /opt/airflow/dags/weekly_segment.py
[2026-08-23T04:30:16.438+0000] {processor.py:914} INFO - Processing file /opt/airflow/dags/weekly_segment.py for tasks to queue
[2026-08-23T04:30:16.442+0000] {logging_mixin.py:190} INFO - [2026-08-23T04:30:16.441+0000] {dagbag.py:588} INFO - Filling up the DagBag from /opt/airflow/dags/weekly_segment.py
[2026-08-23T04:30:16.663+0000] {processor.py:925} INFO - DAG(s) 'weekly_segment' retrieved from /opt/airflow/dags/weekly_segment.py
[2026-08-23T04:30:16.694+0000] {logging_mixin.py:190} INFO - [2026-08-23T04:30:16.693+0000] {dag.py:3239} INFO - Sync 1 DAGs
[2026-08-23T04:30:16.721+0000] {logging_mixin.py:190} INFO - [2026-08-23T04:30:16.721+0000] {dag.py:4180} INFO - Setting next_dagrun for weekly_segment to 2026-08-22 16:00:00+00:00, run_after=2026-08-29 16:00:00+00:00
[2026-08-23T04:30:16.951+0000] {processor.py:208} INFO - Processing /opt/airflow/dags/weekly_segment.py took 0.528 seconds
[2026-08-23T04:30:47.287+0000] {processor.py:186} INFO - Started process (PID=4626) to work on /opt/airflow/dags/weekly_segment.py
[2026-08-23T04:30:47.288+0000] {processor.py:914} INFO - Processing file /opt/airflow/dags/weekly_segment.py for tasks to queue
[2026-08-23T04:30:47.289+0000] {logging_mixin.py:190} INFO - [2026-08-23T04:30:47.289+0000] {dagbag.py:588} INFO - Filling up the DagBag from /opt/airflow/dags/weekly_segment.py
[2026-08-23T04:30:47.384+0000] {processor.py:925} INFO - DAG(s) 'weekly_segment' retrieved from /opt/airflow/dags/weekly_segment.py
[2026-08-23T04:30:47.403+0000] {logging_mixin.py:190} INFO - [2026-08-23T04:30:47.403+0000] {dag.py:3239} INFO - Sync 1 DAGs
[2026-08-23T04:30:47.517+0000] {logging_mixin.py:190} INFO - [2026-08-23T04:30:47.517+0000] {dag.py:4180} INFO - Setting next_dagrun for weekly_segment to 2026-08-22 16:00:00+00:00, run_after=2026-08-29 16:00:00+00:00
[2026-08-23T04:30:47.530+0000] {processor.py:208} INFO - Processing /opt/airflow/dags/weekly_segment.py took 0.249 seconds
[2026-08-23T04:31:17.789+0000] {processor.py:186} INFO - Started process (PID=4636) to work on /opt/airflow/dags/weekly_segment.py
[2026-08-23T04:31:17.790+0000] {processor.py:914} INFO - Processing file /opt/airflow/dags/weekly_segment.py for tasks to queue
[2026-08-23T04:31:17.792+0000] {logging_mixin.py:190} INFO - [2026-08-23T04:31:17.792+0000] {dagbag.py:588} INFO - Filling up the DagBag from /opt/airflow/dags/weekly_segment.py
[2026-08-23T04:31:17.894+0000] {processor.py:925} INFO - DAG(s) 'weekly_segment' retrieved from /opt/airflow/dags/weekly_segment.py
[2026-08-23T04:31:17.916+0000] {logging_mixin.py:190} INFO - [2026-08-23T04:31:17.916+0000] {dag.py:3239} INFO - Sync 1 DAGs
[2026-08-23T04:31:17.934+0000] {logging_mixin.py:190} INFO - [2026-08-23T04:31:17.934+0000] {dag.py:4180} INFO - Setting next_dagrun for weekly_segment to 2026-08-22 16:00:00+00:00, run_after=2026-08-29 16:00:00+00:00
[2026-08-23T04:31:17.948+0000] {processor.py:208} INFO - Processing /opt/airflow/dags/weekly_segment.py took 0.166 seconds
[2026-08-23T04:31:48.016+0000] {processor.py:186} INFO - Started process (PID=4646) to work on /opt/airflow/dags/weekly_segment.py
[2026-08-23T04:31:48.017+0000] {processor.py:914} INFO - Processing file /opt/airflow/dags/weekly_segment.py for tasks to queue
[2026-08-23T04:31:48.019+0000] {logging_mixin.py:190} INFO - [2026-08-23T04:31:48.019+0000] {dagbag.py:588} INFO - Filling up the DagBag from /opt/airflow/dags/weekly_segment.py
[2026-08-23T04:31:48.124+0000] {processor.py:925} INFO - DAG(s) 'weekly_segment' retrieved from /opt/airflow/dags/weekly_segment.py
[2026-08-23T04:31:48.147+0000] {logging_mixin.py:190} INFO - [2026-08-23T04:31:48.146+0000] {dag.py:3239} INFO - Sync 1 DAGs
[2026-08-23T04:31:48.164+0000] {logging_mixin.py:190} INFO - [2026-08-23T04:31:48.164+0000] {dag.py:4180} INFO - Setting next_dagrun for weekly_segment to 2026-08-22 16:00:00+00:00, run_after=2026-08-29 16:00:00+00:00
[2026-08-23T04:31:48.178+0000] {processor.py:208} INFO - Processing /opt/airflow/dags/weekly_segment.py took 0.168 seconds
[2026-08-23T04:32:18.333+0000] {processor.py:186} INFO - Started process (PID=4656) to work on /opt/airflow/dags/weekly_segment.py
[2026-08-23T04:32:18.335+0000] {processor.py:914} INFO - Processing file /opt/airflow/dags/weekly_segment.py for tasks to queue
[2026-08-23T04:32:18.337+0000] {logging_mixin.py:190} INFO - [2026-08-23T04:32:18.336+0000] {dagbag.py:588} INFO - Filling up the DagBag from /opt/airflow/dags/weekly_segment.py
[2026-08-23T04:32:18.435+0000] {processor.py:925} INFO - DAG(s) 'weekly_segment' retrieved from /opt/airflow/dags/weekly_segment.py
[2026-08-23T04:32:18.457+0000] {logging_mixin.py:190} INFO - [2026-08-23T04:32:18.457+0000] {dag.py:3239} INFO - Sync 1 DAGs
[2026-08-23T04:32:18.475+0000] {logging_mixin.py:190} INFO - [2026-08-23T04:32:18.475+0000] {dag.py:4180} INFO - Setting next_dagrun for weekly_segment to 2026-08-22 16:00:00+00:00, run_after=2026-08-29 16:00:00+00:00
[2026-08-23T04:32:18.490+0000] {processor.py:208} INFO - Processing /opt/airflow/dags/weekly_segment.py took 0.164 seconds
[2026-08-23T04:32:48.594+0000] {processor.py:186} INFO - Started process (PID=4666) to work on /opt/airflow/dags/weekly_segment.py
[2026-08-23T04:32:48.597+0000] {processor.py:914} INFO - Processing file /opt/airflow/dags/weekly_segment.py for tasks to queue
[2026-08-23T04:32:48.600+0000] {logging_mixin.py:190} INFO - [2026-08-23T04:32:48.600+0000] {dagbag.py:588} INFO - Filling up the DagBag from /opt/airflow/dags/weekly_segment.py
[2026-08-23T04:32:48.756+0000] {processor.py:925} INFO - DAG(s) 'weekly_segment' retrieved from /opt/airflow/dags/weekly_segment.py
[2026-08-23T04:32:48.784+0000] {logging_mixin.py:190} INFO - [2026-08-23T04:32:48.784+0000] {dag.py:3239} INFO - Sync 1 DAGs
[2026-08-23T04:32:48.806+0000] {logging_mixin.py:190} INFO - [2026-08-23T04:32:48.806+0000] {dag.py:4180} INFO - Setting next_dagrun for weekly_segment to 2026-08-22 16:00:00+00:00, run_after=2026-08-29 16:00:00+00:00
[2026-08-23T04:32:48.825+0000] {processor.py:208} INFO - Processing /opt/airflow/dags/weekly_segment.py took 0.241 seconds
[2026-08-23T04:33:18.956+0000] {processor.py:186} INFO - Started process (PID=4676) to work on /opt/airflow/dags/weekly_segment.py
[2026-08-23T04:33:18.957+0000] {processor.py:914} INFO - Processing file /opt/airflow/dags/weekly_segment.py for tasks to queue
[2026-08-23T04:33:18.958+0000] {logging_mixin.py:190} INFO - [2026-08-23T04:33:18.958+0000] {dagbag.py:588} INFO - Filling up the DagBag from /opt/airflow/dags/weekly_segment.py
[2026-08-23T04:33:19.055+0000] {processor.py:925} INFO - DAG(s) 'weekly_segment' retrieved from /opt/airflow/dags/weekly_segment.py
[2026-08-23T04:33:19.075+0000] {logging_mixin.py:190} INFO - [2026-08-23T04:33:19.075+0000] {dag.py:3239} INFO - Sync 1 DAGs
[2026-08-23T04:33:19.092+0000] {logging_mixin.py:190} INFO - [2026-08-23T04:33:19.092+0000] {dag.py:4180} INFO - Setting next_dagrun for weekly_segment to 2026-08-22 16:00:00+00:00, run_after=2026-08-29 16:00:00+00:00
[2026-08-23T04:33:19.210+0000] {processor.py:208} INFO - Processing /opt/airflow/dags/weekly_segment.py took 0.260 seconds
[2026-08-23T04:33:49.445+0000] {processor.py:186} INFO - Started process (PID=4686) to work on /opt/airflow/dags/weekly_segment.py
[2026-08-23T04:33:49.446+0000] {processor.py:914} INFO - Processing file /opt/airflow/dags/weekly_segment.py for tasks to queue
[2026-08-23T04:33:49.449+0000] {logging_mixin.py:190} INFO - [2026-08-23T04:33:49.448+0000] {dagbag.py:588} INFO - Filling up the DagBag from /opt/airflow/dags/weekly_segment.py
[2026-08-23T04:33:49.548+0000] {processor.py:925} INFO - DAG(s) 'weekly_segment' retrieved from /opt/airflow/dags/weekly_segment.py
[2026-08-23T04:33:49.570+0000] {logging_mixin.py:190} INFO - [2026-08-23T04:33:49.570+0000] {dag.py:3239} INFO - Sync 1 DAGs
[2026-08-23T04:33:49.699+0000] {logging_mixin.py:190} INFO - [2026-08-23T04:33:49.699+0000] {dag.py:4180} INFO - Setting next_dagrun for weekly_segment to 2026-08-22 16:00:00+00:00, run_after=2026-08-29 16:00:00+00:00
[2026-08-23T04:33:49.712+0000] {processor.py:208} INFO - Processing /opt/airflow/dags/weekly_segment.py took 0.273 seconds
[2026-08-23T04:34:19.897+0000] {processor.py:186} INFO - Started process (PID=4696) to work on /opt/airflow/dags/weekly_segment.py
[2026-08-23T04:34:19.898+0000] {processor.py:914} INFO - Processing file /opt/airflow/dags/weekly_segment.py for tasks to queue
[2026-08-23T04:34:19.900+0000] {logging_mixin.py:190} INFO - [2026-08-23T04:34:19.900+0000] {dagbag.py:588} INFO - Filling up the DagBag from /opt/airflow/dags/weekly_segment.py
[2026-08-23T04:34:19.998+0000] {processor.py:925} INFO - DAG(s) 'weekly_segment' retrieved from /opt/airflow/dags/weekly_segment.py
[2026-08-23T04:34:20.023+0000] {logging_mixin.py:190} INFO - [2026-08-23T04:34:20.023+0000] {dag.py:3239} INFO - Sync 1 DAGs
[2026-08-23T04:34:20.041+0000] {logging_mixin.py:190} INFO - [2026-08-23T04:34:20.041+0000] {dag.py:4180} INFO - Setting next_dagrun for weekly_segment to 2026-08-22 16:00:00+00:00, run_after=2026-08-29 16:00:00+00:00
[2026-08-23T04:34:20.054+0000] {processor.py:208} INFO - Processing /opt/airflow/dags/weekly_segment.py took 0.163 seconds
[2026-08-23T04:34:50.133+0000] {processor.py:186} INFO - Started process (PID=4706) to work on /opt/airflow/dags/weekly_segment.py
[2026-08-23T04:34:50.135+0000] {processor.py:914} INFO - Processing file /opt/airflow/dags/weekly_segment.py for tasks to queue
[2026-08-23T04:34:50.137+0000] {logging_mixin.py:190} INFO - [2026-08-23T04:34:50.137+0000] {dagbag.py:588} INFO - Filling up the DagBag from /opt/airflow/dags/weekly_segment.py
[2026-08-23T04:34:50.249+0000] {processor.py:925} INFO - DAG(s) 'weekly_segment' retrieved from /opt/airflow/dags/weekly_segment.py
[2026-08-23T04:34:50.271+0000] {logging_mixin.py:190} INFO - [2026-08-23T04:34:50.271+0000] {dag.py:3239} INFO - Sync 1 DAGs
[2026-08-23T04:34:50.288+0000] {logging_mixin.py:190} INFO - [2026-08-23T04:34:50.287+0000] {dag.py:4180} INFO - Setting next_dagrun for weekly_segment to 2026-08-22 16:00:00+00:00, run_after=2026-08-29 16:00:00+00:00
[2026-08-23T04:34:50.302+0000] {processor.py:208} INFO - Processing /opt/airflow/dags/weekly_segment.py took 0.174 seconds
[2026-08-23T04:35:20.606+0000] {processor.py:186} INFO - Started process (PID=4716) to work on /opt/airflow/dags/weekly_segment.py
[2026-08-23T04:35:20.607+0000] {processor.py:914} INFO - Processing file /opt/airflow/dags/weekly_segment.py for tasks to queue
[2026-08-23T04:35:20.609+0000] {logging_mixin.py:190} INFO - [2026-08-23T04:35:20.609+0000] {dagbag.py:588} INFO - Filling up the DagBag from /opt/airflow/dags/weekly_segment.py
[2026-08-23T04:35:20.720+0000] {processor.py:925} INFO - DAG(s) 'weekly_segment' retrieved from /opt/airflow/dags/weekly_segment.py
[2026-08-23T04:35:20.739+0000] {logging_mixin.py:190} INFO - [2026-08-23T04:35:20.738+0000] {dag.py:3239} INFO - Sync 1 DAGs
[2026-08-23T04:35:20.753+0000] {logging_mixin.py:190} INFO - [2026-08-23T04:35:20.753+0000] {dag.py:4180} INFO - Setting next_dagrun for weekly_segment to 2026-08-22 16:00:00+00:00, run_after=2026-08-29 16:00:00+00:00
[2026-08-23T04:35:20.767+0000] {processor.py:208} INFO - Processing /opt/airflow/dags/weekly_segment.py took 0.168 seconds
[2026-08-23T04:35:50.931+0000] {processor.py:186} INFO - Started process (PID=4726) to work on /opt/airflow/dags/weekly_segment.py
[2026-08-23T04:35:50.932+0000] {processor.py:914} INFO - Processing file /opt/airflow/dags/weekly_segment.py for tasks to queue
[2026-08-23T04:35:50.934+0000] {logging_mixin.py:190} INFO - [2026-08-23T04:35:50.933+0000] {dagbag.py:588} INFO - Filling up the DagBag from /opt/airflow/dags/weekly_segment.py
[2026-08-23T04:35:51.033+0000] {processor.py:925} INFO - DAG(s) 'weekly_segment' retrieved from /opt/airflow/dags/weekly_segment.py
[2026-08-23T04:35:51.053+0000] {logging_mixin.py:190} INFO - [2026-08-23T04:35:51.052+0000] {dag.py:3239} INFO - Sync 1 DAGs
[2026-08-23T04:35:51.069+0000] {logging_mixin.py:190} INFO - [2026-08-23T04:35:51.069+0000] {dag.py:4180} INFO - Setting next_dagrun for weekly_segment to 2026-08-22 16:00:00+00:00, run_after=2026-08-29 16:00:00+00:00
[2026-08-23T04:35:51.193+0000] {processor.py:208} INFO - Processing /opt/airflow/dags/weekly_segment.py took 0.268 seconds
[2026-08-23T04:36:21.548+0000] {processor.py:186} INFO - Started process (PID=4736) to work on /opt/airflow/dags/weekly_segment.py
[2026-08-23T04:36:21.549+0000] {processor.py:914} INFO - Processing file /opt/airflow/dags/weekly_segment.py for tasks to queue
[2026-08-23T04:36:21.551+0000] {logging_mixin.py:190} INFO - [2026-08-23T04:36:21.551+0000] {dagbag.py:588} INFO - Filling up the DagBag from /opt/airflow/dags/weekly_segment.py
[2026-08-23T04:36:21.651+0000] {processor.py:925} INFO - DAG(s) 'weekly_segment' retrieved from /opt/airflow/dags/weekly_segment.py
[2026-08-23T04:36:21.671+0000] {logging_mixin.py:190} INFO - [2026-08-23T04:36:21.671+0000] {dag.py:3239} INFO - Sync 1 DAGs
[2026-08-23T04:36:21.795+0000] {logging_mixin.py:190} INFO - [2026-08-23T04:36:21.795+0000] {dag.py:4180} INFO - Setting next_dagrun for weekly_segment to 2026-08-22 16:00:00+00:00, run_after=2026-08-29 16:00:00+00:00
[2026-08-23T04:36:21.807+0000] {processor.py:208} INFO - Processing /opt/airflow/dags/weekly_segment.py took 0.266 seconds
[2026-08-23T04:36:52.022+0000] {processor.py:186} INFO - Started process (PID=4746) to work on /opt/airflow/dags/weekly_segment.py
[2026-08-23T04:36:52.023+0000] {processor.py:914} INFO - Processing file /opt/airflow/dags/weekly_segment.py for tasks to queue
[2026-08-23T04:36:52.025+0000] {logging_mixin.py:190} INFO - [2026-08-23T04:36:52.025+0000] {dagbag.py:588} INFO - Filling up the DagBag from /opt/airflow/dags/weekly_segment.py
[2026-08-23T04:36:52.154+0000] {processor.py:925} INFO - DAG(s) 'weekly_segment' retrieved from /opt/airflow/dags/weekly_segment.py
[2026-08-23T04:36:52.179+0000] {logging_mixin.py:190} INFO - [2026-08-23T04:36:52.179+0000] {dag.py:3239} INFO - Sync 1 DAGs
[2026-08-23T04:36:52.196+0000] {logging_mixin.py:190} INFO - [2026-08-23T04:36:52.196+0000] {dag.py:4180} INFO - Setting next_dagrun for weekly_segment to 2026-08-22 16:00:00+00:00, run_after=2026-08-29 16:00:00+00:00
[2026-08-23T04:36:52.211+0000] {processor.py:208} INFO - Processing /opt/airflow/dags/weekly_segment.py took 0.195 seconds
[2026-08-23T04:37:22.296+0000] {processor.py:186} INFO - Started process (PID=4756) to work on /opt/airflow/dags/weekly_segment.py
[2026-08-23T04:37:22.297+0000] {processor.py:914} INFO - Processing file /opt/airflow/dags/weekly_segment.py for tasks to queue
[2026-08-23T04:37:22.299+0000] {logging_mixin.py:190} INFO - [2026-08-23T04:37:22.299+0000] {dagbag.py:588} INFO - Filling up the DagBag from /opt/airflow/dags/weekly_segment.py
[2026-08-23T04:37:22.391+0000] {processor.py:925} INFO - DAG(s) 'weekly_segment' retrieved from /opt/airflow/dags/weekly_segment.py
[2026-08-23T04:37:22.413+0000] {logging_mixin.py:190} INFO - [2026-08-23T04:37:22.413+0000] {dag.py:3239} INFO - Sync 1 DAGs
[2026-08-23T04:37:22.433+0000] {logging_mixin.py:190} INFO - [2026-08-23T04:37:22.432+0000] {dag.py:4180} INFO - Setting next_dagrun for weekly_segment to 2026-08-22 16:00:00+00:00, run_after=2026-08-29 16:00:00+00:00
[2026-08-23T04:37:22.447+0000] {processor.py:208} INFO - Processing /opt/airflow/dags/weekly_segment.py took 0.155 seconds
[2026-08-23T04:37:52.544+0000] {processor.py:186} INFO - Started process (PID=4766) to work on /opt/airflow/dags/weekly_segment.py
[2026-08-23T04:37:52.546+0000] {processor.py:914} INFO - Processing file /opt/airflow/dags/weekly_segment.py for tasks to queue
[2026-08-23T04:37:52.547+0000] {logging_mixin.py:190} INFO - [2026-08-23T04:37:52.547+0000] {dagbag.py:588} INFO - Filling up the DagBag from /opt/airflow/dags/weekly_segment.py
[2026-08-23T04:37:52.655+0000] {processor.py:925} INFO - DAG(s) 'weekly_segment' retrieved from /opt/airflow/dags/weekly_segment.py
[2026-08-23T04:37:52.677+0000] {logging_mixin.py:190} INFO - [2026-08-23T04:37:52.677+0000] {dag.py:3239} INFO - Sync 1 DAGs
[2026-08-23T04:37:52.694+0000] {logging_mixin.py:190} INFO - [2026-08-23T04:37:52.694+0000] {dag.py:4180} INFO - Setting next_dagrun for weekly_segment to 2026-08-22 16:00:00+00:00, run_after=2026-08-29 16:00:00+00:00
[2026-08-23T04:37:52.708+0000] {processor.py:208} INFO - Processing /opt/airflow/dags/weekly_segment.py took 0.169 seconds
[2026-08-23T04:38:22.970+0000] {processor.py:186} INFO - Started process (PID=4776) to work on /opt/airflow/dags/weekly_segment.py
[2026-08-23T04:38:22.973+0000] {processor.py:914} INFO - Processing file /opt/airflow/dags/weekly_segment.py for tasks to queue
[2026-08-23T04:38:22.977+0000] {logging_mixin.py:190} INFO - [2026-08-23T04:38:22.976+0000] {dagbag.py:588} INFO - Filling up the DagBag from /opt/airflow/dags/weekly_segment.py
[2026-08-23T04:38:23.097+0000] {processor.py:925} INFO - DAG(s) 'weekly_segment' retrieved from /opt/airflow/dags/weekly_segment.py
[2026-08-23T04:38:23.119+0000] {logging_mixin.py:190} INFO - [2026-08-23T04:38:23.119+0000] {dag.py:3239} INFO - Sync 1 DAGs
[2026-08-23T04:38:23.137+0000] {logging_mixin.py:190} INFO - [2026-08-23T04:38:23.137+0000] {dag.py:4180} INFO - Setting next_dagrun for weekly_segment to 2026-08-22 16:00:00+00:00, run_after=2026-08-29 16:00:00+00:00
[2026-08-23T04:38:23.155+0000] {processor.py:208} INFO - Processing /opt/airflow/dags/weekly_segment.py took 0.194 seconds
[2026-08-23T04:38:53.205+0000] {processor.py:186} INFO - Started process (PID=4786) to work on /opt/airflow/dags/weekly_segment.py
[2026-08-23T04:38:53.206+0000] {processor.py:914} INFO - Processing file /opt/airflow/dags/weekly_segment.py for tasks to queue
[2026-08-23T04:38:53.208+0000] {logging_mixin.py:190} INFO - [2026-08-23T04:38:53.208+0000] {dagbag.py:588} INFO - Filling up the DagBag from /opt/airflow/dags/weekly_segment.py
[2026-08-23T04:38:53.307+0000] {processor.py:925} INFO - DAG(s) 'weekly_segment' retrieved from /opt/airflow/dags/weekly_segment.py
[2026-08-23T04:38:53.329+0000] {logging_mixin.py:190} INFO - [2026-08-23T04:38:53.329+0000] {dag.py:3239} INFO - Sync 1 DAGs
[2026-08-23T04:38:53.348+0000] {logging_mixin.py:190} INFO - [2026-08-23T04:38:53.348+0000] {dag.py:4180} INFO - Setting next_dagrun for weekly_segment to 2026-08-22 16:00:00+00:00, run_after=2026-08-29 16:00:00+00:00
[2026-08-23T04:38:53.472+0000] {processor.py:208} INFO - Processing /opt/airflow/dags/weekly_segment.py took 0.275 seconds
[2026-08-23T04:39:23.693+0000] {processor.py:186} INFO - Started process (PID=4796) to work on /opt/airflow/dags/weekly_segment.py
[2026-08-23T04:39:23.694+0000] {processor.py:914} INFO - Processing file /opt/airflow/dags/weekly_segment.py for tasks to queue
[2026-08-23T04:39:23.696+0000] {logging_mixin.py:190} INFO - [2026-08-23T04:39:23.696+0000] {dagbag.py:588} INFO - Filling up the DagBag from /opt/airflow/dags/weekly_segment.py
[2026-08-23T04:39:23.786+0000] {processor.py:925} INFO - DAG(s) 'weekly_segment' retrieved from /opt/airflow/dags/weekly_segment.py
[2026-08-23T04:39:23.805+0000] {logging_mixin.py:190} INFO - [2026-08-23T04:39:23.805+0000] {dag.py:3239} INFO - Sync 1 DAGs
[2026-08-23T04:39:23.931+0000] {logging_mixin.py:190} INFO - [2026-08-23T04:39:23.930+0000] {dag.py:4180} INFO - Setting next_dagrun for weekly_segment to 2026-08-22 16:00:00+00:00, run_after=2026-08-29 16:00:00+00:00
[2026-08-23T04:39:23.942+0000] {processor.py:208} INFO - Processing /opt/airflow/dags/weekly_segment.py took 0.255 seconds
[2026-08-23T04:39:54.203+0000] {processor.py:186} INFO - Started process (PID=4806) to work on /opt/airflow/dags/weekly_segment.py
[2026-08-23T04:39:54.204+0000] {processor.py:914} INFO - Processing file /opt/airflow/dags/weekly_segment.py for tasks to queue
[2026-08-23T04:39:54.206+0000] {logging_mixin.py:190} INFO - [2026-08-23T04:39:54.206+0000] {dagbag.py:588} INFO - Filling up the DagBag from /opt/airflow/dags/weekly_segment.py
[2026-08-23T04:39:54.315+0000] {processor.py:925} INFO - DAG(s) 'weekly_segment' retrieved from /opt/airflow/dags/weekly_segment.py
[2026-08-23T04:39:54.341+0000] {logging_mixin.py:190} INFO - [2026-08-23T04:39:54.340+0000] {dag.py:3239} INFO - Sync 1 DAGs
[2026-08-23T04:39:54.358+0000] {logging_mixin.py:190} INFO - [2026-08-23T04:39:54.358+0000] {dag.py:4180} INFO - Setting next_dagrun for weekly_segment to 2026-08-22 16:00:00+00:00, run_after=2026-08-29 16:00:00+00:00
[2026-08-23T04:39:54.371+0000] {processor.py:208} INFO - Processing /opt/airflow/dags/weekly_segment.py took 0.174 seconds
[2026-08-23T04:40:24.428+0000] {processor.py:186} INFO - Started process (PID=4816) to work on /opt/airflow/dags/weekly_segment.py
[2026-08-23T04:40:24.429+0000] {processor.py:914} INFO - Processing file /opt/airflow/dags/weekly_segment.py for tasks to queue
[2026-08-23T04:40:24.431+0000] {logging_mixin.py:190} INFO - [2026-08-23T04:40:24.431+0000] {dagbag.py:588} INFO - Filling up the DagBag from /opt/airflow/dags/weekly_segment.py
[2026-08-23T04:40:24.531+0000] {processor.py:925} INFO - DAG(s) 'weekly_segment' retrieved from /opt/airflow/dags/weekly_segment.py
[2026-08-23T04:40:24.552+0000] {logging_mixin.py:190} INFO - [2026-08-23T04:40:24.552+0000] {dag.py:3239} INFO - Sync 1 DAGs
[2026-08-23T04:40:24.572+0000] {logging_mixin.py:190} INFO - [2026-08-23T04:40:24.572+0000] {dag.py:4180} INFO - Setting next_dagrun for weekly_segment to 2026-08-22 16:00:00+00:00, run_after=2026-08-29 16:00:00+00:00
[2026-08-23T04:40:24.586+0000] {processor.py:208} INFO - Processing /opt/airflow/dags/weekly_segment.py took 0.163 seconds
[2026-08-23T04:40:54.649+0000] {processor.py:186} INFO - Started process (PID=4826) to work on /opt/airflow/dags/weekly_segment.py
[2026-08-23T04:40:54.649+0000] {processor.py:914} INFO - Processing file /opt/airflow/dags/weekly_segment.py for tasks to queue
[2026-08-23T04:40:54.652+0000] {logging_mixin.py:190} INFO - [2026-08-23T04:40:54.651+0000] {dagbag.py:588} INFO - Filling up the DagBag from /opt/airflow/dags/weekly_segment.py
[2026-08-23T04:40:54.741+0000] {processor.py:925} INFO - DAG(s) 'weekly_segment' retrieved from /opt/airflow/dags/weekly_segment.py
[2026-08-23T04:40:54.760+0000] {logging_mixin.py:190} INFO - [2026-08-23T04:40:54.760+0000] {dag.py:3239} INFO - Sync 1 DAGs
[2026-08-23T04:40:54.776+0000] {logging_mixin.py:190} INFO - [2026-08-23T04:40:54.776+0000] {dag.py:4180} INFO - Setting next_dagrun for weekly_segment to 2026-08-22 16:00:00+00:00, run_after=2026-08-29 16:00:00+00:00
[2026-08-23T04:40:54.794+0000] {processor.py:208} INFO - Processing /opt/airflow/dags/weekly_segment.py took 0.151 seconds
[2026-08-23T04:41:25.082+0000] {processor.py:186} INFO - Started process (PID=4836) to work on /opt/airflow/dags/weekly_segment.py
[2026-08-23T04:41:25.083+0000] {processor.py:914} INFO - Processing file /opt/airflow/dags/weekly_segment.py for tasks to queue
[2026-08-23T04:41:25.085+0000] {logging_mixin.py:190} INFO - [2026-08-23T04:41:25.085+0000] {dagbag.py:588} INFO - Filling up the DagBag from /opt/airflow/dags/weekly_segment.py
[2026-08-23T04:41:25.190+0000] {processor.py:925} INFO - DAG(s) 'weekly_segment' retrieved from /opt/airflow/dags/weekly_segment.py
[2026-08-23T04:41:25.211+0000] {logging_mixin.py:190} INFO - [2026-08-23T04:41:25.210+0000] {dag.py:3239} INFO - Sync 1 DAGs
[2026-08-23T04:41:25.228+0000] {logging_mixin.py:190} INFO - [2026-08-23T04:41:25.228+0000] {dag.py:4180} INFO - Setting next_dagrun for weekly_segment to 2026-08-22 16:00:00+00:00, run_after=2026-08-29 16:00:00+00:00
[2026-08-23T04:41:25.344+0000] {processor.py:208} INFO - Processing /opt/airflow/dags/weekly_segment.py took 0.270 seconds
[2026-08-23T04:41:55.624+0000] {processor.py:186} INFO - Started process (PID=4846) to work on /opt/airflow/dags/weekly_segment.py
[2026-08-23T04:41:55.625+0000] {processor.py:914} INFO - Processing file /opt/airflow/dags/weekly_segment.py for tasks to queue
[2026-08-23T04:41:55.626+0000] {logging_mixin.py:190} INFO - [2026-08-23T04:41:55.626+0000] {dagbag.py:588} INFO - Filling up the DagBag from /opt/airflow/dags/weekly_segment.py
[2026-08-23T04:41:55.725+0000] {processor.py:925} INFO - DAG(s) 'weekly_segment' retrieved from /opt/airflow/dags/weekly_segment.py
[2026-08-23T04:41:55.744+0000] {logging_mixin.py:190} INFO - [2026-08-23T04:41:55.744+0000] {dag.py:3239} INFO - Sync 1 DAGs
[2026-08-23T04:41:55.856+0000] {logging_mixin.py:190} INFO - [2026-08-23T04:41:55.856+0000] {dag.py:4180} INFO - Setting next_dagrun for weekly_segment to 2026-08-22 16:00:00+00:00, run_after=2026-08-29 16:00:00+00:00
[2026-08-23T04:41:55.868+0000] {processor.py:208} INFO - Processing /opt/airflow/dags/weekly_segment.py took 0.251 seconds
[2026-08-23T04:42:26.122+0000] {processor.py:186} INFO - Started process (PID=4856) to work on /opt/airflow/dags/weekly_segment.py
[2026-08-23T04:42:26.123+0000] {processor.py:914} INFO - Processing file /opt/airflow/dags/weekly_segment.py for tasks to queue
[2026-08-23T04:42:26.125+0000] {logging_mixin.py:190} INFO - [2026-08-23T04:42:26.125+0000] {dagbag.py:588} INFO - Filling up the DagBag from /opt/airflow/dags/weekly_segment.py
[2026-08-23T04:42:26.228+0000] {processor.py:925} INFO - DAG(s) 'weekly_segment' retrieved from /opt/airflow/dags/weekly_segment.py
[2026-08-23T04:42:26.250+0000] {logging_mixin.py:190} INFO - [2026-08-23T04:42:26.250+0000] {dag.py:3239} INFO - Sync 1 DAGs
[2026-08-23T04:42:26.383+0000] {logging_mixin.py:190} INFO - [2026-08-23T04:42:26.382+0000] {dag.py:4180} INFO - Setting next_dagrun for weekly_segment to 2026-08-22 16:00:00+00:00, run_after=2026-08-29 16:00:00+00:00
[2026-08-23T04:42:26.396+0000] {processor.py:208} INFO - Processing /opt/airflow/dags/weekly_segment.py took 0.280 seconds
[2026-08-23T04:42:56.676+0000] {processor.py:186} INFO - Started process (PID=4866) to work on /opt/airflow/dags/weekly_segment.py
[2026-08-23T04:42:56.677+0000] {processor.py:914} INFO - Processing file /opt/airflow/dags/weekly_segment.py for tasks to queue
[2026-08-23T04:42:56.679+0000] {logging_mixin.py:190} INFO - [2026-08-23T04:42:56.679+0000] {dagbag.py:588} INFO - Filling up the DagBag from /opt/airflow/dags/weekly_segment.py
[2026-08-23T04:42:56.775+0000] {processor.py:925} INFO - DAG(s) 'weekly_segment' retrieved from /opt/airflow/dags/weekly_segment.py
[2026-08-23T04:42:56.797+0000] {logging_mixin.py:190} INFO - [2026-08-23T04:42:56.797+0000] {dag.py:3239} INFO - Sync 1 DAGs
[2026-08-23T04:42:56.815+0000] {logging_mixin.py:190} INFO - [2026-08-23T04:42:56.815+0000] {dag.py:4180} INFO - Setting next_dagrun for weekly_segment to 2026-08-22 16:00:00+00:00, run_after=2026-08-29 16:00:00+00:00
[2026-08-23T04:42:56.834+0000] {processor.py:208} INFO - Processing /opt/airflow/dags/weekly_segment.py took 0.163 seconds
[2026-08-23T04:43:26.982+0000] {processor.py:186} INFO - Started process (PID=4876) to work on /opt/airflow/dags/weekly_segment.py
[2026-08-23T04:43:26.983+0000] {processor.py:914} INFO - Processing file /opt/airflow/dags/weekly_segment.py for tasks to queue
[2026-08-23T04:43:26.985+0000] {logging_mixin.py:190} INFO - [2026-08-23T04:43:26.985+0000] {dagbag.py:588} INFO - Filling up the DagBag from /opt/airflow/dags/weekly_segment.py
[2026-08-23T04:43:27.075+0000] {processor.py:925} INFO - DAG(s) 'weekly_segment' retrieved from /opt/airflow/dags/weekly_segment.py
[2026-08-23T04:43:27.096+0000] {logging_mixin.py:190} INFO - [2026-08-23T04:43:27.095+0000] {dag.py:3239} INFO - Sync 1 DAGs
[2026-08-23T04:43:27.111+0000] {logging_mixin.py:190} INFO - [2026-08-23T04:43:27.111+0000] {dag.py:4180} INFO - Setting next_dagrun for weekly_segment to 2026-08-22 16:00:00+00:00, run_after=2026-08-29 16:00:00+00:00
[2026-08-23T04:43:27.130+0000] {processor.py:208} INFO - Processing /opt/airflow/dags/weekly_segment.py took 0.154 seconds
[2026-08-23T04:43:57.396+0000] {processor.py:186} INFO - Started process (PID=4886) to work on /opt/airflow/dags/weekly_segment.py
[2026-08-23T04:43:57.397+0000] {processor.py:914} INFO - Processing file /opt/airflow/dags/weekly_segment.py for tasks to queue
[2026-08-23T04:43:57.399+0000] {logging_mixin.py:190} INFO - [2026-08-23T04:43:57.399+0000] {dagbag.py:588} INFO - Filling up the DagBag from /opt/airflow/dags/weekly_segment.py
[2026-08-23T04:43:57.491+0000] {processor.py:925} INFO - DAG(s) 'weekly_segment' retrieved from /opt/airflow/dags/weekly_segment.py
[2026-08-23T04:43:57.511+0000] {logging_mixin.py:190} INFO - [2026-08-23T04:43:57.511+0000] {dag.py:3239} INFO - Sync 1 DAGs
[2026-08-23T04:43:57.529+0000] {logging_mixin.py:190} INFO - [2026-08-23T04:43:57.529+0000] {dag.py:4180} INFO - Setting next_dagrun for weekly_segment to 2026-08-22 16:00:00+00:00, run_after=2026-08-29 16:00:00+00:00
[2026-08-23T04:43:57.542+0000] {processor.py:208} INFO - Processing /opt/airflow/dags/weekly_segment.py took 0.152 seconds
[2026-08-23T04:44:27.636+0000] {processor.py:186} INFO - Started process (PID=4896) to work on /opt/airflow/dags/weekly_segment.py
[2026-08-23T04:44:27.637+0000] {processor.py:914} INFO - Processing file /opt/airflow/dags/weekly_segment.py for tasks to queue
[2026-08-23T04:44:27.640+0000] {logging_mixin.py:190} INFO - [2026-08-23T04:44:27.640+0000] {dagbag.py:588} INFO - Filling up the DagBag from /opt/airflow/dags/weekly_segment.py
[2026-08-23T04:44:27.743+0000] {processor.py:925} INFO - DAG(s) 'weekly_segment' retrieved from /opt/airflow/dags/weekly_segment.py
[2026-08-23T04:44:27.762+0000] {logging_mixin.py:190} INFO - [2026-08-23T04:44:27.762+0000] {dag.py:3239} INFO - Sync 1 DAGs
[2026-08-23T04:44:27.778+0000] {logging_mixin.py:190} INFO - [2026-08-23T04:44:27.778+0000] {dag.py:4180} INFO - Setting next_dagrun for weekly_segment to 2026-08-22 16:00:00+00:00, run_after=2026-08-29 16:00:00+00:00
[2026-08-23T04:44:27.892+0000] {processor.py:208} INFO - Processing /opt/airflow/dags/weekly_segment.py took 0.262 seconds
[2026-08-23T04:44:58.119+0000] {processor.py:186} INFO - Started process (PID=4906) to work on /opt/airflow/dags/weekly_segment.py
[2026-08-23T04:44:58.120+0000] {processor.py:914} INFO - Processing file /opt/airflow/dags/weekly_segment.py for tasks to queue
[2026-08-23T04:44:58.122+0000] {logging_mixin.py:190} INFO - [2026-08-23T04:44:58.122+0000] {dagbag.py:588} INFO - Filling up the DagBag from /opt/airflow/dags/weekly_segment.py
[2026-08-23T04:44:58.213+0000] {processor.py:925} INFO - DAG(s) 'weekly_segment' retrieved from /opt/airflow/dags/weekly_segment.py
[2026-08-23T04:44:58.233+0000] {logging_mixin.py:190} INFO - [2026-08-23T04:44:58.232+0000] {dag.py:3239} INFO - Sync 1 DAGs
[2026-08-23T04:44:58.353+0000] {logging_mixin.py:190} INFO - [2026-08-23T04:44:58.353+0000] {dag.py:4180} INFO - Setting next_dagrun for weekly_segment to 2026-08-22 16:00:00+00:00, run_after=2026-08-29 16:00:00+00:00
[2026-08-23T04:44:58.367+0000] {processor.py:208} INFO - Processing /opt/airflow/dags/weekly_segment.py took 0.254 seconds
[2026-08-23T04:45:28.672+0000] {processor.py:186} INFO - Started process (PID=4916) to work on /opt/airflow/dags/weekly_segment.py
[2026-08-23T04:45:28.673+0000] {processor.py:914} INFO - Processing file /opt/airflow/dags/weekly_segment.py for tasks to queue
[2026-08-23T04:45:28.675+0000] {logging_mixin.py:190} INFO - [2026-08-23T04:45:28.675+0000] {dagbag.py:588} INFO - Filling up the DagBag from /opt/airflow/dags/weekly_segment.py
[2026-08-23T04:45:28.777+0000] {processor.py:925} INFO - DAG(s) 'weekly_segment' retrieved from /opt/airflow/dags/weekly_segment.py
[2026-08-23T04:45:28.798+0000] {logging_mixin.py:190} INFO - [2026-08-23T04:45:28.798+0000] {dag.py:3239} INFO - Sync 1 DAGs
[2026-08-23T04:45:28.916+0000] {logging_mixin.py:190} INFO - [2026-08-23T04:45:28.916+0000] {dag.py:4180} INFO - Setting next_dagrun for weekly_segment to 2026-08-22 16:00:00+00:00, run_after=2026-08-29 16:00:00+00:00
[2026-08-23T04:45:28.930+0000] {processor.py:208} INFO - Processing /opt/airflow/dags/weekly_segment.py took 0.265 seconds
[2026-08-23T04:45:59.112+0000] {processor.py:186} INFO - Started process (PID=4926) to work on /opt/airflow/dags/weekly_segment.py
[2026-08-23T04:45:59.113+0000] {processor.py:914} INFO - Processing file /opt/airflow/dags/weekly_segment.py for tasks to queue
[2026-08-23T04:45:59.114+0000] {logging_mixin.py:190} INFO - [2026-08-23T04:45:59.114+0000] {dagbag.py:588} INFO - Filling up the DagBag from /opt/airflow/dags/weekly_segment.py
[2026-08-23T04:45:59.214+0000] {processor.py:925} INFO - DAG(s) 'weekly_segment' retrieved from /opt/airflow/dags/weekly_segment.py
[2026-08-23T04:45:59.233+0000] {logging_mixin.py:190} INFO - [2026-08-23T04:45:59.233+0000] {dag.py:3239} INFO - Sync 1 DAGs
[2026-08-23T04:45:59.249+0000] {logging_mixin.py:190} INFO - [2026-08-23T04:45:59.249+0000] {dag.py:4180} INFO - Setting next_dagrun for weekly_segment to 2026-08-22 16:00:00+00:00, run_after=2026-08-29 16:00:00+00:00
[2026-08-23T04:45:59.261+0000] {processor.py:208} INFO - Processing /opt/airflow/dags/weekly_segment.py took 0.155 seconds
[2026-08-23T04:46:29.363+0000] {processor.py:186} INFO - Started process (PID=4936) to work on /opt/airflow/dags/weekly_segment.py
[2026-08-23T04:46:29.364+0000] {processor.py:914} INFO - Processing file /opt/airflow/dags/weekly_segment.py for tasks to queue
[2026-08-23T04:46:29.366+0000] {logging_mixin.py:190} INFO - [2026-08-23T04:46:29.366+0000] {dagbag.py:588} INFO - Filling up the DagBag from /opt/airflow/dags/weekly_segment.py
[2026-08-23T04:46:29.465+0000] {processor.py:925} INFO - DAG(s) 'weekly_segment' retrieved from /opt/airflow/dags/weekly_segment.py
[2026-08-23T04:46:29.489+0000] {logging_mixin.py:190} INFO - [2026-08-23T04:46:29.489+0000] {dag.py:3239} INFO - Sync 1 DAGs
[2026-08-23T04:46:29.506+0000] {logging_mixin.py:190} INFO - [2026-08-23T04:46:29.506+0000] {dag.py:4180} INFO - Setting next_dagrun for weekly_segment to 2026-08-22 16:00:00+00:00, run_after=2026-08-29 16:00:00+00:00
[2026-08-23T04:46:29.520+0000] {processor.py:208} INFO - Processing /opt/airflow/dags/weekly_segment.py took 0.164 seconds
[2026-08-23T04:46:59.665+0000] {processor.py:186} INFO - Started process (PID=4946) to work on /opt/airflow/dags/weekly_segment.py
[2026-08-23T04:46:59.666+0000] {processor.py:914} INFO - Processing file /opt/airflow/dags/weekly_segment.py for tasks to queue
[2026-08-23T04:46:59.668+0000] {logging_mixin.py:190} INFO - [2026-08-23T04:46:59.668+0000] {dagbag.py:588} INFO - Filling up the DagBag from /opt/airflow/dags/weekly_segment.py
[2026-08-23T04:46:59.768+0000] {processor.py:925} INFO - DAG(s) 'weekly_segment' retrieved from /opt/airflow/dags/weekly_segment.py
[2026-08-23T04:46:59.791+0000] {logging_mixin.py:190} INFO - [2026-08-23T04:46:59.791+0000] {dag.py:3239} INFO - Sync 1 DAGs
[2026-08-23T04:46:59.808+0000] {logging_mixin.py:190} INFO - [2026-08-23T04:46:59.808+0000] {dag.py:4180} INFO - Setting next_dagrun for weekly_segment to 2026-08-22 16:00:00+00:00, run_after=2026-08-29 16:00:00+00:00
[2026-08-23T04:46:59.824+0000] {processor.py:208} INFO - Processing /opt/airflow/dags/weekly_segment.py took 0.167 seconds
[2026-08-23T04:47:29.876+0000] {processor.py:186} INFO - Started process (PID=4956) to work on /opt/airflow/dags/weekly_segment.py
[2026-08-23T04:47:29.877+0000] {processor.py:914} INFO - Processing file /opt/airflow/dags/weekly_segment.py for tasks to queue
[2026-08-23T04:47:29.879+0000] {logging_mixin.py:190} INFO - [2026-08-23T04:47:29.879+0000] {dagbag.py:588} INFO - Filling up the DagBag from /opt/airflow/dags/weekly_segment.py
[2026-08-23T04:47:29.967+0000] {processor.py:925} INFO - DAG(s) 'weekly_segment' retrieved from /opt/airflow/dags/weekly_segment.py
[2026-08-23T04:47:29.986+0000] {logging_mixin.py:190} INFO - [2026-08-23T04:47:29.986+0000] {dag.py:3239} INFO - Sync 1 DAGs
[2026-08-23T04:47:30.095+0000] {logging_mixin.py:190} INFO - [2026-08-23T04:47:30.095+0000] {dag.py:4180} INFO - Setting next_dagrun for weekly_segment to 2026-08-22 16:00:00+00:00, run_after=2026-08-29 16:00:00+00:00
[2026-08-23T04:47:30.106+0000] {processor.py:208} INFO - Processing /opt/airflow/dags/weekly_segment.py took 0.236 seconds
[2026-08-23T04:48:00.302+0000] {processor.py:186} INFO - Started process (PID=4966) to work on /opt/airflow/dags/weekly_segment.py
[2026-08-23T04:48:00.303+0000] {processor.py:914} INFO - Processing file /opt/airflow/dags/weekly_segment.py for tasks to queue
[2026-08-23T04:48:00.306+0000] {logging_mixin.py:190} INFO - [2026-08-23T04:48:00.305+0000] {dagbag.py:588} INFO - Filling up the DagBag from /opt/airflow/dags/weekly_segment.py
[2026-08-23T04:48:00.399+0000] {processor.py:925} INFO - DAG(s) 'weekly_segment' retrieved from /opt/airflow/dags/weekly_segment.py
[2026-08-23T04:48:00.423+0000] {logging_mixin.py:190} INFO - [2026-08-23T04:48:00.423+0000] {dag.py:3239} INFO - Sync 1 DAGs
[2026-08-23T04:48:00.596+0000] {logging_mixin.py:190} INFO - [2026-08-23T04:48:00.596+0000] {dag.py:4180} INFO - Setting next_dagrun for weekly_segment to 2026-08-22 16:00:00+00:00, run_after=2026-08-29 16:00:00+00:00
[2026-08-23T04:48:00.616+0000] {processor.py:208} INFO - Processing /opt/airflow/dags/weekly_segment.py took 0.322 seconds
[2026-08-23T04:48:30.831+0000] {processor.py:186} INFO - Started process (PID=4976) to work on /opt/airflow/dags/weekly_segment.py
[2026-08-23T04:48:30.832+0000] {processor.py:914} INFO - Processing file /opt/airflow/dags/weekly_segment.py for tasks to queue
[2026-08-23T04:48:30.833+0000] {logging_mixin.py:190} INFO - [2026-08-23T04:48:30.833+0000] {dagbag.py:588} INFO - Filling up the DagBag from /opt/airflow/dags/weekly_segment.py
[2026-08-23T04:48:30.932+0000] {processor.py:925} INFO - DAG(s) 'weekly_segment' retrieved from /opt/airflow/dags/weekly_segment.py
[2026-08-23T04:48:30.954+0000] {logging_mixin.py:190} INFO - [2026-08-23T04:48:30.953+0000] {dag.py:3239} INFO - Sync 1 DAGs
[2026-08-23T04:48:30.970+0000] {logging_mixin.py:190} INFO - [2026-08-23T04:48:30.970+0000] {dag.py:4180} INFO - Setting next_dagrun for weekly_segment to 2026-08-22 16:00:00+00:00, run_after=2026-08-29 16:00:00+00:00
[2026-08-23T04:48:30.988+0000] {processor.py:208} INFO - Processing /opt/airflow/dags/weekly_segment.py took 0.163 seconds
[2026-08-23T04:49:01.069+0000] {processor.py:186} INFO - Started process (PID=4986) to work on /opt/airflow/dags/weekly_segment.py
[2026-08-23T04:49:01.070+0000] {processor.py:914} INFO - Processing file /opt/airflow/dags/weekly_segment.py for tasks to queue
[2026-08-23T04:49:01.072+0000] {logging_mixin.py:190} INFO - [2026-08-23T04:49:01.072+0000] {dagbag.py:588} INFO - Filling up the DagBag from /opt/airflow/dags/weekly_segment.py
[2026-08-23T04:49:01.166+0000] {processor.py:925} INFO - DAG(s) 'weekly_segment' retrieved from /opt/airflow/dags/weekly_segment.py
[2026-08-23T04:49:01.187+0000] {logging_mixin.py:190} INFO - [2026-08-23T04:49:01.187+0000] {dag.py:3239} INFO - Sync 1 DAGs
[2026-08-23T04:49:01.203+0000] {logging_mixin.py:190} INFO - [2026-08-23T04:49:01.202+0000] {dag.py:4180} INFO - Setting next_dagrun for weekly_segment to 2026-08-22 16:00:00+00:00, run_after=2026-08-29 16:00:00+00:00
[2026-08-23T04:49:01.219+0000] {processor.py:208} INFO - Processing /opt/airflow/dags/weekly_segment.py took 0.157 seconds
[2026-08-23T04:49:31.366+0000] {processor.py:186} INFO - Started process (PID=4996) to work on /opt/airflow/dags/weekly_segment.py
[2026-08-23T04:49:31.367+0000] {processor.py:914} INFO - Processing file /opt/airflow/dags/weekly_segment.py for tasks to queue
[2026-08-23T04:49:31.369+0000] {logging_mixin.py:190} INFO - [2026-08-23T04:49:31.368+0000] {dagbag.py:588} INFO - Filling up the DagBag from /opt/airflow/dags/weekly_segment.py
[2026-08-23T04:49:31.462+0000] {processor.py:925} INFO - DAG(s) 'weekly_segment' retrieved from /opt/airflow/dags/weekly_segment.py
[2026-08-23T04:49:31.482+0000] {logging_mixin.py:190} INFO - [2026-08-23T04:49:31.482+0000] {dag.py:3239} INFO - Sync 1 DAGs
[2026-08-23T04:49:31.499+0000] {logging_mixin.py:190} INFO - [2026-08-23T04:49:31.498+0000] {dag.py:4180} INFO - Setting next_dagrun for weekly_segment to 2026-08-22 16:00:00+00:00, run_after=2026-08-29 16:00:00+00:00
[2026-08-23T04:49:31.512+0000] {processor.py:208} INFO - Processing /opt/airflow/dags/weekly_segment.py took 0.152 seconds
[2026-08-23T04:50:01.728+0000] {processor.py:186} INFO - Started process (PID=5006) to work on /opt/airflow/dags/weekly_segment.py
[2026-08-23T04:50:01.729+0000] {processor.py:914} INFO - Processing file /opt/airflow/dags/weekly_segment.py for tasks to queue
[2026-08-23T04:50:01.732+0000] {logging_mixin.py:190} INFO - [2026-08-23T04:50:01.731+0000] {dagbag.py:588} INFO - Filling up the DagBag from /opt/airflow/dags/weekly_segment.py
[2026-08-23T04:50:01.845+0000] {processor.py:925} INFO - DAG(s) 'weekly_segment' retrieved from /opt/airflow/dags/weekly_segment.py
[2026-08-23T04:50:01.867+0000] {logging_mixin.py:190} INFO - [2026-08-23T04:50:01.867+0000] {dag.py:3239} INFO - Sync 1 DAGs
[2026-08-23T04:50:01.887+0000] {logging_mixin.py:190} INFO - [2026-08-23T04:50:01.886+0000] {dag.py:4180} INFO - Setting next_dagrun for weekly_segment to 2026-08-22 16:00:00+00:00, run_after=2026-08-29 16:00:00+00:00
[2026-08-23T04:50:02.022+0000] {processor.py:208} INFO - Processing /opt/airflow/dags/weekly_segment.py took 0.301 seconds
[2026-08-23T04:50:32.301+0000] {processor.py:186} INFO - Started process (PID=5016) to work on /opt/airflow/dags/weekly_segment.py
[2026-08-23T04:50:32.302+0000] {processor.py:914} INFO - Processing file /opt/airflow/dags/weekly_segment.py for tasks to queue
[2026-08-23T04:50:32.304+0000] {logging_mixin.py:190} INFO - [2026-08-23T04:50:32.303+0000] {dagbag.py:588} INFO - Filling up the DagBag from /opt/airflow/dags/weekly_segment.py
[2026-08-23T04:50:32.399+0000] {processor.py:925} INFO - DAG(s) 'weekly_segment' retrieved from /opt/airflow/dags/weekly_segment.py
[2026-08-23T04:50:32.420+0000] {logging_mixin.py:190} INFO - [2026-08-23T04:50:32.420+0000] {dag.py:3239} INFO - Sync 1 DAGs
[2026-08-23T04:50:32.540+0000] {logging_mixin.py:190} INFO - [2026-08-23T04:50:32.540+0000] {dag.py:4180} INFO - Setting next_dagrun for weekly_segment to 2026-08-22 16:00:00+00:00, run_after=2026-08-29 16:00:00+00:00
[2026-08-23T04:50:32.552+0000] {processor.py:208} INFO - Processing /opt/airflow/dags/weekly_segment.py took 0.257 seconds
[2026-08-23T04:51:02.812+0000] {processor.py:186} INFO - Started process (PID=5026) to work on /opt/airflow/dags/weekly_segment.py
[2026-08-23T04:51:02.812+0000] {processor.py:914} INFO - Processing file /opt/airflow/dags/weekly_segment.py for tasks to queue
[2026-08-23T04:51:02.814+0000] {logging_mixin.py:190} INFO - [2026-08-23T04:51:02.814+0000] {dagbag.py:588} INFO - Filling up the DagBag from /opt/airflow/dags/weekly_segment.py
[2026-08-23T04:51:02.919+0000] {processor.py:925} INFO - DAG(s) 'weekly_segment' retrieved from /opt/airflow/dags/weekly_segment.py
[2026-08-23T04:51:02.942+0000] {logging_mixin.py:190} INFO - [2026-08-23T04:51:02.942+0000] {dag.py:3239} INFO - Sync 1 DAGs
[2026-08-23T04:51:03.058+0000] {logging_mixin.py:190} INFO - [2026-08-23T04:51:03.058+0000] {dag.py:4180} INFO - Setting next_dagrun for weekly_segment to 2026-08-22 16:00:00+00:00, run_after=2026-08-29 16:00:00+00:00
[2026-08-23T04:51:03.071+0000] {processor.py:208} INFO - Processing /opt/airflow/dags/weekly_segment.py took 0.265 seconds
[2026-08-23T04:51:33.343+0000] {processor.py:186} INFO - Started process (PID=5036) to work on /opt/airflow/dags/weekly_segment.py
[2026-08-23T04:51:33.344+0000] {processor.py:914} INFO - Processing file /opt/airflow/dags/weekly_segment.py for tasks to queue
[2026-08-23T04:51:33.346+0000] {logging_mixin.py:190} INFO - [2026-08-23T04:51:33.346+0000] {dagbag.py:588} INFO - Filling up the DagBag from /opt/airflow/dags/weekly_segment.py
[2026-08-23T04:51:33.444+0000] {processor.py:925} INFO - DAG(s) 'weekly_segment' retrieved from /opt/airflow/dags/weekly_segment.py
[2026-08-23T04:51:33.465+0000] {logging_mixin.py:190} INFO - [2026-08-23T04:51:33.464+0000] {dag.py:3239} INFO - Sync 1 DAGs
[2026-08-23T04:51:33.480+0000] {logging_mixin.py:190} INFO - [2026-08-23T04:51:33.480+0000] {dag.py:4180} INFO - Setting next_dagrun for weekly_segment to 2026-08-22 16:00:00+00:00, run_after=2026-08-29 16:00:00+00:00
[2026-08-23T04:51:33.493+0000] {processor.py:208} INFO - Processing /opt/airflow/dags/weekly_segment.py took 0.157 seconds
[2026-08-23T04:52:03.599+0000] {processor.py:186} INFO - Started process (PID=5046) to work on /opt/airflow/dags/weekly_segment.py
[2026-08-23T04:52:03.600+0000] {processor.py:914} INFO - Processing file /opt/airflow/dags/weekly_segment.py for tasks to queue
[2026-08-23T04:52:03.602+0000] {logging_mixin.py:190} INFO - [2026-08-23T04:52:03.601+0000] {dagbag.py:588} INFO - Filling up the DagBag from /opt/airflow/dags/weekly_segment.py
[2026-08-23T04:52:03.692+0000] {processor.py:925} INFO - DAG(s) 'weekly_segment' retrieved from /opt/airflow/dags/weekly_segment.py
[2026-08-23T04:52:03.712+0000] {logging_mixin.py:190} INFO - [2026-08-23T04:52:03.712+0000] {dag.py:3239} INFO - Sync 1 DAGs
[2026-08-23T04:52:03.728+0000] {logging_mixin.py:190} INFO - [2026-08-23T04:52:03.728+0000] {dag.py:4180} INFO - Setting next_dagrun for weekly_segment to 2026-08-22 16:00:00+00:00, run_after=2026-08-29 16:00:00+00:00
[2026-08-23T04:52:03.744+0000] {processor.py:208} INFO - Processing /opt/airflow/dags/weekly_segment.py took 0.151 seconds
[2026-08-23T04:52:34.039+0000] {processor.py:186} INFO - Started process (PID=5056) to work on /opt/airflow/dags/weekly_segment.py
[2026-08-23T04:52:34.040+0000] {processor.py:914} INFO - Processing file /opt/airflow/dags/weekly_segment.py for tasks to queue
[2026-08-23T04:52:34.042+0000] {logging_mixin.py:190} INFO - [2026-08-23T04:52:34.042+0000] {dagbag.py:588} INFO - Filling up the DagBag from /opt/airflow/dags/weekly_segment.py
[2026-08-23T04:52:34.131+0000] {processor.py:925} INFO - DAG(s) 'weekly_segment' retrieved from /opt/airflow/dags/weekly_segment.py
[2026-08-23T04:52:34.152+0000] {logging_mixin.py:190} INFO - [2026-08-23T04:52:34.152+0000] {dag.py:3239} INFO - Sync 1 DAGs
[2026-08-23T04:52:34.168+0000] {logging_mixin.py:190} INFO - [2026-08-23T04:52:34.168+0000] {dag.py:4180} INFO - Setting next_dagrun for weekly_segment to 2026-08-22 16:00:00+00:00, run_after=2026-08-29 16:00:00+00:00
[2026-08-23T04:52:34.181+0000] {processor.py:208} INFO - Processing /opt/airflow/dags/weekly_segment.py took 0.149 seconds
[2026-08-23T04:53:04.368+0000] {processor.py:186} INFO - Started process (PID=5066) to work on /opt/airflow/dags/weekly_segment.py
[2026-08-23T04:53:04.369+0000] {processor.py:914} INFO - Processing file /opt/airflow/dags/weekly_segment.py for tasks to queue
[2026-08-23T04:53:04.371+0000] {logging_mixin.py:190} INFO - [2026-08-23T04:53:04.371+0000] {dagbag.py:588} INFO - Filling up the DagBag from /opt/airflow/dags/weekly_segment.py
[2026-08-23T04:53:04.477+0000] {processor.py:925} INFO - DAG(s) 'weekly_segment' retrieved from /opt/airflow/dags/weekly_segment.py
[2026-08-23T04:53:04.498+0000] {logging_mixin.py:190} INFO - [2026-08-23T04:53:04.498+0000] {dag.py:3239} INFO - Sync 1 DAGs
[2026-08-23T04:53:04.623+0000] {logging_mixin.py:190} INFO - [2026-08-23T04:53:04.622+0000] {dag.py:4180} INFO - Setting next_dagrun for weekly_segment to 2026-08-22 16:00:00+00:00, run_after=2026-08-29 16:00:00+00:00
[2026-08-23T04:53:04.636+0000] {processor.py:208} INFO - Processing /opt/airflow/dags/weekly_segment.py took 0.274 seconds
[2026-08-23T04:53:34.823+0000] {processor.py:186} INFO - Started process (PID=5076) to work on /opt/airflow/dags/weekly_segment.py
[2026-08-23T04:53:34.824+0000] {processor.py:914} INFO - Processing file /opt/airflow/dags/weekly_segment.py for tasks to queue
[2026-08-23T04:53:34.826+0000] {logging_mixin.py:190} INFO - [2026-08-23T04:53:34.826+0000] {dagbag.py:588} INFO - Filling up the DagBag from /opt/airflow/dags/weekly_segment.py
[2026-08-23T04:53:34.933+0000] {processor.py:925} INFO - DAG(s) 'weekly_segment' retrieved from /opt/airflow/dags/weekly_segment.py
[2026-08-23T04:53:34.956+0000] {logging_mixin.py:190} INFO - [2026-08-23T04:53:34.955+0000] {dag.py:3239} INFO - Sync 1 DAGs
[2026-08-23T04:53:35.088+0000] {logging_mixin.py:190} INFO - [2026-08-23T04:53:35.087+0000] {dag.py:4180} INFO - Setting next_dagrun for weekly_segment to 2026-08-22 16:00:00+00:00, run_after=2026-08-29 16:00:00+00:00
[2026-08-23T04:53:35.101+0000] {processor.py:208} INFO - Processing /opt/airflow/dags/weekly_segment.py took 0.285 seconds
[2026-08-23T04:54:05.331+0000] {processor.py:186} INFO - Started process (PID=5086) to work on /opt/airflow/dags/weekly_segment.py
[2026-08-23T04:54:05.332+0000] {processor.py:914} INFO - Processing file /opt/airflow/dags/weekly_segment.py for tasks to queue
[2026-08-23T04:54:05.335+0000] {logging_mixin.py:190} INFO - [2026-08-23T04:54:05.334+0000] {dagbag.py:588} INFO - Filling up the DagBag from /opt/airflow/dags/weekly_segment.py
[2026-08-23T04:54:05.433+0000] {processor.py:925} INFO - DAG(s) 'weekly_segment' retrieved from /opt/airflow/dags/weekly_segment.py
[2026-08-23T04:54:05.561+0000] {logging_mixin.py:190} INFO - [2026-08-23T04:54:05.561+0000] {dag.py:3239} INFO - Sync 1 DAGs
[2026-08-23T04:54:05.576+0000] {logging_mixin.py:190} INFO - [2026-08-23T04:54:05.576+0000] {dag.py:4180} INFO - Setting next_dagrun for weekly_segment to 2026-08-22 16:00:00+00:00, run_after=2026-08-29 16:00:00+00:00
[2026-08-23T04:54:05.589+0000] {processor.py:208} INFO - Processing /opt/airflow/dags/weekly_segment.py took 0.263 seconds
[2026-08-23T04:54:35.855+0000] {processor.py:186} INFO - Started process (PID=5096) to work on /opt/airflow/dags/weekly_segment.py
[2026-08-23T04:54:35.856+0000] {processor.py:914} INFO - Processing file /opt/airflow/dags/weekly_segment.py for tasks to queue
[2026-08-23T04:54:35.858+0000] {logging_mixin.py:190} INFO - [2026-08-23T04:54:35.858+0000] {dagbag.py:588} INFO - Filling up the DagBag from /opt/airflow/dags/weekly_segment.py
[2026-08-23T04:54:35.956+0000] {processor.py:925} INFO - DAG(s) 'weekly_segment' retrieved from /opt/airflow/dags/weekly_segment.py
[2026-08-23T04:54:35.976+0000] {logging_mixin.py:190} INFO - [2026-08-23T04:54:35.976+0000] {dag.py:3239} INFO - Sync 1 DAGs
[2026-08-23T04:54:35.993+0000] {logging_mixin.py:190} INFO - [2026-08-23T04:54:35.993+0000] {dag.py:4180} INFO - Setting next_dagrun for weekly_segment to 2026-08-22 16:00:00+00:00, run_after=2026-08-29 16:00:00+00:00
[2026-08-23T04:54:36.011+0000] {processor.py:208} INFO - Processing /opt/airflow/dags/weekly_segment.py took 0.164 seconds
[2026-08-23T04:55:06.179+0000] {processor.py:186} INFO - Started process (PID=5106) to work on /opt/airflow/dags/weekly_segment.py
[2026-08-23T04:55:06.179+0000] {processor.py:914} INFO - Processing file /opt/airflow/dags/weekly_segment.py for tasks to queue
[2026-08-23T04:55:06.181+0000] {logging_mixin.py:190} INFO - [2026-08-23T04:55:06.181+0000] {dagbag.py:588} INFO - Filling up the DagBag from /opt/airflow/dags/weekly_segment.py
[2026-08-23T04:55:06.281+0000] {processor.py:925} INFO - DAG(s) 'weekly_segment' retrieved from /opt/airflow/dags/weekly_segment.py
[2026-08-23T04:55:06.301+0000] {logging_mixin.py:190} INFO - [2026-08-23T04:55:06.301+0000] {dag.py:3239} INFO - Sync 1 DAGs
[2026-08-23T04:55:06.317+0000] {logging_mixin.py:190} INFO - [2026-08-23T04:55:06.317+0000] {dag.py:4180} INFO - Setting next_dagrun for weekly_segment to 2026-08-22 16:00:00+00:00, run_after=2026-08-29 16:00:00+00:00
[2026-08-23T04:55:06.330+0000] {processor.py:208} INFO - Processing /opt/airflow/dags/weekly_segment.py took 0.157 seconds
[2026-08-23T04:55:36.545+0000] {processor.py:186} INFO - Started process (PID=5116) to work on /opt/airflow/dags/weekly_segment.py
[2026-08-23T04:55:36.546+0000] {processor.py:914} INFO - Processing file /opt/airflow/dags/weekly_segment.py for tasks to queue
[2026-08-23T04:55:36.548+0000] {logging_mixin.py:190} INFO - [2026-08-23T04:55:36.548+0000] {dagbag.py:588} INFO - Filling up the DagBag from /opt/airflow/dags/weekly_segment.py
[2026-08-23T04:55:36.651+0000] {processor.py:925} INFO - DAG(s) 'weekly_segment' retrieved from /opt/airflow/dags/weekly_segment.py
[2026-08-23T04:55:36.674+0000] {logging_mixin.py:190} INFO - [2026-08-23T04:55:36.674+0000] {dag.py:3239} INFO - Sync 1 DAGs
[2026-08-23T04:55:36.693+0000] {logging_mixin.py:190} INFO - [2026-08-23T04:55:36.693+0000] {dag.py:4180} INFO - Setting next_dagrun for weekly_segment to 2026-08-22 16:00:00+00:00, run_after=2026-08-29 16:00:00+00:00
[2026-08-23T04:55:36.831+0000] {processor.py:208} INFO - Processing /opt/airflow/dags/weekly_segment.py took 0.293 seconds
[2026-08-23T04:56:07.049+0000] {processor.py:186} INFO - Started process (PID=5126) to work on /opt/airflow/dags/weekly_segment.py
[2026-08-23T04:56:07.050+0000] {processor.py:914} INFO - Processing file /opt/airflow/dags/weekly_segment.py for tasks to queue
[2026-08-23T04:56:07.053+0000] {logging_mixin.py:190} INFO - [2026-08-23T04:56:07.053+0000] {dagbag.py:588} INFO - Filling up the DagBag from /opt/airflow/dags/weekly_segment.py
[2026-08-23T04:56:07.170+0000] {processor.py:925} INFO - DAG(s) 'weekly_segment' retrieved from /opt/airflow/dags/weekly_segment.py
[2026-08-23T04:56:07.190+0000] {logging_mixin.py:190} INFO - [2026-08-23T04:56:07.190+0000] {dag.py:3239} INFO - Sync 1 DAGs
[2026-08-23T04:56:07.311+0000] {logging_mixin.py:190} INFO - [2026-08-23T04:56:07.311+0000] {dag.py:4180} INFO - Setting next_dagrun for weekly_segment to 2026-08-22 16:00:00+00:00, run_after=2026-08-29 16:00:00+00:00
[2026-08-23T04:56:07.327+0000] {processor.py:208} INFO - Processing /opt/airflow/dags/weekly_segment.py took 0.287 seconds
[2026-08-23T04:56:37.590+0000] {processor.py:186} INFO - Started process (PID=5136) to work on /opt/airflow/dags/weekly_segment.py
[2026-08-23T04:56:37.590+0000] {processor.py:914} INFO - Processing file /opt/airflow/dags/weekly_segment.py for tasks to queue
[2026-08-23T04:56:37.593+0000] {logging_mixin.py:190} INFO - [2026-08-23T04:56:37.592+0000] {dagbag.py:588} INFO - Filling up the DagBag from /opt/airflow/dags/weekly_segment.py
[2026-08-23T04:56:37.697+0000] {processor.py:925} INFO - DAG(s) 'weekly_segment' retrieved from /opt/airflow/dags/weekly_segment.py
[2026-08-23T04:56:37.720+0000] {logging_mixin.py:190} INFO - [2026-08-23T04:56:37.720+0000] {dag.py:3239} INFO - Sync 1 DAGs
[2026-08-23T04:56:37.846+0000] {logging_mixin.py:190} INFO - [2026-08-23T04:56:37.846+0000] {dag.py:4180} INFO - Setting next_dagrun for weekly_segment to 2026-08-22 16:00:00+00:00, run_after=2026-08-29 16:00:00+00:00
[2026-08-23T04:56:37.860+0000] {processor.py:208} INFO - Processing /opt/airflow/dags/weekly_segment.py took 0.276 seconds
[2026-08-23T04:57:08.049+0000] {processor.py:186} INFO - Started process (PID=5146) to work on /opt/airflow/dags/weekly_segment.py
[2026-08-23T04:57:08.051+0000] {processor.py:914} INFO - Processing file /opt/airflow/dags/weekly_segment.py for tasks to queue
[2026-08-23T04:57:08.053+0000] {logging_mixin.py:190} INFO - [2026-08-23T04:57:08.053+0000] {dagbag.py:588} INFO - Filling up the DagBag from /opt/airflow/dags/weekly_segment.py
[2026-08-23T04:57:08.167+0000] {processor.py:925} INFO - DAG(s) 'weekly_segment' retrieved from /opt/airflow/dags/weekly_segment.py
[2026-08-23T04:57:08.190+0000] {logging_mixin.py:190} INFO - [2026-08-23T04:57:08.190+0000] {dag.py:3239} INFO - Sync 1 DAGs
[2026-08-23T04:57:08.209+0000] {logging_mixin.py:190} INFO - [2026-08-23T04:57:08.209+0000] {dag.py:4180} INFO - Setting next_dagrun for weekly_segment to 2026-08-22 16:00:00+00:00, run_after=2026-08-29 16:00:00+00:00
[2026-08-23T04:57:08.224+0000] {processor.py:208} INFO - Processing /opt/airflow/dags/weekly_segment.py took 0.181 seconds
[2026-08-23T04:57:38.399+0000] {processor.py:186} INFO - Started process (PID=5156) to work on /opt/airflow/dags/weekly_segment.py
[2026-08-23T04:57:38.399+0000] {processor.py:914} INFO - Processing file /opt/airflow/dags/weekly_segment.py for tasks to queue
[2026-08-23T04:57:38.401+0000] {logging_mixin.py:190} INFO - [2026-08-23T04:57:38.401+0000] {dagbag.py:588} INFO - Filling up the DagBag from /opt/airflow/dags/weekly_segment.py
[2026-08-23T04:57:38.504+0000] {processor.py:925} INFO - DAG(s) 'weekly_segment' retrieved from /opt/airflow/dags/weekly_segment.py
[2026-08-23T04:57:38.531+0000] {logging_mixin.py:190} INFO - [2026-08-23T04:57:38.531+0000] {dag.py:3239} INFO - Sync 1 DAGs
[2026-08-23T04:57:38.549+0000] {logging_mixin.py:190} INFO - [2026-08-23T04:57:38.549+0000] {dag.py:4180} INFO - Setting next_dagrun for weekly_segment to 2026-08-22 16:00:00+00:00, run_after=2026-08-29 16:00:00+00:00
[2026-08-23T04:57:38.564+0000] {processor.py:208} INFO - Processing /opt/airflow/dags/weekly_segment.py took 0.173 seconds
[2026-08-23T04:58:08.598+0000] {processor.py:186} INFO - Started process (PID=5166) to work on /opt/airflow/dags/weekly_segment.py
[2026-08-23T04:58:08.599+0000] {processor.py:914} INFO - Processing file /opt/airflow/dags/weekly_segment.py for tasks to queue
[2026-08-23T04:58:08.601+0000] {logging_mixin.py:190} INFO - [2026-08-23T04:58:08.601+0000] {dagbag.py:588} INFO - Filling up the DagBag from /opt/airflow/dags/weekly_segment.py
[2026-08-23T04:58:08.690+0000] {processor.py:925} INFO - DAG(s) 'weekly_segment' retrieved from /opt/airflow/dags/weekly_segment.py
[2026-08-23T04:58:08.709+0000] {logging_mixin.py:190} INFO - [2026-08-23T04:58:08.709+0000] {dag.py:3239} INFO - Sync 1 DAGs
[2026-08-23T04:58:08.725+0000] {logging_mixin.py:190} INFO - [2026-08-23T04:58:08.725+0000] {dag.py:4180} INFO - Setting next_dagrun for weekly_segment to 2026-08-22 16:00:00+00:00, run_after=2026-08-29 16:00:00+00:00
[2026-08-23T04:58:08.744+0000] {processor.py:208} INFO - Processing /opt/airflow/dags/weekly_segment.py took 0.151 seconds
[2026-08-23T04:58:38.828+0000] {processor.py:186} INFO - Started process (PID=5176) to work on /opt/airflow/dags/weekly_segment.py
[2026-08-23T04:58:38.829+0000] {processor.py:914} INFO - Processing file /opt/airflow/dags/weekly_segment.py for tasks to queue
[2026-08-23T04:58:38.831+0000] {logging_mixin.py:190} INFO - [2026-08-23T04:58:38.831+0000] {dagbag.py:588} INFO - Filling up the DagBag from /opt/airflow/dags/weekly_segment.py
[2026-08-23T04:58:38.936+0000] {processor.py:925} INFO - DAG(s) 'weekly_segment' retrieved from /opt/airflow/dags/weekly_segment.py
[2026-08-23T04:58:38.960+0000] {logging_mixin.py:190} INFO - [2026-08-23T04:58:38.959+0000] {dag.py:3239} INFO - Sync 1 DAGs
[2026-08-23T04:58:38.981+0000] {logging_mixin.py:190} INFO - [2026-08-23T04:58:38.981+0000] {dag.py:4180} INFO - Setting next_dagrun for weekly_segment to 2026-08-22 16:00:00+00:00, run_after=2026-08-29 16:00:00+00:00
[2026-08-23T04:58:39.124+0000] {processor.py:208} INFO - Processing /opt/airflow/dags/weekly_segment.py took 0.302 seconds
[2026-08-23T04:59:09.323+0000] {processor.py:186} INFO - Started process (PID=5186) to work on /opt/airflow/dags/weekly_segment.py
[2026-08-23T04:59:09.324+0000] {processor.py:914} INFO - Processing file /opt/airflow/dags/weekly_segment.py for tasks to queue
[2026-08-23T04:59:09.327+0000] {logging_mixin.py:190} INFO - [2026-08-23T04:59:09.326+0000] {dagbag.py:588} INFO - Filling up the DagBag from /opt/airflow/dags/weekly_segment.py
[2026-08-23T04:59:09.427+0000] {processor.py:925} INFO - DAG(s) 'weekly_segment' retrieved from /opt/airflow/dags/weekly_segment.py
[2026-08-23T04:59:09.452+0000] {logging_mixin.py:190} INFO - [2026-08-23T04:59:09.452+0000] {dag.py:3239} INFO - Sync 1 DAGs
[2026-08-23T04:59:09.592+0000] {logging_mixin.py:190} INFO - [2026-08-23T04:59:09.592+0000] {dag.py:4180} INFO - Setting next_dagrun for weekly_segment to 2026-08-22 16:00:00+00:00, run_after=2026-08-29 16:00:00+00:00
[2026-08-23T04:59:09.606+0000] {processor.py:208} INFO - Processing /opt/airflow/dags/weekly_segment.py took 0.289 seconds
[2026-08-23T04:59:39.841+0000] {processor.py:186} INFO - Started process (PID=5196) to work on /opt/airflow/dags/weekly_segment.py
[2026-08-23T04:59:39.842+0000] {processor.py:914} INFO - Processing file /opt/airflow/dags/weekly_segment.py for tasks to queue
[2026-08-23T04:59:39.844+0000] {logging_mixin.py:190} INFO - [2026-08-23T04:59:39.844+0000] {dagbag.py:588} INFO - Filling up the DagBag from /opt/airflow/dags/weekly_segment.py
[2026-08-23T04:59:39.968+0000] {processor.py:925} INFO - DAG(s) 'weekly_segment' retrieved from /opt/airflow/dags/weekly_segment.py
[2026-08-23T04:59:40.094+0000] {logging_mixin.py:190} INFO - [2026-08-23T04:59:40.094+0000] {dag.py:3239} INFO - Sync 1 DAGs
[2026-08-23T04:59:40.108+0000] {logging_mixin.py:190} INFO - [2026-08-23T04:59:40.108+0000] {dag.py:4180} INFO - Setting next_dagrun for weekly_segment to 2026-08-22 16:00:00+00:00, run_after=2026-08-29 16:00:00+00:00
[2026-08-23T04:59:40.120+0000] {processor.py:208} INFO - Processing /opt/airflow/dags/weekly_segment.py took 0.286 seconds
[2026-08-23T05:00:10.334+0000] {processor.py:186} INFO - Started process (PID=5206) to work on /opt/airflow/dags/weekly_segment.py
[2026-08-23T05:00:10.335+0000] {processor.py:914} INFO - Processing file /opt/airflow/dags/weekly_segment.py for tasks to queue
[2026-08-23T05:00:10.337+0000] {logging_mixin.py:190} INFO - [2026-08-23T05:00:10.337+0000] {dagbag.py:588} INFO - Filling up the DagBag from /opt/airflow/dags/weekly_segment.py
[2026-08-23T05:00:10.446+0000] {processor.py:925} INFO - DAG(s) 'weekly_segment' retrieved from /opt/airflow/dags/weekly_segment.py
[2026-08-23T05:00:10.469+0000] {logging_mixin.py:190} INFO - [2026-08-23T05:00:10.469+0000] {dag.py:3239} INFO - Sync 1 DAGs
[2026-08-23T05:00:10.488+0000] {logging_mixin.py:190} INFO - [2026-08-23T05:00:10.488+0000] {dag.py:4180} INFO - Setting next_dagrun for weekly_segment to 2026-08-22 16:00:00+00:00, run_after=2026-08-29 16:00:00+00:00
[2026-08-23T05:00:10.503+0000] {processor.py:208} INFO - Processing /opt/airflow/dags/weekly_segment.py took 0.175 seconds
[2026-08-23T05:00:40.567+0000] {processor.py:186} INFO - Started process (PID=5216) to work on /opt/airflow/dags/weekly_segment.py
[2026-08-23T05:00:40.568+0000] {processor.py:914} INFO - Processing file /opt/airflow/dags/weekly_segment.py for tasks to queue
[2026-08-23T05:00:40.570+0000] {logging_mixin.py:190} INFO - [2026-08-23T05:00:40.570+0000] {dagbag.py:588} INFO - Filling up the DagBag from /opt/airflow/dags/weekly_segment.py
[2026-08-23T05:00:40.697+0000] {processor.py:925} INFO - DAG(s) 'weekly_segment' retrieved from /opt/airflow/dags/weekly_segment.py
[2026-08-23T05:00:40.719+0000] {logging_mixin.py:190} INFO - [2026-08-23T05:00:40.719+0000] {dag.py:3239} INFO - Sync 1 DAGs
[2026-08-23T05:00:40.737+0000] {logging_mixin.py:190} INFO - [2026-08-23T05:00:40.737+0000] {dag.py:4180} INFO - Setting next_dagrun for weekly_segment to 2026-08-22 16:00:00+00:00, run_after=2026-08-29 16:00:00+00:00
[2026-08-23T05:00:40.753+0000] {processor.py:208} INFO - Processing /opt/airflow/dags/weekly_segment.py took 0.192 seconds
[2026-08-23T05:01:10.958+0000] {processor.py:186} INFO - Started process (PID=5226) to work on /opt/airflow/dags/weekly_segment.py
[2026-08-23T05:01:10.959+0000] {processor.py:914} INFO - Processing file /opt/airflow/dags/weekly_segment.py for tasks to queue
[2026-08-23T05:01:10.961+0000] {logging_mixin.py:190} INFO - [2026-08-23T05:01:10.961+0000] {dagbag.py:588} INFO - Filling up the DagBag from /opt/airflow/dags/weekly_segment.py
[2026-08-23T05:01:11.077+0000] {processor.py:925} INFO - DAG(s) 'weekly_segment' retrieved from /opt/airflow/dags/weekly_segment.py
[2026-08-23T05:01:11.100+0000] {logging_mixin.py:190} INFO - [2026-08-23T05:01:11.099+0000] {dag.py:3239} INFO - Sync 1 DAGs
[2026-08-23T05:01:11.118+0000] {logging_mixin.py:190} INFO - [2026-08-23T05:01:11.118+0000] {dag.py:4180} INFO - Setting next_dagrun for weekly_segment to 2026-08-22 16:00:00+00:00, run_after=2026-08-29 16:00:00+00:00
[2026-08-23T05:01:11.258+0000] {processor.py:208} INFO - Processing /opt/airflow/dags/weekly_segment.py took 0.308 seconds
[2026-08-23T05:01:41.528+0000] {processor.py:186} INFO - Started process (PID=5236) to work on /opt/airflow/dags/weekly_segment.py
[2026-08-23T05:01:41.529+0000] {processor.py:914} INFO - Processing file /opt/airflow/dags/weekly_segment.py for tasks to queue
[2026-08-23T05:01:41.531+0000] {logging_mixin.py:190} INFO - [2026-08-23T05:01:41.531+0000] {dagbag.py:588} INFO - Filling up the DagBag from /opt/airflow/dags/weekly_segment.py
[2026-08-23T05:01:41.629+0000] {processor.py:925} INFO - DAG(s) 'weekly_segment' retrieved from /opt/airflow/dags/weekly_segment.py
[2026-08-23T05:01:41.651+0000] {logging_mixin.py:190} INFO - [2026-08-23T05:01:41.651+0000] {dag.py:3239} INFO - Sync 1 DAGs
[2026-08-23T05:01:41.777+0000] {logging_mixin.py:190} INFO - [2026-08-23T05:01:41.777+0000] {dag.py:4180} INFO - Setting next_dagrun for weekly_segment to 2026-08-22 16:00:00+00:00, run_after=2026-08-29 16:00:00+00:00
[2026-08-23T05:01:41.800+0000] {processor.py:208} INFO - Processing /opt/airflow/dags/weekly_segment.py took 0.278 seconds
[2026-08-23T05:02:12.034+0000] {processor.py:186} INFO - Started process (PID=5246) to work on /opt/airflow/dags/weekly_segment.py
[2026-08-23T05:02:12.035+0000] {processor.py:914} INFO - Processing file /opt/airflow/dags/weekly_segment.py for tasks to queue
[2026-08-23T05:02:12.038+0000] {logging_mixin.py:190} INFO - [2026-08-23T05:02:12.037+0000] {dagbag.py:588} INFO - Filling up the DagBag from /opt/airflow/dags/weekly_segment.py
[2026-08-23T05:02:12.161+0000] {processor.py:925} INFO - DAG(s) 'weekly_segment' retrieved from /opt/airflow/dags/weekly_segment.py
[2026-08-23T05:02:12.185+0000] {logging_mixin.py:190} INFO - [2026-08-23T05:02:12.184+0000] {dag.py:3239} INFO - Sync 1 DAGs
[2026-08-23T05:02:12.328+0000] {logging_mixin.py:190} INFO - [2026-08-23T05:02:12.328+0000] {dag.py:4180} INFO - Setting next_dagrun for weekly_segment to 2026-08-22 16:00:00+00:00, run_after=2026-08-29 16:00:00+00:00
[2026-08-23T05:02:12.342+0000] {processor.py:208} INFO - Processing /opt/airflow/dags/weekly_segment.py took 0.314 seconds
[2026-08-23T05:02:42.594+0000] {processor.py:186} INFO - Started process (PID=5256) to work on /opt/airflow/dags/weekly_segment.py
[2026-08-23T05:02:42.594+0000] {processor.py:914} INFO - Processing file /opt/airflow/dags/weekly_segment.py for tasks to queue
[2026-08-23T05:02:42.596+0000] {logging_mixin.py:190} INFO - [2026-08-23T05:02:42.596+0000] {dagbag.py:588} INFO - Filling up the DagBag from /opt/airflow/dags/weekly_segment.py
[2026-08-23T05:02:42.685+0000] {processor.py:925} INFO - DAG(s) 'weekly_segment' retrieved from /opt/airflow/dags/weekly_segment.py
[2026-08-23T05:02:42.809+0000] {logging_mixin.py:190} INFO - [2026-08-23T05:02:42.809+0000] {dag.py:3239} INFO - Sync 1 DAGs
[2026-08-23T05:02:42.823+0000] {logging_mixin.py:190} INFO - [2026-08-23T05:02:42.823+0000] {dag.py:4180} INFO - Setting next_dagrun for weekly_segment to 2026-08-22 16:00:00+00:00, run_after=2026-08-29 16:00:00+00:00
[2026-08-23T05:02:42.835+0000] {processor.py:208} INFO - Processing /opt/airflow/dags/weekly_segment.py took 0.247 seconds
[2026-08-23T05:03:13.088+0000] {processor.py:186} INFO - Started process (PID=5266) to work on /opt/airflow/dags/weekly_segment.py
[2026-08-23T05:03:13.089+0000] {processor.py:914} INFO - Processing file /opt/airflow/dags/weekly_segment.py for tasks to queue
[2026-08-23T05:03:13.091+0000] {logging_mixin.py:190} INFO - [2026-08-23T05:03:13.091+0000] {dagbag.py:588} INFO - Filling up the DagBag from /opt/airflow/dags/weekly_segment.py
[2026-08-23T05:03:13.190+0000] {processor.py:925} INFO - DAG(s) 'weekly_segment' retrieved from /opt/airflow/dags/weekly_segment.py
[2026-08-23T05:03:13.211+0000] {logging_mixin.py:190} INFO - [2026-08-23T05:03:13.211+0000] {dag.py:3239} INFO - Sync 1 DAGs
[2026-08-23T05:03:13.228+0000] {logging_mixin.py:190} INFO - [2026-08-23T05:03:13.228+0000] {dag.py:4180} INFO - Setting next_dagrun for weekly_segment to 2026-08-22 16:00:00+00:00, run_after=2026-08-29 16:00:00+00:00
[2026-08-23T05:03:13.243+0000] {processor.py:208} INFO - Processing /opt/airflow/dags/weekly_segment.py took 0.162 seconds
[2026-08-23T05:03:43.366+0000] {processor.py:186} INFO - Started process (PID=5276) to work on /opt/airflow/dags/weekly_segment.py
[2026-08-23T05:03:43.368+0000] {processor.py:914} INFO - Processing file /opt/airflow/dags/weekly_segment.py for tasks to queue
[2026-08-23T05:03:43.370+0000] {logging_mixin.py:190} INFO - [2026-08-23T05:03:43.370+0000] {dagbag.py:588} INFO - Filling up the DagBag from /opt/airflow/dags/weekly_segment.py
[2026-08-23T05:03:43.488+0000] {processor.py:925} INFO - DAG(s) 'weekly_segment' retrieved from /opt/airflow/dags/weekly_segment.py
[2026-08-23T05:03:43.511+0000] {logging_mixin.py:190} INFO - [2026-08-23T05:03:43.510+0000] {dag.py:3239} INFO - Sync 1 DAGs
[2026-08-23T05:03:43.529+0000] {logging_mixin.py:190} INFO - [2026-08-23T05:03:43.529+0000] {dag.py:4180} INFO - Setting next_dagrun for weekly_segment to 2026-08-22 16:00:00+00:00, run_after=2026-08-29 16:00:00+00:00
[2026-08-23T05:03:43.545+0000] {processor.py:208} INFO - Processing /opt/airflow/dags/weekly_segment.py took 0.188 seconds
[2026-08-23T05:04:13.776+0000] {processor.py:186} INFO - Started process (PID=5286) to work on /opt/airflow/dags/weekly_segment.py
[2026-08-23T05:04:13.777+0000] {processor.py:914} INFO - Processing file /opt/airflow/dags/weekly_segment.py for tasks to queue
[2026-08-23T05:04:13.779+0000] {logging_mixin.py:190} INFO - [2026-08-23T05:04:13.778+0000] {dagbag.py:588} INFO - Filling up the DagBag from /opt/airflow/dags/weekly_segment.py
[2026-08-23T05:04:13.890+0000] {processor.py:925} INFO - DAG(s) 'weekly_segment' retrieved from /opt/airflow/dags/weekly_segment.py
[2026-08-23T05:04:13.910+0000] {logging_mixin.py:190} INFO - [2026-08-23T05:04:13.910+0000] {dag.py:3239} INFO - Sync 1 DAGs
[2026-08-23T05:04:13.928+0000] {logging_mixin.py:190} INFO - [2026-08-23T05:04:13.927+0000] {dag.py:4180} INFO - Setting next_dagrun for weekly_segment to 2026-08-22 16:00:00+00:00, run_after=2026-08-29 16:00:00+00:00
[2026-08-23T05:04:14.046+0000] {processor.py:208} INFO - Processing /opt/airflow/dags/weekly_segment.py took 0.276 seconds
[2026-08-23T05:04:44.254+0000] {processor.py:186} INFO - Started process (PID=5296) to work on /opt/airflow/dags/weekly_segment.py
[2026-08-23T05:04:44.255+0000] {processor.py:914} INFO - Processing file /opt/airflow/dags/weekly_segment.py for tasks to queue
[2026-08-23T05:04:44.258+0000] {logging_mixin.py:190} INFO - [2026-08-23T05:04:44.257+0000] {dagbag.py:588} INFO - Filling up the DagBag from /opt/airflow/dags/weekly_segment.py
[2026-08-23T05:04:44.380+0000] {processor.py:925} INFO - DAG(s) 'weekly_segment' retrieved from /opt/airflow/dags/weekly_segment.py
[2026-08-23T05:04:44.402+0000] {logging_mixin.py:190} INFO - [2026-08-23T05:04:44.402+0000] {dag.py:3239} INFO - Sync 1 DAGs
[2026-08-23T05:04:44.534+0000] {logging_mixin.py:190} INFO - [2026-08-23T05:04:44.534+0000] {dag.py:4180} INFO - Setting next_dagrun for weekly_segment to 2026-08-22 16:00:00+00:00, run_after=2026-08-29 16:00:00+00:00
[2026-08-23T05:04:44.548+0000] {processor.py:208} INFO - Processing /opt/airflow/dags/weekly_segment.py took 0.304 seconds
[2026-08-23T05:05:14.817+0000] {processor.py:186} INFO - Started process (PID=5306) to work on /opt/airflow/dags/weekly_segment.py
[2026-08-23T05:05:14.818+0000] {processor.py:914} INFO - Processing file /opt/airflow/dags/weekly_segment.py for tasks to queue
[2026-08-23T05:05:14.820+0000] {logging_mixin.py:190} INFO - [2026-08-23T05:05:14.819+0000] {dagbag.py:588} INFO - Filling up the DagBag from /opt/airflow/dags/weekly_segment.py
[2026-08-23T05:05:14.921+0000] {processor.py:925} INFO - DAG(s) 'weekly_segment' retrieved from /opt/airflow/dags/weekly_segment.py
[2026-08-23T05:05:15.040+0000] {logging_mixin.py:190} INFO - [2026-08-23T05:05:15.040+0000] {dag.py:3239} INFO - Sync 1 DAGs
[2026-08-23T05:05:15.055+0000] {logging_mixin.py:190} INFO - [2026-08-23T05:05:15.055+0000] {dag.py:4180} INFO - Setting next_dagrun for weekly_segment to 2026-08-22 16:00:00+00:00, run_after=2026-08-29 16:00:00+00:00
[2026-08-23T05:05:15.066+0000] {processor.py:208} INFO - Processing /opt/airflow/dags/weekly_segment.py took 0.255 seconds
[2026-08-23T05:05:45.375+0000] {processor.py:186} INFO - Started process (PID=5316) to work on /opt/airflow/dags/weekly_segment.py
[2026-08-23T05:05:45.376+0000] {processor.py:914} INFO - Processing file /opt/airflow/dags/weekly_segment.py for tasks to queue
[2026-08-23T05:05:45.378+0000] {logging_mixin.py:190} INFO - [2026-08-23T05:05:45.377+0000] {dagbag.py:588} INFO - Filling up the DagBag from /opt/airflow/dags/weekly_segment.py
[2026-08-23T05:05:45.470+0000] {processor.py:925} INFO - DAG(s) 'weekly_segment' retrieved from /opt/airflow/dags/weekly_segment.py
[2026-08-23T05:05:45.493+0000] {logging_mixin.py:190} INFO - [2026-08-23T05:05:45.493+0000] {dag.py:3239} INFO - Sync 1 DAGs
[2026-08-23T05:05:45.511+0000] {logging_mixin.py:190} INFO - [2026-08-23T05:05:45.511+0000] {dag.py:4180} INFO - Setting next_dagrun for weekly_segment to 2026-08-22 16:00:00+00:00, run_after=2026-08-29 16:00:00+00:00
[2026-08-23T05:05:45.525+0000] {processor.py:208} INFO - Processing /opt/airflow/dags/weekly_segment.py took 0.158 seconds
[2026-08-23T05:06:15.738+0000] {processor.py:186} INFO - Started process (PID=5326) to work on /opt/airflow/dags/weekly_segment.py
[2026-08-23T05:06:15.740+0000] {processor.py:914} INFO - Processing file /opt/airflow/dags/weekly_segment.py for tasks to queue
[2026-08-23T05:06:15.741+0000] {logging_mixin.py:190} INFO - [2026-08-23T05:06:15.741+0000] {dagbag.py:588} INFO - Filling up the DagBag from /opt/airflow/dags/weekly_segment.py
[2026-08-23T05:06:15.831+0000] {processor.py:925} INFO - DAG(s) 'weekly_segment' retrieved from /opt/airflow/dags/weekly_segment.py
[2026-08-23T05:06:15.851+0000] {logging_mixin.py:190} INFO - [2026-08-23T05:06:15.851+0000] {dag.py:3239} INFO - Sync 1 DAGs
[2026-08-23T05:06:15.866+0000] {logging_mixin.py:190} INFO - [2026-08-23T05:06:15.866+0000] {dag.py:4180} INFO - Setting next_dagrun for weekly_segment to 2026-08-22 16:00:00+00:00, run_after=2026-08-29 16:00:00+00:00
[2026-08-23T05:06:15.879+0000] {processor.py:208} INFO - Processing /opt/airflow/dags/weekly_segment.py took 0.147 seconds
[2026-08-23T05:06:46.058+0000] {processor.py:186} INFO - Started process (PID=5336) to work on /opt/airflow/dags/weekly_segment.py
[2026-08-23T05:06:46.059+0000] {processor.py:914} INFO - Processing file /opt/airflow/dags/weekly_segment.py for tasks to queue
[2026-08-23T05:06:46.060+0000] {logging_mixin.py:190} INFO - [2026-08-23T05:06:46.060+0000] {dagbag.py:588} INFO - Filling up the DagBag from /opt/airflow/dags/weekly_segment.py
[2026-08-23T05:06:46.155+0000] {processor.py:925} INFO - DAG(s) 'weekly_segment' retrieved from /opt/airflow/dags/weekly_segment.py
[2026-08-23T05:06:46.174+0000] {logging_mixin.py:190} INFO - [2026-08-23T05:06:46.174+0000] {dag.py:3239} INFO - Sync 1 DAGs
[2026-08-23T05:06:46.190+0000] {logging_mixin.py:190} INFO - [2026-08-23T05:06:46.189+0000] {dag.py:4180} INFO - Setting next_dagrun for weekly_segment to 2026-08-22 16:00:00+00:00, run_after=2026-08-29 16:00:00+00:00
[2026-08-23T05:06:46.298+0000] {processor.py:208} INFO - Processing /opt/airflow/dags/weekly_segment.py took 0.246 seconds
[2026-08-23T05:07:16.596+0000] {processor.py:186} INFO - Started process (PID=5346) to work on /opt/airflow/dags/weekly_segment.py
[2026-08-23T05:07:16.597+0000] {processor.py:914} INFO - Processing file /opt/airflow/dags/weekly_segment.py for tasks to queue
[2026-08-23T05:07:16.599+0000] {logging_mixin.py:190} INFO - [2026-08-23T05:07:16.599+0000] {dagbag.py:588} INFO - Filling up the DagBag from /opt/airflow/dags/weekly_segment.py
[2026-08-23T05:07:16.696+0000] {processor.py:925} INFO - DAG(s) 'weekly_segment' retrieved from /opt/airflow/dags/weekly_segment.py
[2026-08-23T05:07:16.715+0000] {logging_mixin.py:190} INFO - [2026-08-23T05:07:16.715+0000] {dag.py:3239} INFO - Sync 1 DAGs
[2026-08-23T05:07:16.825+0000] {logging_mixin.py:190} INFO - [2026-08-23T05:07:16.825+0000] {dag.py:4180} INFO - Setting next_dagrun for weekly_segment to 2026-08-22 16:00:00+00:00, run_after=2026-08-29 16:00:00+00:00
[2026-08-23T05:07:16.837+0000] {processor.py:208} INFO - Processing /opt/airflow/dags/weekly_segment.py took 0.247 seconds
[2026-08-23T05:07:47.124+0000] {processor.py:186} INFO - Started process (PID=5356) to work on /opt/airflow/dags/weekly_segment.py
[2026-08-23T05:07:47.125+0000] {processor.py:914} INFO - Processing file /opt/airflow/dags/weekly_segment.py for tasks to queue
[2026-08-23T05:07:47.127+0000] {logging_mixin.py:190} INFO - [2026-08-23T05:07:47.127+0000] {dagbag.py:588} INFO - Filling up the DagBag from /opt/airflow/dags/weekly_segment.py
[2026-08-23T05:07:47.236+0000] {processor.py:925} INFO - DAG(s) 'weekly_segment' retrieved from /opt/airflow/dags/weekly_segment.py
[2026-08-23T05:07:47.256+0000] {logging_mixin.py:190} INFO - [2026-08-23T05:07:47.256+0000] {dag.py:3239} INFO - Sync 1 DAGs
[2026-08-23T05:07:47.371+0000] {logging_mixin.py:190} INFO - [2026-08-23T05:07:47.370+0000] {dag.py:4180} INFO - Setting next_dagrun for weekly_segment to 2026-08-22 16:00:00+00:00, run_after=2026-08-29 16:00:00+00:00
[2026-08-23T05:07:47.385+0000] {processor.py:208} INFO - Processing /opt/airflow/dags/weekly_segment.py took 0.268 seconds
[2026-08-23T05:08:17.438+0000] {processor.py:186} INFO - Started process (PID=5366) to work on /opt/airflow/dags/weekly_segment.py
[2026-08-23T05:08:17.439+0000] {processor.py:914} INFO - Processing file /opt/airflow/dags/weekly_segment.py for tasks to queue
[2026-08-23T05:08:17.441+0000] {logging_mixin.py:190} INFO - [2026-08-23T05:08:17.440+0000] {dagbag.py:588} INFO - Filling up the DagBag from /opt/airflow/dags/weekly_segment.py
[2026-08-23T05:08:17.530+0000] {processor.py:925} INFO - DAG(s) 'weekly_segment' retrieved from /opt/airflow/dags/weekly_segment.py
[2026-08-23T05:08:17.658+0000] {logging_mixin.py:190} INFO - [2026-08-23T05:08:17.657+0000] {dag.py:3239} INFO - Sync 1 DAGs
[2026-08-23T05:08:17.672+0000] {logging_mixin.py:190} INFO - [2026-08-23T05:08:17.671+0000] {dag.py:4180} INFO - Setting next_dagrun for weekly_segment to 2026-08-22 16:00:00+00:00, run_after=2026-08-29 16:00:00+00:00
[2026-08-23T05:08:17.684+0000] {processor.py:208} INFO - Processing /opt/airflow/dags/weekly_segment.py took 0.252 seconds
[2026-08-23T05:08:47.898+0000] {processor.py:186} INFO - Started process (PID=5376) to work on /opt/airflow/dags/weekly_segment.py
[2026-08-23T05:08:47.899+0000] {processor.py:914} INFO - Processing file /opt/airflow/dags/weekly_segment.py for tasks to queue
[2026-08-23T05:08:47.901+0000] {logging_mixin.py:190} INFO - [2026-08-23T05:08:47.901+0000] {dagbag.py:588} INFO - Filling up the DagBag from /opt/airflow/dags/weekly_segment.py
[2026-08-23T05:08:48.042+0000] {processor.py:925} INFO - DAG(s) 'weekly_segment' retrieved from /opt/airflow/dags/weekly_segment.py
[2026-08-23T05:08:48.066+0000] {logging_mixin.py:190} INFO - [2026-08-23T05:08:48.065+0000] {dag.py:3239} INFO - Sync 1 DAGs
[2026-08-23T05:08:48.083+0000] {logging_mixin.py:190} INFO - [2026-08-23T05:08:48.083+0000] {dag.py:4180} INFO - Setting next_dagrun for weekly_segment to 2026-08-22 16:00:00+00:00, run_after=2026-08-29 16:00:00+00:00
[2026-08-23T05:08:48.097+0000] {processor.py:208} INFO - Processing /opt/airflow/dags/weekly_segment.py took 0.206 seconds
[2026-08-23T05:09:18.200+0000] {processor.py:186} INFO - Started process (PID=5386) to work on /opt/airflow/dags/weekly_segment.py
[2026-08-23T05:09:18.201+0000] {processor.py:914} INFO - Processing file /opt/airflow/dags/weekly_segment.py for tasks to queue
[2026-08-23T05:09:18.204+0000] {logging_mixin.py:190} INFO - [2026-08-23T05:09:18.203+0000] {dagbag.py:588} INFO - Filling up the DagBag from /opt/airflow/dags/weekly_segment.py
[2026-08-23T05:09:18.303+0000] {processor.py:925} INFO - DAG(s) 'weekly_segment' retrieved from /opt/airflow/dags/weekly_segment.py
[2026-08-23T05:09:18.324+0000] {logging_mixin.py:190} INFO - [2026-08-23T05:09:18.323+0000] {dag.py:3239} INFO - Sync 1 DAGs
[2026-08-23T05:09:18.343+0000] {logging_mixin.py:190} INFO - [2026-08-23T05:09:18.343+0000] {dag.py:4180} INFO - Setting next_dagrun for weekly_segment to 2026-08-22 16:00:00+00:00, run_after=2026-08-29 16:00:00+00:00
[2026-08-23T05:09:18.356+0000] {processor.py:208} INFO - Processing /opt/airflow/dags/weekly_segment.py took 0.162 seconds
[2026-08-23T05:09:48.511+0000] {processor.py:186} INFO - Started process (PID=5396) to work on /opt/airflow/dags/weekly_segment.py
[2026-08-23T05:09:48.512+0000] {processor.py:914} INFO - Processing file /opt/airflow/dags/weekly_segment.py for tasks to queue
[2026-08-23T05:09:48.514+0000] {logging_mixin.py:190} INFO - [2026-08-23T05:09:48.513+0000] {dagbag.py:588} INFO - Filling up the DagBag from /opt/airflow/dags/weekly_segment.py
[2026-08-23T05:09:48.601+0000] {processor.py:925} INFO - DAG(s) 'weekly_segment' retrieved from /opt/airflow/dags/weekly_segment.py
[2026-08-23T05:09:48.621+0000] {logging_mixin.py:190} INFO - [2026-08-23T05:09:48.621+0000] {dag.py:3239} INFO - Sync 1 DAGs
[2026-08-23T05:09:48.638+0000] {logging_mixin.py:190} INFO - [2026-08-23T05:09:48.638+0000] {dag.py:4180} INFO - Setting next_dagrun for weekly_segment to 2026-08-22 16:00:00+00:00, run_after=2026-08-29 16:00:00+00:00
[2026-08-23T05:09:48.748+0000] {processor.py:208} INFO - Processing /opt/airflow/dags/weekly_segment.py took 0.242 seconds
[2026-08-23T05:10:19.040+0000] {processor.py:186} INFO - Started process (PID=5406) to work on /opt/airflow/dags/weekly_segment.py
[2026-08-23T05:10:19.040+0000] {processor.py:914} INFO - Processing file /opt/airflow/dags/weekly_segment.py for tasks to queue
[2026-08-23T05:10:19.042+0000] {logging_mixin.py:190} INFO - [2026-08-23T05:10:19.042+0000] {dagbag.py:588} INFO - Filling up the DagBag from /opt/airflow/dags/weekly_segment.py
[2026-08-23T05:10:19.190+0000] {processor.py:925} INFO - DAG(s) 'weekly_segment' retrieved from /opt/airflow/dags/weekly_segment.py
[2026-08-23T05:10:19.211+0000] {logging_mixin.py:190} INFO - [2026-08-23T05:10:19.211+0000] {dag.py:3239} INFO - Sync 1 DAGs
[2026-08-23T05:10:19.333+0000] {logging_mixin.py:190} INFO - [2026-08-23T05:10:19.333+0000] {dag.py:4180} INFO - Setting next_dagrun for weekly_segment to 2026-08-22 16:00:00+00:00, run_after=2026-08-29 16:00:00+00:00
[2026-08-23T05:10:19.345+0000] {processor.py:208} INFO - Processing /opt/airflow/dags/weekly_segment.py took 0.312 seconds
[2026-08-23T05:10:49.722+0000] {processor.py:186} INFO - Started process (PID=5416) to work on /opt/airflow/dags/weekly_segment.py
[2026-08-23T05:10:49.723+0000] {processor.py:914} INFO - Processing file /opt/airflow/dags/weekly_segment.py for tasks to queue
[2026-08-23T05:10:49.725+0000] {logging_mixin.py:190} INFO - [2026-08-23T05:10:49.724+0000] {dagbag.py:588} INFO - Filling up the DagBag from /opt/airflow/dags/weekly_segment.py
[2026-08-23T05:10:49.823+0000] {processor.py:925} INFO - DAG(s) 'weekly_segment' retrieved from /opt/airflow/dags/weekly_segment.py
[2026-08-23T05:10:49.844+0000] {logging_mixin.py:190} INFO - [2026-08-23T05:10:49.844+0000] {dag.py:3239} INFO - Sync 1 DAGs
[2026-08-23T05:10:49.964+0000] {logging_mixin.py:190} INFO - [2026-08-23T05:10:49.964+0000] {dag.py:4180} INFO - Setting next_dagrun for weekly_segment to 2026-08-22 16:00:00+00:00, run_after=2026-08-29 16:00:00+00:00
[2026-08-23T05:10:49.976+0000] {processor.py:208} INFO - Processing /opt/airflow/dags/weekly_segment.py took 0.260 seconds
[2026-08-23T05:11:20.227+0000] {processor.py:186} INFO - Started process (PID=5426) to work on /opt/airflow/dags/weekly_segment.py
[2026-08-23T05:11:20.228+0000] {processor.py:914} INFO - Processing file /opt/airflow/dags/weekly_segment.py for tasks to queue
[2026-08-23T05:11:20.231+0000] {logging_mixin.py:190} INFO - [2026-08-23T05:11:20.231+0000] {dagbag.py:588} INFO - Filling up the DagBag from /opt/airflow/dags/weekly_segment.py
[2026-08-23T05:11:20.338+0000] {processor.py:925} INFO - DAG(s) 'weekly_segment' retrieved from /opt/airflow/dags/weekly_segment.py
[2026-08-23T05:11:20.479+0000] {logging_mixin.py:190} INFO - [2026-08-23T05:11:20.479+0000] {dag.py:3239} INFO - Sync 1 DAGs
[2026-08-23T05:11:20.494+0000] {logging_mixin.py:190} INFO - [2026-08-23T05:11:20.494+0000] {dag.py:4180} INFO - Setting next_dagrun for weekly_segment to 2026-08-22 16:00:00+00:00, run_after=2026-08-29 16:00:00+00:00
[2026-08-23T05:11:20.508+0000] {processor.py:208} INFO - Processing /opt/airflow/dags/weekly_segment.py took 0.287 seconds
[2026-08-23T05:11:50.690+0000] {processor.py:186} INFO - Started process (PID=5436) to work on /opt/airflow/dags/weekly_segment.py
[2026-08-23T05:11:50.691+0000] {processor.py:914} INFO - Processing file /opt/airflow/dags/weekly_segment.py for tasks to queue
[2026-08-23T05:11:50.693+0000] {logging_mixin.py:190} INFO - [2026-08-23T05:11:50.692+0000] {dagbag.py:588} INFO - Filling up the DagBag from /opt/airflow/dags/weekly_segment.py
[2026-08-23T05:11:50.790+0000] {processor.py:925} INFO - DAG(s) 'weekly_segment' retrieved from /opt/airflow/dags/weekly_segment.py
[2026-08-23T05:11:50.811+0000] {logging_mixin.py:190} INFO - [2026-08-23T05:11:50.811+0000] {dag.py:3239} INFO - Sync 1 DAGs
[2026-08-23T05:11:50.828+0000] {logging_mixin.py:190} INFO - [2026-08-23T05:11:50.828+0000] {dag.py:4180} INFO - Setting next_dagrun for weekly_segment to 2026-08-22 16:00:00+00:00, run_after=2026-08-29 16:00:00+00:00
[2026-08-23T05:11:50.847+0000] {processor.py:208} INFO - Processing /opt/airflow/dags/weekly_segment.py took 0.163 seconds
[2026-08-23T05:12:21.036+0000] {processor.py:186} INFO - Started process (PID=5446) to work on /opt/airflow/dags/weekly_segment.py
[2026-08-23T05:12:21.038+0000] {processor.py:914} INFO - Processing file /opt/airflow/dags/weekly_segment.py for tasks to queue
[2026-08-23T05:12:21.040+0000] {logging_mixin.py:190} INFO - [2026-08-23T05:12:21.039+0000] {dagbag.py:588} INFO - Filling up the DagBag from /opt/airflow/dags/weekly_segment.py
[2026-08-23T05:12:21.137+0000] {processor.py:925} INFO - DAG(s) 'weekly_segment' retrieved from /opt/airflow/dags/weekly_segment.py
[2026-08-23T05:12:21.158+0000] {logging_mixin.py:190} INFO - [2026-08-23T05:12:21.158+0000] {dag.py:3239} INFO - Sync 1 DAGs
[2026-08-23T05:12:21.175+0000] {logging_mixin.py:190} INFO - [2026-08-23T05:12:21.175+0000] {dag.py:4180} INFO - Setting next_dagrun for weekly_segment to 2026-08-22 16:00:00+00:00, run_after=2026-08-29 16:00:00+00:00
[2026-08-23T05:12:21.313+0000] {processor.py:208} INFO - Processing /opt/airflow/dags/weekly_segment.py took 0.283 seconds
[2026-08-23T05:12:51.536+0000] {processor.py:186} INFO - Started process (PID=5456) to work on /opt/airflow/dags/weekly_segment.py
[2026-08-23T05:12:51.537+0000] {processor.py:914} INFO - Processing file /opt/airflow/dags/weekly_segment.py for tasks to queue
[2026-08-23T05:12:51.539+0000] {logging_mixin.py:190} INFO - [2026-08-23T05:12:51.539+0000] {dagbag.py:588} INFO - Filling up the DagBag from /opt/airflow/dags/weekly_segment.py
[2026-08-23T05:12:51.639+0000] {processor.py:925} INFO - DAG(s) 'weekly_segment' retrieved from /opt/airflow/dags/weekly_segment.py
[2026-08-23T05:12:51.661+0000] {logging_mixin.py:190} INFO - [2026-08-23T05:12:51.660+0000] {dag.py:3239} INFO - Sync 1 DAGs
[2026-08-23T05:12:51.795+0000] {logging_mixin.py:190} INFO - [2026-08-23T05:12:51.795+0000] {dag.py:4180} INFO - Setting next_dagrun for weekly_segment to 2026-08-22 16:00:00+00:00, run_after=2026-08-29 16:00:00+00:00
[2026-08-23T05:12:51.811+0000] {processor.py:208} INFO - Processing /opt/airflow/dags/weekly_segment.py took 0.282 seconds
[2026-08-23T05:13:22.160+0000] {processor.py:186} INFO - Started process (PID=5466) to work on /opt/airflow/dags/weekly_segment.py
[2026-08-23T05:13:22.161+0000] {processor.py:914} INFO - Processing file /opt/airflow/dags/weekly_segment.py for tasks to queue
[2026-08-23T05:13:22.162+0000] {logging_mixin.py:190} INFO - [2026-08-23T05:13:22.162+0000] {dagbag.py:588} INFO - Filling up the DagBag from /opt/airflow/dags/weekly_segment.py
[2026-08-23T05:13:22.248+0000] {processor.py:925} INFO - DAG(s) 'weekly_segment' retrieved from /opt/airflow/dags/weekly_segment.py
[2026-08-23T05:13:22.268+0000] {logging_mixin.py:190} INFO - [2026-08-23T05:13:22.268+0000] {dag.py:3239} INFO - Sync 1 DAGs
[2026-08-23T05:13:22.386+0000] {logging_mixin.py:190} INFO - [2026-08-23T05:13:22.386+0000] {dag.py:4180} INFO - Setting next_dagrun for weekly_segment to 2026-08-22 16:00:00+00:00, run_after=2026-08-29 16:00:00+00:00
[2026-08-23T05:13:22.398+0000] {processor.py:208} INFO - Processing /opt/airflow/dags/weekly_segment.py took 0.245 seconds
[2026-08-23T05:13:52.617+0000] {processor.py:186} INFO - Started process (PID=5476) to work on /opt/airflow/dags/weekly_segment.py
[2026-08-23T05:13:52.618+0000] {processor.py:914} INFO - Processing file /opt/airflow/dags/weekly_segment.py for tasks to queue
[2026-08-23T05:13:52.620+0000] {logging_mixin.py:190} INFO - [2026-08-23T05:13:52.620+0000] {dagbag.py:588} INFO - Filling up the DagBag from /opt/airflow/dags/weekly_segment.py
[2026-08-23T05:13:52.709+0000] {processor.py:925} INFO - DAG(s) 'weekly_segment' retrieved from /opt/airflow/dags/weekly_segment.py
[2026-08-23T05:13:52.832+0000] {logging_mixin.py:190} INFO - [2026-08-23T05:13:52.832+0000] {dag.py:3239} INFO - Sync 1 DAGs
[2026-08-23T05:13:52.845+0000] {logging_mixin.py:190} INFO - [2026-08-23T05:13:52.845+0000] {dag.py:4180} INFO - Setting next_dagrun for weekly_segment to 2026-08-22 16:00:00+00:00, run_after=2026-08-29 16:00:00+00:00
[2026-08-23T05:13:52.857+0000] {processor.py:208} INFO - Processing /opt/airflow/dags/weekly_segment.py took 0.246 seconds
[2026-08-23T05:14:23.235+0000] {processor.py:186} INFO - Started process (PID=5486) to work on /opt/airflow/dags/weekly_segment.py
[2026-08-23T05:14:23.236+0000] {processor.py:914} INFO - Processing file /opt/airflow/dags/weekly_segment.py for tasks to queue
[2026-08-23T05:14:23.238+0000] {logging_mixin.py:190} INFO - [2026-08-23T05:14:23.238+0000] {dagbag.py:588} INFO - Filling up the DagBag from /opt/airflow/dags/weekly_segment.py
[2026-08-23T05:14:23.322+0000] {processor.py:925} INFO - DAG(s) 'weekly_segment' retrieved from /opt/airflow/dags/weekly_segment.py
[2026-08-23T05:14:23.341+0000] {logging_mixin.py:190} INFO - [2026-08-23T05:14:23.341+0000] {dag.py:3239} INFO - Sync 1 DAGs
[2026-08-23T05:14:23.357+0000] {logging_mixin.py:190} INFO - [2026-08-23T05:14:23.356+0000] {dag.py:4180} INFO - Setting next_dagrun for weekly_segment to 2026-08-22 16:00:00+00:00, run_after=2026-08-29 16:00:00+00:00
[2026-08-23T05:14:23.369+0000] {processor.py:208} INFO - Processing /opt/airflow/dags/weekly_segment.py took 0.142 seconds
[2026-08-23T05:14:53.598+0000] {processor.py:186} INFO - Started process (PID=5496) to work on /opt/airflow/dags/weekly_segment.py
[2026-08-23T05:14:53.599+0000] {processor.py:914} INFO - Processing file /opt/airflow/dags/weekly_segment.py for tasks to queue
[2026-08-23T05:14:53.601+0000] {logging_mixin.py:190} INFO - [2026-08-23T05:14:53.601+0000] {dagbag.py:588} INFO - Filling up the DagBag from /opt/airflow/dags/weekly_segment.py
[2026-08-23T05:14:53.695+0000] {processor.py:925} INFO - DAG(s) 'weekly_segment' retrieved from /opt/airflow/dags/weekly_segment.py
[2026-08-23T05:14:53.715+0000] {logging_mixin.py:190} INFO - [2026-08-23T05:14:53.715+0000] {dag.py:3239} INFO - Sync 1 DAGs
[2026-08-23T05:14:53.734+0000] {logging_mixin.py:190} INFO - [2026-08-23T05:14:53.734+0000] {dag.py:4180} INFO - Setting next_dagrun for weekly_segment to 2026-08-22 16:00:00+00:00, run_after=2026-08-29 16:00:00+00:00
[2026-08-23T05:14:53.748+0000] {processor.py:208} INFO - Processing /opt/airflow/dags/weekly_segment.py took 0.156 seconds
[2026-08-23T05:15:23.928+0000] {processor.py:186} INFO - Started process (PID=5506) to work on /opt/airflow/dags/weekly_segment.py
[2026-08-23T05:15:23.929+0000] {processor.py:914} INFO - Processing file /opt/airflow/dags/weekly_segment.py for tasks to queue
[2026-08-23T05:15:23.932+0000] {logging_mixin.py:190} INFO - [2026-08-23T05:15:23.931+0000] {dagbag.py:588} INFO - Filling up the DagBag from /opt/airflow/dags/weekly_segment.py
[2026-08-23T05:15:24.052+0000] {processor.py:925} INFO - DAG(s) 'weekly_segment' retrieved from /opt/airflow/dags/weekly_segment.py
[2026-08-23T05:15:24.074+0000] {logging_mixin.py:190} INFO - [2026-08-23T05:15:24.074+0000] {dag.py:3239} INFO - Sync 1 DAGs
[2026-08-23T05:15:24.094+0000] {logging_mixin.py:190} INFO - [2026-08-23T05:15:24.094+0000] {dag.py:4180} INFO - Setting next_dagrun for weekly_segment to 2026-08-22 16:00:00+00:00, run_after=2026-08-29 16:00:00+00:00
[2026-08-23T05:15:24.223+0000] {processor.py:208} INFO - Processing /opt/airflow/dags/weekly_segment.py took 0.303 seconds
[2026-08-23T05:15:54.453+0000] {processor.py:186} INFO - Started process (PID=5516) to work on /opt/airflow/dags/weekly_segment.py
[2026-08-23T05:15:54.454+0000] {processor.py:914} INFO - Processing file /opt/airflow/dags/weekly_segment.py for tasks to queue
[2026-08-23T05:15:54.455+0000] {logging_mixin.py:190} INFO - [2026-08-23T05:15:54.455+0000] {dagbag.py:588} INFO - Filling up the DagBag from /opt/airflow/dags/weekly_segment.py
[2026-08-23T05:15:54.550+0000] {processor.py:925} INFO - DAG(s) 'weekly_segment' retrieved from /opt/airflow/dags/weekly_segment.py
[2026-08-23T05:15:54.570+0000] {logging_mixin.py:190} INFO - [2026-08-23T05:15:54.570+0000] {dag.py:3239} INFO - Sync 1 DAGs
[2026-08-23T05:15:54.680+0000] {logging_mixin.py:190} INFO - [2026-08-23T05:15:54.680+0000] {dag.py:4180} INFO - Setting next_dagrun for weekly_segment to 2026-08-22 16:00:00+00:00, run_after=2026-08-29 16:00:00+00:00
[2026-08-23T05:15:54.695+0000] {processor.py:208} INFO - Processing /opt/airflow/dags/weekly_segment.py took 0.248 seconds
[2026-08-23T05:16:24.819+0000] {processor.py:186} INFO - Started process (PID=5526) to work on /opt/airflow/dags/weekly_segment.py
[2026-08-23T05:16:24.820+0000] {processor.py:914} INFO - Processing file /opt/airflow/dags/weekly_segment.py for tasks to queue
[2026-08-23T05:16:24.822+0000] {logging_mixin.py:190} INFO - [2026-08-23T05:16:24.821+0000] {dagbag.py:588} INFO - Filling up the DagBag from /opt/airflow/dags/weekly_segment.py
[2026-08-23T05:16:24.911+0000] {processor.py:925} INFO - DAG(s) 'weekly_segment' retrieved from /opt/airflow/dags/weekly_segment.py
[2026-08-23T05:16:25.026+0000] {logging_mixin.py:190} INFO - [2026-08-23T05:16:25.026+0000] {dag.py:3239} INFO - Sync 1 DAGs
[2026-08-23T05:16:25.040+0000] {logging_mixin.py:190} INFO - [2026-08-23T05:16:25.040+0000] {dag.py:4180} INFO - Setting next_dagrun for weekly_segment to 2026-08-22 16:00:00+00:00, run_after=2026-08-29 16:00:00+00:00
[2026-08-23T05:16:25.051+0000] {processor.py:208} INFO - Processing /opt/airflow/dags/weekly_segment.py took 0.238 seconds
[2026-08-23T05:16:55.361+0000] {processor.py:186} INFO - Started process (PID=5536) to work on /opt/airflow/dags/weekly_segment.py
[2026-08-23T05:16:55.362+0000] {processor.py:914} INFO - Processing file /opt/airflow/dags/weekly_segment.py for tasks to queue
[2026-08-23T05:16:55.364+0000] {logging_mixin.py:190} INFO - [2026-08-23T05:16:55.364+0000] {dagbag.py:588} INFO - Filling up the DagBag from /opt/airflow/dags/weekly_segment.py
[2026-08-23T05:16:55.455+0000] {processor.py:925} INFO - DAG(s) 'weekly_segment' retrieved from /opt/airflow/dags/weekly_segment.py
[2026-08-23T05:16:55.569+0000] {logging_mixin.py:190} INFO - [2026-08-23T05:16:55.569+0000] {dag.py:3239} INFO - Sync 1 DAGs
[2026-08-23T05:16:55.583+0000] {logging_mixin.py:190} INFO - [2026-08-23T05:16:55.582+0000] {dag.py:4180} INFO - Setting next_dagrun for weekly_segment to 2026-08-22 16:00:00+00:00, run_after=2026-08-29 16:00:00+00:00
[2026-08-23T05:16:55.595+0000] {processor.py:208} INFO - Processing /opt/airflow/dags/weekly_segment.py took 0.242 seconds
[2026-08-23T05:17:25.821+0000] {processor.py:186} INFO - Started process (PID=5546) to work on /opt/airflow/dags/weekly_segment.py
[2026-08-23T05:17:25.822+0000] {processor.py:914} INFO - Processing file /opt/airflow/dags/weekly_segment.py for tasks to queue
[2026-08-23T05:17:25.824+0000] {logging_mixin.py:190} INFO - [2026-08-23T05:17:25.824+0000] {dagbag.py:588} INFO - Filling up the DagBag from /opt/airflow/dags/weekly_segment.py
[2026-08-23T05:17:25.939+0000] {processor.py:925} INFO - DAG(s) 'weekly_segment' retrieved from /opt/airflow/dags/weekly_segment.py
[2026-08-23T05:17:25.960+0000] {logging_mixin.py:190} INFO - [2026-08-23T05:17:25.960+0000] {dag.py:3239} INFO - Sync 1 DAGs
[2026-08-23T05:17:25.977+0000] {logging_mixin.py:190} INFO - [2026-08-23T05:17:25.977+0000] {dag.py:4180} INFO - Setting next_dagrun for weekly_segment to 2026-08-22 16:00:00+00:00, run_after=2026-08-29 16:00:00+00:00
[2026-08-23T05:17:25.993+0000] {processor.py:208} INFO - Processing /opt/airflow/dags/weekly_segment.py took 0.178 seconds
[2026-08-23T05:17:56.181+0000] {processor.py:186} INFO - Started process (PID=5556) to work on /opt/airflow/dags/weekly_segment.py
[2026-08-23T05:17:56.182+0000] {processor.py:914} INFO - Processing file /opt/airflow/dags/weekly_segment.py for tasks to queue
[2026-08-23T05:17:56.184+0000] {logging_mixin.py:190} INFO - [2026-08-23T05:17:56.184+0000] {dagbag.py:588} INFO - Filling up the DagBag from /opt/airflow/dags/weekly_segment.py
[2026-08-23T05:17:56.294+0000] {processor.py:925} INFO - DAG(s) 'weekly_segment' retrieved from /opt/airflow/dags/weekly_segment.py
[2026-08-23T05:17:56.315+0000] {logging_mixin.py:190} INFO - [2026-08-23T05:17:56.315+0000] {dag.py:3239} INFO - Sync 1 DAGs
[2026-08-23T05:17:56.332+0000] {logging_mixin.py:190} INFO - [2026-08-23T05:17:56.332+0000] {dag.py:4180} INFO - Setting next_dagrun for weekly_segment to 2026-08-22 16:00:00+00:00, run_after=2026-08-29 16:00:00+00:00
[2026-08-23T05:17:56.454+0000] {processor.py:208} INFO - Processing /opt/airflow/dags/weekly_segment.py took 0.280 seconds
[2026-08-23T05:18:26.692+0000] {processor.py:186} INFO - Started process (PID=5566) to work on /opt/airflow/dags/weekly_segment.py
[2026-08-23T05:18:26.694+0000] {processor.py:914} INFO - Processing file /opt/airflow/dags/weekly_segment.py for tasks to queue
[2026-08-23T05:18:26.696+0000] {logging_mixin.py:190} INFO - [2026-08-23T05:18:26.695+0000] {dagbag.py:588} INFO - Filling up the DagBag from /opt/airflow/dags/weekly_segment.py
[2026-08-23T05:18:26.793+0000] {processor.py:925} INFO - DAG(s) 'weekly_segment' retrieved from /opt/airflow/dags/weekly_segment.py
[2026-08-23T05:18:26.814+0000] {logging_mixin.py:190} INFO - [2026-08-23T05:18:26.813+0000] {dag.py:3239} INFO - Sync 1 DAGs
[2026-08-23T05:18:26.935+0000] {logging_mixin.py:190} INFO - [2026-08-23T05:18:26.934+0000] {dag.py:4180} INFO - Setting next_dagrun for weekly_segment to 2026-08-22 16:00:00+00:00, run_after=2026-08-29 16:00:00+00:00
[2026-08-23T05:18:26.949+0000] {processor.py:208} INFO - Processing /opt/airflow/dags/weekly_segment.py took 0.264 seconds
[2026-08-23T05:18:57.190+0000] {processor.py:186} INFO - Started process (PID=5576) to work on /opt/airflow/dags/weekly_segment.py
[2026-08-23T05:18:57.191+0000] {processor.py:914} INFO - Processing file /opt/airflow/dags/weekly_segment.py for tasks to queue
[2026-08-23T05:18:57.193+0000] {logging_mixin.py:190} INFO - [2026-08-23T05:18:57.193+0000] {dagbag.py:588} INFO - Filling up the DagBag from /opt/airflow/dags/weekly_segment.py
[2026-08-23T05:18:57.298+0000] {processor.py:925} INFO - DAG(s) 'weekly_segment' retrieved from /opt/airflow/dags/weekly_segment.py
[2026-08-23T05:18:57.317+0000] {logging_mixin.py:190} INFO - [2026-08-23T05:18:57.317+0000] {dag.py:3239} INFO - Sync 1 DAGs
[2026-08-23T05:18:57.446+0000] {logging_mixin.py:190} INFO - [2026-08-23T05:18:57.446+0000] {dag.py:4180} INFO - Setting next_dagrun for weekly_segment to 2026-08-22 16:00:00+00:00, run_after=2026-08-29 16:00:00+00:00
[2026-08-23T05:18:57.458+0000] {processor.py:208} INFO - Processing /opt/airflow/dags/weekly_segment.py took 0.276 seconds
[2026-08-23T05:19:27.718+0000] {processor.py:186} INFO - Started process (PID=5586) to work on /opt/airflow/dags/weekly_segment.py
[2026-08-23T05:19:27.719+0000] {processor.py:914} INFO - Processing file /opt/airflow/dags/weekly_segment.py for tasks to queue
[2026-08-23T05:19:27.721+0000] {logging_mixin.py:190} INFO - [2026-08-23T05:19:27.721+0000] {dagbag.py:588} INFO - Filling up the DagBag from /opt/airflow/dags/weekly_segment.py
[2026-08-23T05:19:27.852+0000] {processor.py:925} INFO - DAG(s) 'weekly_segment' retrieved from /opt/airflow/dags/weekly_segment.py
[2026-08-23T05:19:27.990+0000] {logging_mixin.py:190} INFO - [2026-08-23T05:19:27.989+0000] {dag.py:3239} INFO - Sync 1 DAGs
[2026-08-23T05:19:28.005+0000] {logging_mixin.py:190} INFO - [2026-08-23T05:19:28.005+0000] {dag.py:4180} INFO - Setting next_dagrun for weekly_segment to 2026-08-22 16:00:00+00:00, run_after=2026-08-29 16:00:00+00:00
[2026-08-23T05:19:28.019+0000] {processor.py:208} INFO - Processing /opt/airflow/dags/weekly_segment.py took 0.310 seconds
[2026-08-23T05:19:58.227+0000] {processor.py:186} INFO - Started process (PID=5596) to work on /opt/airflow/dags/weekly_segment.py
[2026-08-23T05:19:58.228+0000] {processor.py:914} INFO - Processing file /opt/airflow/dags/weekly_segment.py for tasks to queue
[2026-08-23T05:19:58.230+0000] {logging_mixin.py:190} INFO - [2026-08-23T05:19:58.230+0000] {dagbag.py:588} INFO - Filling up the DagBag from /opt/airflow/dags/weekly_segment.py
[2026-08-23T05:19:58.444+0000] {processor.py:925} INFO - DAG(s) 'weekly_segment' retrieved from /opt/airflow/dags/weekly_segment.py
[2026-08-23T05:19:58.463+0000] {logging_mixin.py:190} INFO - [2026-08-23T05:19:58.463+0000] {dag.py:3239} INFO - Sync 1 DAGs
[2026-08-23T05:19:58.479+0000] {logging_mixin.py:190} INFO - [2026-08-23T05:19:58.479+0000] {dag.py:4180} INFO - Setting next_dagrun for weekly_segment to 2026-08-22 16:00:00+00:00, run_after=2026-08-29 16:00:00+00:00
[2026-08-23T05:19:58.494+0000] {processor.py:208} INFO - Processing /opt/airflow/dags/weekly_segment.py took 0.273 seconds
[2026-08-23T05:20:28.817+0000] {processor.py:186} INFO - Started process (PID=5606) to work on /opt/airflow/dags/weekly_segment.py
[2026-08-23T05:20:28.819+0000] {processor.py:914} INFO - Processing file /opt/airflow/dags/weekly_segment.py for tasks to queue
[2026-08-23T05:20:28.821+0000] {logging_mixin.py:190} INFO - [2026-08-23T05:20:28.821+0000] {dagbag.py:588} INFO - Filling up the DagBag from /opt/airflow/dags/weekly_segment.py
[2026-08-23T05:20:28.911+0000] {processor.py:925} INFO - DAG(s) 'weekly_segment' retrieved from /opt/airflow/dags/weekly_segment.py
[2026-08-23T05:20:28.931+0000] {logging_mixin.py:190} INFO - [2026-08-23T05:20:28.931+0000] {dag.py:3239} INFO - Sync 1 DAGs
[2026-08-23T05:20:28.947+0000] {logging_mixin.py:190} INFO - [2026-08-23T05:20:28.947+0000] {dag.py:4180} INFO - Setting next_dagrun for weekly_segment to 2026-08-22 16:00:00+00:00, run_after=2026-08-29 16:00:00+00:00
[2026-08-23T05:20:28.961+0000] {processor.py:208} INFO - Processing /opt/airflow/dags/weekly_segment.py took 0.150 seconds
[2026-08-23T05:20:59.197+0000] {processor.py:186} INFO - Started process (PID=5616) to work on /opt/airflow/dags/weekly_segment.py
[2026-08-23T05:20:59.198+0000] {processor.py:914} INFO - Processing file /opt/airflow/dags/weekly_segment.py for tasks to queue
[2026-08-23T05:20:59.201+0000] {logging_mixin.py:190} INFO - [2026-08-23T05:20:59.200+0000] {dagbag.py:588} INFO - Filling up the DagBag from /opt/airflow/dags/weekly_segment.py
[2026-08-23T05:20:59.302+0000] {processor.py:925} INFO - DAG(s) 'weekly_segment' retrieved from /opt/airflow/dags/weekly_segment.py
[2026-08-23T05:20:59.322+0000] {logging_mixin.py:190} INFO - [2026-08-23T05:20:59.322+0000] {dag.py:3239} INFO - Sync 1 DAGs
[2026-08-23T05:20:59.340+0000] {logging_mixin.py:190} INFO - [2026-08-23T05:20:59.340+0000] {dag.py:4180} INFO - Setting next_dagrun for weekly_segment to 2026-08-22 16:00:00+00:00, run_after=2026-08-29 16:00:00+00:00
[2026-08-23T05:20:59.465+0000] {processor.py:208} INFO - Processing /opt/airflow/dags/weekly_segment.py took 0.275 seconds
[2026-08-23T05:21:29.810+0000] {processor.py:186} INFO - Started process (PID=5626) to work on /opt/airflow/dags/weekly_segment.py
[2026-08-23T05:21:29.811+0000] {processor.py:914} INFO - Processing file /opt/airflow/dags/weekly_segment.py for tasks to queue
[2026-08-23T05:21:29.813+0000] {logging_mixin.py:190} INFO - [2026-08-23T05:21:29.813+0000] {dagbag.py:588} INFO - Filling up the DagBag from /opt/airflow/dags/weekly_segment.py
[2026-08-23T05:21:29.901+0000] {processor.py:925} INFO - DAG(s) 'weekly_segment' retrieved from /opt/airflow/dags/weekly_segment.py
[2026-08-23T05:21:29.921+0000] {logging_mixin.py:190} INFO - [2026-08-23T05:21:29.921+0000] {dag.py:3239} INFO - Sync 1 DAGs
[2026-08-23T05:21:30.042+0000] {logging_mixin.py:190} INFO - [2026-08-23T05:21:30.042+0000] {dag.py:4180} INFO - Setting next_dagrun for weekly_segment to 2026-08-22 16:00:00+00:00, run_after=2026-08-29 16:00:00+00:00
[2026-08-23T05:21:30.054+0000] {processor.py:208} INFO - Processing /opt/airflow/dags/weekly_segment.py took 0.253 seconds
[2026-08-23T05:22:00.257+0000] {processor.py:186} INFO - Started process (PID=5636) to work on /opt/airflow/dags/weekly_segment.py
[2026-08-23T05:22:00.258+0000] {processor.py:914} INFO - Processing file /opt/airflow/dags/weekly_segment.py for tasks to queue
[2026-08-23T05:22:00.260+0000] {logging_mixin.py:190} INFO - [2026-08-23T05:22:00.259+0000] {dagbag.py:588} INFO - Filling up the DagBag from /opt/airflow/dags/weekly_segment.py
[2026-08-23T05:22:00.361+0000] {processor.py:925} INFO - DAG(s) 'weekly_segment' retrieved from /opt/airflow/dags/weekly_segment.py
[2026-08-23T05:22:00.486+0000] {logging_mixin.py:190} INFO - [2026-08-23T05:22:00.486+0000] {dag.py:3239} INFO - Sync 1 DAGs
[2026-08-23T05:22:00.500+0000] {logging_mixin.py:190} INFO - [2026-08-23T05:22:00.500+0000] {dag.py:4180} INFO - Setting next_dagrun for weekly_segment to 2026-08-22 16:00:00+00:00, run_after=2026-08-29 16:00:00+00:00
[2026-08-23T05:22:00.513+0000] {processor.py:208} INFO - Processing /opt/airflow/dags/weekly_segment.py took 0.263 seconds
[2026-08-23T05:22:30.789+0000] {processor.py:186} INFO - Started process (PID=5646) to work on /opt/airflow/dags/weekly_segment.py
[2026-08-23T05:22:30.791+0000] {processor.py:914} INFO - Processing file /opt/airflow/dags/weekly_segment.py for tasks to queue
[2026-08-23T05:22:30.793+0000] {logging_mixin.py:190} INFO - [2026-08-23T05:22:30.793+0000] {dagbag.py:588} INFO - Filling up the DagBag from /opt/airflow/dags/weekly_segment.py
[2026-08-23T05:22:30.968+0000] {processor.py:925} INFO - DAG(s) 'weekly_segment' retrieved from /opt/airflow/dags/weekly_segment.py
[2026-08-23T05:22:31.098+0000] {logging_mixin.py:190} INFO - [2026-08-23T05:22:31.098+0000] {dag.py:3239} INFO - Sync 1 DAGs
[2026-08-23T05:22:31.114+0000] {logging_mixin.py:190} INFO - [2026-08-23T05:22:31.114+0000] {dag.py:4180} INFO - Setting next_dagrun for weekly_segment to 2026-08-22 16:00:00+00:00, run_after=2026-08-29 16:00:00+00:00
[2026-08-23T05:22:31.130+0000] {processor.py:208} INFO - Processing /opt/airflow/dags/weekly_segment.py took 0.351 seconds
[2026-08-23T05:23:01.523+0000] {processor.py:186} INFO - Started process (PID=5656) to work on /opt/airflow/dags/weekly_segment.py
[2026-08-23T05:23:01.525+0000] {processor.py:914} INFO - Processing file /opt/airflow/dags/weekly_segment.py for tasks to queue
[2026-08-23T05:23:01.527+0000] {logging_mixin.py:190} INFO - [2026-08-23T05:23:01.527+0000] {dagbag.py:588} INFO - Filling up the DagBag from /opt/airflow/dags/weekly_segment.py
[2026-08-23T05:23:01.772+0000] {processor.py:925} INFO - DAG(s) 'weekly_segment' retrieved from /opt/airflow/dags/weekly_segment.py
[2026-08-23T05:23:01.791+0000] {logging_mixin.py:190} INFO - [2026-08-23T05:23:01.791+0000] {dag.py:3239} INFO - Sync 1 DAGs
[2026-08-23T05:23:01.806+0000] {logging_mixin.py:190} INFO - [2026-08-23T05:23:01.806+0000] {dag.py:4180} INFO - Setting next_dagrun for weekly_segment to 2026-08-22 16:00:00+00:00, run_after=2026-08-29 16:00:00+00:00
[2026-08-23T05:23:01.820+0000] {processor.py:208} INFO - Processing /opt/airflow/dags/weekly_segment.py took 0.306 seconds
[2026-08-23T05:23:32.121+0000] {processor.py:186} INFO - Started process (PID=5666) to work on /opt/airflow/dags/weekly_segment.py
[2026-08-23T05:23:32.122+0000] {processor.py:914} INFO - Processing file /opt/airflow/dags/weekly_segment.py for tasks to queue
[2026-08-23T05:23:32.123+0000] {logging_mixin.py:190} INFO - [2026-08-23T05:23:32.123+0000] {dagbag.py:588} INFO - Filling up the DagBag from /opt/airflow/dags/weekly_segment.py
[2026-08-23T05:23:32.243+0000] {processor.py:925} INFO - DAG(s) 'weekly_segment' retrieved from /opt/airflow/dags/weekly_segment.py
[2026-08-23T05:23:32.264+0000] {logging_mixin.py:190} INFO - [2026-08-23T05:23:32.264+0000] {dag.py:3239} INFO - Sync 1 DAGs
[2026-08-23T05:23:32.281+0000] {logging_mixin.py:190} INFO - [2026-08-23T05:23:32.281+0000] {dag.py:4180} INFO - Setting next_dagrun for weekly_segment to 2026-08-22 16:00:00+00:00, run_after=2026-08-29 16:00:00+00:00
[2026-08-23T05:23:32.397+0000] {processor.py:208} INFO - Processing /opt/airflow/dags/weekly_segment.py took 0.282 seconds
[2026-08-23T05:24:02.578+0000] {processor.py:186} INFO - Started process (PID=5676) to work on /opt/airflow/dags/weekly_segment.py
[2026-08-23T05:24:02.579+0000] {processor.py:914} INFO - Processing file /opt/airflow/dags/weekly_segment.py for tasks to queue
[2026-08-23T05:24:02.581+0000] {logging_mixin.py:190} INFO - [2026-08-23T05:24:02.581+0000] {dagbag.py:588} INFO - Filling up the DagBag from /opt/airflow/dags/weekly_segment.py
[2026-08-23T05:24:02.691+0000] {processor.py:925} INFO - DAG(s) 'weekly_segment' retrieved from /opt/airflow/dags/weekly_segment.py
[2026-08-23T05:24:02.713+0000] {logging_mixin.py:190} INFO - [2026-08-23T05:24:02.712+0000] {dag.py:3239} INFO - Sync 1 DAGs
[2026-08-23T05:24:02.845+0000] {logging_mixin.py:190} INFO - [2026-08-23T05:24:02.844+0000] {dag.py:4180} INFO - Setting next_dagrun for weekly_segment to 2026-08-22 16:00:00+00:00, run_after=2026-08-29 16:00:00+00:00
[2026-08-23T05:24:02.859+0000] {processor.py:208} INFO - Processing /opt/airflow/dags/weekly_segment.py took 0.287 seconds
[2026-08-23T05:24:33.098+0000] {processor.py:186} INFO - Started process (PID=5686) to work on /opt/airflow/dags/weekly_segment.py
[2026-08-23T05:24:33.099+0000] {processor.py:914} INFO - Processing file /opt/airflow/dags/weekly_segment.py for tasks to queue
[2026-08-23T05:24:33.100+0000] {logging_mixin.py:190} INFO - [2026-08-23T05:24:33.100+0000] {dagbag.py:588} INFO - Filling up the DagBag from /opt/airflow/dags/weekly_segment.py
[2026-08-23T05:24:33.192+0000] {processor.py:925} INFO - DAG(s) 'weekly_segment' retrieved from /opt/airflow/dags/weekly_segment.py
[2026-08-23T05:24:33.213+0000] {logging_mixin.py:190} INFO - [2026-08-23T05:24:33.213+0000] {dag.py:3239} INFO - Sync 1 DAGs
[2026-08-23T05:24:33.342+0000] {logging_mixin.py:190} INFO - [2026-08-23T05:24:33.341+0000] {dag.py:4180} INFO - Setting next_dagrun for weekly_segment to 2026-08-22 16:00:00+00:00, run_after=2026-08-29 16:00:00+00:00
[2026-08-23T05:24:33.358+0000] {processor.py:208} INFO - Processing /opt/airflow/dags/weekly_segment.py took 0.266 seconds
[2026-08-23T05:25:03.636+0000] {processor.py:186} INFO - Started process (PID=5696) to work on /opt/airflow/dags/weekly_segment.py
[2026-08-23T05:25:03.637+0000] {processor.py:914} INFO - Processing file /opt/airflow/dags/weekly_segment.py for tasks to queue
[2026-08-23T05:25:03.639+0000] {logging_mixin.py:190} INFO - [2026-08-23T05:25:03.639+0000] {dagbag.py:588} INFO - Filling up the DagBag from /opt/airflow/dags/weekly_segment.py
[2026-08-23T05:25:03.739+0000] {processor.py:925} INFO - DAG(s) 'weekly_segment' retrieved from /opt/airflow/dags/weekly_segment.py
[2026-08-23T05:25:03.878+0000] {logging_mixin.py:190} INFO - [2026-08-23T05:25:03.877+0000] {dag.py:3239} INFO - Sync 1 DAGs
[2026-08-23T05:25:03.894+0000] {logging_mixin.py:190} INFO - [2026-08-23T05:25:03.894+0000] {dag.py:4180} INFO - Setting next_dagrun for weekly_segment to 2026-08-22 16:00:00+00:00, run_after=2026-08-29 16:00:00+00:00
[2026-08-23T05:25:03.908+0000] {processor.py:208} INFO - Processing /opt/airflow/dags/weekly_segment.py took 0.278 seconds
[2026-08-23T05:25:34.187+0000] {processor.py:186} INFO - Started process (PID=5706) to work on /opt/airflow/dags/weekly_segment.py
[2026-08-23T05:25:34.188+0000] {processor.py:914} INFO - Processing file /opt/airflow/dags/weekly_segment.py for tasks to queue
[2026-08-23T05:25:34.190+0000] {logging_mixin.py:190} INFO - [2026-08-23T05:25:34.190+0000] {dagbag.py:588} INFO - Filling up the DagBag from /opt/airflow/dags/weekly_segment.py
[2026-08-23T05:25:34.387+0000] {processor.py:925} INFO - DAG(s) 'weekly_segment' retrieved from /opt/airflow/dags/weekly_segment.py
[2026-08-23T05:25:34.410+0000] {logging_mixin.py:190} INFO - [2026-08-23T05:25:34.410+0000] {dag.py:3239} INFO - Sync 1 DAGs
[2026-08-23T05:25:34.430+0000] {logging_mixin.py:190} INFO - [2026-08-23T05:25:34.429+0000] {dag.py:4180} INFO - Setting next_dagrun for weekly_segment to 2026-08-22 16:00:00+00:00, run_after=2026-08-29 16:00:00+00:00
[2026-08-23T05:25:34.444+0000] {processor.py:208} INFO - Processing /opt/airflow/dags/weekly_segment.py took 0.264 seconds
[2026-08-23T05:26:04.540+0000] {processor.py:186} INFO - Started process (PID=5716) to work on /opt/airflow/dags/weekly_segment.py
[2026-08-23T05:26:04.541+0000] {processor.py:914} INFO - Processing file /opt/airflow/dags/weekly_segment.py for tasks to queue
[2026-08-23T05:26:04.543+0000] {logging_mixin.py:190} INFO - [2026-08-23T05:26:04.543+0000] {dagbag.py:588} INFO - Filling up the DagBag from /opt/airflow/dags/weekly_segment.py
[2026-08-23T05:26:04.634+0000] {processor.py:925} INFO - DAG(s) 'weekly_segment' retrieved from /opt/airflow/dags/weekly_segment.py
[2026-08-23T05:26:04.654+0000] {logging_mixin.py:190} INFO - [2026-08-23T05:26:04.653+0000] {dag.py:3239} INFO - Sync 1 DAGs
[2026-08-23T05:26:04.670+0000] {logging_mixin.py:190} INFO - [2026-08-23T05:26:04.669+0000] {dag.py:4180} INFO - Setting next_dagrun for weekly_segment to 2026-08-22 16:00:00+00:00, run_after=2026-08-29 16:00:00+00:00
[2026-08-23T05:26:04.683+0000] {processor.py:208} INFO - Processing /opt/airflow/dags/weekly_segment.py took 0.150 seconds
[2026-08-23T05:26:34.797+0000] {processor.py:186} INFO - Started process (PID=5726) to work on /opt/airflow/dags/weekly_segment.py
[2026-08-23T05:26:34.798+0000] {processor.py:914} INFO - Processing file /opt/airflow/dags/weekly_segment.py for tasks to queue
[2026-08-23T05:26:34.800+0000] {logging_mixin.py:190} INFO - [2026-08-23T05:26:34.799+0000] {dagbag.py:588} INFO - Filling up the DagBag from /opt/airflow/dags/weekly_segment.py
[2026-08-23T05:26:34.901+0000] {processor.py:925} INFO - DAG(s) 'weekly_segment' retrieved from /opt/airflow/dags/weekly_segment.py
[2026-08-23T05:26:34.921+0000] {logging_mixin.py:190} INFO - [2026-08-23T05:26:34.920+0000] {dag.py:3239} INFO - Sync 1 DAGs
[2026-08-23T05:26:34.937+0000] {logging_mixin.py:190} INFO - [2026-08-23T05:26:34.937+0000] {dag.py:4180} INFO - Setting next_dagrun for weekly_segment to 2026-08-22 16:00:00+00:00, run_after=2026-08-29 16:00:00+00:00
[2026-08-23T05:26:35.049+0000] {processor.py:208} INFO - Processing /opt/airflow/dags/weekly_segment.py took 0.260 seconds
[2026-08-23T05:27:05.245+0000] {processor.py:186} INFO - Started process (PID=5736) to work on /opt/airflow/dags/weekly_segment.py
[2026-08-23T05:27:05.246+0000] {processor.py:914} INFO - Processing file /opt/airflow/dags/weekly_segment.py for tasks to queue
[2026-08-23T05:27:05.248+0000] {logging_mixin.py:190} INFO - [2026-08-23T05:27:05.248+0000] {dagbag.py:588} INFO - Filling up the DagBag from /opt/airflow/dags/weekly_segment.py
[2026-08-23T05:27:05.355+0000] {processor.py:925} INFO - DAG(s) 'weekly_segment' retrieved from /opt/airflow/dags/weekly_segment.py
[2026-08-23T05:27:05.377+0000] {logging_mixin.py:190} INFO - [2026-08-23T05:27:05.377+0000] {dag.py:3239} INFO - Sync 1 DAGs
[2026-08-23T05:27:05.502+0000] {logging_mixin.py:190} INFO - [2026-08-23T05:27:05.502+0000] {dag.py:4180} INFO - Setting next_dagrun for weekly_segment to 2026-08-22 16:00:00+00:00, run_after=2026-08-29 16:00:00+00:00
[2026-08-23T05:27:05.517+0000] {processor.py:208} INFO - Processing /opt/airflow/dags/weekly_segment.py took 0.279 seconds
[2026-08-23T05:27:35.721+0000] {processor.py:186} INFO - Started process (PID=5746) to work on /opt/airflow/dags/weekly_segment.py
[2026-08-23T05:27:35.721+0000] {processor.py:914} INFO - Processing file /opt/airflow/dags/weekly_segment.py for tasks to queue
[2026-08-23T05:27:35.723+0000] {logging_mixin.py:190} INFO - [2026-08-23T05:27:35.723+0000] {dagbag.py:588} INFO - Filling up the DagBag from /opt/airflow/dags/weekly_segment.py
[2026-08-23T05:27:35.813+0000] {processor.py:925} INFO - DAG(s) 'weekly_segment' retrieved from /opt/airflow/dags/weekly_segment.py
[2026-08-23T05:27:35.834+0000] {logging_mixin.py:190} INFO - [2026-08-23T05:27:35.834+0000] {dag.py:3239} INFO - Sync 1 DAGs
[2026-08-23T05:27:35.949+0000] {logging_mixin.py:190} INFO - [2026-08-23T05:27:35.949+0000] {dag.py:4180} INFO - Setting next_dagrun for weekly_segment to 2026-08-22 16:00:00+00:00, run_after=2026-08-29 16:00:00+00:00
[2026-08-23T05:27:35.964+0000] {processor.py:208} INFO - Processing /opt/airflow/dags/weekly_segment.py took 0.249 seconds
[2026-08-23T05:28:06.268+0000] {processor.py:186} INFO - Started process (PID=5756) to work on /opt/airflow/dags/weekly_segment.py
[2026-08-23T05:28:06.269+0000] {processor.py:914} INFO - Processing file /opt/airflow/dags/weekly_segment.py for tasks to queue
[2026-08-23T05:28:06.271+0000] {logging_mixin.py:190} INFO - [2026-08-23T05:28:06.270+0000] {dagbag.py:588} INFO - Filling up the DagBag from /opt/airflow/dags/weekly_segment.py
[2026-08-23T05:28:06.359+0000] {processor.py:925} INFO - DAG(s) 'weekly_segment' retrieved from /opt/airflow/dags/weekly_segment.py
[2026-08-23T05:28:06.472+0000] {logging_mixin.py:190} INFO - [2026-08-23T05:28:06.471+0000] {dag.py:3239} INFO - Sync 1 DAGs
[2026-08-23T05:28:06.486+0000] {logging_mixin.py:190} INFO - [2026-08-23T05:28:06.486+0000] {dag.py:4180} INFO - Setting next_dagrun for weekly_segment to 2026-08-22 16:00:00+00:00, run_after=2026-08-29 16:00:00+00:00
[2026-08-23T05:28:06.500+0000] {processor.py:208} INFO - Processing /opt/airflow/dags/weekly_segment.py took 0.238 seconds
[2026-08-23T05:28:36.803+0000] {processor.py:186} INFO - Started process (PID=5766) to work on /opt/airflow/dags/weekly_segment.py
[2026-08-23T05:28:36.804+0000] {processor.py:914} INFO - Processing file /opt/airflow/dags/weekly_segment.py for tasks to queue
[2026-08-23T05:28:36.806+0000] {logging_mixin.py:190} INFO - [2026-08-23T05:28:36.806+0000] {dagbag.py:588} INFO - Filling up the DagBag from /opt/airflow/dags/weekly_segment.py
[2026-08-23T05:28:37.001+0000] {processor.py:925} INFO - DAG(s) 'weekly_segment' retrieved from /opt/airflow/dags/weekly_segment.py
[2026-08-23T05:28:37.017+0000] {logging_mixin.py:190} INFO - [2026-08-23T05:28:37.017+0000] {dag.py:3239} INFO - Sync 1 DAGs
[2026-08-23T05:28:37.031+0000] {logging_mixin.py:190} INFO - [2026-08-23T05:28:37.031+0000] {dag.py:4180} INFO - Setting next_dagrun for weekly_segment to 2026-08-22 16:00:00+00:00, run_after=2026-08-29 16:00:00+00:00
[2026-08-23T05:28:37.047+0000] {processor.py:208} INFO - Processing /opt/airflow/dags/weekly_segment.py took 0.250 seconds
[2026-08-23T05:29:07.307+0000] {processor.py:186} INFO - Started process (PID=5776) to work on /opt/airflow/dags/weekly_segment.py
[2026-08-23T05:29:07.308+0000] {processor.py:914} INFO - Processing file /opt/airflow/dags/weekly_segment.py for tasks to queue
[2026-08-23T05:29:07.310+0000] {logging_mixin.py:190} INFO - [2026-08-23T05:29:07.310+0000] {dagbag.py:588} INFO - Filling up the DagBag from /opt/airflow/dags/weekly_segment.py
[2026-08-23T05:29:07.410+0000] {processor.py:925} INFO - DAG(s) 'weekly_segment' retrieved from /opt/airflow/dags/weekly_segment.py
[2026-08-23T05:29:07.432+0000] {logging_mixin.py:190} INFO - [2026-08-23T05:29:07.431+0000] {dag.py:3239} INFO - Sync 1 DAGs
[2026-08-23T05:29:07.449+0000] {logging_mixin.py:190} INFO - [2026-08-23T05:29:07.449+0000] {dag.py:4180} INFO - Setting next_dagrun for weekly_segment to 2026-08-22 16:00:00+00:00, run_after=2026-08-29 16:00:00+00:00
[2026-08-23T05:29:07.463+0000] {processor.py:208} INFO - Processing /opt/airflow/dags/weekly_segment.py took 0.162 seconds
[2026-08-23T05:29:37.525+0000] {processor.py:186} INFO - Started process (PID=5786) to work on /opt/airflow/dags/weekly_segment.py
[2026-08-23T05:29:37.526+0000] {processor.py:914} INFO - Processing file /opt/airflow/dags/weekly_segment.py for tasks to queue
[2026-08-23T05:29:37.528+0000] {logging_mixin.py:190} INFO - [2026-08-23T05:29:37.528+0000] {dagbag.py:588} INFO - Filling up the DagBag from /opt/airflow/dags/weekly_segment.py
[2026-08-23T05:29:37.618+0000] {processor.py:925} INFO - DAG(s) 'weekly_segment' retrieved from /opt/airflow/dags/weekly_segment.py
[2026-08-23T05:29:37.638+0000] {logging_mixin.py:190} INFO - [2026-08-23T05:29:37.638+0000] {dag.py:3239} INFO - Sync 1 DAGs
[2026-08-23T05:29:37.762+0000] {logging_mixin.py:190} INFO - [2026-08-23T05:29:37.761+0000] {dag.py:4180} INFO - Setting next_dagrun for weekly_segment to 2026-08-22 16:00:00+00:00, run_after=2026-08-29 16:00:00+00:00
[2026-08-23T05:29:37.774+0000] {processor.py:208} INFO - Processing /opt/airflow/dags/weekly_segment.py took 0.254 seconds
[2026-08-23T05:30:07.934+0000] {processor.py:186} INFO - Started process (PID=5796) to work on /opt/airflow/dags/weekly_segment.py
[2026-08-23T05:30:07.934+0000] {processor.py:914} INFO - Processing file /opt/airflow/dags/weekly_segment.py for tasks to queue
[2026-08-23T05:30:07.938+0000] {logging_mixin.py:190} INFO - [2026-08-23T05:30:07.938+0000] {dagbag.py:588} INFO - Filling up the DagBag from /opt/airflow/dags/weekly_segment.py
[2026-08-23T05:30:08.032+0000] {processor.py:925} INFO - DAG(s) 'weekly_segment' retrieved from /opt/airflow/dags/weekly_segment.py
[2026-08-23T05:30:08.053+0000] {logging_mixin.py:190} INFO - [2026-08-23T05:30:08.053+0000] {dag.py:3239} INFO - Sync 1 DAGs
[2026-08-23T05:30:08.172+0000] {logging_mixin.py:190} INFO - [2026-08-23T05:30:08.172+0000] {dag.py:4180} INFO - Setting next_dagrun for weekly_segment to 2026-08-22 16:00:00+00:00, run_after=2026-08-29 16:00:00+00:00
[2026-08-23T05:30:08.192+0000] {processor.py:208} INFO - Processing /opt/airflow/dags/weekly_segment.py took 0.264 seconds
[2026-08-23T05:30:38.253+0000] {processor.py:186} INFO - Started process (PID=5806) to work on /opt/airflow/dags/weekly_segment.py
[2026-08-23T05:30:38.254+0000] {processor.py:914} INFO - Processing file /opt/airflow/dags/weekly_segment.py for tasks to queue
[2026-08-23T05:30:38.256+0000] {logging_mixin.py:190} INFO - [2026-08-23T05:30:38.256+0000] {dagbag.py:588} INFO - Filling up the DagBag from /opt/airflow/dags/weekly_segment.py
[2026-08-23T05:30:38.355+0000] {processor.py:925} INFO - DAG(s) 'weekly_segment' retrieved from /opt/airflow/dags/weekly_segment.py
[2026-08-23T05:30:38.493+0000] {logging_mixin.py:190} INFO - [2026-08-23T05:30:38.493+0000] {dag.py:3239} INFO - Sync 1 DAGs
[2026-08-23T05:30:38.508+0000] {logging_mixin.py:190} INFO - [2026-08-23T05:30:38.508+0000] {dag.py:4180} INFO - Setting next_dagrun for weekly_segment to 2026-08-22 16:00:00+00:00, run_after=2026-08-29 16:00:00+00:00
[2026-08-23T05:30:38.521+0000] {processor.py:208} INFO - Processing /opt/airflow/dags/weekly_segment.py took 0.274 seconds
[2026-08-23T05:31:08.642+0000] {processor.py:186} INFO - Started process (PID=5816) to work on /opt/airflow/dags/weekly_segment.py
[2026-08-23T05:31:08.643+0000] {processor.py:914} INFO - Processing file /opt/airflow/dags/weekly_segment.py for tasks to queue
[2026-08-23T05:31:08.645+0000] {logging_mixin.py:190} INFO - [2026-08-23T05:31:08.645+0000] {dagbag.py:588} INFO - Filling up the DagBag from /opt/airflow/dags/weekly_segment.py
[2026-08-23T05:31:08.829+0000] {processor.py:925} INFO - DAG(s) 'weekly_segment' retrieved from /opt/airflow/dags/weekly_segment.py
[2026-08-23T05:31:08.847+0000] {logging_mixin.py:190} INFO - [2026-08-23T05:31:08.847+0000] {dag.py:3239} INFO - Sync 1 DAGs
[2026-08-23T05:31:08.860+0000] {logging_mixin.py:190} INFO - [2026-08-23T05:31:08.860+0000] {dag.py:4180} INFO - Setting next_dagrun for weekly_segment to 2026-08-22 16:00:00+00:00, run_after=2026-08-29 16:00:00+00:00
[2026-08-23T05:31:08.871+0000] {processor.py:208} INFO - Processing /opt/airflow/dags/weekly_segment.py took 0.235 seconds
[2026-08-23T05:31:39.283+0000] {processor.py:186} INFO - Started process (PID=5826) to work on /opt/airflow/dags/weekly_segment.py
[2026-08-23T05:31:39.284+0000] {processor.py:914} INFO - Processing file /opt/airflow/dags/weekly_segment.py for tasks to queue
[2026-08-23T05:31:39.287+0000] {logging_mixin.py:190} INFO - [2026-08-23T05:31:39.287+0000] {dagbag.py:588} INFO - Filling up the DagBag from /opt/airflow/dags/weekly_segment.py
[2026-08-23T05:31:39.381+0000] {processor.py:925} INFO - DAG(s) 'weekly_segment' retrieved from /opt/airflow/dags/weekly_segment.py
[2026-08-23T05:31:39.400+0000] {logging_mixin.py:190} INFO - [2026-08-23T05:31:39.400+0000] {dag.py:3239} INFO - Sync 1 DAGs
[2026-08-23T05:31:39.415+0000] {logging_mixin.py:190} INFO - [2026-08-23T05:31:39.415+0000] {dag.py:4180} INFO - Setting next_dagrun for weekly_segment to 2026-08-22 16:00:00+00:00, run_after=2026-08-29 16:00:00+00:00
[2026-08-23T05:31:39.427+0000] {processor.py:208} INFO - Processing /opt/airflow/dags/weekly_segment.py took 0.151 seconds
[2026-08-23T05:32:09.698+0000] {processor.py:186} INFO - Started process (PID=5836) to work on /opt/airflow/dags/weekly_segment.py
[2026-08-23T05:32:09.698+0000] {processor.py:914} INFO - Processing file /opt/airflow/dags/weekly_segment.py for tasks to queue
[2026-08-23T05:32:09.700+0000] {logging_mixin.py:190} INFO - [2026-08-23T05:32:09.700+0000] {dagbag.py:588} INFO - Filling up the DagBag from /opt/airflow/dags/weekly_segment.py
[2026-08-23T05:32:09.787+0000] {processor.py:925} INFO - DAG(s) 'weekly_segment' retrieved from /opt/airflow/dags/weekly_segment.py
[2026-08-23T05:32:09.806+0000] {logging_mixin.py:190} INFO - [2026-08-23T05:32:09.806+0000] {dag.py:3239} INFO - Sync 1 DAGs
[2026-08-23T05:32:09.822+0000] {logging_mixin.py:190} INFO - [2026-08-23T05:32:09.821+0000] {dag.py:4180} INFO - Setting next_dagrun for weekly_segment to 2026-08-22 16:00:00+00:00, run_after=2026-08-29 16:00:00+00:00
[2026-08-23T05:32:09.927+0000] {processor.py:208} INFO - Processing /opt/airflow/dags/weekly_segment.py took 0.235 seconds
[2026-08-23T05:32:40.185+0000] {processor.py:186} INFO - Started process (PID=5846) to work on /opt/airflow/dags/weekly_segment.py
[2026-08-23T05:32:40.186+0000] {processor.py:914} INFO - Processing file /opt/airflow/dags/weekly_segment.py for tasks to queue
[2026-08-23T05:32:40.188+0000] {logging_mixin.py:190} INFO - [2026-08-23T05:32:40.188+0000] {dagbag.py:588} INFO - Filling up the DagBag from /opt/airflow/dags/weekly_segment.py
[2026-08-23T05:32:40.279+0000] {processor.py:925} INFO - DAG(s) 'weekly_segment' retrieved from /opt/airflow/dags/weekly_segment.py
[2026-08-23T05:32:40.298+0000] {logging_mixin.py:190} INFO - [2026-08-23T05:32:40.298+0000] {dag.py:3239} INFO - Sync 1 DAGs
[2026-08-23T05:32:40.413+0000] {logging_mixin.py:190} INFO - [2026-08-23T05:32:40.413+0000] {dag.py:4180} INFO - Setting next_dagrun for weekly_segment to 2026-08-22 16:00:00+00:00, run_after=2026-08-29 16:00:00+00:00
[2026-08-23T05:32:40.425+0000] {processor.py:208} INFO - Processing /opt/airflow/dags/weekly_segment.py took 0.246 seconds
[2026-08-23T05:33:10.755+0000] {processor.py:186} INFO - Started process (PID=5856) to work on /opt/airflow/dags/weekly_segment.py
[2026-08-23T05:33:10.756+0000] {processor.py:914} INFO - Processing file /opt/airflow/dags/weekly_segment.py for tasks to queue
[2026-08-23T05:33:10.758+0000] {logging_mixin.py:190} INFO - [2026-08-23T05:33:10.757+0000] {dagbag.py:588} INFO - Filling up the DagBag from /opt/airflow/dags/weekly_segment.py
[2026-08-23T05:33:10.847+0000] {processor.py:925} INFO - DAG(s) 'weekly_segment' retrieved from /opt/airflow/dags/weekly_segment.py
[2026-08-23T05:33:10.868+0000] {logging_mixin.py:190} INFO - [2026-08-23T05:33:10.868+0000] {dag.py:3239} INFO - Sync 1 DAGs
[2026-08-23T05:33:10.984+0000] {logging_mixin.py:190} INFO - [2026-08-23T05:33:10.984+0000] {dag.py:4180} INFO - Setting next_dagrun for weekly_segment to 2026-08-22 16:00:00+00:00, run_after=2026-08-29 16:00:00+00:00
[2026-08-23T05:33:10.996+0000] {processor.py:208} INFO - Processing /opt/airflow/dags/weekly_segment.py took 0.247 seconds
[2026-08-23T05:33:41.251+0000] {processor.py:186} INFO - Started process (PID=5869) to work on /opt/airflow/dags/weekly_segment.py
[2026-08-23T05:33:41.252+0000] {processor.py:914} INFO - Processing file /opt/airflow/dags/weekly_segment.py for tasks to queue
[2026-08-23T05:33:41.254+0000] {logging_mixin.py:190} INFO - [2026-08-23T05:33:41.254+0000] {dagbag.py:588} INFO - Filling up the DagBag from /opt/airflow/dags/weekly_segment.py
[2026-08-23T05:33:41.390+0000] {processor.py:925} INFO - DAG(s) 'weekly_segment' retrieved from /opt/airflow/dags/weekly_segment.py
[2026-08-23T05:33:41.503+0000] {logging_mixin.py:190} INFO - [2026-08-23T05:33:41.503+0000] {dag.py:3239} INFO - Sync 1 DAGs
[2026-08-23T05:33:41.517+0000] {logging_mixin.py:190} INFO - [2026-08-23T05:33:41.516+0000] {dag.py:4180} INFO - Setting next_dagrun for weekly_segment to 2026-08-22 16:00:00+00:00, run_after=2026-08-29 16:00:00+00:00
[2026-08-23T05:33:41.528+0000] {processor.py:208} INFO - Processing /opt/airflow/dags/weekly_segment.py took 0.282 seconds
[2026-08-23T05:34:11.689+0000] {processor.py:186} INFO - Started process (PID=5876) to work on /opt/airflow/dags/weekly_segment.py
[2026-08-23T05:34:11.690+0000] {processor.py:914} INFO - Processing file /opt/airflow/dags/weekly_segment.py for tasks to queue
[2026-08-23T05:34:11.692+0000] {logging_mixin.py:190} INFO - [2026-08-23T05:34:11.692+0000] {dagbag.py:588} INFO - Filling up the DagBag from /opt/airflow/dags/weekly_segment.py
[2026-08-23T05:34:11.879+0000] {processor.py:925} INFO - DAG(s) 'weekly_segment' retrieved from /opt/airflow/dags/weekly_segment.py
[2026-08-23T05:34:11.895+0000] {logging_mixin.py:190} INFO - [2026-08-23T05:34:11.895+0000] {dag.py:3239} INFO - Sync 1 DAGs
[2026-08-23T05:34:11.909+0000] {logging_mixin.py:190} INFO - [2026-08-23T05:34:11.908+0000] {dag.py:4180} INFO - Setting next_dagrun for weekly_segment to 2026-08-22 16:00:00+00:00, run_after=2026-08-29 16:00:00+00:00
[2026-08-23T05:34:11.924+0000] {processor.py:208} INFO - Processing /opt/airflow/dags/weekly_segment.py took 0.240 seconds
[2026-08-23T05:34:42.172+0000] {processor.py:186} INFO - Started process (PID=5886) to work on /opt/airflow/dags/weekly_segment.py
[2026-08-23T05:34:42.173+0000] {processor.py:914} INFO - Processing file /opt/airflow/dags/weekly_segment.py for tasks to queue
[2026-08-23T05:34:42.176+0000] {logging_mixin.py:190} INFO - [2026-08-23T05:34:42.175+0000] {dagbag.py:588} INFO - Filling up the DagBag from /opt/airflow/dags/weekly_segment.py
[2026-08-23T05:34:42.277+0000] {processor.py:925} INFO - DAG(s) 'weekly_segment' retrieved from /opt/airflow/dags/weekly_segment.py
[2026-08-23T05:34:42.296+0000] {logging_mixin.py:190} INFO - [2026-08-23T05:34:42.296+0000] {dag.py:3239} INFO - Sync 1 DAGs
[2026-08-23T05:34:42.312+0000] {logging_mixin.py:190} INFO - [2026-08-23T05:34:42.312+0000] {dag.py:4180} INFO - Setting next_dagrun for weekly_segment to 2026-08-22 16:00:00+00:00, run_after=2026-08-29 16:00:00+00:00
[2026-08-23T05:34:42.327+0000] {processor.py:208} INFO - Processing /opt/airflow/dags/weekly_segment.py took 0.163 seconds
[2026-08-23T05:35:12.518+0000] {processor.py:186} INFO - Started process (PID=5899) to work on /opt/airflow/dags/weekly_segment.py
[2026-08-23T05:35:12.519+0000] {processor.py:914} INFO - Processing file /opt/airflow/dags/weekly_segment.py for tasks to queue
[2026-08-23T05:35:12.521+0000] {logging_mixin.py:190} INFO - [2026-08-23T05:35:12.521+0000] {dagbag.py:588} INFO - Filling up the DagBag from /opt/airflow/dags/weekly_segment.py
[2026-08-23T05:35:12.666+0000] {processor.py:925} INFO - DAG(s) 'weekly_segment' retrieved from /opt/airflow/dags/weekly_segment.py
[2026-08-23T05:35:12.690+0000] {logging_mixin.py:190} INFO - [2026-08-23T05:35:12.690+0000] {dag.py:3239} INFO - Sync 1 DAGs
[2026-08-23T05:35:12.826+0000] {logging_mixin.py:190} INFO - [2026-08-23T05:35:12.825+0000] {dag.py:4180} INFO - Setting next_dagrun for weekly_segment to 2026-08-22 16:00:00+00:00, run_after=2026-08-29 16:00:00+00:00
[2026-08-23T05:35:12.840+0000] {processor.py:208} INFO - Processing /opt/airflow/dags/weekly_segment.py took 0.328 seconds
[2026-08-23T05:35:42.953+0000] {processor.py:186} INFO - Started process (PID=5906) to work on /opt/airflow/dags/weekly_segment.py
[2026-08-23T05:35:42.954+0000] {processor.py:914} INFO - Processing file /opt/airflow/dags/weekly_segment.py for tasks to queue
[2026-08-23T05:35:42.956+0000] {logging_mixin.py:190} INFO - [2026-08-23T05:35:42.956+0000] {dagbag.py:588} INFO - Filling up the DagBag from /opt/airflow/dags/weekly_segment.py
[2026-08-23T05:35:43.055+0000] {processor.py:925} INFO - DAG(s) 'weekly_segment' retrieved from /opt/airflow/dags/weekly_segment.py
[2026-08-23T05:35:43.074+0000] {logging_mixin.py:190} INFO - [2026-08-23T05:35:43.074+0000] {dag.py:3239} INFO - Sync 1 DAGs
[2026-08-23T05:35:43.183+0000] {logging_mixin.py:190} INFO - [2026-08-23T05:35:43.182+0000] {dag.py:4180} INFO - Setting next_dagrun for weekly_segment to 2026-08-22 16:00:00+00:00, run_after=2026-08-29 16:00:00+00:00
[2026-08-23T05:35:43.195+0000] {processor.py:208} INFO - Processing /opt/airflow/dags/weekly_segment.py took 0.247 seconds
[2026-08-23T05:36:13.370+0000] {processor.py:186} INFO - Started process (PID=5916) to work on /opt/airflow/dags/weekly_segment.py
[2026-08-23T05:36:13.370+0000] {processor.py:914} INFO - Processing file /opt/airflow/dags/weekly_segment.py for tasks to queue
[2026-08-23T05:36:13.372+0000] {logging_mixin.py:190} INFO - [2026-08-23T05:36:13.372+0000] {dagbag.py:588} INFO - Filling up the DagBag from /opt/airflow/dags/weekly_segment.py
[2026-08-23T05:36:13.459+0000] {processor.py:925} INFO - DAG(s) 'weekly_segment' retrieved from /opt/airflow/dags/weekly_segment.py
[2026-08-23T05:36:13.582+0000] {logging_mixin.py:190} INFO - [2026-08-23T05:36:13.582+0000] {dag.py:3239} INFO - Sync 1 DAGs
[2026-08-23T05:36:13.596+0000] {logging_mixin.py:190} INFO - [2026-08-23T05:36:13.595+0000] {dag.py:4180} INFO - Setting next_dagrun for weekly_segment to 2026-08-22 16:00:00+00:00, run_after=2026-08-29 16:00:00+00:00
[2026-08-23T05:36:13.607+0000] {processor.py:208} INFO - Processing /opt/airflow/dags/weekly_segment.py took 0.244 seconds
[2026-08-23T05:36:43.715+0000] {processor.py:186} INFO - Started process (PID=5926) to work on /opt/airflow/dags/weekly_segment.py
[2026-08-23T05:36:43.716+0000] {processor.py:914} INFO - Processing file /opt/airflow/dags/weekly_segment.py for tasks to queue
[2026-08-23T05:36:43.718+0000] {logging_mixin.py:190} INFO - [2026-08-23T05:36:43.718+0000] {dagbag.py:588} INFO - Filling up the DagBag from /opt/airflow/dags/weekly_segment.py
[2026-08-23T05:36:43.909+0000] {processor.py:925} INFO - DAG(s) 'weekly_segment' retrieved from /opt/airflow/dags/weekly_segment.py
[2026-08-23T05:36:43.926+0000] {logging_mixin.py:190} INFO - [2026-08-23T05:36:43.926+0000] {dag.py:3239} INFO - Sync 1 DAGs
[2026-08-23T05:36:43.940+0000] {logging_mixin.py:190} INFO - [2026-08-23T05:36:43.940+0000] {dag.py:4180} INFO - Setting next_dagrun for weekly_segment to 2026-08-22 16:00:00+00:00, run_after=2026-08-29 16:00:00+00:00
[2026-08-23T05:36:43.952+0000] {processor.py:208} INFO - Processing /opt/airflow/dags/weekly_segment.py took 0.243 seconds
[2026-08-23T05:37:14.237+0000] {processor.py:186} INFO - Started process (PID=5936) to work on /opt/airflow/dags/weekly_segment.py
[2026-08-23T05:37:14.238+0000] {processor.py:914} INFO - Processing file /opt/airflow/dags/weekly_segment.py for tasks to queue
[2026-08-23T05:37:14.241+0000] {logging_mixin.py:190} INFO - [2026-08-23T05:37:14.241+0000] {dagbag.py:588} INFO - Filling up the DagBag from /opt/airflow/dags/weekly_segment.py
[2026-08-23T05:37:14.461+0000] {processor.py:925} INFO - DAG(s) 'weekly_segment' retrieved from /opt/airflow/dags/weekly_segment.py
[2026-08-23T05:37:14.480+0000] {logging_mixin.py:190} INFO - [2026-08-23T05:37:14.480+0000] {dag.py:3239} INFO - Sync 1 DAGs
[2026-08-23T05:37:14.496+0000] {logging_mixin.py:190} INFO - [2026-08-23T05:37:14.496+0000] {dag.py:4180} INFO - Setting next_dagrun for weekly_segment to 2026-08-22 16:00:00+00:00, run_after=2026-08-29 16:00:00+00:00
[2026-08-23T05:37:14.512+0000] {processor.py:208} INFO - Processing /opt/airflow/dags/weekly_segment.py took 0.283 seconds
[2026-08-23T05:37:44.760+0000] {processor.py:186} INFO - Started process (PID=5946) to work on /opt/airflow/dags/weekly_segment.py
[2026-08-23T05:37:44.760+0000] {processor.py:914} INFO - Processing file /opt/airflow/dags/weekly_segment.py for tasks to queue
[2026-08-23T05:37:44.763+0000] {logging_mixin.py:190} INFO - [2026-08-23T05:37:44.762+0000] {dagbag.py:588} INFO - Filling up the DagBag from /opt/airflow/dags/weekly_segment.py
[2026-08-23T05:37:44.853+0000] {processor.py:925} INFO - DAG(s) 'weekly_segment' retrieved from /opt/airflow/dags/weekly_segment.py
[2026-08-23T05:37:44.874+0000] {logging_mixin.py:190} INFO - [2026-08-23T05:37:44.873+0000] {dag.py:3239} INFO - Sync 1 DAGs
[2026-08-23T05:37:44.891+0000] {logging_mixin.py:190} INFO - [2026-08-23T05:37:44.890+0000] {dag.py:4180} INFO - Setting next_dagrun for weekly_segment to 2026-08-22 16:00:00+00:00, run_after=2026-08-29 16:00:00+00:00
[2026-08-23T05:37:45.004+0000] {processor.py:208} INFO - Processing /opt/airflow/dags/weekly_segment.py took 0.250 seconds
[2026-08-23T05:38:15.301+0000] {processor.py:186} INFO - Started process (PID=5956) to work on /opt/airflow/dags/weekly_segment.py
[2026-08-23T05:38:15.302+0000] {processor.py:914} INFO - Processing file /opt/airflow/dags/weekly_segment.py for tasks to queue
[2026-08-23T05:38:15.304+0000] {logging_mixin.py:190} INFO - [2026-08-23T05:38:15.304+0000] {dagbag.py:588} INFO - Filling up the DagBag from /opt/airflow/dags/weekly_segment.py
[2026-08-23T05:38:15.410+0000] {processor.py:925} INFO - DAG(s) 'weekly_segment' retrieved from /opt/airflow/dags/weekly_segment.py
[2026-08-23T05:38:15.431+0000] {logging_mixin.py:190} INFO - [2026-08-23T05:38:15.431+0000] {dag.py:3239} INFO - Sync 1 DAGs
[2026-08-23T05:38:15.564+0000] {logging_mixin.py:190} INFO - [2026-08-23T05:38:15.564+0000] {dag.py:4180} INFO - Setting next_dagrun for weekly_segment to 2026-08-22 16:00:00+00:00, run_after=2026-08-29 16:00:00+00:00
[2026-08-23T05:38:15.579+0000] {processor.py:208} INFO - Processing /opt/airflow/dags/weekly_segment.py took 0.284 seconds
[2026-08-23T05:38:45.848+0000] {processor.py:186} INFO - Started process (PID=5966) to work on /opt/airflow/dags/weekly_segment.py
[2026-08-23T05:38:45.849+0000] {processor.py:914} INFO - Processing file /opt/airflow/dags/weekly_segment.py for tasks to queue
[2026-08-23T05:38:45.851+0000] {logging_mixin.py:190} INFO - [2026-08-23T05:38:45.851+0000] {dagbag.py:588} INFO - Filling up the DagBag from /opt/airflow/dags/weekly_segment.py
[2026-08-23T05:38:45.942+0000] {processor.py:925} INFO - DAG(s) 'weekly_segment' retrieved from /opt/airflow/dags/weekly_segment.py
[2026-08-23T05:38:45.963+0000] {logging_mixin.py:190} INFO - [2026-08-23T05:38:45.963+0000] {dag.py:3239} INFO - Sync 1 DAGs
[2026-08-23T05:38:46.080+0000] {logging_mixin.py:190} INFO - [2026-08-23T05:38:46.080+0000] {dag.py:4180} INFO - Setting next_dagrun for weekly_segment to 2026-08-22 16:00:00+00:00, run_after=2026-08-29 16:00:00+00:00
[2026-08-23T05:38:46.096+0000] {processor.py:208} INFO - Processing /opt/airflow/dags/weekly_segment.py took 0.255 seconds
[2026-08-23T05:39:16.185+0000] {processor.py:186} INFO - Started process (PID=5976) to work on /opt/airflow/dags/weekly_segment.py
[2026-08-23T05:39:16.186+0000] {processor.py:914} INFO - Processing file /opt/airflow/dags/weekly_segment.py for tasks to queue
[2026-08-23T05:39:16.189+0000] {logging_mixin.py:190} INFO - [2026-08-23T05:39:16.188+0000] {dagbag.py:588} INFO - Filling up the DagBag from /opt/airflow/dags/weekly_segment.py
[2026-08-23T05:39:16.309+0000] {processor.py:925} INFO - DAG(s) 'weekly_segment' retrieved from /opt/airflow/dags/weekly_segment.py
[2026-08-23T05:39:16.437+0000] {logging_mixin.py:190} INFO - [2026-08-23T05:39:16.437+0000] {dag.py:3239} INFO - Sync 1 DAGs
[2026-08-23T05:39:16.451+0000] {logging_mixin.py:190} INFO - [2026-08-23T05:39:16.451+0000] {dag.py:4180} INFO - Setting next_dagrun for weekly_segment to 2026-08-22 16:00:00+00:00, run_after=2026-08-29 16:00:00+00:00
[2026-08-23T05:39:16.464+0000] {processor.py:208} INFO - Processing /opt/airflow/dags/weekly_segment.py took 0.285 seconds
[2026-08-23T05:39:46.658+0000] {processor.py:186} INFO - Started process (PID=5986) to work on /opt/airflow/dags/weekly_segment.py
[2026-08-23T05:39:46.659+0000] {processor.py:914} INFO - Processing file /opt/airflow/dags/weekly_segment.py for tasks to queue
[2026-08-23T05:39:46.661+0000] {logging_mixin.py:190} INFO - [2026-08-23T05:39:46.660+0000] {dagbag.py:588} INFO - Filling up the DagBag from /opt/airflow/dags/weekly_segment.py
[2026-08-23T05:39:46.881+0000] {processor.py:925} INFO - DAG(s) 'weekly_segment' retrieved from /opt/airflow/dags/weekly_segment.py
[2026-08-23T05:39:46.900+0000] {logging_mixin.py:190} INFO - [2026-08-23T05:39:46.900+0000] {dag.py:3239} INFO - Sync 1 DAGs
[2026-08-23T05:39:46.915+0000] {logging_mixin.py:190} INFO - [2026-08-23T05:39:46.915+0000] {dag.py:4180} INFO - Setting next_dagrun for weekly_segment to 2026-08-22 16:00:00+00:00, run_after=2026-08-29 16:00:00+00:00
[2026-08-23T05:39:46.929+0000] {processor.py:208} INFO - Processing /opt/airflow/dags/weekly_segment.py took 0.280 seconds
[2026-08-23T05:40:17.331+0000] {processor.py:186} INFO - Started process (PID=5996) to work on /opt/airflow/dags/weekly_segment.py
[2026-08-23T05:40:17.332+0000] {processor.py:914} INFO - Processing file /opt/airflow/dags/weekly_segment.py for tasks to queue
[2026-08-23T05:40:17.334+0000] {logging_mixin.py:190} INFO - [2026-08-23T05:40:17.334+0000] {dagbag.py:588} INFO - Filling up the DagBag from /opt/airflow/dags/weekly_segment.py
[2026-08-23T05:40:17.428+0000] {processor.py:925} INFO - DAG(s) 'weekly_segment' retrieved from /opt/airflow/dags/weekly_segment.py
[2026-08-23T05:40:17.449+0000] {logging_mixin.py:190} INFO - [2026-08-23T05:40:17.449+0000] {dag.py:3239} INFO - Sync 1 DAGs
[2026-08-23T05:40:17.466+0000] {logging_mixin.py:190} INFO - [2026-08-23T05:40:17.466+0000] {dag.py:4180} INFO - Setting next_dagrun for weekly_segment to 2026-08-22 16:00:00+00:00, run_after=2026-08-29 16:00:00+00:00
[2026-08-23T05:40:17.481+0000] {processor.py:208} INFO - Processing /opt/airflow/dags/weekly_segment.py took 0.157 seconds
[2026-08-23T05:40:47.672+0000] {processor.py:186} INFO - Started process (PID=6006) to work on /opt/airflow/dags/weekly_segment.py
[2026-08-23T05:40:47.673+0000] {processor.py:914} INFO - Processing file /opt/airflow/dags/weekly_segment.py for tasks to queue
[2026-08-23T05:40:47.675+0000] {logging_mixin.py:190} INFO - [2026-08-23T05:40:47.675+0000] {dagbag.py:588} INFO - Filling up the DagBag from /opt/airflow/dags/weekly_segment.py
[2026-08-23T05:40:47.774+0000] {processor.py:925} INFO - DAG(s) 'weekly_segment' retrieved from /opt/airflow/dags/weekly_segment.py
[2026-08-23T05:40:47.794+0000] {logging_mixin.py:190} INFO - [2026-08-23T05:40:47.794+0000] {dag.py:3239} INFO - Sync 1 DAGs
[2026-08-23T05:40:47.908+0000] {logging_mixin.py:190} INFO - [2026-08-23T05:40:47.908+0000] {dag.py:4180} INFO - Setting next_dagrun for weekly_segment to 2026-08-22 16:00:00+00:00, run_after=2026-08-29 16:00:00+00:00
[2026-08-23T05:40:47.926+0000] {processor.py:208} INFO - Processing /opt/airflow/dags/weekly_segment.py took 0.260 seconds
[2026-08-23T05:41:18.079+0000] {processor.py:186} INFO - Started process (PID=6016) to work on /opt/airflow/dags/weekly_segment.py
[2026-08-23T05:41:18.080+0000] {processor.py:914} INFO - Processing file /opt/airflow/dags/weekly_segment.py for tasks to queue
[2026-08-23T05:41:18.082+0000] {logging_mixin.py:190} INFO - [2026-08-23T05:41:18.082+0000] {dagbag.py:588} INFO - Filling up the DagBag from /opt/airflow/dags/weekly_segment.py
[2026-08-23T05:41:18.173+0000] {processor.py:925} INFO - DAG(s) 'weekly_segment' retrieved from /opt/airflow/dags/weekly_segment.py
[2026-08-23T05:41:18.195+0000] {logging_mixin.py:190} INFO - [2026-08-23T05:41:18.194+0000] {dag.py:3239} INFO - Sync 1 DAGs
[2026-08-23T05:41:18.314+0000] {logging_mixin.py:190} INFO - [2026-08-23T05:41:18.314+0000] {dag.py:4180} INFO - Setting next_dagrun for weekly_segment to 2026-08-22 16:00:00+00:00, run_after=2026-08-29 16:00:00+00:00
[2026-08-23T05:41:18.328+0000] {processor.py:208} INFO - Processing /opt/airflow/dags/weekly_segment.py took 0.254 seconds
[2026-08-23T05:41:48.478+0000] {processor.py:186} INFO - Started process (PID=6026) to work on /opt/airflow/dags/weekly_segment.py
[2026-08-23T05:41:48.479+0000] {processor.py:914} INFO - Processing file /opt/airflow/dags/weekly_segment.py for tasks to queue
[2026-08-23T05:41:48.482+0000] {logging_mixin.py:190} INFO - [2026-08-23T05:41:48.481+0000] {dagbag.py:588} INFO - Filling up the DagBag from /opt/airflow/dags/weekly_segment.py
[2026-08-23T05:41:48.569+0000] {processor.py:925} INFO - DAG(s) 'weekly_segment' retrieved from /opt/airflow/dags/weekly_segment.py
[2026-08-23T05:41:48.694+0000] {logging_mixin.py:190} INFO - [2026-08-23T05:41:48.694+0000] {dag.py:3239} INFO - Sync 1 DAGs
[2026-08-23T05:41:48.709+0000] {logging_mixin.py:190} INFO - [2026-08-23T05:41:48.709+0000] {dag.py:4180} INFO - Setting next_dagrun for weekly_segment to 2026-08-22 16:00:00+00:00, run_after=2026-08-29 16:00:00+00:00
[2026-08-23T05:41:48.721+0000] {processor.py:208} INFO - Processing /opt/airflow/dags/weekly_segment.py took 0.249 seconds
[2026-08-23T05:42:18.822+0000] {processor.py:186} INFO - Started process (PID=6036) to work on /opt/airflow/dags/weekly_segment.py
[2026-08-23T05:42:18.823+0000] {processor.py:914} INFO - Processing file /opt/airflow/dags/weekly_segment.py for tasks to queue
[2026-08-23T05:42:18.824+0000] {logging_mixin.py:190} INFO - [2026-08-23T05:42:18.824+0000] {dagbag.py:588} INFO - Filling up the DagBag from /opt/airflow/dags/weekly_segment.py
[2026-08-23T05:42:19.047+0000] {processor.py:925} INFO - DAG(s) 'weekly_segment' retrieved from /opt/airflow/dags/weekly_segment.py
[2026-08-23T05:42:19.066+0000] {logging_mixin.py:190} INFO - [2026-08-23T05:42:19.066+0000] {dag.py:3239} INFO - Sync 1 DAGs
[2026-08-23T05:42:19.083+0000] {logging_mixin.py:190} INFO - [2026-08-23T05:42:19.083+0000] {dag.py:4180} INFO - Setting next_dagrun for weekly_segment to 2026-08-22 16:00:00+00:00, run_after=2026-08-29 16:00:00+00:00
[2026-08-23T05:42:19.097+0000] {processor.py:208} INFO - Processing /opt/airflow/dags/weekly_segment.py took 0.282 seconds
[2026-08-23T05:42:49.333+0000] {processor.py:186} INFO - Started process (PID=6046) to work on /opt/airflow/dags/weekly_segment.py
[2026-08-23T05:42:49.334+0000] {processor.py:914} INFO - Processing file /opt/airflow/dags/weekly_segment.py for tasks to queue
[2026-08-23T05:42:49.336+0000] {logging_mixin.py:190} INFO - [2026-08-23T05:42:49.335+0000] {dagbag.py:588} INFO - Filling up the DagBag from /opt/airflow/dags/weekly_segment.py
[2026-08-23T05:42:49.550+0000] {processor.py:925} INFO - DAG(s) 'weekly_segment' retrieved from /opt/airflow/dags/weekly_segment.py
[2026-08-23T05:42:49.569+0000] {logging_mixin.py:190} INFO - [2026-08-23T05:42:49.569+0000] {dag.py:3239} INFO - Sync 1 DAGs
[2026-08-23T05:42:49.584+0000] {logging_mixin.py:190} INFO - [2026-08-23T05:42:49.583+0000] {dag.py:4180} INFO - Setting next_dagrun for weekly_segment to 2026-08-22 16:00:00+00:00, run_after=2026-08-29 16:00:00+00:00
[2026-08-23T05:42:49.598+0000] {processor.py:208} INFO - Processing /opt/airflow/dags/weekly_segment.py took 0.273 seconds
[2026-08-23T05:43:19.802+0000] {processor.py:186} INFO - Started process (PID=6056) to work on /opt/airflow/dags/weekly_segment.py
[2026-08-23T05:43:19.803+0000] {processor.py:914} INFO - Processing file /opt/airflow/dags/weekly_segment.py for tasks to queue
[2026-08-23T05:43:19.805+0000] {logging_mixin.py:190} INFO - [2026-08-23T05:43:19.805+0000] {dagbag.py:588} INFO - Filling up the DagBag from /opt/airflow/dags/weekly_segment.py
[2026-08-23T05:43:19.947+0000] {processor.py:925} INFO - DAG(s) 'weekly_segment' retrieved from /opt/airflow/dags/weekly_segment.py
[2026-08-23T05:43:19.970+0000] {logging_mixin.py:190} INFO - [2026-08-23T05:43:19.969+0000] {dag.py:3239} INFO - Sync 1 DAGs
[2026-08-23T05:43:19.988+0000] {logging_mixin.py:190} INFO - [2026-08-23T05:43:19.987+0000] {dag.py:4180} INFO - Setting next_dagrun for weekly_segment to 2026-08-22 16:00:00+00:00, run_after=2026-08-29 16:00:00+00:00
[2026-08-23T05:43:20.106+0000] {processor.py:208} INFO - Processing /opt/airflow/dags/weekly_segment.py took 0.312 seconds
[2026-08-23T05:43:50.324+0000] {processor.py:186} INFO - Started process (PID=6066) to work on /opt/airflow/dags/weekly_segment.py
[2026-08-23T05:43:50.325+0000] {processor.py:914} INFO - Processing file /opt/airflow/dags/weekly_segment.py for tasks to queue
[2026-08-23T05:43:50.327+0000] {logging_mixin.py:190} INFO - [2026-08-23T05:43:50.327+0000] {dagbag.py:588} INFO - Filling up the DagBag from /opt/airflow/dags/weekly_segment.py
[2026-08-23T05:43:50.444+0000] {processor.py:925} INFO - DAG(s) 'weekly_segment' retrieved from /opt/airflow/dags/weekly_segment.py
[2026-08-23T05:43:50.466+0000] {logging_mixin.py:190} INFO - [2026-08-23T05:43:50.465+0000] {dag.py:3239} INFO - Sync 1 DAGs
[2026-08-23T05:43:50.605+0000] {logging_mixin.py:190} INFO - [2026-08-23T05:43:50.605+0000] {dag.py:4180} INFO - Setting next_dagrun for weekly_segment to 2026-08-22 16:00:00+00:00, run_after=2026-08-29 16:00:00+00:00
[2026-08-23T05:43:50.619+0000] {processor.py:208} INFO - Processing /opt/airflow/dags/weekly_segment.py took 0.302 seconds
[2026-08-23T05:44:20.828+0000] {processor.py:186} INFO - Started process (PID=6076) to work on /opt/airflow/dags/weekly_segment.py
[2026-08-23T05:44:20.829+0000] {processor.py:914} INFO - Processing file /opt/airflow/dags/weekly_segment.py for tasks to queue
[2026-08-23T05:44:20.831+0000] {logging_mixin.py:190} INFO - [2026-08-23T05:44:20.831+0000] {dagbag.py:588} INFO - Filling up the DagBag from /opt/airflow/dags/weekly_segment.py
[2026-08-23T05:44:20.931+0000] {processor.py:925} INFO - DAG(s) 'weekly_segment' retrieved from /opt/airflow/dags/weekly_segment.py
[2026-08-23T05:44:20.954+0000] {logging_mixin.py:190} INFO - [2026-08-23T05:44:20.954+0000] {dag.py:3239} INFO - Sync 1 DAGs
[2026-08-23T05:44:21.076+0000] {logging_mixin.py:190} INFO - [2026-08-23T05:44:21.075+0000] {dag.py:4180} INFO - Setting next_dagrun for weekly_segment to 2026-08-22 16:00:00+00:00, run_after=2026-08-29 16:00:00+00:00
[2026-08-23T05:44:21.089+0000] {processor.py:208} INFO - Processing /opt/airflow/dags/weekly_segment.py took 0.269 seconds
[2026-08-23T05:44:51.303+0000] {processor.py:186} INFO - Started process (PID=6086) to work on /opt/airflow/dags/weekly_segment.py
[2026-08-23T05:44:51.304+0000] {processor.py:914} INFO - Processing file /opt/airflow/dags/weekly_segment.py for tasks to queue
[2026-08-23T05:44:51.306+0000] {logging_mixin.py:190} INFO - [2026-08-23T05:44:51.306+0000] {dagbag.py:588} INFO - Filling up the DagBag from /opt/airflow/dags/weekly_segment.py
[2026-08-23T05:44:51.406+0000] {processor.py:925} INFO - DAG(s) 'weekly_segment' retrieved from /opt/airflow/dags/weekly_segment.py
[2026-08-23T05:44:51.536+0000] {logging_mixin.py:190} INFO - [2026-08-23T05:44:51.536+0000] {dag.py:3239} INFO - Sync 1 DAGs
[2026-08-23T05:44:51.552+0000] {logging_mixin.py:190} INFO - [2026-08-23T05:44:51.552+0000] {dag.py:4180} INFO - Setting next_dagrun for weekly_segment to 2026-08-22 16:00:00+00:00, run_after=2026-08-29 16:00:00+00:00
[2026-08-23T05:44:51.566+0000] {processor.py:208} INFO - Processing /opt/airflow/dags/weekly_segment.py took 0.270 seconds
[2026-08-23T05:45:21.789+0000] {processor.py:186} INFO - Started process (PID=6096) to work on /opt/airflow/dags/weekly_segment.py
[2026-08-23T05:45:21.790+0000] {processor.py:914} INFO - Processing file /opt/airflow/dags/weekly_segment.py for tasks to queue
[2026-08-23T05:45:21.792+0000] {logging_mixin.py:190} INFO - [2026-08-23T05:45:21.792+0000] {dagbag.py:588} INFO - Filling up the DagBag from /opt/airflow/dags/weekly_segment.py
[2026-08-23T05:45:21.995+0000] {processor.py:925} INFO - DAG(s) 'weekly_segment' retrieved from /opt/airflow/dags/weekly_segment.py
[2026-08-23T05:45:22.013+0000] {logging_mixin.py:190} INFO - [2026-08-23T05:45:22.013+0000] {dag.py:3239} INFO - Sync 1 DAGs
[2026-08-23T05:45:22.027+0000] {logging_mixin.py:190} INFO - [2026-08-23T05:45:22.027+0000] {dag.py:4180} INFO - Setting next_dagrun for weekly_segment to 2026-08-22 16:00:00+00:00, run_after=2026-08-29 16:00:00+00:00
[2026-08-23T05:45:22.039+0000] {processor.py:208} INFO - Processing /opt/airflow/dags/weekly_segment.py took 0.258 seconds
[2026-08-23T05:45:52.341+0000] {processor.py:186} INFO - Started process (PID=6106) to work on /opt/airflow/dags/weekly_segment.py
[2026-08-23T05:45:52.342+0000] {processor.py:914} INFO - Processing file /opt/airflow/dags/weekly_segment.py for tasks to queue
[2026-08-23T05:45:52.343+0000] {logging_mixin.py:190} INFO - [2026-08-23T05:45:52.343+0000] {dagbag.py:588} INFO - Filling up the DagBag from /opt/airflow/dags/weekly_segment.py
[2026-08-23T05:45:52.528+0000] {processor.py:925} INFO - DAG(s) 'weekly_segment' retrieved from /opt/airflow/dags/weekly_segment.py
[2026-08-23T05:45:52.545+0000] {logging_mixin.py:190} INFO - [2026-08-23T05:45:52.545+0000] {dag.py:3239} INFO - Sync 1 DAGs
[2026-08-23T05:45:52.559+0000] {logging_mixin.py:190} INFO - [2026-08-23T05:45:52.559+0000] {dag.py:4180} INFO - Setting next_dagrun for weekly_segment to 2026-08-22 16:00:00+00:00, run_after=2026-08-29 16:00:00+00:00
[2026-08-23T05:45:52.572+0000] {processor.py:208} INFO - Processing /opt/airflow/dags/weekly_segment.py took 0.238 seconds
[2026-08-23T05:46:22.650+0000] {processor.py:186} INFO - Started process (PID=6116) to work on /opt/airflow/dags/weekly_segment.py
[2026-08-23T05:46:22.651+0000] {processor.py:914} INFO - Processing file /opt/airflow/dags/weekly_segment.py for tasks to queue
[2026-08-23T05:46:22.653+0000] {logging_mixin.py:190} INFO - [2026-08-23T05:46:22.653+0000] {dagbag.py:588} INFO - Filling up the DagBag from /opt/airflow/dags/weekly_segment.py
[2026-08-23T05:46:22.749+0000] {processor.py:925} INFO - DAG(s) 'weekly_segment' retrieved from /opt/airflow/dags/weekly_segment.py
[2026-08-23T05:46:22.771+0000] {logging_mixin.py:190} INFO - [2026-08-23T05:46:22.771+0000] {dag.py:3239} INFO - Sync 1 DAGs
[2026-08-23T05:46:22.894+0000] {logging_mixin.py:190} INFO - [2026-08-23T05:46:22.894+0000] {dag.py:4180} INFO - Setting next_dagrun for weekly_segment to 2026-08-22 16:00:00+00:00, run_after=2026-08-29 16:00:00+00:00
[2026-08-23T05:46:22.910+0000] {processor.py:208} INFO - Processing /opt/airflow/dags/weekly_segment.py took 0.267 seconds
[2026-08-23T05:46:53.191+0000] {processor.py:186} INFO - Started process (PID=6126) to work on /opt/airflow/dags/weekly_segment.py
[2026-08-23T05:46:53.192+0000] {processor.py:914} INFO - Processing file /opt/airflow/dags/weekly_segment.py for tasks to queue
[2026-08-23T05:46:53.194+0000] {logging_mixin.py:190} INFO - [2026-08-23T05:46:53.193+0000] {dagbag.py:588} INFO - Filling up the DagBag from /opt/airflow/dags/weekly_segment.py
[2026-08-23T05:46:53.284+0000] {processor.py:925} INFO - DAG(s) 'weekly_segment' retrieved from /opt/airflow/dags/weekly_segment.py
[2026-08-23T05:46:53.304+0000] {logging_mixin.py:190} INFO - [2026-08-23T05:46:53.304+0000] {dag.py:3239} INFO - Sync 1 DAGs
[2026-08-23T05:46:53.433+0000] {logging_mixin.py:190} INFO - [2026-08-23T05:46:53.433+0000] {dag.py:4180} INFO - Setting next_dagrun for weekly_segment to 2026-08-22 16:00:00+00:00, run_after=2026-08-29 16:00:00+00:00
[2026-08-23T05:46:53.445+0000] {processor.py:208} INFO - Processing /opt/airflow/dags/weekly_segment.py took 0.260 seconds
[2026-08-23T05:47:23.667+0000] {processor.py:186} INFO - Started process (PID=6136) to work on /opt/airflow/dags/weekly_segment.py
[2026-08-23T05:47:23.668+0000] {processor.py:914} INFO - Processing file /opt/airflow/dags/weekly_segment.py for tasks to queue
[2026-08-23T05:47:23.670+0000] {logging_mixin.py:190} INFO - [2026-08-23T05:47:23.670+0000] {dagbag.py:588} INFO - Filling up the DagBag from /opt/airflow/dags/weekly_segment.py
[2026-08-23T05:47:23.773+0000] {processor.py:925} INFO - DAG(s) 'weekly_segment' retrieved from /opt/airflow/dags/weekly_segment.py
[2026-08-23T05:47:23.906+0000] {logging_mixin.py:190} INFO - [2026-08-23T05:47:23.906+0000] {dag.py:3239} INFO - Sync 1 DAGs
[2026-08-23T05:47:23.921+0000] {logging_mixin.py:190} INFO - [2026-08-23T05:47:23.921+0000] {dag.py:4180} INFO - Setting next_dagrun for weekly_segment to 2026-08-22 16:00:00+00:00, run_after=2026-08-29 16:00:00+00:00
[2026-08-23T05:47:23.934+0000] {processor.py:208} INFO - Processing /opt/airflow/dags/weekly_segment.py took 0.273 seconds
[2026-08-23T05:47:54.208+0000] {processor.py:186} INFO - Started process (PID=6146) to work on /opt/airflow/dags/weekly_segment.py
[2026-08-23T05:47:54.212+0000] {processor.py:914} INFO - Processing file /opt/airflow/dags/weekly_segment.py for tasks to queue
[2026-08-23T05:47:54.215+0000] {logging_mixin.py:190} INFO - [2026-08-23T05:47:54.215+0000] {dagbag.py:588} INFO - Filling up the DagBag from /opt/airflow/dags/weekly_segment.py
[2026-08-23T05:47:54.446+0000] {processor.py:925} INFO - DAG(s) 'weekly_segment' retrieved from /opt/airflow/dags/weekly_segment.py
[2026-08-23T05:47:54.465+0000] {logging_mixin.py:190} INFO - [2026-08-23T05:47:54.465+0000] {dag.py:3239} INFO - Sync 1 DAGs
[2026-08-23T05:47:54.481+0000] {logging_mixin.py:190} INFO - [2026-08-23T05:47:54.480+0000] {dag.py:4180} INFO - Setting next_dagrun for weekly_segment to 2026-08-22 16:00:00+00:00, run_after=2026-08-29 16:00:00+00:00
[2026-08-23T05:47:54.494+0000] {processor.py:208} INFO - Processing /opt/airflow/dags/weekly_segment.py took 0.294 seconds
[2026-08-23T05:48:24.703+0000] {processor.py:186} INFO - Started process (PID=6156) to work on /opt/airflow/dags/weekly_segment.py
[2026-08-23T05:48:24.704+0000] {processor.py:914} INFO - Processing file /opt/airflow/dags/weekly_segment.py for tasks to queue
[2026-08-23T05:48:24.707+0000] {logging_mixin.py:190} INFO - [2026-08-23T05:48:24.706+0000] {dagbag.py:588} INFO - Filling up the DagBag from /opt/airflow/dags/weekly_segment.py
[2026-08-23T05:48:24.926+0000] {processor.py:925} INFO - DAG(s) 'weekly_segment' retrieved from /opt/airflow/dags/weekly_segment.py
[2026-08-23T05:48:24.945+0000] {logging_mixin.py:190} INFO - [2026-08-23T05:48:24.944+0000] {dag.py:3239} INFO - Sync 1 DAGs
[2026-08-23T05:48:24.960+0000] {logging_mixin.py:190} INFO - [2026-08-23T05:48:24.960+0000] {dag.py:4180} INFO - Setting next_dagrun for weekly_segment to 2026-08-22 16:00:00+00:00, run_after=2026-08-29 16:00:00+00:00
[2026-08-23T05:48:24.974+0000] {processor.py:208} INFO - Processing /opt/airflow/dags/weekly_segment.py took 0.279 seconds
[2026-08-23T05:48:55.250+0000] {processor.py:186} INFO - Started process (PID=6166) to work on /opt/airflow/dags/weekly_segment.py
[2026-08-23T05:48:55.251+0000] {processor.py:914} INFO - Processing file /opt/airflow/dags/weekly_segment.py for tasks to queue
[2026-08-23T05:48:55.253+0000] {logging_mixin.py:190} INFO - [2026-08-23T05:48:55.252+0000] {dagbag.py:588} INFO - Filling up the DagBag from /opt/airflow/dags/weekly_segment.py
[2026-08-23T05:48:55.362+0000] {processor.py:925} INFO - DAG(s) 'weekly_segment' retrieved from /opt/airflow/dags/weekly_segment.py
[2026-08-23T05:48:55.384+0000] {logging_mixin.py:190} INFO - [2026-08-23T05:48:55.384+0000] {dag.py:3239} INFO - Sync 1 DAGs
[2026-08-23T05:48:55.406+0000] {logging_mixin.py:190} INFO - [2026-08-23T05:48:55.406+0000] {dag.py:4180} INFO - Setting next_dagrun for weekly_segment to 2026-08-22 16:00:00+00:00, run_after=2026-08-29 16:00:00+00:00
[2026-08-23T05:48:55.523+0000] {processor.py:208} INFO - Processing /opt/airflow/dags/weekly_segment.py took 0.279 seconds
[2026-08-23T05:49:25.571+0000] {processor.py:186} INFO - Started process (PID=6176) to work on /opt/airflow/dags/weekly_segment.py
[2026-08-23T05:49:25.571+0000] {processor.py:914} INFO - Processing file /opt/airflow/dags/weekly_segment.py for tasks to queue
[2026-08-23T05:49:25.573+0000] {logging_mixin.py:190} INFO - [2026-08-23T05:49:25.573+0000] {dagbag.py:588} INFO - Filling up the DagBag from /opt/airflow/dags/weekly_segment.py
[2026-08-23T05:49:25.686+0000] {processor.py:925} INFO - DAG(s) 'weekly_segment' retrieved from /opt/airflow/dags/weekly_segment.py
[2026-08-23T05:49:25.709+0000] {logging_mixin.py:190} INFO - [2026-08-23T05:49:25.708+0000] {dag.py:3239} INFO - Sync 1 DAGs
[2026-08-23T05:49:25.833+0000] {logging_mixin.py:190} INFO - [2026-08-23T05:49:25.833+0000] {dag.py:4180} INFO - Setting next_dagrun for weekly_segment to 2026-08-22 16:00:00+00:00, run_after=2026-08-29 16:00:00+00:00
[2026-08-23T05:49:25.845+0000] {processor.py:208} INFO - Processing /opt/airflow/dags/weekly_segment.py took 0.280 seconds
[2026-08-23T05:49:56.041+0000] {processor.py:186} INFO - Started process (PID=6186) to work on /opt/airflow/dags/weekly_segment.py
[2026-08-23T05:49:56.042+0000] {processor.py:914} INFO - Processing file /opt/airflow/dags/weekly_segment.py for tasks to queue
[2026-08-23T05:49:56.043+0000] {logging_mixin.py:190} INFO - [2026-08-23T05:49:56.043+0000] {dagbag.py:588} INFO - Filling up the DagBag from /opt/airflow/dags/weekly_segment.py
[2026-08-23T05:49:56.140+0000] {processor.py:925} INFO - DAG(s) 'weekly_segment' retrieved from /opt/airflow/dags/weekly_segment.py
[2026-08-23T05:49:56.164+0000] {logging_mixin.py:190} INFO - [2026-08-23T05:49:56.164+0000] {dag.py:3239} INFO - Sync 1 DAGs
[2026-08-23T05:49:56.290+0000] {logging_mixin.py:190} INFO - [2026-08-23T05:49:56.290+0000] {dag.py:4180} INFO - Setting next_dagrun for weekly_segment to 2026-08-22 16:00:00+00:00, run_after=2026-08-29 16:00:00+00:00
[2026-08-23T05:49:56.303+0000] {processor.py:208} INFO - Processing /opt/airflow/dags/weekly_segment.py took 0.271 seconds
[2026-08-23T05:50:26.507+0000] {processor.py:186} INFO - Started process (PID=6196) to work on /opt/airflow/dags/weekly_segment.py
[2026-08-23T05:50:26.508+0000] {processor.py:914} INFO - Processing file /opt/airflow/dags/weekly_segment.py for tasks to queue
[2026-08-23T05:50:26.510+0000] {logging_mixin.py:190} INFO - [2026-08-23T05:50:26.510+0000] {dagbag.py:588} INFO - Filling up the DagBag from /opt/airflow/dags/weekly_segment.py
[2026-08-23T05:50:26.617+0000] {processor.py:925} INFO - DAG(s) 'weekly_segment' retrieved from /opt/airflow/dags/weekly_segment.py
[2026-08-23T05:50:26.744+0000] {logging_mixin.py:190} INFO - [2026-08-23T05:50:26.743+0000] {dag.py:3239} INFO - Sync 1 DAGs
[2026-08-23T05:50:26.759+0000] {logging_mixin.py:190} INFO - [2026-08-23T05:50:26.759+0000] {dag.py:4180} INFO - Setting next_dagrun for weekly_segment to 2026-08-22 16:00:00+00:00, run_after=2026-08-29 16:00:00+00:00
[2026-08-23T05:50:26.771+0000] {processor.py:208} INFO - Processing /opt/airflow/dags/weekly_segment.py took 0.271 seconds
[2026-08-23T05:50:56.994+0000] {processor.py:186} INFO - Started process (PID=6206) to work on /opt/airflow/dags/weekly_segment.py
[2026-08-23T05:50:56.995+0000] {processor.py:914} INFO - Processing file /opt/airflow/dags/weekly_segment.py for tasks to queue
[2026-08-23T05:50:56.997+0000] {logging_mixin.py:190} INFO - [2026-08-23T05:50:56.997+0000] {dagbag.py:588} INFO - Filling up the DagBag from /opt/airflow/dags/weekly_segment.py
[2026-08-23T05:50:57.191+0000] {processor.py:925} INFO - DAG(s) 'weekly_segment' retrieved from /opt/airflow/dags/weekly_segment.py
[2026-08-23T05:50:57.207+0000] {logging_mixin.py:190} INFO - [2026-08-23T05:50:57.207+0000] {dag.py:3239} INFO - Sync 1 DAGs
[2026-08-23T05:50:57.221+0000] {logging_mixin.py:190} INFO - [2026-08-23T05:50:57.220+0000] {dag.py:4180} INFO - Setting next_dagrun for weekly_segment to 2026-08-22 16:00:00+00:00, run_after=2026-08-29 16:00:00+00:00
[2026-08-23T05:50:57.231+0000] {processor.py:208} INFO - Processing /opt/airflow/dags/weekly_segment.py took 0.242 seconds
[2026-08-23T05:51:27.352+0000] {processor.py:186} INFO - Started process (PID=6216) to work on /opt/airflow/dags/weekly_segment.py
[2026-08-23T05:51:27.352+0000] {processor.py:914} INFO - Processing file /opt/airflow/dags/weekly_segment.py for tasks to queue
[2026-08-23T05:51:27.355+0000] {logging_mixin.py:190} INFO - [2026-08-23T05:51:27.354+0000] {dagbag.py:588} INFO - Filling up the DagBag from /opt/airflow/dags/weekly_segment.py
[2026-08-23T05:51:27.546+0000] {processor.py:925} INFO - DAG(s) 'weekly_segment' retrieved from /opt/airflow/dags/weekly_segment.py
[2026-08-23T05:51:27.563+0000] {logging_mixin.py:190} INFO - [2026-08-23T05:51:27.563+0000] {dag.py:3239} INFO - Sync 1 DAGs
[2026-08-23T05:51:27.577+0000] {logging_mixin.py:190} INFO - [2026-08-23T05:51:27.577+0000] {dag.py:4180} INFO - Setting next_dagrun for weekly_segment to 2026-08-22 16:00:00+00:00, run_after=2026-08-29 16:00:00+00:00
[2026-08-23T05:51:27.590+0000] {processor.py:208} INFO - Processing /opt/airflow/dags/weekly_segment.py took 0.244 seconds
[2026-08-23T05:51:58.047+0000] {processor.py:186} INFO - Started process (PID=6226) to work on /opt/airflow/dags/weekly_segment.py
[2026-08-23T05:51:58.048+0000] {processor.py:914} INFO - Processing file /opt/airflow/dags/weekly_segment.py for tasks to queue
[2026-08-23T05:51:58.050+0000] {logging_mixin.py:190} INFO - [2026-08-23T05:51:58.050+0000] {dagbag.py:588} INFO - Filling up the DagBag from /opt/airflow/dags/weekly_segment.py
[2026-08-23T05:51:58.142+0000] {processor.py:925} INFO - DAG(s) 'weekly_segment' retrieved from /opt/airflow/dags/weekly_segment.py
[2026-08-23T05:51:58.163+0000] {logging_mixin.py:190} INFO - [2026-08-23T05:51:58.163+0000] {dag.py:3239} INFO - Sync 1 DAGs
[2026-08-23T05:51:58.297+0000] {logging_mixin.py:190} INFO - [2026-08-23T05:51:58.296+0000] {dag.py:4180} INFO - Setting next_dagrun for weekly_segment to 2026-08-22 16:00:00+00:00, run_after=2026-08-29 16:00:00+00:00
[2026-08-23T05:51:58.309+0000] {processor.py:208} INFO - Processing /opt/airflow/dags/weekly_segment.py took 0.269 seconds
[2026-08-23T05:52:28.433+0000] {processor.py:186} INFO - Started process (PID=6236) to work on /opt/airflow/dags/weekly_segment.py
[2026-08-23T05:52:28.434+0000] {processor.py:914} INFO - Processing file /opt/airflow/dags/weekly_segment.py for tasks to queue
[2026-08-23T05:52:28.436+0000] {logging_mixin.py:190} INFO - [2026-08-23T05:52:28.435+0000] {dagbag.py:588} INFO - Filling up the DagBag from /opt/airflow/dags/weekly_segment.py
[2026-08-23T05:52:28.529+0000] {processor.py:925} INFO - DAG(s) 'weekly_segment' retrieved from /opt/airflow/dags/weekly_segment.py
[2026-08-23T05:52:28.548+0000] {logging_mixin.py:190} INFO - [2026-08-23T05:52:28.548+0000] {dag.py:3239} INFO - Sync 1 DAGs
[2026-08-23T05:52:28.663+0000] {logging_mixin.py:190} INFO - [2026-08-23T05:52:28.663+0000] {dag.py:4180} INFO - Setting next_dagrun for weekly_segment to 2026-08-22 16:00:00+00:00, run_after=2026-08-29 16:00:00+00:00
[2026-08-23T05:52:28.675+0000] {processor.py:208} INFO - Processing /opt/airflow/dags/weekly_segment.py took 0.248 seconds
[2026-08-23T05:52:59.057+0000] {processor.py:186} INFO - Started process (PID=6246) to work on /opt/airflow/dags/weekly_segment.py
[2026-08-23T05:52:59.058+0000] {processor.py:914} INFO - Processing file /opt/airflow/dags/weekly_segment.py for tasks to queue
[2026-08-23T05:52:59.062+0000] {logging_mixin.py:190} INFO - [2026-08-23T05:52:59.062+0000] {dagbag.py:588} INFO - Filling up the DagBag from /opt/airflow/dags/weekly_segment.py
[2026-08-23T05:52:59.150+0000] {processor.py:925} INFO - DAG(s) 'weekly_segment' retrieved from /opt/airflow/dags/weekly_segment.py
[2026-08-23T05:52:59.272+0000] {logging_mixin.py:190} INFO - [2026-08-23T05:52:59.272+0000] {dag.py:3239} INFO - Sync 1 DAGs
[2026-08-23T05:52:59.287+0000] {logging_mixin.py:190} INFO - [2026-08-23T05:52:59.287+0000] {dag.py:4180} INFO - Setting next_dagrun for weekly_segment to 2026-08-22 16:00:00+00:00, run_after=2026-08-29 16:00:00+00:00
[2026-08-23T05:52:59.304+0000] {processor.py:208} INFO - Processing /opt/airflow/dags/weekly_segment.py took 0.253 seconds
[2026-08-23T05:53:29.372+0000] {processor.py:186} INFO - Started process (PID=6256) to work on /opt/airflow/dags/weekly_segment.py
[2026-08-23T05:53:29.373+0000] {processor.py:914} INFO - Processing file /opt/airflow/dags/weekly_segment.py for tasks to queue
[2026-08-23T05:53:29.375+0000] {logging_mixin.py:190} INFO - [2026-08-23T05:53:29.375+0000] {dagbag.py:588} INFO - Filling up the DagBag from /opt/airflow/dags/weekly_segment.py
[2026-08-23T05:53:29.570+0000] {processor.py:925} INFO - DAG(s) 'weekly_segment' retrieved from /opt/airflow/dags/weekly_segment.py
[2026-08-23T05:53:29.588+0000] {logging_mixin.py:190} INFO - [2026-08-23T05:53:29.587+0000] {dag.py:3239} INFO - Sync 1 DAGs
[2026-08-23T05:53:29.602+0000] {logging_mixin.py:190} INFO - [2026-08-23T05:53:29.602+0000] {dag.py:4180} INFO - Setting next_dagrun for weekly_segment to 2026-08-22 16:00:00+00:00, run_after=2026-08-29 16:00:00+00:00
[2026-08-23T05:53:29.615+0000] {processor.py:208} INFO - Processing /opt/airflow/dags/weekly_segment.py took 0.249 seconds
[2026-08-23T05:53:59.900+0000] {processor.py:186} INFO - Started process (PID=6266) to work on /opt/airflow/dags/weekly_segment.py
[2026-08-23T05:53:59.901+0000] {processor.py:914} INFO - Processing file /opt/airflow/dags/weekly_segment.py for tasks to queue
[2026-08-23T05:53:59.902+0000] {logging_mixin.py:190} INFO - [2026-08-23T05:53:59.902+0000] {dagbag.py:588} INFO - Filling up the DagBag from /opt/airflow/dags/weekly_segment.py
[2026-08-23T05:54:00.168+0000] {processor.py:925} INFO - DAG(s) 'weekly_segment' retrieved from /opt/airflow/dags/weekly_segment.py
[2026-08-23T05:54:00.194+0000] {logging_mixin.py:190} INFO - [2026-08-23T05:54:00.194+0000] {dag.py:3239} INFO - Sync 1 DAGs
[2026-08-23T05:54:00.210+0000] {logging_mixin.py:190} INFO - [2026-08-23T05:54:00.210+0000] {dag.py:4180} INFO - Setting next_dagrun for weekly_segment to 2026-08-22 16:00:00+00:00, run_after=2026-08-29 16:00:00+00:00
[2026-08-23T05:54:00.226+0000] {processor.py:208} INFO - Processing /opt/airflow/dags/weekly_segment.py took 0.333 seconds
[2026-08-23T05:54:30.419+0000] {processor.py:186} INFO - Started process (PID=6276) to work on /opt/airflow/dags/weekly_segment.py
[2026-08-23T05:54:30.420+0000] {processor.py:914} INFO - Processing file /opt/airflow/dags/weekly_segment.py for tasks to queue
[2026-08-23T05:54:30.422+0000] {logging_mixin.py:190} INFO - [2026-08-23T05:54:30.422+0000] {dagbag.py:588} INFO - Filling up the DagBag from /opt/airflow/dags/weekly_segment.py
[2026-08-23T05:54:30.644+0000] {processor.py:925} INFO - DAG(s) 'weekly_segment' retrieved from /opt/airflow/dags/weekly_segment.py
[2026-08-23T05:54:30.663+0000] {logging_mixin.py:190} INFO - [2026-08-23T05:54:30.663+0000] {dag.py:3239} INFO - Sync 1 DAGs
[2026-08-23T05:54:30.679+0000] {logging_mixin.py:190} INFO - [2026-08-23T05:54:30.679+0000] {dag.py:4180} INFO - Setting next_dagrun for weekly_segment to 2026-08-22 16:00:00+00:00, run_after=2026-08-29 16:00:00+00:00
[2026-08-23T05:54:30.693+0000] {processor.py:208} INFO - Processing /opt/airflow/dags/weekly_segment.py took 0.281 seconds
[2026-08-23T05:55:00.904+0000] {processor.py:186} INFO - Started process (PID=6286) to work on /opt/airflow/dags/weekly_segment.py
[2026-08-23T05:55:00.905+0000] {processor.py:914} INFO - Processing file /opt/airflow/dags/weekly_segment.py for tasks to queue
[2026-08-23T05:55:00.907+0000] {logging_mixin.py:190} INFO - [2026-08-23T05:55:00.907+0000] {dagbag.py:588} INFO - Filling up the DagBag from /opt/airflow/dags/weekly_segment.py
[2026-08-23T05:55:01.010+0000] {processor.py:925} INFO - DAG(s) 'weekly_segment' retrieved from /opt/airflow/dags/weekly_segment.py
[2026-08-23T05:55:01.031+0000] {logging_mixin.py:190} INFO - [2026-08-23T05:55:01.031+0000] {dag.py:3239} INFO - Sync 1 DAGs
[2026-08-23T05:55:01.152+0000] {logging_mixin.py:190} INFO - [2026-08-23T05:55:01.152+0000] {dag.py:4180} INFO - Setting next_dagrun for weekly_segment to 2026-08-22 16:00:00+00:00, run_after=2026-08-29 16:00:00+00:00
[2026-08-23T05:55:01.166+0000] {processor.py:208} INFO - Processing /opt/airflow/dags/weekly_segment.py took 0.268 seconds
[2026-08-23T05:55:31.416+0000] {processor.py:186} INFO - Started process (PID=6296) to work on /opt/airflow/dags/weekly_segment.py
[2026-08-23T05:55:31.417+0000] {processor.py:914} INFO - Processing file /opt/airflow/dags/weekly_segment.py for tasks to queue
[2026-08-23T05:55:31.419+0000] {logging_mixin.py:190} INFO - [2026-08-23T05:55:31.419+0000] {dagbag.py:588} INFO - Filling up the DagBag from /opt/airflow/dags/weekly_segment.py
[2026-08-23T05:55:31.558+0000] {processor.py:925} INFO - DAG(s) 'weekly_segment' retrieved from /opt/airflow/dags/weekly_segment.py
[2026-08-23T05:55:31.582+0000] {logging_mixin.py:190} INFO - [2026-08-23T05:55:31.582+0000] {dag.py:3239} INFO - Sync 1 DAGs
[2026-08-23T05:55:31.711+0000] {logging_mixin.py:190} INFO - [2026-08-23T05:55:31.711+0000] {dag.py:4180} INFO - Setting next_dagrun for weekly_segment to 2026-08-22 16:00:00+00:00, run_after=2026-08-29 16:00:00+00:00
[2026-08-23T05:55:31.725+0000] {processor.py:208} INFO - Processing /opt/airflow/dags/weekly_segment.py took 0.316 seconds
[2026-08-23T05:56:01.991+0000] {processor.py:186} INFO - Started process (PID=6306) to work on /opt/airflow/dags/weekly_segment.py
[2026-08-23T05:56:01.992+0000] {processor.py:914} INFO - Processing file /opt/airflow/dags/weekly_segment.py for tasks to queue
[2026-08-23T05:56:01.994+0000] {logging_mixin.py:190} INFO - [2026-08-23T05:56:01.993+0000] {dagbag.py:588} INFO - Filling up the DagBag from /opt/airflow/dags/weekly_segment.py
[2026-08-23T05:56:02.100+0000] {processor.py:925} INFO - DAG(s) 'weekly_segment' retrieved from /opt/airflow/dags/weekly_segment.py
[2026-08-23T05:56:02.238+0000] {logging_mixin.py:190} INFO - [2026-08-23T05:56:02.238+0000] {dag.py:3239} INFO - Sync 1 DAGs
[2026-08-23T05:56:02.255+0000] {logging_mixin.py:190} INFO - [2026-08-23T05:56:02.255+0000] {dag.py:4180} INFO - Setting next_dagrun for weekly_segment to 2026-08-22 16:00:00+00:00, run_after=2026-08-29 16:00:00+00:00
[2026-08-23T05:56:02.269+0000] {processor.py:208} INFO - Processing /opt/airflow/dags/weekly_segment.py took 0.284 seconds
[2026-08-23T05:56:32.535+0000] {processor.py:186} INFO - Started process (PID=6316) to work on /opt/airflow/dags/weekly_segment.py
[2026-08-23T05:56:32.536+0000] {processor.py:914} INFO - Processing file /opt/airflow/dags/weekly_segment.py for tasks to queue
[2026-08-23T05:56:32.538+0000] {logging_mixin.py:190} INFO - [2026-08-23T05:56:32.538+0000] {dagbag.py:588} INFO - Filling up the DagBag from /opt/airflow/dags/weekly_segment.py
[2026-08-23T05:56:32.753+0000] {processor.py:925} INFO - DAG(s) 'weekly_segment' retrieved from /opt/airflow/dags/weekly_segment.py
[2026-08-23T05:56:32.771+0000] {logging_mixin.py:190} INFO - [2026-08-23T05:56:32.771+0000] {dag.py:3239} INFO - Sync 1 DAGs
[2026-08-23T05:56:32.786+0000] {logging_mixin.py:190} INFO - [2026-08-23T05:56:32.786+0000] {dag.py:4180} INFO - Setting next_dagrun for weekly_segment to 2026-08-22 16:00:00+00:00, run_after=2026-08-29 16:00:00+00:00
[2026-08-23T05:56:32.798+0000] {processor.py:208} INFO - Processing /opt/airflow/dags/weekly_segment.py took 0.269 seconds
[2026-08-23T05:57:03.004+0000] {processor.py:186} INFO - Started process (PID=6326) to work on /opt/airflow/dags/weekly_segment.py
[2026-08-23T05:57:03.005+0000] {processor.py:914} INFO - Processing file /opt/airflow/dags/weekly_segment.py for tasks to queue
[2026-08-23T05:57:03.008+0000] {logging_mixin.py:190} INFO - [2026-08-23T05:57:03.008+0000] {dagbag.py:588} INFO - Filling up the DagBag from /opt/airflow/dags/weekly_segment.py
[2026-08-23T05:57:03.210+0000] {processor.py:925} INFO - DAG(s) 'weekly_segment' retrieved from /opt/airflow/dags/weekly_segment.py
[2026-08-23T05:57:03.228+0000] {logging_mixin.py:190} INFO - [2026-08-23T05:57:03.228+0000] {dag.py:3239} INFO - Sync 1 DAGs
[2026-08-23T05:57:03.243+0000] {logging_mixin.py:190} INFO - [2026-08-23T05:57:03.243+0000] {dag.py:4180} INFO - Setting next_dagrun for weekly_segment to 2026-08-22 16:00:00+00:00, run_after=2026-08-29 16:00:00+00:00
[2026-08-23T05:57:03.263+0000] {processor.py:208} INFO - Processing /opt/airflow/dags/weekly_segment.py took 0.266 seconds
[2026-08-23T05:57:33.455+0000] {processor.py:186} INFO - Started process (PID=6336) to work on /opt/airflow/dags/weekly_segment.py
[2026-08-23T05:57:33.456+0000] {processor.py:914} INFO - Processing file /opt/airflow/dags/weekly_segment.py for tasks to queue
[2026-08-23T05:57:33.458+0000] {logging_mixin.py:190} INFO - [2026-08-23T05:57:33.458+0000] {dagbag.py:588} INFO - Filling up the DagBag from /opt/airflow/dags/weekly_segment.py
[2026-08-23T05:57:33.571+0000] {processor.py:925} INFO - DAG(s) 'weekly_segment' retrieved from /opt/airflow/dags/weekly_segment.py
[2026-08-23T05:57:33.593+0000] {logging_mixin.py:190} INFO - [2026-08-23T05:57:33.593+0000] {dag.py:3239} INFO - Sync 1 DAGs
[2026-08-23T05:57:33.726+0000] {logging_mixin.py:190} INFO - [2026-08-23T05:57:33.725+0000] {dag.py:4180} INFO - Setting next_dagrun for weekly_segment to 2026-08-22 16:00:00+00:00, run_after=2026-08-29 16:00:00+00:00
[2026-08-23T05:57:33.744+0000] {processor.py:208} INFO - Processing /opt/airflow/dags/weekly_segment.py took 0.295 seconds
[2026-08-23T05:58:04.011+0000] {processor.py:186} INFO - Started process (PID=6346) to work on /opt/airflow/dags/weekly_segment.py
[2026-08-23T05:58:04.013+0000] {processor.py:914} INFO - Processing file /opt/airflow/dags/weekly_segment.py for tasks to queue
[2026-08-23T05:58:04.016+0000] {logging_mixin.py:190} INFO - [2026-08-23T05:58:04.016+0000] {dagbag.py:588} INFO - Filling up the DagBag from /opt/airflow/dags/weekly_segment.py
[2026-08-23T05:58:04.115+0000] {processor.py:925} INFO - DAG(s) 'weekly_segment' retrieved from /opt/airflow/dags/weekly_segment.py
[2026-08-23T05:58:04.138+0000] {logging_mixin.py:190} INFO - [2026-08-23T05:58:04.138+0000] {dag.py:3239} INFO - Sync 1 DAGs
[2026-08-23T05:58:04.264+0000] {logging_mixin.py:190} INFO - [2026-08-23T05:58:04.264+0000] {dag.py:4180} INFO - Setting next_dagrun for weekly_segment to 2026-08-22 16:00:00+00:00, run_after=2026-08-29 16:00:00+00:00
[2026-08-23T05:58:04.278+0000] {processor.py:208} INFO - Processing /opt/airflow/dags/weekly_segment.py took 0.273 seconds
[2026-08-23T05:58:34.480+0000] {processor.py:186} INFO - Started process (PID=6356) to work on /opt/airflow/dags/weekly_segment.py
[2026-08-23T05:58:34.481+0000] {processor.py:914} INFO - Processing file /opt/airflow/dags/weekly_segment.py for tasks to queue
[2026-08-23T05:58:34.484+0000] {logging_mixin.py:190} INFO - [2026-08-23T05:58:34.484+0000] {dagbag.py:588} INFO - Filling up the DagBag from /opt/airflow/dags/weekly_segment.py
[2026-08-23T05:58:34.590+0000] {processor.py:925} INFO - DAG(s) 'weekly_segment' retrieved from /opt/airflow/dags/weekly_segment.py
[2026-08-23T05:58:34.725+0000] {logging_mixin.py:190} INFO - [2026-08-23T05:58:34.725+0000] {dag.py:3239} INFO - Sync 1 DAGs
[2026-08-23T05:58:34.741+0000] {logging_mixin.py:190} INFO - [2026-08-23T05:58:34.741+0000] {dag.py:4180} INFO - Setting next_dagrun for weekly_segment to 2026-08-22 16:00:00+00:00, run_after=2026-08-29 16:00:00+00:00
[2026-08-23T05:58:34.755+0000] {processor.py:208} INFO - Processing /opt/airflow/dags/weekly_segment.py took 0.281 seconds
[2026-08-23T05:59:04.944+0000] {processor.py:186} INFO - Started process (PID=6366) to work on /opt/airflow/dags/weekly_segment.py
[2026-08-23T05:59:04.945+0000] {processor.py:914} INFO - Processing file /opt/airflow/dags/weekly_segment.py for tasks to queue
[2026-08-23T05:59:04.947+0000] {logging_mixin.py:190} INFO - [2026-08-23T05:59:04.946+0000] {dagbag.py:588} INFO - Filling up the DagBag from /opt/airflow/dags/weekly_segment.py
[2026-08-23T05:59:05.182+0000] {processor.py:925} INFO - DAG(s) 'weekly_segment' retrieved from /opt/airflow/dags/weekly_segment.py
[2026-08-23T05:59:05.202+0000] {logging_mixin.py:190} INFO - [2026-08-23T05:59:05.202+0000] {dag.py:3239} INFO - Sync 1 DAGs
[2026-08-23T05:59:05.217+0000] {logging_mixin.py:190} INFO - [2026-08-23T05:59:05.217+0000] {dag.py:4180} INFO - Setting next_dagrun for weekly_segment to 2026-08-22 16:00:00+00:00, run_after=2026-08-29 16:00:00+00:00
[2026-08-23T05:59:05.230+0000] {processor.py:208} INFO - Processing /opt/airflow/dags/weekly_segment.py took 0.293 seconds
[2026-08-23T05:59:35.407+0000] {processor.py:186} INFO - Started process (PID=6376) to work on /opt/airflow/dags/weekly_segment.py
[2026-08-23T05:59:35.408+0000] {processor.py:914} INFO - Processing file /opt/airflow/dags/weekly_segment.py for tasks to queue
[2026-08-23T05:59:35.410+0000] {logging_mixin.py:190} INFO - [2026-08-23T05:59:35.410+0000] {dagbag.py:588} INFO - Filling up the DagBag from /opt/airflow/dags/weekly_segment.py
[2026-08-23T05:59:35.632+0000] {processor.py:925} INFO - DAG(s) 'weekly_segment' retrieved from /opt/airflow/dags/weekly_segment.py
[2026-08-23T05:59:35.651+0000] {logging_mixin.py:190} INFO - [2026-08-23T05:59:35.650+0000] {dag.py:3239} INFO - Sync 1 DAGs
[2026-08-23T05:59:35.666+0000] {logging_mixin.py:190} INFO - [2026-08-23T05:59:35.666+0000] {dag.py:4180} INFO - Setting next_dagrun for weekly_segment to 2026-08-22 16:00:00+00:00, run_after=2026-08-29 16:00:00+00:00
[2026-08-23T05:59:35.680+0000] {processor.py:208} INFO - Processing /opt/airflow/dags/weekly_segment.py took 0.283 seconds
[2026-08-23T06:00:05.891+0000] {processor.py:186} INFO - Started process (PID=6386) to work on /opt/airflow/dags/weekly_segment.py
[2026-08-23T06:00:05.892+0000] {processor.py:914} INFO - Processing file /opt/airflow/dags/weekly_segment.py for tasks to queue
[2026-08-23T06:00:05.894+0000] {logging_mixin.py:190} INFO - [2026-08-23T06:00:05.893+0000] {dagbag.py:588} INFO - Filling up the DagBag from /opt/airflow/dags/weekly_segment.py
[2026-08-23T06:00:06.121+0000] {processor.py:925} INFO - DAG(s) 'weekly_segment' retrieved from /opt/airflow/dags/weekly_segment.py
[2026-08-23T06:00:06.141+0000] {logging_mixin.py:190} INFO - [2026-08-23T06:00:06.141+0000] {dag.py:3239} INFO - Sync 1 DAGs
[2026-08-23T06:00:06.157+0000] {logging_mixin.py:190} INFO - [2026-08-23T06:00:06.157+0000] {dag.py:4180} INFO - Setting next_dagrun for weekly_segment to 2026-08-22 16:00:00+00:00, run_after=2026-08-29 16:00:00+00:00
[2026-08-23T06:00:06.172+0000] {processor.py:208} INFO - Processing /opt/airflow/dags/weekly_segment.py took 0.289 seconds
[2026-08-23T06:00:36.389+0000] {processor.py:186} INFO - Started process (PID=6396) to work on /opt/airflow/dags/weekly_segment.py
[2026-08-23T06:00:36.390+0000] {processor.py:914} INFO - Processing file /opt/airflow/dags/weekly_segment.py for tasks to queue
[2026-08-23T06:00:36.393+0000] {logging_mixin.py:190} INFO - [2026-08-23T06:00:36.392+0000] {dagbag.py:588} INFO - Filling up the DagBag from /opt/airflow/dags/weekly_segment.py
[2026-08-23T06:00:36.500+0000] {processor.py:925} INFO - DAG(s) 'weekly_segment' retrieved from /opt/airflow/dags/weekly_segment.py
[2026-08-23T06:00:36.521+0000] {logging_mixin.py:190} INFO - [2026-08-23T06:00:36.521+0000] {dag.py:3239} INFO - Sync 1 DAGs
[2026-08-23T06:00:36.653+0000] {logging_mixin.py:190} INFO - [2026-08-23T06:00:36.653+0000] {dag.py:4180} INFO - Setting next_dagrun for weekly_segment to 2026-08-22 16:00:00+00:00, run_after=2026-08-29 16:00:00+00:00
[2026-08-23T06:00:36.666+0000] {processor.py:208} INFO - Processing /opt/airflow/dags/weekly_segment.py took 0.284 seconds
[2026-08-23T06:01:06.919+0000] {processor.py:186} INFO - Started process (PID=6406) to work on /opt/airflow/dags/weekly_segment.py
[2026-08-23T06:01:06.920+0000] {processor.py:914} INFO - Processing file /opt/airflow/dags/weekly_segment.py for tasks to queue
[2026-08-23T06:01:06.922+0000] {logging_mixin.py:190} INFO - [2026-08-23T06:01:06.921+0000] {dagbag.py:588} INFO - Filling up the DagBag from /opt/airflow/dags/weekly_segment.py
[2026-08-23T06:01:07.051+0000] {processor.py:925} INFO - DAG(s) 'weekly_segment' retrieved from /opt/airflow/dags/weekly_segment.py
[2026-08-23T06:01:07.074+0000] {logging_mixin.py:190} INFO - [2026-08-23T06:01:07.073+0000] {dag.py:3239} INFO - Sync 1 DAGs
[2026-08-23T06:01:07.198+0000] {logging_mixin.py:190} INFO - [2026-08-23T06:01:07.198+0000] {dag.py:4180} INFO - Setting next_dagrun for weekly_segment to 2026-08-22 16:00:00+00:00, run_after=2026-08-29 16:00:00+00:00
[2026-08-23T06:01:07.213+0000] {processor.py:208} INFO - Processing /opt/airflow/dags/weekly_segment.py took 0.302 seconds
[2026-08-23T06:01:37.306+0000] {processor.py:186} INFO - Started process (PID=6416) to work on /opt/airflow/dags/weekly_segment.py
[2026-08-23T06:01:37.307+0000] {processor.py:914} INFO - Processing file /opt/airflow/dags/weekly_segment.py for tasks to queue
[2026-08-23T06:01:37.308+0000] {logging_mixin.py:190} INFO - [2026-08-23T06:01:37.308+0000] {dagbag.py:588} INFO - Filling up the DagBag from /opt/airflow/dags/weekly_segment.py
[2026-08-23T06:01:37.404+0000] {processor.py:925} INFO - DAG(s) 'weekly_segment' retrieved from /opt/airflow/dags/weekly_segment.py
[2026-08-23T06:01:37.547+0000] {logging_mixin.py:190} INFO - [2026-08-23T06:01:37.547+0000] {dag.py:3239} INFO - Sync 1 DAGs
[2026-08-23T06:01:37.562+0000] {logging_mixin.py:190} INFO - [2026-08-23T06:01:37.562+0000] {dag.py:4180} INFO - Setting next_dagrun for weekly_segment to 2026-08-22 16:00:00+00:00, run_after=2026-08-29 16:00:00+00:00
[2026-08-23T06:01:37.579+0000] {processor.py:208} INFO - Processing /opt/airflow/dags/weekly_segment.py took 0.280 seconds
[2026-08-23T06:02:07.727+0000] {processor.py:186} INFO - Started process (PID=6426) to work on /opt/airflow/dags/weekly_segment.py
[2026-08-23T06:02:07.728+0000] {processor.py:914} INFO - Processing file /opt/airflow/dags/weekly_segment.py for tasks to queue
[2026-08-23T06:02:07.730+0000] {logging_mixin.py:190} INFO - [2026-08-23T06:02:07.730+0000] {dagbag.py:588} INFO - Filling up the DagBag from /opt/airflow/dags/weekly_segment.py
[2026-08-23T06:02:07.948+0000] {processor.py:925} INFO - DAG(s) 'weekly_segment' retrieved from /opt/airflow/dags/weekly_segment.py
[2026-08-23T06:02:07.966+0000] {logging_mixin.py:190} INFO - [2026-08-23T06:02:07.966+0000] {dag.py:3239} INFO - Sync 1 DAGs
[2026-08-23T06:02:07.982+0000] {logging_mixin.py:190} INFO - [2026-08-23T06:02:07.982+0000] {dag.py:4180} INFO - Setting next_dagrun for weekly_segment to 2026-08-22 16:00:00+00:00, run_after=2026-08-29 16:00:00+00:00
[2026-08-23T06:02:07.996+0000] {processor.py:208} INFO - Processing /opt/airflow/dags/weekly_segment.py took 0.275 seconds
[2026-08-23T06:02:38.207+0000] {processor.py:186} INFO - Started process (PID=6436) to work on /opt/airflow/dags/weekly_segment.py
[2026-08-23T06:02:38.208+0000] {processor.py:914} INFO - Processing file /opt/airflow/dags/weekly_segment.py for tasks to queue
[2026-08-23T06:02:38.210+0000] {logging_mixin.py:190} INFO - [2026-08-23T06:02:38.209+0000] {dagbag.py:588} INFO - Filling up the DagBag from /opt/airflow/dags/weekly_segment.py
[2026-08-23T06:02:38.438+0000] {processor.py:925} INFO - DAG(s) 'weekly_segment' retrieved from /opt/airflow/dags/weekly_segment.py
[2026-08-23T06:02:38.457+0000] {logging_mixin.py:190} INFO - [2026-08-23T06:02:38.456+0000] {dag.py:3239} INFO - Sync 1 DAGs
[2026-08-23T06:02:38.471+0000] {logging_mixin.py:190} INFO - [2026-08-23T06:02:38.471+0000] {dag.py:4180} INFO - Setting next_dagrun for weekly_segment to 2026-08-22 16:00:00+00:00, run_after=2026-08-29 16:00:00+00:00
[2026-08-23T06:02:38.486+0000] {processor.py:208} INFO - Processing /opt/airflow/dags/weekly_segment.py took 0.286 seconds
[2026-08-23T06:03:08.734+0000] {processor.py:186} INFO - Started process (PID=6446) to work on /opt/airflow/dags/weekly_segment.py
[2026-08-23T06:03:08.735+0000] {processor.py:914} INFO - Processing file /opt/airflow/dags/weekly_segment.py for tasks to queue
[2026-08-23T06:03:08.737+0000] {logging_mixin.py:190} INFO - [2026-08-23T06:03:08.737+0000] {dagbag.py:588} INFO - Filling up the DagBag from /opt/airflow/dags/weekly_segment.py
[2026-08-23T06:03:08.856+0000] {processor.py:925} INFO - DAG(s) 'weekly_segment' retrieved from /opt/airflow/dags/weekly_segment.py
[2026-08-23T06:03:08.882+0000] {logging_mixin.py:190} INFO - [2026-08-23T06:03:08.882+0000] {dag.py:3239} INFO - Sync 1 DAGs
[2026-08-23T06:03:09.037+0000] {logging_mixin.py:190} INFO - [2026-08-23T06:03:09.037+0000] {dag.py:4180} INFO - Setting next_dagrun for weekly_segment to 2026-08-22 16:00:00+00:00, run_after=2026-08-29 16:00:00+00:00
[2026-08-23T06:03:09.051+0000] {processor.py:208} INFO - Processing /opt/airflow/dags/weekly_segment.py took 0.323 seconds
[2026-08-23T06:03:39.311+0000] {processor.py:186} INFO - Started process (PID=6456) to work on /opt/airflow/dags/weekly_segment.py
[2026-08-23T06:03:39.312+0000] {processor.py:914} INFO - Processing file /opt/airflow/dags/weekly_segment.py for tasks to queue
[2026-08-23T06:03:39.315+0000] {logging_mixin.py:190} INFO - [2026-08-23T06:03:39.314+0000] {dagbag.py:588} INFO - Filling up the DagBag from /opt/airflow/dags/weekly_segment.py
[2026-08-23T06:03:39.428+0000] {processor.py:925} INFO - DAG(s) 'weekly_segment' retrieved from /opt/airflow/dags/weekly_segment.py
[2026-08-23T06:03:39.450+0000] {logging_mixin.py:190} INFO - [2026-08-23T06:03:39.450+0000] {dag.py:3239} INFO - Sync 1 DAGs
[2026-08-23T06:03:39.584+0000] {logging_mixin.py:190} INFO - [2026-08-23T06:03:39.583+0000] {dag.py:4180} INFO - Setting next_dagrun for weekly_segment to 2026-08-22 16:00:00+00:00, run_after=2026-08-29 16:00:00+00:00
[2026-08-23T06:03:39.596+0000] {processor.py:208} INFO - Processing /opt/airflow/dags/weekly_segment.py took 0.293 seconds
[2026-08-23T06:04:09.881+0000] {processor.py:186} INFO - Started process (PID=6466) to work on /opt/airflow/dags/weekly_segment.py
[2026-08-23T06:04:09.882+0000] {processor.py:914} INFO - Processing file /opt/airflow/dags/weekly_segment.py for tasks to queue
[2026-08-23T06:04:09.884+0000] {logging_mixin.py:190} INFO - [2026-08-23T06:04:09.884+0000] {dagbag.py:588} INFO - Filling up the DagBag from /opt/airflow/dags/weekly_segment.py
[2026-08-23T06:04:10.008+0000] {processor.py:925} INFO - DAG(s) 'weekly_segment' retrieved from /opt/airflow/dags/weekly_segment.py
[2026-08-23T06:04:10.135+0000] {logging_mixin.py:190} INFO - [2026-08-23T06:04:10.135+0000] {dag.py:3239} INFO - Sync 1 DAGs
[2026-08-23T06:04:10.150+0000] {logging_mixin.py:190} INFO - [2026-08-23T06:04:10.150+0000] {dag.py:4180} INFO - Setting next_dagrun for weekly_segment to 2026-08-22 16:00:00+00:00, run_after=2026-08-29 16:00:00+00:00
[2026-08-23T06:04:10.164+0000] {processor.py:208} INFO - Processing /opt/airflow/dags/weekly_segment.py took 0.289 seconds
[2026-08-23T06:04:40.367+0000] {processor.py:186} INFO - Started process (PID=6476) to work on /opt/airflow/dags/weekly_segment.py
[2026-08-23T06:04:40.368+0000] {processor.py:914} INFO - Processing file /opt/airflow/dags/weekly_segment.py for tasks to queue
[2026-08-23T06:04:40.370+0000] {logging_mixin.py:190} INFO - [2026-08-23T06:04:40.370+0000] {dagbag.py:588} INFO - Filling up the DagBag from /opt/airflow/dags/weekly_segment.py
[2026-08-23T06:04:40.595+0000] {processor.py:925} INFO - DAG(s) 'weekly_segment' retrieved from /opt/airflow/dags/weekly_segment.py
[2026-08-23T06:04:40.614+0000] {logging_mixin.py:190} INFO - [2026-08-23T06:04:40.614+0000] {dag.py:3239} INFO - Sync 1 DAGs
[2026-08-23T06:04:40.630+0000] {logging_mixin.py:190} INFO - [2026-08-23T06:04:40.630+0000] {dag.py:4180} INFO - Setting next_dagrun for weekly_segment to 2026-08-22 16:00:00+00:00, run_after=2026-08-29 16:00:00+00:00
[2026-08-23T06:04:40.644+0000] {processor.py:208} INFO - Processing /opt/airflow/dags/weekly_segment.py took 0.283 seconds
[2026-08-23T06:05:10.825+0000] {processor.py:186} INFO - Started process (PID=6486) to work on /opt/airflow/dags/weekly_segment.py
[2026-08-23T06:05:10.826+0000] {processor.py:914} INFO - Processing file /opt/airflow/dags/weekly_segment.py for tasks to queue
[2026-08-23T06:05:10.828+0000] {logging_mixin.py:190} INFO - [2026-08-23T06:05:10.828+0000] {dagbag.py:588} INFO - Filling up the DagBag from /opt/airflow/dags/weekly_segment.py
[2026-08-23T06:05:11.047+0000] {processor.py:925} INFO - DAG(s) 'weekly_segment' retrieved from /opt/airflow/dags/weekly_segment.py
[2026-08-23T06:05:11.066+0000] {logging_mixin.py:190} INFO - [2026-08-23T06:05:11.066+0000] {dag.py:3239} INFO - Sync 1 DAGs
[2026-08-23T06:05:11.081+0000] {logging_mixin.py:190} INFO - [2026-08-23T06:05:11.081+0000] {dag.py:4180} INFO - Setting next_dagrun for weekly_segment to 2026-08-22 16:00:00+00:00, run_after=2026-08-29 16:00:00+00:00
[2026-08-23T06:05:11.095+0000] {processor.py:208} INFO - Processing /opt/airflow/dags/weekly_segment.py took 0.276 seconds
[2026-08-23T06:05:41.283+0000] {processor.py:186} INFO - Started process (PID=6496) to work on /opt/airflow/dags/weekly_segment.py
[2026-08-23T06:05:41.284+0000] {processor.py:914} INFO - Processing file /opt/airflow/dags/weekly_segment.py for tasks to queue
[2026-08-23T06:05:41.285+0000] {logging_mixin.py:190} INFO - [2026-08-23T06:05:41.285+0000] {dagbag.py:588} INFO - Filling up the DagBag from /opt/airflow/dags/weekly_segment.py
[2026-08-23T06:05:41.510+0000] {processor.py:925} INFO - DAG(s) 'weekly_segment' retrieved from /opt/airflow/dags/weekly_segment.py
[2026-08-23T06:05:41.529+0000] {logging_mixin.py:190} INFO - [2026-08-23T06:05:41.528+0000] {dag.py:3239} INFO - Sync 1 DAGs
[2026-08-23T06:05:41.544+0000] {logging_mixin.py:190} INFO - [2026-08-23T06:05:41.544+0000] {dag.py:4180} INFO - Setting next_dagrun for weekly_segment to 2026-08-22 16:00:00+00:00, run_after=2026-08-29 16:00:00+00:00
[2026-08-23T06:05:41.559+0000] {processor.py:208} INFO - Processing /opt/airflow/dags/weekly_segment.py took 0.282 seconds
[2026-08-23T06:06:11.855+0000] {processor.py:186} INFO - Started process (PID=6506) to work on /opt/airflow/dags/weekly_segment.py
[2026-08-23T06:06:11.856+0000] {processor.py:914} INFO - Processing file /opt/airflow/dags/weekly_segment.py for tasks to queue
[2026-08-23T06:06:11.858+0000] {logging_mixin.py:190} INFO - [2026-08-23T06:06:11.858+0000] {dagbag.py:588} INFO - Filling up the DagBag from /opt/airflow/dags/weekly_segment.py
[2026-08-23T06:06:11.958+0000] {processor.py:925} INFO - DAG(s) 'weekly_segment' retrieved from /opt/airflow/dags/weekly_segment.py
[2026-08-23T06:06:11.980+0000] {logging_mixin.py:190} INFO - [2026-08-23T06:06:11.979+0000] {dag.py:3239} INFO - Sync 1 DAGs
[2026-08-23T06:06:12.102+0000] {logging_mixin.py:190} INFO - [2026-08-23T06:06:12.102+0000] {dag.py:4180} INFO - Setting next_dagrun for weekly_segment to 2026-08-22 16:00:00+00:00, run_after=2026-08-29 16:00:00+00:00
[2026-08-23T06:06:12.120+0000] {processor.py:208} INFO - Processing /opt/airflow/dags/weekly_segment.py took 0.270 seconds
[2026-08-23T06:06:42.378+0000] {processor.py:186} INFO - Started process (PID=6516) to work on /opt/airflow/dags/weekly_segment.py
[2026-08-23T06:06:42.379+0000] {processor.py:914} INFO - Processing file /opt/airflow/dags/weekly_segment.py for tasks to queue
[2026-08-23T06:06:42.383+0000] {logging_mixin.py:190} INFO - [2026-08-23T06:06:42.382+0000] {dagbag.py:588} INFO - Filling up the DagBag from /opt/airflow/dags/weekly_segment.py
[2026-08-23T06:06:42.544+0000] {processor.py:925} INFO - DAG(s) 'weekly_segment' retrieved from /opt/airflow/dags/weekly_segment.py
[2026-08-23T06:06:42.569+0000] {logging_mixin.py:190} INFO - [2026-08-23T06:06:42.569+0000] {dag.py:3239} INFO - Sync 1 DAGs
[2026-08-23T06:06:42.709+0000] {logging_mixin.py:190} INFO - [2026-08-23T06:06:42.709+0000] {dag.py:4180} INFO - Setting next_dagrun for weekly_segment to 2026-08-22 16:00:00+00:00, run_after=2026-08-29 16:00:00+00:00
[2026-08-23T06:06:42.725+0000] {processor.py:208} INFO - Processing /opt/airflow/dags/weekly_segment.py took 0.357 seconds
[2026-08-23T06:07:12.934+0000] {processor.py:186} INFO - Started process (PID=6526) to work on /opt/airflow/dags/weekly_segment.py
[2026-08-23T06:07:12.935+0000] {processor.py:914} INFO - Processing file /opt/airflow/dags/weekly_segment.py for tasks to queue
[2026-08-23T06:07:12.937+0000] {logging_mixin.py:190} INFO - [2026-08-23T06:07:12.937+0000] {dagbag.py:588} INFO - Filling up the DagBag from /opt/airflow/dags/weekly_segment.py
[2026-08-23T06:07:13.042+0000] {processor.py:925} INFO - DAG(s) 'weekly_segment' retrieved from /opt/airflow/dags/weekly_segment.py
[2026-08-23T06:07:13.181+0000] {logging_mixin.py:190} INFO - [2026-08-23T06:07:13.181+0000] {dag.py:3239} INFO - Sync 1 DAGs
[2026-08-23T06:07:13.197+0000] {logging_mixin.py:190} INFO - [2026-08-23T06:07:13.197+0000] {dag.py:4180} INFO - Setting next_dagrun for weekly_segment to 2026-08-22 16:00:00+00:00, run_after=2026-08-29 16:00:00+00:00
[2026-08-23T06:07:13.210+0000] {processor.py:208} INFO - Processing /opt/airflow/dags/weekly_segment.py took 0.283 seconds
[2026-08-23T06:07:43.442+0000] {processor.py:186} INFO - Started process (PID=6536) to work on /opt/airflow/dags/weekly_segment.py
[2026-08-23T06:07:43.443+0000] {processor.py:914} INFO - Processing file /opt/airflow/dags/weekly_segment.py for tasks to queue
[2026-08-23T06:07:43.445+0000] {logging_mixin.py:190} INFO - [2026-08-23T06:07:43.444+0000] {dagbag.py:588} INFO - Filling up the DagBag from /opt/airflow/dags/weekly_segment.py
[2026-08-23T06:07:43.655+0000] {processor.py:925} INFO - DAG(s) 'weekly_segment' retrieved from /opt/airflow/dags/weekly_segment.py
[2026-08-23T06:07:43.672+0000] {logging_mixin.py:190} INFO - [2026-08-23T06:07:43.672+0000] {dag.py:3239} INFO - Sync 1 DAGs
[2026-08-23T06:07:43.686+0000] {logging_mixin.py:190} INFO - [2026-08-23T06:07:43.686+0000] {dag.py:4180} INFO - Setting next_dagrun for weekly_segment to 2026-08-22 16:00:00+00:00, run_after=2026-08-29 16:00:00+00:00
[2026-08-23T06:07:43.699+0000] {processor.py:208} INFO - Processing /opt/airflow/dags/weekly_segment.py took 0.263 seconds
[2026-08-23T06:08:13.974+0000] {processor.py:186} INFO - Started process (PID=6546) to work on /opt/airflow/dags/weekly_segment.py
[2026-08-23T06:08:13.975+0000] {processor.py:914} INFO - Processing file /opt/airflow/dags/weekly_segment.py for tasks to queue
[2026-08-23T06:08:13.977+0000] {logging_mixin.py:190} INFO - [2026-08-23T06:08:13.977+0000] {dagbag.py:588} INFO - Filling up the DagBag from /opt/airflow/dags/weekly_segment.py
[2026-08-23T06:08:14.189+0000] {processor.py:925} INFO - DAG(s) 'weekly_segment' retrieved from /opt/airflow/dags/weekly_segment.py
[2026-08-23T06:08:14.206+0000] {logging_mixin.py:190} INFO - [2026-08-23T06:08:14.206+0000] {dag.py:3239} INFO - Sync 1 DAGs
[2026-08-23T06:08:14.221+0000] {logging_mixin.py:190} INFO - [2026-08-23T06:08:14.221+0000] {dag.py:4180} INFO - Setting next_dagrun for weekly_segment to 2026-08-22 16:00:00+00:00, run_after=2026-08-29 16:00:00+00:00
[2026-08-23T06:08:14.235+0000] {processor.py:208} INFO - Processing /opt/airflow/dags/weekly_segment.py took 0.268 seconds
[2026-08-23T06:08:44.532+0000] {processor.py:186} INFO - Started process (PID=6556) to work on /opt/airflow/dags/weekly_segment.py
[2026-08-23T06:08:44.533+0000] {processor.py:914} INFO - Processing file /opt/airflow/dags/weekly_segment.py for tasks to queue
[2026-08-23T06:08:44.535+0000] {logging_mixin.py:190} INFO - [2026-08-23T06:08:44.535+0000] {dagbag.py:588} INFO - Filling up the DagBag from /opt/airflow/dags/weekly_segment.py
[2026-08-23T06:08:44.748+0000] {processor.py:925} INFO - DAG(s) 'weekly_segment' retrieved from /opt/airflow/dags/weekly_segment.py
[2026-08-23T06:08:44.767+0000] {logging_mixin.py:190} INFO - [2026-08-23T06:08:44.767+0000] {dag.py:3239} INFO - Sync 1 DAGs
[2026-08-23T06:08:44.785+0000] {logging_mixin.py:190} INFO - [2026-08-23T06:08:44.785+0000] {dag.py:4180} INFO - Setting next_dagrun for weekly_segment to 2026-08-22 16:00:00+00:00, run_after=2026-08-29 16:00:00+00:00
[2026-08-23T06:08:44.798+0000] {processor.py:208} INFO - Processing /opt/airflow/dags/weekly_segment.py took 0.273 seconds
[2026-08-23T06:09:15.091+0000] {processor.py:186} INFO - Started process (PID=6566) to work on /opt/airflow/dags/weekly_segment.py
[2026-08-23T06:09:15.092+0000] {processor.py:914} INFO - Processing file /opt/airflow/dags/weekly_segment.py for tasks to queue
[2026-08-23T06:09:15.094+0000] {logging_mixin.py:190} INFO - [2026-08-23T06:09:15.094+0000] {dagbag.py:588} INFO - Filling up the DagBag from /opt/airflow/dags/weekly_segment.py
[2026-08-23T06:09:15.208+0000] {processor.py:925} INFO - DAG(s) 'weekly_segment' retrieved from /opt/airflow/dags/weekly_segment.py
[2026-08-23T06:09:15.231+0000] {logging_mixin.py:190} INFO - [2026-08-23T06:09:15.231+0000] {dag.py:3239} INFO - Sync 1 DAGs
[2026-08-23T06:09:15.361+0000] {logging_mixin.py:190} INFO - [2026-08-23T06:09:15.361+0000] {dag.py:4180} INFO - Setting next_dagrun for weekly_segment to 2026-08-22 16:00:00+00:00, run_after=2026-08-29 16:00:00+00:00
[2026-08-23T06:09:15.375+0000] {processor.py:208} INFO - Processing /opt/airflow/dags/weekly_segment.py took 0.293 seconds
[2026-08-23T06:09:45.568+0000] {processor.py:186} INFO - Started process (PID=6576) to work on /opt/airflow/dags/weekly_segment.py
[2026-08-23T06:09:45.569+0000] {processor.py:914} INFO - Processing file /opt/airflow/dags/weekly_segment.py for tasks to queue
[2026-08-23T06:09:45.571+0000] {logging_mixin.py:190} INFO - [2026-08-23T06:09:45.571+0000] {dagbag.py:588} INFO - Filling up the DagBag from /opt/airflow/dags/weekly_segment.py
[2026-08-23T06:09:45.676+0000] {processor.py:925} INFO - DAG(s) 'weekly_segment' retrieved from /opt/airflow/dags/weekly_segment.py
[2026-08-23T06:09:45.819+0000] {logging_mixin.py:190} INFO - [2026-08-23T06:09:45.819+0000] {dag.py:3239} INFO - Sync 1 DAGs
[2026-08-23T06:09:45.836+0000] {logging_mixin.py:190} INFO - [2026-08-23T06:09:45.836+0000] {dag.py:4180} INFO - Setting next_dagrun for weekly_segment to 2026-08-22 16:00:00+00:00, run_after=2026-08-29 16:00:00+00:00
[2026-08-23T06:09:45.851+0000] {processor.py:208} INFO - Processing /opt/airflow/dags/weekly_segment.py took 0.289 seconds
[2026-08-23T06:10:16.028+0000] {processor.py:186} INFO - Started process (PID=6586) to work on /opt/airflow/dags/weekly_segment.py
[2026-08-23T06:10:16.029+0000] {processor.py:914} INFO - Processing file /opt/airflow/dags/weekly_segment.py for tasks to queue
[2026-08-23T06:10:16.031+0000] {logging_mixin.py:190} INFO - [2026-08-23T06:10:16.031+0000] {dagbag.py:588} INFO - Filling up the DagBag from /opt/airflow/dags/weekly_segment.py
[2026-08-23T06:10:16.133+0000] {processor.py:925} INFO - DAG(s) 'weekly_segment' retrieved from /opt/airflow/dags/weekly_segment.py
[2026-08-23T06:10:16.268+0000] {logging_mixin.py:190} INFO - [2026-08-23T06:10:16.268+0000] {dag.py:3239} INFO - Sync 1 DAGs
[2026-08-23T06:10:16.285+0000] {logging_mixin.py:190} INFO - [2026-08-23T06:10:16.284+0000] {dag.py:4180} INFO - Setting next_dagrun for weekly_segment to 2026-08-22 16:00:00+00:00, run_after=2026-08-29 16:00:00+00:00
[2026-08-23T06:10:16.299+0000] {processor.py:208} INFO - Processing /opt/airflow/dags/weekly_segment.py took 0.277 seconds
[2026-08-23T06:10:46.532+0000] {processor.py:186} INFO - Started process (PID=6596) to work on /opt/airflow/dags/weekly_segment.py
[2026-08-23T06:10:46.533+0000] {processor.py:914} INFO - Processing file /opt/airflow/dags/weekly_segment.py for tasks to queue
[2026-08-23T06:10:46.535+0000] {logging_mixin.py:190} INFO - [2026-08-23T06:10:46.535+0000] {dagbag.py:588} INFO - Filling up the DagBag from /opt/airflow/dags/weekly_segment.py
[2026-08-23T06:10:46.748+0000] {processor.py:925} INFO - DAG(s) 'weekly_segment' retrieved from /opt/airflow/dags/weekly_segment.py
[2026-08-23T06:10:46.766+0000] {logging_mixin.py:190} INFO - [2026-08-23T06:10:46.766+0000] {dag.py:3239} INFO - Sync 1 DAGs
[2026-08-23T06:10:46.782+0000] {logging_mixin.py:190} INFO - [2026-08-23T06:10:46.782+0000] {dag.py:4180} INFO - Setting next_dagrun for weekly_segment to 2026-08-22 16:00:00+00:00, run_after=2026-08-29 16:00:00+00:00
[2026-08-23T06:10:46.795+0000] {processor.py:208} INFO - Processing /opt/airflow/dags/weekly_segment.py took 0.270 seconds
[2026-08-23T06:11:17.010+0000] {processor.py:186} INFO - Started process (PID=6606) to work on /opt/airflow/dags/weekly_segment.py
[2026-08-23T06:11:17.011+0000] {processor.py:914} INFO - Processing file /opt/airflow/dags/weekly_segment.py for tasks to queue
[2026-08-23T06:11:17.013+0000] {logging_mixin.py:190} INFO - [2026-08-23T06:11:17.012+0000] {dagbag.py:588} INFO - Filling up the DagBag from /opt/airflow/dags/weekly_segment.py
[2026-08-23T06:11:17.237+0000] {processor.py:925} INFO - DAG(s) 'weekly_segment' retrieved from /opt/airflow/dags/weekly_segment.py
[2026-08-23T06:11:17.258+0000] {logging_mixin.py:190} INFO - [2026-08-23T06:11:17.258+0000] {dag.py:3239} INFO - Sync 1 DAGs
[2026-08-23T06:11:17.276+0000] {logging_mixin.py:190} INFO - [2026-08-23T06:11:17.275+0000] {dag.py:4180} INFO - Setting next_dagrun for weekly_segment to 2026-08-22 16:00:00+00:00, run_after=2026-08-29 16:00:00+00:00
[2026-08-23T06:11:17.292+0000] {processor.py:208} INFO - Processing /opt/airflow/dags/weekly_segment.py took 0.289 seconds
[2026-08-23T06:11:47.568+0000] {processor.py:186} INFO - Started process (PID=6616) to work on /opt/airflow/dags/weekly_segment.py
[2026-08-23T06:11:47.569+0000] {processor.py:914} INFO - Processing file /opt/airflow/dags/weekly_segment.py for tasks to queue
[2026-08-23T06:11:47.571+0000] {logging_mixin.py:190} INFO - [2026-08-23T06:11:47.571+0000] {dagbag.py:588} INFO - Filling up the DagBag from /opt/airflow/dags/weekly_segment.py
[2026-08-23T06:11:47.669+0000] {processor.py:925} INFO - DAG(s) 'weekly_segment' retrieved from /opt/airflow/dags/weekly_segment.py
[2026-08-23T06:11:47.688+0000] {logging_mixin.py:190} INFO - [2026-08-23T06:11:47.688+0000] {dag.py:3239} INFO - Sync 1 DAGs
[2026-08-23T06:11:47.811+0000] {logging_mixin.py:190} INFO - [2026-08-23T06:11:47.811+0000] {dag.py:4180} INFO - Setting next_dagrun for weekly_segment to 2026-08-22 16:00:00+00:00, run_after=2026-08-29 16:00:00+00:00
[2026-08-23T06:11:47.823+0000] {processor.py:208} INFO - Processing /opt/airflow/dags/weekly_segment.py took 0.263 seconds
[2026-08-23T06:12:18.164+0000] {processor.py:186} INFO - Started process (PID=6626) to work on /opt/airflow/dags/weekly_segment.py
[2026-08-23T06:12:18.165+0000] {processor.py:914} INFO - Processing file /opt/airflow/dags/weekly_segment.py for tasks to queue
[2026-08-23T06:12:18.167+0000] {logging_mixin.py:190} INFO - [2026-08-23T06:12:18.167+0000] {dagbag.py:588} INFO - Filling up the DagBag from /opt/airflow/dags/weekly_segment.py
[2026-08-23T06:12:18.262+0000] {processor.py:925} INFO - DAG(s) 'weekly_segment' retrieved from /opt/airflow/dags/weekly_segment.py
[2026-08-23T06:12:18.285+0000] {logging_mixin.py:190} INFO - [2026-08-23T06:12:18.284+0000] {dag.py:3239} INFO - Sync 1 DAGs
[2026-08-23T06:12:18.402+0000] {logging_mixin.py:190} INFO - [2026-08-23T06:12:18.402+0000] {dag.py:4180} INFO - Setting next_dagrun for weekly_segment to 2026-08-22 16:00:00+00:00, run_after=2026-08-29 16:00:00+00:00
[2026-08-23T06:12:18.419+0000] {processor.py:208} INFO - Processing /opt/airflow/dags/weekly_segment.py took 0.261 seconds
[2026-08-23T06:12:48.506+0000] {processor.py:186} INFO - Started process (PID=6636) to work on /opt/airflow/dags/weekly_segment.py
[2026-08-23T06:12:48.506+0000] {processor.py:914} INFO - Processing file /opt/airflow/dags/weekly_segment.py for tasks to queue
[2026-08-23T06:12:48.509+0000] {logging_mixin.py:190} INFO - [2026-08-23T06:12:48.508+0000] {dagbag.py:588} INFO - Filling up the DagBag from /opt/airflow/dags/weekly_segment.py
[2026-08-23T06:12:48.595+0000] {processor.py:925} INFO - DAG(s) 'weekly_segment' retrieved from /opt/airflow/dags/weekly_segment.py
[2026-08-23T06:12:48.723+0000] {logging_mixin.py:190} INFO - [2026-08-23T06:12:48.723+0000] {dag.py:3239} INFO - Sync 1 DAGs
[2026-08-23T06:12:48.737+0000] {logging_mixin.py:190} INFO - [2026-08-23T06:12:48.737+0000] {dag.py:4180} INFO - Setting next_dagrun for weekly_segment to 2026-08-22 16:00:00+00:00, run_after=2026-08-29 16:00:00+00:00
[2026-08-23T06:12:48.773+0000] {processor.py:208} INFO - Processing /opt/airflow/dags/weekly_segment.py took 0.274 seconds
[2026-08-23T06:13:19.056+0000] {processor.py:186} INFO - Started process (PID=6646) to work on /opt/airflow/dags/weekly_segment.py
[2026-08-23T06:13:19.058+0000] {processor.py:914} INFO - Processing file /opt/airflow/dags/weekly_segment.py for tasks to queue
[2026-08-23T06:13:19.060+0000] {logging_mixin.py:190} INFO - [2026-08-23T06:13:19.060+0000] {dagbag.py:588} INFO - Filling up the DagBag from /opt/airflow/dags/weekly_segment.py
[2026-08-23T06:13:19.279+0000] {processor.py:925} INFO - DAG(s) 'weekly_segment' retrieved from /opt/airflow/dags/weekly_segment.py
[2026-08-23T06:13:19.295+0000] {logging_mixin.py:190} INFO - [2026-08-23T06:13:19.295+0000] {dag.py:3239} INFO - Sync 1 DAGs
[2026-08-23T06:13:19.309+0000] {logging_mixin.py:190} INFO - [2026-08-23T06:13:19.309+0000] {dag.py:4180} INFO - Setting next_dagrun for weekly_segment to 2026-08-22 16:00:00+00:00, run_after=2026-08-29 16:00:00+00:00
[2026-08-23T06:13:19.326+0000] {processor.py:208} INFO - Processing /opt/airflow/dags/weekly_segment.py took 0.277 seconds
[2026-08-23T06:13:49.524+0000] {processor.py:186} INFO - Started process (PID=6656) to work on /opt/airflow/dags/weekly_segment.py
[2026-08-23T06:13:49.525+0000] {processor.py:914} INFO - Processing file /opt/airflow/dags/weekly_segment.py for tasks to queue
[2026-08-23T06:13:49.527+0000] {logging_mixin.py:190} INFO - [2026-08-23T06:13:49.527+0000] {dagbag.py:588} INFO - Filling up the DagBag from /opt/airflow/dags/weekly_segment.py
[2026-08-23T06:13:49.729+0000] {processor.py:925} INFO - DAG(s) 'weekly_segment' retrieved from /opt/airflow/dags/weekly_segment.py
[2026-08-23T06:13:49.747+0000] {logging_mixin.py:190} INFO - [2026-08-23T06:13:49.747+0000] {dag.py:3239} INFO - Sync 1 DAGs
[2026-08-23T06:13:49.763+0000] {logging_mixin.py:190} INFO - [2026-08-23T06:13:49.762+0000] {dag.py:4180} INFO - Setting next_dagrun for weekly_segment to 2026-08-22 16:00:00+00:00, run_after=2026-08-29 16:00:00+00:00
[2026-08-23T06:13:49.777+0000] {processor.py:208} INFO - Processing /opt/airflow/dags/weekly_segment.py took 0.258 seconds
[2026-08-23T06:14:19.977+0000] {processor.py:186} INFO - Started process (PID=6666) to work on /opt/airflow/dags/weekly_segment.py
[2026-08-23T06:14:19.978+0000] {processor.py:914} INFO - Processing file /opt/airflow/dags/weekly_segment.py for tasks to queue
[2026-08-23T06:14:19.980+0000] {logging_mixin.py:190} INFO - [2026-08-23T06:14:19.980+0000] {dagbag.py:588} INFO - Filling up the DagBag from /opt/airflow/dags/weekly_segment.py
[2026-08-23T06:14:20.190+0000] {processor.py:925} INFO - DAG(s) 'weekly_segment' retrieved from /opt/airflow/dags/weekly_segment.py
[2026-08-23T06:14:20.209+0000] {logging_mixin.py:190} INFO - [2026-08-23T06:14:20.209+0000] {dag.py:3239} INFO - Sync 1 DAGs
[2026-08-23T06:14:20.225+0000] {logging_mixin.py:190} INFO - [2026-08-23T06:14:20.225+0000] {dag.py:4180} INFO - Setting next_dagrun for weekly_segment to 2026-08-22 16:00:00+00:00, run_after=2026-08-29 16:00:00+00:00
[2026-08-23T06:14:20.238+0000] {processor.py:208} INFO - Processing /opt/airflow/dags/weekly_segment.py took 0.266 seconds
[2026-08-23T06:14:50.426+0000] {processor.py:186} INFO - Started process (PID=6676) to work on /opt/airflow/dags/weekly_segment.py
[2026-08-23T06:14:50.427+0000] {processor.py:914} INFO - Processing file /opt/airflow/dags/weekly_segment.py for tasks to queue
[2026-08-23T06:14:50.429+0000] {logging_mixin.py:190} INFO - [2026-08-23T06:14:50.428+0000] {dagbag.py:588} INFO - Filling up the DagBag from /opt/airflow/dags/weekly_segment.py
[2026-08-23T06:14:50.527+0000] {processor.py:925} INFO - DAG(s) 'weekly_segment' retrieved from /opt/airflow/dags/weekly_segment.py
[2026-08-23T06:14:50.549+0000] {logging_mixin.py:190} INFO - [2026-08-23T06:14:50.549+0000] {dag.py:3239} INFO - Sync 1 DAGs
[2026-08-23T06:14:50.676+0000] {logging_mixin.py:190} INFO - [2026-08-23T06:14:50.676+0000] {dag.py:4180} INFO - Setting next_dagrun for weekly_segment to 2026-08-22 16:00:00+00:00, run_after=2026-08-29 16:00:00+00:00
[2026-08-23T06:14:50.689+0000] {processor.py:208} INFO - Processing /opt/airflow/dags/weekly_segment.py took 0.269 seconds
[2026-08-23T06:15:20.906+0000] {processor.py:186} INFO - Started process (PID=6686) to work on /opt/airflow/dags/weekly_segment.py
[2026-08-23T06:15:20.907+0000] {processor.py:914} INFO - Processing file /opt/airflow/dags/weekly_segment.py for tasks to queue
[2026-08-23T06:15:20.909+0000] {logging_mixin.py:190} INFO - [2026-08-23T06:15:20.909+0000] {dagbag.py:588} INFO - Filling up the DagBag from /opt/airflow/dags/weekly_segment.py
[2026-08-23T06:15:21.018+0000] {processor.py:925} INFO - DAG(s) 'weekly_segment' retrieved from /opt/airflow/dags/weekly_segment.py
[2026-08-23T06:15:21.041+0000] {logging_mixin.py:190} INFO - [2026-08-23T06:15:21.041+0000] {dag.py:3239} INFO - Sync 1 DAGs
[2026-08-23T06:15:21.166+0000] {logging_mixin.py:190} INFO - [2026-08-23T06:15:21.166+0000] {dag.py:4180} INFO - Setting next_dagrun for weekly_segment to 2026-08-22 16:00:00+00:00, run_after=2026-08-29 16:00:00+00:00
[2026-08-23T06:15:21.179+0000] {processor.py:208} INFO - Processing /opt/airflow/dags/weekly_segment.py took 0.280 seconds
[2026-08-23T06:15:51.446+0000] {processor.py:186} INFO - Started process (PID=6696) to work on /opt/airflow/dags/weekly_segment.py
[2026-08-23T06:15:51.447+0000] {processor.py:914} INFO - Processing file /opt/airflow/dags/weekly_segment.py for tasks to queue
[2026-08-23T06:15:51.449+0000] {logging_mixin.py:190} INFO - [2026-08-23T06:15:51.449+0000] {dagbag.py:588} INFO - Filling up the DagBag from /opt/airflow/dags/weekly_segment.py
[2026-08-23T06:15:51.558+0000] {processor.py:925} INFO - DAG(s) 'weekly_segment' retrieved from /opt/airflow/dags/weekly_segment.py
[2026-08-23T06:15:51.689+0000] {logging_mixin.py:190} INFO - [2026-08-23T06:15:51.689+0000] {dag.py:3239} INFO - Sync 1 DAGs
[2026-08-23T06:15:51.704+0000] {logging_mixin.py:190} INFO - [2026-08-23T06:15:51.704+0000] {dag.py:4180} INFO - Setting next_dagrun for weekly_segment to 2026-08-22 16:00:00+00:00, run_after=2026-08-29 16:00:00+00:00
[2026-08-23T06:15:51.717+0000] {processor.py:208} INFO - Processing /opt/airflow/dags/weekly_segment.py took 0.279 seconds
[2026-08-23T06:16:21.916+0000] {processor.py:186} INFO - Started process (PID=6706) to work on /opt/airflow/dags/weekly_segment.py
[2026-08-23T06:16:21.917+0000] {processor.py:914} INFO - Processing file /opt/airflow/dags/weekly_segment.py for tasks to queue
[2026-08-23T06:16:21.919+0000] {logging_mixin.py:190} INFO - [2026-08-23T06:16:21.919+0000] {dagbag.py:588} INFO - Filling up the DagBag from /opt/airflow/dags/weekly_segment.py
[2026-08-23T06:16:22.131+0000] {processor.py:925} INFO - DAG(s) 'weekly_segment' retrieved from /opt/airflow/dags/weekly_segment.py
[2026-08-23T06:16:22.150+0000] {logging_mixin.py:190} INFO - [2026-08-23T06:16:22.150+0000] {dag.py:3239} INFO - Sync 1 DAGs
[2026-08-23T06:16:22.164+0000] {logging_mixin.py:190} INFO - [2026-08-23T06:16:22.164+0000] {dag.py:4180} INFO - Setting next_dagrun for weekly_segment to 2026-08-22 16:00:00+00:00, run_after=2026-08-29 16:00:00+00:00
[2026-08-23T06:16:22.176+0000] {processor.py:208} INFO - Processing /opt/airflow/dags/weekly_segment.py took 0.267 seconds
[2026-08-23T06:16:52.384+0000] {processor.py:186} INFO - Started process (PID=6716) to work on /opt/airflow/dags/weekly_segment.py
[2026-08-23T06:16:52.385+0000] {processor.py:914} INFO - Processing file /opt/airflow/dags/weekly_segment.py for tasks to queue
[2026-08-23T06:16:52.387+0000] {logging_mixin.py:190} INFO - [2026-08-23T06:16:52.387+0000] {dagbag.py:588} INFO - Filling up the DagBag from /opt/airflow/dags/weekly_segment.py
[2026-08-23T06:16:52.607+0000] {processor.py:925} INFO - DAG(s) 'weekly_segment' retrieved from /opt/airflow/dags/weekly_segment.py
[2026-08-23T06:16:52.627+0000] {logging_mixin.py:190} INFO - [2026-08-23T06:16:52.627+0000] {dag.py:3239} INFO - Sync 1 DAGs
[2026-08-23T06:16:52.642+0000] {logging_mixin.py:190} INFO - [2026-08-23T06:16:52.642+0000] {dag.py:4180} INFO - Setting next_dagrun for weekly_segment to 2026-08-22 16:00:00+00:00, run_after=2026-08-29 16:00:00+00:00
[2026-08-23T06:16:52.657+0000] {processor.py:208} INFO - Processing /opt/airflow/dags/weekly_segment.py took 0.279 seconds
[2026-08-23T06:17:22.858+0000] {processor.py:186} INFO - Started process (PID=6726) to work on /opt/airflow/dags/weekly_segment.py
[2026-08-23T06:17:22.859+0000] {processor.py:914} INFO - Processing file /opt/airflow/dags/weekly_segment.py for tasks to queue
[2026-08-23T06:17:22.862+0000] {logging_mixin.py:190} INFO - [2026-08-23T06:17:22.861+0000] {dagbag.py:588} INFO - Filling up the DagBag from /opt/airflow/dags/weekly_segment.py
[2026-08-23T06:17:23.067+0000] {processor.py:925} INFO - DAG(s) 'weekly_segment' retrieved from /opt/airflow/dags/weekly_segment.py
[2026-08-23T06:17:23.086+0000] {logging_mixin.py:190} INFO - [2026-08-23T06:17:23.086+0000] {dag.py:3239} INFO - Sync 1 DAGs
[2026-08-23T06:17:23.102+0000] {logging_mixin.py:190} INFO - [2026-08-23T06:17:23.102+0000] {dag.py:4180} INFO - Setting next_dagrun for weekly_segment to 2026-08-22 16:00:00+00:00, run_after=2026-08-29 16:00:00+00:00
[2026-08-23T06:17:23.115+0000] {processor.py:208} INFO - Processing /opt/airflow/dags/weekly_segment.py took 0.266 seconds
[2026-08-23T06:17:53.314+0000] {processor.py:186} INFO - Started process (PID=6736) to work on /opt/airflow/dags/weekly_segment.py
[2026-08-23T06:17:53.315+0000] {processor.py:914} INFO - Processing file /opt/airflow/dags/weekly_segment.py for tasks to queue
[2026-08-23T06:17:53.317+0000] {logging_mixin.py:190} INFO - [2026-08-23T06:17:53.316+0000] {dagbag.py:588} INFO - Filling up the DagBag from /opt/airflow/dags/weekly_segment.py
[2026-08-23T06:17:53.412+0000] {processor.py:925} INFO - DAG(s) 'weekly_segment' retrieved from /opt/airflow/dags/weekly_segment.py
[2026-08-23T06:17:53.433+0000] {logging_mixin.py:190} INFO - [2026-08-23T06:17:53.433+0000] {dag.py:3239} INFO - Sync 1 DAGs
[2026-08-23T06:17:53.557+0000] {logging_mixin.py:190} INFO - [2026-08-23T06:17:53.556+0000] {dag.py:4180} INFO - Setting next_dagrun for weekly_segment to 2026-08-22 16:00:00+00:00, run_after=2026-08-29 16:00:00+00:00
[2026-08-23T06:17:53.570+0000] {processor.py:208} INFO - Processing /opt/airflow/dags/weekly_segment.py took 0.263 seconds
[2026-08-23T06:18:23.795+0000] {processor.py:186} INFO - Started process (PID=6746) to work on /opt/airflow/dags/weekly_segment.py
[2026-08-23T06:18:23.796+0000] {processor.py:914} INFO - Processing file /opt/airflow/dags/weekly_segment.py for tasks to queue
[2026-08-23T06:18:23.798+0000] {logging_mixin.py:190} INFO - [2026-08-23T06:18:23.798+0000] {dagbag.py:588} INFO - Filling up the DagBag from /opt/airflow/dags/weekly_segment.py
[2026-08-23T06:18:23.886+0000] {processor.py:925} INFO - DAG(s) 'weekly_segment' retrieved from /opt/airflow/dags/weekly_segment.py
[2026-08-23T06:18:24.005+0000] {logging_mixin.py:190} INFO - [2026-08-23T06:18:24.005+0000] {dag.py:3239} INFO - Sync 1 DAGs
[2026-08-23T06:18:24.020+0000] {logging_mixin.py:190} INFO - [2026-08-23T06:18:24.020+0000] {dag.py:4180} INFO - Setting next_dagrun for weekly_segment to 2026-08-22 16:00:00+00:00, run_after=2026-08-29 16:00:00+00:00
[2026-08-23T06:18:24.035+0000] {processor.py:208} INFO - Processing /opt/airflow/dags/weekly_segment.py took 0.246 seconds
[2026-08-23T06:18:54.088+0000] {processor.py:186} INFO - Started process (PID=6756) to work on /opt/airflow/dags/weekly_segment.py
[2026-08-23T06:18:54.089+0000] {processor.py:914} INFO - Processing file /opt/airflow/dags/weekly_segment.py for tasks to queue
[2026-08-23T06:18:54.091+0000] {logging_mixin.py:190} INFO - [2026-08-23T06:18:54.091+0000] {dagbag.py:588} INFO - Filling up the DagBag from /opt/airflow/dags/weekly_segment.py
[2026-08-23T06:18:54.293+0000] {processor.py:925} INFO - DAG(s) 'weekly_segment' retrieved from /opt/airflow/dags/weekly_segment.py
[2026-08-23T06:18:54.310+0000] {logging_mixin.py:190} INFO - [2026-08-23T06:18:54.310+0000] {dag.py:3239} INFO - Sync 1 DAGs
[2026-08-23T06:18:54.323+0000] {logging_mixin.py:190} INFO - [2026-08-23T06:18:54.323+0000] {dag.py:4180} INFO - Setting next_dagrun for weekly_segment to 2026-08-22 16:00:00+00:00, run_after=2026-08-29 16:00:00+00:00
[2026-08-23T06:18:54.337+0000] {processor.py:208} INFO - Processing /opt/airflow/dags/weekly_segment.py took 0.255 seconds
[2026-08-23T06:19:24.472+0000] {processor.py:186} INFO - Started process (PID=6766) to work on /opt/airflow/dags/weekly_segment.py
[2026-08-23T06:19:24.473+0000] {processor.py:914} INFO - Processing file /opt/airflow/dags/weekly_segment.py for tasks to queue
[2026-08-23T06:19:24.476+0000] {logging_mixin.py:190} INFO - [2026-08-23T06:19:24.475+0000] {dagbag.py:588} INFO - Filling up the DagBag from /opt/airflow/dags/weekly_segment.py
[2026-08-23T06:19:24.693+0000] {processor.py:925} INFO - DAG(s) 'weekly_segment' retrieved from /opt/airflow/dags/weekly_segment.py
[2026-08-23T06:19:24.713+0000] {logging_mixin.py:190} INFO - [2026-08-23T06:19:24.713+0000] {dag.py:3239} INFO - Sync 1 DAGs
[2026-08-23T06:19:24.729+0000] {logging_mixin.py:190} INFO - [2026-08-23T06:19:24.728+0000] {dag.py:4180} INFO - Setting next_dagrun for weekly_segment to 2026-08-22 16:00:00+00:00, run_after=2026-08-29 16:00:00+00:00
[2026-08-23T06:19:24.743+0000] {processor.py:208} INFO - Processing /opt/airflow/dags/weekly_segment.py took 0.278 seconds
[2026-08-23T06:19:54.922+0000] {processor.py:186} INFO - Started process (PID=6776) to work on /opt/airflow/dags/weekly_segment.py
[2026-08-23T06:19:54.923+0000] {processor.py:914} INFO - Processing file /opt/airflow/dags/weekly_segment.py for tasks to queue
[2026-08-23T06:19:54.925+0000] {logging_mixin.py:190} INFO - [2026-08-23T06:19:54.925+0000] {dagbag.py:588} INFO - Filling up the DagBag from /opt/airflow/dags/weekly_segment.py
[2026-08-23T06:19:55.137+0000] {processor.py:925} INFO - DAG(s) 'weekly_segment' retrieved from /opt/airflow/dags/weekly_segment.py
[2026-08-23T06:19:55.156+0000] {logging_mixin.py:190} INFO - [2026-08-23T06:19:55.156+0000] {dag.py:3239} INFO - Sync 1 DAGs
[2026-08-23T06:19:55.173+0000] {logging_mixin.py:190} INFO - [2026-08-23T06:19:55.173+0000] {dag.py:4180} INFO - Setting next_dagrun for weekly_segment to 2026-08-22 16:00:00+00:00, run_after=2026-08-29 16:00:00+00:00
[2026-08-23T06:19:55.191+0000] {processor.py:208} INFO - Processing /opt/airflow/dags/weekly_segment.py took 0.276 seconds
[2026-08-23T06:20:25.424+0000] {processor.py:186} INFO - Started process (PID=6786) to work on /opt/airflow/dags/weekly_segment.py
[2026-08-23T06:20:25.425+0000] {processor.py:914} INFO - Processing file /opt/airflow/dags/weekly_segment.py for tasks to queue
[2026-08-23T06:20:25.428+0000] {logging_mixin.py:190} INFO - [2026-08-23T06:20:25.427+0000] {dagbag.py:588} INFO - Filling up the DagBag from /opt/airflow/dags/weekly_segment.py
[2026-08-23T06:20:25.530+0000] {processor.py:925} INFO - DAG(s) 'weekly_segment' retrieved from /opt/airflow/dags/weekly_segment.py
[2026-08-23T06:20:25.553+0000] {logging_mixin.py:190} INFO - [2026-08-23T06:20:25.553+0000] {dag.py:3239} INFO - Sync 1 DAGs
[2026-08-23T06:20:25.680+0000] {logging_mixin.py:190} INFO - [2026-08-23T06:20:25.679+0000] {dag.py:4180} INFO - Setting next_dagrun for weekly_segment to 2026-08-22 16:00:00+00:00, run_after=2026-08-29 16:00:00+00:00
[2026-08-23T06:20:25.693+0000] {processor.py:208} INFO - Processing /opt/airflow/dags/weekly_segment.py took 0.277 seconds
[2026-08-23T06:20:55.936+0000] {processor.py:186} INFO - Started process (PID=6796) to work on /opt/airflow/dags/weekly_segment.py
[2026-08-23T06:20:55.938+0000] {processor.py:914} INFO - Processing file /opt/airflow/dags/weekly_segment.py for tasks to queue
[2026-08-23T06:20:55.940+0000] {logging_mixin.py:190} INFO - [2026-08-23T06:20:55.939+0000] {dagbag.py:588} INFO - Filling up the DagBag from /opt/airflow/dags/weekly_segment.py
[2026-08-23T06:20:56.043+0000] {processor.py:925} INFO - DAG(s) 'weekly_segment' retrieved from /opt/airflow/dags/weekly_segment.py
[2026-08-23T06:20:56.065+0000] {logging_mixin.py:190} INFO - [2026-08-23T06:20:56.065+0000] {dag.py:3239} INFO - Sync 1 DAGs
[2026-08-23T06:20:56.195+0000] {logging_mixin.py:190} INFO - [2026-08-23T06:20:56.195+0000] {dag.py:4180} INFO - Setting next_dagrun for weekly_segment to 2026-08-22 16:00:00+00:00, run_after=2026-08-29 16:00:00+00:00
[2026-08-23T06:20:56.213+0000] {processor.py:208} INFO - Processing /opt/airflow/dags/weekly_segment.py took 0.284 seconds
[2026-08-23T06:21:26.434+0000] {processor.py:186} INFO - Started process (PID=6806) to work on /opt/airflow/dags/weekly_segment.py
[2026-08-23T06:21:26.435+0000] {processor.py:914} INFO - Processing file /opt/airflow/dags/weekly_segment.py for tasks to queue
[2026-08-23T06:21:26.437+0000] {logging_mixin.py:190} INFO - [2026-08-23T06:21:26.437+0000] {dagbag.py:588} INFO - Filling up the DagBag from /opt/airflow/dags/weekly_segment.py
[2026-08-23T06:21:26.550+0000] {processor.py:925} INFO - DAG(s) 'weekly_segment' retrieved from /opt/airflow/dags/weekly_segment.py
[2026-08-23T06:21:26.680+0000] {logging_mixin.py:190} INFO - [2026-08-23T06:21:26.680+0000] {dag.py:3239} INFO - Sync 1 DAGs
[2026-08-23T06:21:26.697+0000] {logging_mixin.py:190} INFO - [2026-08-23T06:21:26.697+0000] {dag.py:4180} INFO - Setting next_dagrun for weekly_segment to 2026-08-22 16:00:00+00:00, run_after=2026-08-29 16:00:00+00:00
[2026-08-23T06:21:26.709+0000] {processor.py:208} INFO - Processing /opt/airflow/dags/weekly_segment.py took 0.282 seconds
[2026-08-23T06:21:56.901+0000] {processor.py:186} INFO - Started process (PID=6816) to work on /opt/airflow/dags/weekly_segment.py
[2026-08-23T06:21:56.902+0000] {processor.py:914} INFO - Processing file /opt/airflow/dags/weekly_segment.py for tasks to queue
[2026-08-23T06:21:56.904+0000] {logging_mixin.py:190} INFO - [2026-08-23T06:21:56.904+0000] {dagbag.py:588} INFO - Filling up the DagBag from /opt/airflow/dags/weekly_segment.py
[2026-08-23T06:21:57.124+0000] {processor.py:925} INFO - DAG(s) 'weekly_segment' retrieved from /opt/airflow/dags/weekly_segment.py
[2026-08-23T06:21:57.144+0000] {logging_mixin.py:190} INFO - [2026-08-23T06:21:57.144+0000] {dag.py:3239} INFO - Sync 1 DAGs
[2026-08-23T06:21:57.159+0000] {logging_mixin.py:190} INFO - [2026-08-23T06:21:57.159+0000] {dag.py:4180} INFO - Setting next_dagrun for weekly_segment to 2026-08-22 16:00:00+00:00, run_after=2026-08-29 16:00:00+00:00
[2026-08-23T06:21:57.172+0000] {processor.py:208} INFO - Processing /opt/airflow/dags/weekly_segment.py took 0.277 seconds
[2026-08-23T06:22:27.368+0000] {processor.py:186} INFO - Started process (PID=6826) to work on /opt/airflow/dags/weekly_segment.py
[2026-08-23T06:22:27.369+0000] {processor.py:914} INFO - Processing file /opt/airflow/dags/weekly_segment.py for tasks to queue
[2026-08-23T06:22:27.371+0000] {logging_mixin.py:190} INFO - [2026-08-23T06:22:27.371+0000] {dagbag.py:588} INFO - Filling up the DagBag from /opt/airflow/dags/weekly_segment.py
[2026-08-23T06:22:27.587+0000] {processor.py:925} INFO - DAG(s) 'weekly_segment' retrieved from /opt/airflow/dags/weekly_segment.py
[2026-08-23T06:22:27.606+0000] {logging_mixin.py:190} INFO - [2026-08-23T06:22:27.605+0000] {dag.py:3239} INFO - Sync 1 DAGs
[2026-08-23T06:22:27.621+0000] {logging_mixin.py:190} INFO - [2026-08-23T06:22:27.621+0000] {dag.py:4180} INFO - Setting next_dagrun for weekly_segment to 2026-08-22 16:00:00+00:00, run_after=2026-08-29 16:00:00+00:00
[2026-08-23T06:22:27.635+0000] {processor.py:208} INFO - Processing /opt/airflow/dags/weekly_segment.py took 0.276 seconds
[2026-08-23T06:22:57.831+0000] {processor.py:186} INFO - Started process (PID=6836) to work on /opt/airflow/dags/weekly_segment.py
[2026-08-23T06:22:57.832+0000] {processor.py:914} INFO - Processing file /opt/airflow/dags/weekly_segment.py for tasks to queue
[2026-08-23T06:22:57.834+0000] {logging_mixin.py:190} INFO - [2026-08-23T06:22:57.834+0000] {dagbag.py:588} INFO - Filling up the DagBag from /opt/airflow/dags/weekly_segment.py
[2026-08-23T06:22:58.040+0000] {processor.py:925} INFO - DAG(s) 'weekly_segment' retrieved from /opt/airflow/dags/weekly_segment.py
[2026-08-23T06:22:58.059+0000] {logging_mixin.py:190} INFO - [2026-08-23T06:22:58.059+0000] {dag.py:3239} INFO - Sync 1 DAGs
[2026-08-23T06:22:58.076+0000] {logging_mixin.py:190} INFO - [2026-08-23T06:22:58.075+0000] {dag.py:4180} INFO - Setting next_dagrun for weekly_segment to 2026-08-22 16:00:00+00:00, run_after=2026-08-29 16:00:00+00:00
[2026-08-23T06:22:58.089+0000] {processor.py:208} INFO - Processing /opt/airflow/dags/weekly_segment.py took 0.264 seconds
[2026-08-23T06:23:28.329+0000] {processor.py:186} INFO - Started process (PID=6846) to work on /opt/airflow/dags/weekly_segment.py
[2026-08-23T06:23:28.329+0000] {processor.py:914} INFO - Processing file /opt/airflow/dags/weekly_segment.py for tasks to queue
[2026-08-23T06:23:28.331+0000] {logging_mixin.py:190} INFO - [2026-08-23T06:23:28.331+0000] {dagbag.py:588} INFO - Filling up the DagBag from /opt/airflow/dags/weekly_segment.py
[2026-08-23T06:23:28.424+0000] {processor.py:925} INFO - DAG(s) 'weekly_segment' retrieved from /opt/airflow/dags/weekly_segment.py
[2026-08-23T06:23:28.443+0000] {logging_mixin.py:190} INFO - [2026-08-23T06:23:28.443+0000] {dag.py:3239} INFO - Sync 1 DAGs
[2026-08-23T06:23:28.562+0000] {logging_mixin.py:190} INFO - [2026-08-23T06:23:28.562+0000] {dag.py:4180} INFO - Setting next_dagrun for weekly_segment to 2026-08-22 16:00:00+00:00, run_after=2026-08-29 16:00:00+00:00
[2026-08-23T06:23:28.578+0000] {processor.py:208} INFO - Processing /opt/airflow/dags/weekly_segment.py took 0.257 seconds
[2026-08-23T06:23:58.902+0000] {processor.py:186} INFO - Started process (PID=6856) to work on /opt/airflow/dags/weekly_segment.py
[2026-08-23T06:23:58.903+0000] {processor.py:914} INFO - Processing file /opt/airflow/dags/weekly_segment.py for tasks to queue
[2026-08-23T06:23:58.905+0000] {logging_mixin.py:190} INFO - [2026-08-23T06:23:58.905+0000] {dagbag.py:588} INFO - Filling up the DagBag from /opt/airflow/dags/weekly_segment.py
[2026-08-23T06:23:58.995+0000] {processor.py:925} INFO - DAG(s) 'weekly_segment' retrieved from /opt/airflow/dags/weekly_segment.py
[2026-08-23T06:23:59.120+0000] {logging_mixin.py:190} INFO - [2026-08-23T06:23:59.120+0000] {dag.py:3239} INFO - Sync 1 DAGs
[2026-08-23T06:23:59.135+0000] {logging_mixin.py:190} INFO - [2026-08-23T06:23:59.135+0000] {dag.py:4180} INFO - Setting next_dagrun for weekly_segment to 2026-08-22 16:00:00+00:00, run_after=2026-08-29 16:00:00+00:00
[2026-08-23T06:23:59.152+0000] {processor.py:208} INFO - Processing /opt/airflow/dags/weekly_segment.py took 0.258 seconds
[2026-08-23T06:24:29.454+0000] {processor.py:186} INFO - Started process (PID=6866) to work on /opt/airflow/dags/weekly_segment.py
[2026-08-23T06:24:29.455+0000] {processor.py:914} INFO - Processing file /opt/airflow/dags/weekly_segment.py for tasks to queue
[2026-08-23T06:24:29.457+0000] {logging_mixin.py:190} INFO - [2026-08-23T06:24:29.457+0000] {dagbag.py:588} INFO - Filling up the DagBag from /opt/airflow/dags/weekly_segment.py
[2026-08-23T06:24:29.651+0000] {processor.py:925} INFO - DAG(s) 'weekly_segment' retrieved from /opt/airflow/dags/weekly_segment.py
[2026-08-23T06:24:29.669+0000] {logging_mixin.py:190} INFO - [2026-08-23T06:24:29.669+0000] {dag.py:3239} INFO - Sync 1 DAGs
[2026-08-23T06:24:29.682+0000] {logging_mixin.py:190} INFO - [2026-08-23T06:24:29.682+0000] {dag.py:4180} INFO - Setting next_dagrun for weekly_segment to 2026-08-22 16:00:00+00:00, run_after=2026-08-29 16:00:00+00:00
[2026-08-23T06:24:29.694+0000] {processor.py:208} INFO - Processing /opt/airflow/dags/weekly_segment.py took 0.246 seconds
[2026-08-23T06:25:00.055+0000] {processor.py:186} INFO - Started process (PID=6876) to work on /opt/airflow/dags/weekly_segment.py
[2026-08-23T06:25:00.056+0000] {processor.py:914} INFO - Processing file /opt/airflow/dags/weekly_segment.py for tasks to queue
[2026-08-23T06:25:00.058+0000] {logging_mixin.py:190} INFO - [2026-08-23T06:25:00.057+0000] {dagbag.py:588} INFO - Filling up the DagBag from /opt/airflow/dags/weekly_segment.py
[2026-08-23T06:25:00.242+0000] {processor.py:925} INFO - DAG(s) 'weekly_segment' retrieved from /opt/airflow/dags/weekly_segment.py
[2026-08-23T06:25:00.258+0000] {logging_mixin.py:190} INFO - [2026-08-23T06:25:00.258+0000] {dag.py:3239} INFO - Sync 1 DAGs
[2026-08-23T06:25:00.272+0000] {logging_mixin.py:190} INFO - [2026-08-23T06:25:00.272+0000] {dag.py:4180} INFO - Setting next_dagrun for weekly_segment to 2026-08-22 16:00:00+00:00, run_after=2026-08-29 16:00:00+00:00
[2026-08-23T06:25:00.283+0000] {processor.py:208} INFO - Processing /opt/airflow/dags/weekly_segment.py took 0.234 seconds
[2026-08-23T06:25:30.482+0000] {processor.py:186} INFO - Started process (PID=6886) to work on /opt/airflow/dags/weekly_segment.py
[2026-08-23T06:25:30.483+0000] {processor.py:914} INFO - Processing file /opt/airflow/dags/weekly_segment.py for tasks to queue
[2026-08-23T06:25:30.485+0000] {logging_mixin.py:190} INFO - [2026-08-23T06:25:30.484+0000] {dagbag.py:588} INFO - Filling up the DagBag from /opt/airflow/dags/weekly_segment.py
[2026-08-23T06:25:30.706+0000] {processor.py:925} INFO - DAG(s) 'weekly_segment' retrieved from /opt/airflow/dags/weekly_segment.py
[2026-08-23T06:25:30.725+0000] {logging_mixin.py:190} INFO - [2026-08-23T06:25:30.725+0000] {dag.py:3239} INFO - Sync 1 DAGs
[2026-08-23T06:25:30.742+0000] {logging_mixin.py:190} INFO - [2026-08-23T06:25:30.742+0000] {dag.py:4180} INFO - Setting next_dagrun for weekly_segment to 2026-08-22 16:00:00+00:00, run_after=2026-08-29 16:00:00+00:00
[2026-08-23T06:25:30.756+0000] {processor.py:208} INFO - Processing /opt/airflow/dags/weekly_segment.py took 0.280 seconds
[2026-08-23T06:26:01.073+0000] {processor.py:186} INFO - Started process (PID=6896) to work on /opt/airflow/dags/weekly_segment.py
[2026-08-23T06:26:01.074+0000] {processor.py:914} INFO - Processing file /opt/airflow/dags/weekly_segment.py for tasks to queue
[2026-08-23T06:26:01.075+0000] {logging_mixin.py:190} INFO - [2026-08-23T06:26:01.075+0000] {dagbag.py:588} INFO - Filling up the DagBag from /opt/airflow/dags/weekly_segment.py
[2026-08-23T06:26:01.166+0000] {processor.py:925} INFO - DAG(s) 'weekly_segment' retrieved from /opt/airflow/dags/weekly_segment.py
[2026-08-23T06:26:01.186+0000] {logging_mixin.py:190} INFO - [2026-08-23T06:26:01.186+0000] {dag.py:3239} INFO - Sync 1 DAGs
[2026-08-23T06:26:01.299+0000] {logging_mixin.py:190} INFO - [2026-08-23T06:26:01.299+0000] {dag.py:4180} INFO - Setting next_dagrun for weekly_segment to 2026-08-22 16:00:00+00:00, run_after=2026-08-29 16:00:00+00:00
[2026-08-23T06:26:01.316+0000] {processor.py:208} INFO - Processing /opt/airflow/dags/weekly_segment.py took 0.249 seconds
[2026-08-23T06:26:31.395+0000] {processor.py:186} INFO - Started process (PID=6906) to work on /opt/airflow/dags/weekly_segment.py
[2026-08-23T06:26:31.397+0000] {processor.py:914} INFO - Processing file /opt/airflow/dags/weekly_segment.py for tasks to queue
[2026-08-23T06:26:31.399+0000] {logging_mixin.py:190} INFO - [2026-08-23T06:26:31.399+0000] {dagbag.py:588} INFO - Filling up the DagBag from /opt/airflow/dags/weekly_segment.py
[2026-08-23T06:26:31.499+0000] {processor.py:925} INFO - DAG(s) 'weekly_segment' retrieved from /opt/airflow/dags/weekly_segment.py
[2026-08-23T06:26:31.625+0000] {logging_mixin.py:190} INFO - [2026-08-23T06:26:31.624+0000] {dag.py:3239} INFO - Sync 1 DAGs
[2026-08-23T06:26:31.639+0000] {logging_mixin.py:190} INFO - [2026-08-23T06:26:31.639+0000] {dag.py:4180} INFO - Setting next_dagrun for weekly_segment to 2026-08-22 16:00:00+00:00, run_after=2026-08-29 16:00:00+00:00
[2026-08-23T06:26:31.652+0000] {processor.py:208} INFO - Processing /opt/airflow/dags/weekly_segment.py took 0.264 seconds
[2026-08-23T06:27:01.898+0000] {processor.py:186} INFO - Started process (PID=6916) to work on /opt/airflow/dags/weekly_segment.py
[2026-08-23T06:27:01.899+0000] {processor.py:914} INFO - Processing file /opt/airflow/dags/weekly_segment.py for tasks to queue
[2026-08-23T06:27:01.901+0000] {logging_mixin.py:190} INFO - [2026-08-23T06:27:01.901+0000] {dagbag.py:588} INFO - Filling up the DagBag from /opt/airflow/dags/weekly_segment.py
[2026-08-23T06:27:02.020+0000] {processor.py:925} INFO - DAG(s) 'weekly_segment' retrieved from /opt/airflow/dags/weekly_segment.py
[2026-08-23T06:27:02.158+0000] {logging_mixin.py:190} INFO - [2026-08-23T06:27:02.158+0000] {dag.py:3239} INFO - Sync 1 DAGs
[2026-08-23T06:27:02.174+0000] {logging_mixin.py:190} INFO - [2026-08-23T06:27:02.174+0000] {dag.py:4180} INFO - Setting next_dagrun for weekly_segment to 2026-08-22 16:00:00+00:00, run_after=2026-08-29 16:00:00+00:00
[2026-08-23T06:27:02.188+0000] {processor.py:208} INFO - Processing /opt/airflow/dags/weekly_segment.py took 0.297 seconds
[2026-08-23T06:27:32.401+0000] {processor.py:186} INFO - Started process (PID=6926) to work on /opt/airflow/dags/weekly_segment.py
[2026-08-23T06:27:32.402+0000] {processor.py:914} INFO - Processing file /opt/airflow/dags/weekly_segment.py for tasks to queue
[2026-08-23T06:27:32.404+0000] {logging_mixin.py:190} INFO - [2026-08-23T06:27:32.403+0000] {dagbag.py:588} INFO - Filling up the DagBag from /opt/airflow/dags/weekly_segment.py
[2026-08-23T06:27:32.601+0000] {processor.py:925} INFO - DAG(s) 'weekly_segment' retrieved from /opt/airflow/dags/weekly_segment.py
[2026-08-23T06:27:32.617+0000] {logging_mixin.py:190} INFO - [2026-08-23T06:27:32.617+0000] {dag.py:3239} INFO - Sync 1 DAGs
[2026-08-23T06:27:32.631+0000] {logging_mixin.py:190} INFO - [2026-08-23T06:27:32.631+0000] {dag.py:4180} INFO - Setting next_dagrun for weekly_segment to 2026-08-22 16:00:00+00:00, run_after=2026-08-29 16:00:00+00:00
[2026-08-23T06:27:32.643+0000] {processor.py:208} INFO - Processing /opt/airflow/dags/weekly_segment.py took 0.249 seconds
[2026-08-23T06:28:02.763+0000] {processor.py:186} INFO - Started process (PID=6936) to work on /opt/airflow/dags/weekly_segment.py
[2026-08-23T06:28:02.764+0000] {processor.py:914} INFO - Processing file /opt/airflow/dags/weekly_segment.py for tasks to queue
[2026-08-23T06:28:02.766+0000] {logging_mixin.py:190} INFO - [2026-08-23T06:28:02.765+0000] {dagbag.py:588} INFO - Filling up the DagBag from /opt/airflow/dags/weekly_segment.py
[2026-08-23T06:28:02.957+0000] {processor.py:925} INFO - DAG(s) 'weekly_segment' retrieved from /opt/airflow/dags/weekly_segment.py
[2026-08-23T06:28:02.974+0000] {logging_mixin.py:190} INFO - [2026-08-23T06:28:02.973+0000] {dag.py:3239} INFO - Sync 1 DAGs
[2026-08-23T06:28:02.987+0000] {logging_mixin.py:190} INFO - [2026-08-23T06:28:02.987+0000] {dag.py:4180} INFO - Setting next_dagrun for weekly_segment to 2026-08-22 16:00:00+00:00, run_after=2026-08-29 16:00:00+00:00
[2026-08-23T06:28:03.005+0000] {processor.py:208} INFO - Processing /opt/airflow/dags/weekly_segment.py took 0.247 seconds
[2026-08-23T06:28:33.253+0000] {processor.py:186} INFO - Started process (PID=6946) to work on /opt/airflow/dags/weekly_segment.py
[2026-08-23T06:28:33.254+0000] {processor.py:914} INFO - Processing file /opt/airflow/dags/weekly_segment.py for tasks to queue
[2026-08-23T06:28:33.256+0000] {logging_mixin.py:190} INFO - [2026-08-23T06:28:33.256+0000] {dagbag.py:588} INFO - Filling up the DagBag from /opt/airflow/dags/weekly_segment.py
[2026-08-23T06:28:33.465+0000] {processor.py:925} INFO - DAG(s) 'weekly_segment' retrieved from /opt/airflow/dags/weekly_segment.py
[2026-08-23T06:28:33.484+0000] {logging_mixin.py:190} INFO - [2026-08-23T06:28:33.483+0000] {dag.py:3239} INFO - Sync 1 DAGs
[2026-08-23T06:28:33.500+0000] {logging_mixin.py:190} INFO - [2026-08-23T06:28:33.500+0000] {dag.py:4180} INFO - Setting next_dagrun for weekly_segment to 2026-08-22 16:00:00+00:00, run_after=2026-08-29 16:00:00+00:00
[2026-08-23T06:28:33.515+0000] {processor.py:208} INFO - Processing /opt/airflow/dags/weekly_segment.py took 0.267 seconds
[2026-08-23T06:29:03.870+0000] {processor.py:186} INFO - Started process (PID=6956) to work on /opt/airflow/dags/weekly_segment.py
[2026-08-23T06:29:03.871+0000] {processor.py:914} INFO - Processing file /opt/airflow/dags/weekly_segment.py for tasks to queue
[2026-08-23T06:29:03.873+0000] {logging_mixin.py:190} INFO - [2026-08-23T06:29:03.872+0000] {dagbag.py:588} INFO - Filling up the DagBag from /opt/airflow/dags/weekly_segment.py
[2026-08-23T06:29:03.974+0000] {processor.py:925} INFO - DAG(s) 'weekly_segment' retrieved from /opt/airflow/dags/weekly_segment.py
[2026-08-23T06:29:03.996+0000] {logging_mixin.py:190} INFO - [2026-08-23T06:29:03.996+0000] {dag.py:3239} INFO - Sync 1 DAGs
[2026-08-23T06:29:04.013+0000] {logging_mixin.py:190} INFO - [2026-08-23T06:29:04.013+0000] {dag.py:4180} INFO - Setting next_dagrun for weekly_segment to 2026-08-22 16:00:00+00:00, run_after=2026-08-29 16:00:00+00:00
[2026-08-23T06:29:04.026+0000] {processor.py:208} INFO - Processing /opt/airflow/dags/weekly_segment.py took 0.165 seconds
[2026-08-23T06:29:34.094+0000] {processor.py:186} INFO - Started process (PID=6966) to work on /opt/airflow/dags/weekly_segment.py
[2026-08-23T06:29:34.095+0000] {processor.py:914} INFO - Processing file /opt/airflow/dags/weekly_segment.py for tasks to queue
[2026-08-23T06:29:34.098+0000] {logging_mixin.py:190} INFO - [2026-08-23T06:29:34.098+0000] {dagbag.py:588} INFO - Filling up the DagBag from /opt/airflow/dags/weekly_segment.py
[2026-08-23T06:29:34.223+0000] {processor.py:925} INFO - DAG(s) 'weekly_segment' retrieved from /opt/airflow/dags/weekly_segment.py
[2026-08-23T06:29:34.248+0000] {logging_mixin.py:190} INFO - [2026-08-23T06:29:34.248+0000] {dag.py:3239} INFO - Sync 1 DAGs
[2026-08-23T06:29:34.266+0000] {logging_mixin.py:190} INFO - [2026-08-23T06:29:34.266+0000] {dag.py:4180} INFO - Setting next_dagrun for weekly_segment to 2026-08-22 16:00:00+00:00, run_after=2026-08-29 16:00:00+00:00
[2026-08-23T06:29:34.283+0000] {processor.py:208} INFO - Processing /opt/airflow/dags/weekly_segment.py took 0.195 seconds
[2026-08-23T06:30:04.442+0000] {processor.py:186} INFO - Started process (PID=6976) to work on /opt/airflow/dags/weekly_segment.py
[2026-08-23T06:30:04.444+0000] {processor.py:914} INFO - Processing file /opt/airflow/dags/weekly_segment.py for tasks to queue
[2026-08-23T06:30:04.447+0000] {logging_mixin.py:190} INFO - [2026-08-23T06:30:04.446+0000] {dagbag.py:588} INFO - Filling up the DagBag from /opt/airflow/dags/weekly_segment.py
[2026-08-23T06:30:04.563+0000] {processor.py:925} INFO - DAG(s) 'weekly_segment' retrieved from /opt/airflow/dags/weekly_segment.py
[2026-08-23T06:30:04.584+0000] {logging_mixin.py:190} INFO - [2026-08-23T06:30:04.584+0000] {dag.py:3239} INFO - Sync 1 DAGs
[2026-08-23T06:30:04.601+0000] {logging_mixin.py:190} INFO - [2026-08-23T06:30:04.601+0000] {dag.py:4180} INFO - Setting next_dagrun for weekly_segment to 2026-08-22 16:00:00+00:00, run_after=2026-08-29 16:00:00+00:00
[2026-08-23T06:30:04.615+0000] {processor.py:208} INFO - Processing /opt/airflow/dags/weekly_segment.py took 0.181 seconds
[2026-08-23T06:30:34.815+0000] {processor.py:186} INFO - Started process (PID=6986) to work on /opt/airflow/dags/weekly_segment.py
[2026-08-23T06:30:34.816+0000] {processor.py:914} INFO - Processing file /opt/airflow/dags/weekly_segment.py for tasks to queue
[2026-08-23T06:30:34.817+0000] {logging_mixin.py:190} INFO - [2026-08-23T06:30:34.817+0000] {dagbag.py:588} INFO - Filling up the DagBag from /opt/airflow/dags/weekly_segment.py
[2026-08-23T06:30:34.902+0000] {processor.py:925} INFO - DAG(s) 'weekly_segment' retrieved from /opt/airflow/dags/weekly_segment.py
[2026-08-23T06:30:34.922+0000] {logging_mixin.py:190} INFO - [2026-08-23T06:30:34.922+0000] {dag.py:3239} INFO - Sync 1 DAGs
[2026-08-23T06:30:34.938+0000] {logging_mixin.py:190} INFO - [2026-08-23T06:30:34.938+0000] {dag.py:4180} INFO - Setting next_dagrun for weekly_segment to 2026-08-22 16:00:00+00:00, run_after=2026-08-29 16:00:00+00:00
[2026-08-23T06:30:34.951+0000] {processor.py:208} INFO - Processing /opt/airflow/dags/weekly_segment.py took 0.144 seconds
[2026-08-23T06:31:05.151+0000] {processor.py:186} INFO - Started process (PID=6996) to work on /opt/airflow/dags/weekly_segment.py
[2026-08-23T06:31:05.152+0000] {processor.py:914} INFO - Processing file /opt/airflow/dags/weekly_segment.py for tasks to queue
[2026-08-23T06:31:05.154+0000] {logging_mixin.py:190} INFO - [2026-08-23T06:31:05.154+0000] {dagbag.py:588} INFO - Filling up the DagBag from /opt/airflow/dags/weekly_segment.py
[2026-08-23T06:31:05.245+0000] {processor.py:925} INFO - DAG(s) 'weekly_segment' retrieved from /opt/airflow/dags/weekly_segment.py
[2026-08-23T06:31:05.264+0000] {logging_mixin.py:190} INFO - [2026-08-23T06:31:05.264+0000] {dag.py:3239} INFO - Sync 1 DAGs
[2026-08-23T06:31:05.281+0000] {logging_mixin.py:190} INFO - [2026-08-23T06:31:05.281+0000] {dag.py:4180} INFO - Setting next_dagrun for weekly_segment to 2026-08-22 16:00:00+00:00, run_after=2026-08-29 16:00:00+00:00
[2026-08-23T06:31:05.299+0000] {processor.py:208} INFO - Processing /opt/airflow/dags/weekly_segment.py took 0.153 seconds
[2026-08-23T06:31:35.625+0000] {processor.py:186} INFO - Started process (PID=7006) to work on /opt/airflow/dags/weekly_segment.py
[2026-08-23T06:31:35.626+0000] {processor.py:914} INFO - Processing file /opt/airflow/dags/weekly_segment.py for tasks to queue
[2026-08-23T06:31:35.629+0000] {logging_mixin.py:190} INFO - [2026-08-23T06:31:35.628+0000] {dagbag.py:588} INFO - Filling up the DagBag from /opt/airflow/dags/weekly_segment.py
[2026-08-23T06:31:35.720+0000] {processor.py:925} INFO - DAG(s) 'weekly_segment' retrieved from /opt/airflow/dags/weekly_segment.py
[2026-08-23T06:31:35.739+0000] {logging_mixin.py:190} INFO - [2026-08-23T06:31:35.739+0000] {dag.py:3239} INFO - Sync 1 DAGs
[2026-08-23T06:31:35.756+0000] {logging_mixin.py:190} INFO - [2026-08-23T06:31:35.756+0000] {dag.py:4180} INFO - Setting next_dagrun for weekly_segment to 2026-08-22 16:00:00+00:00, run_after=2026-08-29 16:00:00+00:00
[2026-08-23T06:31:35.769+0000] {processor.py:208} INFO - Processing /opt/airflow/dags/weekly_segment.py took 0.152 seconds
[2026-08-23T06:32:05.900+0000] {processor.py:186} INFO - Started process (PID=7016) to work on /opt/airflow/dags/weekly_segment.py
[2026-08-23T06:32:05.901+0000] {processor.py:914} INFO - Processing file /opt/airflow/dags/weekly_segment.py for tasks to queue
[2026-08-23T06:32:05.903+0000] {logging_mixin.py:190} INFO - [2026-08-23T06:32:05.903+0000] {dagbag.py:588} INFO - Filling up the DagBag from /opt/airflow/dags/weekly_segment.py
[2026-08-23T06:32:05.990+0000] {processor.py:925} INFO - DAG(s) 'weekly_segment' retrieved from /opt/airflow/dags/weekly_segment.py
[2026-08-23T06:32:06.011+0000] {logging_mixin.py:190} INFO - [2026-08-23T06:32:06.010+0000] {dag.py:3239} INFO - Sync 1 DAGs
[2026-08-23T06:32:06.026+0000] {logging_mixin.py:190} INFO - [2026-08-23T06:32:06.026+0000] {dag.py:4180} INFO - Setting next_dagrun for weekly_segment to 2026-08-22 16:00:00+00:00, run_after=2026-08-29 16:00:00+00:00
[2026-08-23T06:32:06.039+0000] {processor.py:208} INFO - Processing /opt/airflow/dags/weekly_segment.py took 0.145 seconds
[2026-08-23T06:32:36.196+0000] {processor.py:186} INFO - Started process (PID=7026) to work on /opt/airflow/dags/weekly_segment.py
[2026-08-23T06:32:36.197+0000] {processor.py:914} INFO - Processing file /opt/airflow/dags/weekly_segment.py for tasks to queue
[2026-08-23T06:32:36.199+0000] {logging_mixin.py:190} INFO - [2026-08-23T06:32:36.199+0000] {dagbag.py:588} INFO - Filling up the DagBag from /opt/airflow/dags/weekly_segment.py
[2026-08-23T06:32:36.289+0000] {processor.py:925} INFO - DAG(s) 'weekly_segment' retrieved from /opt/airflow/dags/weekly_segment.py
[2026-08-23T06:32:36.309+0000] {logging_mixin.py:190} INFO - [2026-08-23T06:32:36.308+0000] {dag.py:3239} INFO - Sync 1 DAGs
[2026-08-23T06:32:36.325+0000] {logging_mixin.py:190} INFO - [2026-08-23T06:32:36.325+0000] {dag.py:4180} INFO - Setting next_dagrun for weekly_segment to 2026-08-22 16:00:00+00:00, run_after=2026-08-29 16:00:00+00:00
[2026-08-23T06:32:36.337+0000] {processor.py:208} INFO - Processing /opt/airflow/dags/weekly_segment.py took 0.147 seconds
[2026-08-23T06:33:06.796+0000] {processor.py:186} INFO - Started process (PID=7036) to work on /opt/airflow/dags/weekly_segment.py
[2026-08-23T06:33:06.797+0000] {processor.py:914} INFO - Processing file /opt/airflow/dags/weekly_segment.py for tasks to queue
[2026-08-23T06:33:06.799+0000] {logging_mixin.py:190} INFO - [2026-08-23T06:33:06.799+0000] {dagbag.py:588} INFO - Filling up the DagBag from /opt/airflow/dags/weekly_segment.py
[2026-08-23T06:33:06.947+0000] {processor.py:925} INFO - DAG(s) 'weekly_segment' retrieved from /opt/airflow/dags/weekly_segment.py
[2026-08-23T06:33:06.969+0000] {logging_mixin.py:190} INFO - [2026-08-23T06:33:06.969+0000] {dag.py:3239} INFO - Sync 1 DAGs
[2026-08-23T06:33:06.985+0000] {logging_mixin.py:190} INFO - [2026-08-23T06:33:06.985+0000] {dag.py:4180} INFO - Setting next_dagrun for weekly_segment to 2026-08-22 16:00:00+00:00, run_after=2026-08-29 16:00:00+00:00
[2026-08-23T06:33:07.000+0000] {processor.py:208} INFO - Processing /opt/airflow/dags/weekly_segment.py took 0.217 seconds
[2026-08-23T06:33:37.085+0000] {processor.py:186} INFO - Started process (PID=7046) to work on /opt/airflow/dags/weekly_segment.py
[2026-08-23T06:33:37.086+0000] {processor.py:914} INFO - Processing file /opt/airflow/dags/weekly_segment.py for tasks to queue
[2026-08-23T06:33:37.088+0000] {logging_mixin.py:190} INFO - [2026-08-23T06:33:37.088+0000] {dagbag.py:588} INFO - Filling up the DagBag from /opt/airflow/dags/weekly_segment.py
[2026-08-23T06:33:37.205+0000] {processor.py:925} INFO - DAG(s) 'weekly_segment' retrieved from /opt/airflow/dags/weekly_segment.py
[2026-08-23T06:33:37.227+0000] {logging_mixin.py:190} INFO - [2026-08-23T06:33:37.227+0000] {dag.py:3239} INFO - Sync 1 DAGs
[2026-08-23T06:33:37.245+0000] {logging_mixin.py:190} INFO - [2026-08-23T06:33:37.245+0000] {dag.py:4180} INFO - Setting next_dagrun for weekly_segment to 2026-08-22 16:00:00+00:00, run_after=2026-08-29 16:00:00+00:00
[2026-08-23T06:33:37.275+0000] {processor.py:208} INFO - Processing /opt/airflow/dags/weekly_segment.py took 0.196 seconds
[2026-08-23T06:34:07.571+0000] {processor.py:186} INFO - Started process (PID=7056) to work on /opt/airflow/dags/weekly_segment.py
[2026-08-23T06:34:07.575+0000] {processor.py:914} INFO - Processing file /opt/airflow/dags/weekly_segment.py for tasks to queue
[2026-08-23T06:34:07.577+0000] {logging_mixin.py:190} INFO - [2026-08-23T06:34:07.576+0000] {dagbag.py:588} INFO - Filling up the DagBag from /opt/airflow/dags/weekly_segment.py
[2026-08-23T06:34:07.909+0000] {processor.py:925} INFO - DAG(s) 'weekly_segment' retrieved from /opt/airflow/dags/weekly_segment.py
[2026-08-23T06:34:07.935+0000] {logging_mixin.py:190} INFO - [2026-08-23T06:34:07.935+0000] {dag.py:3239} INFO - Sync 1 DAGs
[2026-08-23T06:34:07.956+0000] {logging_mixin.py:190} INFO - [2026-08-23T06:34:07.956+0000] {dag.py:4180} INFO - Setting next_dagrun for weekly_segment to 2026-08-22 16:00:00+00:00, run_after=2026-08-29 16:00:00+00:00
[2026-08-23T06:34:07.972+0000] {processor.py:208} INFO - Processing /opt/airflow/dags/weekly_segment.py took 0.415 seconds
[2026-08-23T06:34:38.271+0000] {processor.py:186} INFO - Started process (PID=7066) to work on /opt/airflow/dags/weekly_segment.py
[2026-08-23T06:34:38.272+0000] {processor.py:914} INFO - Processing file /opt/airflow/dags/weekly_segment.py for tasks to queue
[2026-08-23T06:34:38.275+0000] {logging_mixin.py:190} INFO - [2026-08-23T06:34:38.274+0000] {dagbag.py:588} INFO - Filling up the DagBag from /opt/airflow/dags/weekly_segment.py
[2026-08-23T06:34:38.382+0000] {processor.py:925} INFO - DAG(s) 'weekly_segment' retrieved from /opt/airflow/dags/weekly_segment.py
[2026-08-23T06:34:38.405+0000] {logging_mixin.py:190} INFO - [2026-08-23T06:34:38.405+0000] {dag.py:3239} INFO - Sync 1 DAGs
[2026-08-23T06:34:38.424+0000] {logging_mixin.py:190} INFO - [2026-08-23T06:34:38.424+0000] {dag.py:4180} INFO - Setting next_dagrun for weekly_segment to 2026-08-22 16:00:00+00:00, run_after=2026-08-29 16:00:00+00:00
[2026-08-23T06:34:38.439+0000] {processor.py:208} INFO - Processing /opt/airflow/dags/weekly_segment.py took 0.175 seconds
[2026-08-23T06:35:08.629+0000] {processor.py:186} INFO - Started process (PID=7076) to work on /opt/airflow/dags/weekly_segment.py
[2026-08-23T06:35:08.630+0000] {processor.py:914} INFO - Processing file /opt/airflow/dags/weekly_segment.py for tasks to queue
[2026-08-23T06:35:08.632+0000] {logging_mixin.py:190} INFO - [2026-08-23T06:35:08.631+0000] {dagbag.py:588} INFO - Filling up the DagBag from /opt/airflow/dags/weekly_segment.py
[2026-08-23T06:35:08.745+0000] {processor.py:925} INFO - DAG(s) 'weekly_segment' retrieved from /opt/airflow/dags/weekly_segment.py
[2026-08-23T06:35:08.767+0000] {logging_mixin.py:190} INFO - [2026-08-23T06:35:08.767+0000] {dag.py:3239} INFO - Sync 1 DAGs
[2026-08-23T06:35:08.784+0000] {logging_mixin.py:190} INFO - [2026-08-23T06:35:08.784+0000] {dag.py:4180} INFO - Setting next_dagrun for weekly_segment to 2026-08-22 16:00:00+00:00, run_after=2026-08-29 16:00:00+00:00
[2026-08-23T06:35:08.800+0000] {processor.py:208} INFO - Processing /opt/airflow/dags/weekly_segment.py took 0.177 seconds
[2026-08-23T06:35:38.976+0000] {processor.py:186} INFO - Started process (PID=7086) to work on /opt/airflow/dags/weekly_segment.py
[2026-08-23T06:35:38.977+0000] {processor.py:914} INFO - Processing file /opt/airflow/dags/weekly_segment.py for tasks to queue
[2026-08-23T06:35:38.979+0000] {logging_mixin.py:190} INFO - [2026-08-23T06:35:38.979+0000] {dagbag.py:588} INFO - Filling up the DagBag from /opt/airflow/dags/weekly_segment.py
[2026-08-23T06:35:39.084+0000] {processor.py:925} INFO - DAG(s) 'weekly_segment' retrieved from /opt/airflow/dags/weekly_segment.py
[2026-08-23T06:35:39.106+0000] {logging_mixin.py:190} INFO - [2026-08-23T06:35:39.106+0000] {dag.py:3239} INFO - Sync 1 DAGs
[2026-08-23T06:35:39.123+0000] {logging_mixin.py:190} INFO - [2026-08-23T06:35:39.123+0000] {dag.py:4180} INFO - Setting next_dagrun for weekly_segment to 2026-08-22 16:00:00+00:00, run_after=2026-08-29 16:00:00+00:00
[2026-08-23T06:35:39.139+0000] {processor.py:208} INFO - Processing /opt/airflow/dags/weekly_segment.py took 0.169 seconds
[2026-08-23T06:36:09.256+0000] {processor.py:186} INFO - Started process (PID=7096) to work on /opt/airflow/dags/weekly_segment.py
[2026-08-23T06:36:09.258+0000] {processor.py:914} INFO - Processing file /opt/airflow/dags/weekly_segment.py for tasks to queue
[2026-08-23T06:36:09.260+0000] {logging_mixin.py:190} INFO - [2026-08-23T06:36:09.259+0000] {dagbag.py:588} INFO - Filling up the DagBag from /opt/airflow/dags/weekly_segment.py
[2026-08-23T06:36:09.353+0000] {processor.py:925} INFO - DAG(s) 'weekly_segment' retrieved from /opt/airflow/dags/weekly_segment.py
[2026-08-23T06:36:09.373+0000] {logging_mixin.py:190} INFO - [2026-08-23T06:36:09.373+0000] {dag.py:3239} INFO - Sync 1 DAGs
[2026-08-23T06:36:09.391+0000] {logging_mixin.py:190} INFO - [2026-08-23T06:36:09.391+0000] {dag.py:4180} INFO - Setting next_dagrun for weekly_segment to 2026-08-22 16:00:00+00:00, run_after=2026-08-29 16:00:00+00:00
[2026-08-23T06:36:09.405+0000] {processor.py:208} INFO - Processing /opt/airflow/dags/weekly_segment.py took 0.155 seconds
[2026-08-23T06:36:39.771+0000] {processor.py:186} INFO - Started process (PID=7106) to work on /opt/airflow/dags/weekly_segment.py
[2026-08-23T06:36:39.774+0000] {processor.py:914} INFO - Processing file /opt/airflow/dags/weekly_segment.py for tasks to queue
[2026-08-23T06:36:39.779+0000] {logging_mixin.py:190} INFO - [2026-08-23T06:36:39.779+0000] {dagbag.py:588} INFO - Filling up the DagBag from /opt/airflow/dags/weekly_segment.py
[2026-08-23T06:36:39.880+0000] {processor.py:925} INFO - DAG(s) 'weekly_segment' retrieved from /opt/airflow/dags/weekly_segment.py
[2026-08-23T06:36:39.904+0000] {logging_mixin.py:190} INFO - [2026-08-23T06:36:39.903+0000] {dag.py:3239} INFO - Sync 1 DAGs
[2026-08-23T06:36:39.923+0000] {logging_mixin.py:190} INFO - [2026-08-23T06:36:39.923+0000] {dag.py:4180} INFO - Setting next_dagrun for weekly_segment to 2026-08-22 16:00:00+00:00, run_after=2026-08-29 16:00:00+00:00
[2026-08-23T06:36:39.936+0000] {processor.py:208} INFO - Processing /opt/airflow/dags/weekly_segment.py took 0.173 seconds
[2026-08-23T06:37:10.129+0000] {processor.py:186} INFO - Started process (PID=7116) to work on /opt/airflow/dags/weekly_segment.py
[2026-08-23T06:37:10.130+0000] {processor.py:914} INFO - Processing file /opt/airflow/dags/weekly_segment.py for tasks to queue
[2026-08-23T06:37:10.132+0000] {logging_mixin.py:190} INFO - [2026-08-23T06:37:10.132+0000] {dagbag.py:588} INFO - Filling up the DagBag from /opt/airflow/dags/weekly_segment.py
[2026-08-23T06:37:10.224+0000] {processor.py:925} INFO - DAG(s) 'weekly_segment' retrieved from /opt/airflow/dags/weekly_segment.py
[2026-08-23T06:37:10.245+0000] {logging_mixin.py:190} INFO - [2026-08-23T06:37:10.245+0000] {dag.py:3239} INFO - Sync 1 DAGs
[2026-08-23T06:37:10.263+0000] {logging_mixin.py:190} INFO - [2026-08-23T06:37:10.263+0000] {dag.py:4180} INFO - Setting next_dagrun for weekly_segment to 2026-08-22 16:00:00+00:00, run_after=2026-08-29 16:00:00+00:00
[2026-08-23T06:37:10.278+0000] {processor.py:208} INFO - Processing /opt/airflow/dags/weekly_segment.py took 0.155 seconds
[2026-08-23T06:37:40.644+0000] {processor.py:186} INFO - Started process (PID=7126) to work on /opt/airflow/dags/weekly_segment.py
[2026-08-23T06:37:40.645+0000] {processor.py:914} INFO - Processing file /opt/airflow/dags/weekly_segment.py for tasks to queue
[2026-08-23T06:37:40.648+0000] {logging_mixin.py:190} INFO - [2026-08-23T06:37:40.648+0000] {dagbag.py:588} INFO - Filling up the DagBag from /opt/airflow/dags/weekly_segment.py
[2026-08-23T06:37:41.109+0000] {processor.py:925} INFO - DAG(s) 'weekly_segment' retrieved from /opt/airflow/dags/weekly_segment.py
[2026-08-23T06:37:41.135+0000] {logging_mixin.py:190} INFO - [2026-08-23T06:37:41.135+0000] {dag.py:3239} INFO - Sync 1 DAGs
[2026-08-23T06:37:41.152+0000] {logging_mixin.py:190} INFO - [2026-08-23T06:37:41.152+0000] {dag.py:4180} INFO - Setting next_dagrun for weekly_segment to 2026-08-22 16:00:00+00:00, run_after=2026-08-29 16:00:00+00:00
[2026-08-23T06:37:41.172+0000] {processor.py:208} INFO - Processing /opt/airflow/dags/weekly_segment.py took 0.542 seconds
[2026-08-23T06:38:11.534+0000] {processor.py:186} INFO - Started process (PID=7136) to work on /opt/airflow/dags/weekly_segment.py
[2026-08-23T06:38:11.535+0000] {processor.py:914} INFO - Processing file /opt/airflow/dags/weekly_segment.py for tasks to queue
[2026-08-23T06:38:11.536+0000] {logging_mixin.py:190} INFO - [2026-08-23T06:38:11.536+0000] {dagbag.py:588} INFO - Filling up the DagBag from /opt/airflow/dags/weekly_segment.py
[2026-08-23T06:38:11.632+0000] {processor.py:925} INFO - DAG(s) 'weekly_segment' retrieved from /opt/airflow/dags/weekly_segment.py
[2026-08-23T06:38:11.654+0000] {logging_mixin.py:190} INFO - [2026-08-23T06:38:11.654+0000] {dag.py:3239} INFO - Sync 1 DAGs
[2026-08-23T06:38:11.672+0000] {logging_mixin.py:190} INFO - [2026-08-23T06:38:11.672+0000] {dag.py:4180} INFO - Setting next_dagrun for weekly_segment to 2026-08-22 16:00:00+00:00, run_after=2026-08-29 16:00:00+00:00
[2026-08-23T06:38:11.686+0000] {processor.py:208} INFO - Processing /opt/airflow/dags/weekly_segment.py took 0.160 seconds
[2026-08-23T06:38:41.823+0000] {processor.py:186} INFO - Started process (PID=7146) to work on /opt/airflow/dags/weekly_segment.py
[2026-08-23T06:38:41.824+0000] {processor.py:914} INFO - Processing file /opt/airflow/dags/weekly_segment.py for tasks to queue
[2026-08-23T06:38:41.826+0000] {logging_mixin.py:190} INFO - [2026-08-23T06:38:41.826+0000] {dagbag.py:588} INFO - Filling up the DagBag from /opt/airflow/dags/weekly_segment.py
[2026-08-23T06:38:41.918+0000] {processor.py:925} INFO - DAG(s) 'weekly_segment' retrieved from /opt/airflow/dags/weekly_segment.py
[2026-08-23T06:38:41.939+0000] {logging_mixin.py:190} INFO - [2026-08-23T06:38:41.939+0000] {dag.py:3239} INFO - Sync 1 DAGs
[2026-08-23T06:38:41.956+0000] {logging_mixin.py:190} INFO - [2026-08-23T06:38:41.955+0000] {dag.py:4180} INFO - Setting next_dagrun for weekly_segment to 2026-08-22 16:00:00+00:00, run_after=2026-08-29 16:00:00+00:00
[2026-08-23T06:38:41.969+0000] {processor.py:208} INFO - Processing /opt/airflow/dags/weekly_segment.py took 0.151 seconds
[2026-08-23T06:39:12.166+0000] {processor.py:186} INFO - Started process (PID=7156) to work on /opt/airflow/dags/weekly_segment.py
[2026-08-23T06:39:12.167+0000] {processor.py:914} INFO - Processing file /opt/airflow/dags/weekly_segment.py for tasks to queue
[2026-08-23T06:39:12.169+0000] {logging_mixin.py:190} INFO - [2026-08-23T06:39:12.169+0000] {dagbag.py:588} INFO - Filling up the DagBag from /opt/airflow/dags/weekly_segment.py
[2026-08-23T06:39:12.268+0000] {processor.py:925} INFO - DAG(s) 'weekly_segment' retrieved from /opt/airflow/dags/weekly_segment.py
[2026-08-23T06:39:12.289+0000] {logging_mixin.py:190} INFO - [2026-08-23T06:39:12.289+0000] {dag.py:3239} INFO - Sync 1 DAGs
[2026-08-23T06:39:12.306+0000] {logging_mixin.py:190} INFO - [2026-08-23T06:39:12.306+0000] {dag.py:4180} INFO - Setting next_dagrun for weekly_segment to 2026-08-22 16:00:00+00:00, run_after=2026-08-29 16:00:00+00:00
[2026-08-23T06:39:12.320+0000] {processor.py:208} INFO - Processing /opt/airflow/dags/weekly_segment.py took 0.160 seconds
[2026-08-23T06:39:42.594+0000] {processor.py:186} INFO - Started process (PID=7166) to work on /opt/airflow/dags/weekly_segment.py
[2026-08-23T06:39:42.595+0000] {processor.py:914} INFO - Processing file /opt/airflow/dags/weekly_segment.py for tasks to queue
[2026-08-23T06:39:42.597+0000] {logging_mixin.py:190} INFO - [2026-08-23T06:39:42.597+0000] {dagbag.py:588} INFO - Filling up the DagBag from /opt/airflow/dags/weekly_segment.py
[2026-08-23T06:39:42.725+0000] {processor.py:925} INFO - DAG(s) 'weekly_segment' retrieved from /opt/airflow/dags/weekly_segment.py
[2026-08-23T06:39:42.745+0000] {logging_mixin.py:190} INFO - [2026-08-23T06:39:42.745+0000] {dag.py:3239} INFO - Sync 1 DAGs
[2026-08-23T06:39:42.763+0000] {logging_mixin.py:190} INFO - [2026-08-23T06:39:42.762+0000] {dag.py:4180} INFO - Setting next_dagrun for weekly_segment to 2026-08-22 16:00:00+00:00, run_after=2026-08-29 16:00:00+00:00
[2026-08-23T06:39:42.777+0000] {processor.py:208} INFO - Processing /opt/airflow/dags/weekly_segment.py took 0.193 seconds
[2026-08-23T06:40:12.922+0000] {processor.py:186} INFO - Started process (PID=7176) to work on /opt/airflow/dags/weekly_segment.py
[2026-08-23T06:40:12.923+0000] {processor.py:914} INFO - Processing file /opt/airflow/dags/weekly_segment.py for tasks to queue
[2026-08-23T06:40:12.925+0000] {logging_mixin.py:190} INFO - [2026-08-23T06:40:12.924+0000] {dagbag.py:588} INFO - Filling up the DagBag from /opt/airflow/dags/weekly_segment.py
[2026-08-23T06:40:13.015+0000] {processor.py:925} INFO - DAG(s) 'weekly_segment' retrieved from /opt/airflow/dags/weekly_segment.py
[2026-08-23T06:40:13.035+0000] {logging_mixin.py:190} INFO - [2026-08-23T06:40:13.035+0000] {dag.py:3239} INFO - Sync 1 DAGs
[2026-08-23T06:40:13.052+0000] {logging_mixin.py:190} INFO - [2026-08-23T06:40:13.051+0000] {dag.py:4180} INFO - Setting next_dagrun for weekly_segment to 2026-08-22 16:00:00+00:00, run_after=2026-08-29 16:00:00+00:00
[2026-08-23T06:40:13.064+0000] {processor.py:208} INFO - Processing /opt/airflow/dags/weekly_segment.py took 0.148 seconds
[2026-08-23T06:40:43.229+0000] {processor.py:186} INFO - Started process (PID=7186) to work on /opt/airflow/dags/weekly_segment.py
[2026-08-23T06:40:43.230+0000] {processor.py:914} INFO - Processing file /opt/airflow/dags/weekly_segment.py for tasks to queue
[2026-08-23T06:40:43.232+0000] {logging_mixin.py:190} INFO - [2026-08-23T06:40:43.232+0000] {dagbag.py:588} INFO - Filling up the DagBag from /opt/airflow/dags/weekly_segment.py
[2026-08-23T06:40:43.327+0000] {processor.py:925} INFO - DAG(s) 'weekly_segment' retrieved from /opt/airflow/dags/weekly_segment.py
[2026-08-23T06:40:43.349+0000] {logging_mixin.py:190} INFO - [2026-08-23T06:40:43.349+0000] {dag.py:3239} INFO - Sync 1 DAGs
[2026-08-23T06:40:43.365+0000] {logging_mixin.py:190} INFO - [2026-08-23T06:40:43.365+0000] {dag.py:4180} INFO - Setting next_dagrun for weekly_segment to 2026-08-22 16:00:00+00:00, run_after=2026-08-29 16:00:00+00:00
[2026-08-23T06:40:43.382+0000] {processor.py:208} INFO - Processing /opt/airflow/dags/weekly_segment.py took 0.159 seconds
[2026-08-23T06:41:13.694+0000] {processor.py:186} INFO - Started process (PID=7196) to work on /opt/airflow/dags/weekly_segment.py
[2026-08-23T06:41:13.696+0000] {processor.py:914} INFO - Processing file /opt/airflow/dags/weekly_segment.py for tasks to queue
[2026-08-23T06:41:13.698+0000] {logging_mixin.py:190} INFO - [2026-08-23T06:41:13.698+0000] {dagbag.py:588} INFO - Filling up the DagBag from /opt/airflow/dags/weekly_segment.py
[2026-08-23T06:41:13.787+0000] {processor.py:925} INFO - DAG(s) 'weekly_segment' retrieved from /opt/airflow/dags/weekly_segment.py
[2026-08-23T06:41:13.807+0000] {logging_mixin.py:190} INFO - [2026-08-23T06:41:13.807+0000] {dag.py:3239} INFO - Sync 1 DAGs
[2026-08-23T06:41:13.823+0000] {logging_mixin.py:190} INFO - [2026-08-23T06:41:13.822+0000] {dag.py:4180} INFO - Setting next_dagrun for weekly_segment to 2026-08-22 16:00:00+00:00, run_after=2026-08-29 16:00:00+00:00
[2026-08-23T06:41:13.835+0000] {processor.py:208} INFO - Processing /opt/airflow/dags/weekly_segment.py took 0.150 seconds
[2026-08-23T06:41:44.077+0000] {processor.py:186} INFO - Started process (PID=7206) to work on /opt/airflow/dags/weekly_segment.py
[2026-08-23T06:41:44.078+0000] {processor.py:914} INFO - Processing file /opt/airflow/dags/weekly_segment.py for tasks to queue
[2026-08-23T06:41:44.080+0000] {logging_mixin.py:190} INFO - [2026-08-23T06:41:44.080+0000] {dagbag.py:588} INFO - Filling up the DagBag from /opt/airflow/dags/weekly_segment.py
[2026-08-23T06:41:44.174+0000] {processor.py:925} INFO - DAG(s) 'weekly_segment' retrieved from /opt/airflow/dags/weekly_segment.py
[2026-08-23T06:41:44.193+0000] {logging_mixin.py:190} INFO - [2026-08-23T06:41:44.193+0000] {dag.py:3239} INFO - Sync 1 DAGs
[2026-08-23T06:41:44.208+0000] {logging_mixin.py:190} INFO - [2026-08-23T06:41:44.208+0000] {dag.py:4180} INFO - Setting next_dagrun for weekly_segment to 2026-08-22 16:00:00+00:00, run_after=2026-08-29 16:00:00+00:00
[2026-08-23T06:41:44.224+0000] {processor.py:208} INFO - Processing /opt/airflow/dags/weekly_segment.py took 0.153 seconds
[2026-08-23T06:42:14.417+0000] {processor.py:186} INFO - Started process (PID=7216) to work on /opt/airflow/dags/weekly_segment.py
[2026-08-23T06:42:14.417+0000] {processor.py:914} INFO - Processing file /opt/airflow/dags/weekly_segment.py for tasks to queue
[2026-08-23T06:42:14.420+0000] {logging_mixin.py:190} INFO - [2026-08-23T06:42:14.420+0000] {dagbag.py:588} INFO - Filling up the DagBag from /opt/airflow/dags/weekly_segment.py
[2026-08-23T06:42:14.528+0000] {processor.py:925} INFO - DAG(s) 'weekly_segment' retrieved from /opt/airflow/dags/weekly_segment.py
[2026-08-23T06:42:14.552+0000] {logging_mixin.py:190} INFO - [2026-08-23T06:42:14.551+0000] {dag.py:3239} INFO - Sync 1 DAGs
[2026-08-23T06:42:14.571+0000] {logging_mixin.py:190} INFO - [2026-08-23T06:42:14.571+0000] {dag.py:4180} INFO - Setting next_dagrun for weekly_segment to 2026-08-22 16:00:00+00:00, run_after=2026-08-29 16:00:00+00:00
[2026-08-23T06:42:14.586+0000] {processor.py:208} INFO - Processing /opt/airflow/dags/weekly_segment.py took 0.176 seconds
[2026-08-23T06:42:44.791+0000] {processor.py:186} INFO - Started process (PID=7226) to work on /opt/airflow/dags/weekly_segment.py
[2026-08-23T06:42:44.792+0000] {processor.py:914} INFO - Processing file /opt/airflow/dags/weekly_segment.py for tasks to queue
[2026-08-23T06:42:44.794+0000] {logging_mixin.py:190} INFO - [2026-08-23T06:42:44.794+0000] {dagbag.py:588} INFO - Filling up the DagBag from /opt/airflow/dags/weekly_segment.py
[2026-08-23T06:42:44.890+0000] {processor.py:925} INFO - DAG(s) 'weekly_segment' retrieved from /opt/airflow/dags/weekly_segment.py
[2026-08-23T06:42:44.910+0000] {logging_mixin.py:190} INFO - [2026-08-23T06:42:44.910+0000] {dag.py:3239} INFO - Sync 1 DAGs
[2026-08-23T06:42:44.928+0000] {logging_mixin.py:190} INFO - [2026-08-23T06:42:44.928+0000] {dag.py:4180} INFO - Setting next_dagrun for weekly_segment to 2026-08-22 16:00:00+00:00, run_after=2026-08-29 16:00:00+00:00
[2026-08-23T06:42:44.941+0000] {processor.py:208} INFO - Processing /opt/airflow/dags/weekly_segment.py took 0.157 seconds
[2026-08-23T06:43:15.207+0000] {processor.py:186} INFO - Started process (PID=7236) to work on /opt/airflow/dags/weekly_segment.py
[2026-08-23T06:43:15.208+0000] {processor.py:914} INFO - Processing file /opt/airflow/dags/weekly_segment.py for tasks to queue
[2026-08-23T06:43:15.210+0000] {logging_mixin.py:190} INFO - [2026-08-23T06:43:15.210+0000] {dagbag.py:588} INFO - Filling up the DagBag from /opt/airflow/dags/weekly_segment.py
[2026-08-23T06:43:15.299+0000] {processor.py:925} INFO - DAG(s) 'weekly_segment' retrieved from /opt/airflow/dags/weekly_segment.py
[2026-08-23T06:43:15.319+0000] {logging_mixin.py:190} INFO - [2026-08-23T06:43:15.319+0000] {dag.py:3239} INFO - Sync 1 DAGs
[2026-08-23T06:43:15.335+0000] {logging_mixin.py:190} INFO - [2026-08-23T06:43:15.335+0000] {dag.py:4180} INFO - Setting next_dagrun for weekly_segment to 2026-08-22 16:00:00+00:00, run_after=2026-08-29 16:00:00+00:00
[2026-08-23T06:43:15.351+0000] {processor.py:208} INFO - Processing /opt/airflow/dags/weekly_segment.py took 0.150 seconds
[2026-08-23T06:43:45.655+0000] {processor.py:186} INFO - Started process (PID=7246) to work on /opt/airflow/dags/weekly_segment.py
[2026-08-23T06:43:45.656+0000] {processor.py:914} INFO - Processing file /opt/airflow/dags/weekly_segment.py for tasks to queue
[2026-08-23T06:43:45.658+0000] {logging_mixin.py:190} INFO - [2026-08-23T06:43:45.658+0000] {dagbag.py:588} INFO - Filling up the DagBag from /opt/airflow/dags/weekly_segment.py
[2026-08-23T06:43:45.747+0000] {processor.py:925} INFO - DAG(s) 'weekly_segment' retrieved from /opt/airflow/dags/weekly_segment.py
[2026-08-23T06:43:45.768+0000] {logging_mixin.py:190} INFO - [2026-08-23T06:43:45.768+0000] {dag.py:3239} INFO - Sync 1 DAGs
[2026-08-23T06:43:45.785+0000] {logging_mixin.py:190} INFO - [2026-08-23T06:43:45.785+0000] {dag.py:4180} INFO - Setting next_dagrun for weekly_segment to 2026-08-22 16:00:00+00:00, run_after=2026-08-29 16:00:00+00:00
[2026-08-23T06:43:45.803+0000] {processor.py:208} INFO - Processing /opt/airflow/dags/weekly_segment.py took 0.154 seconds
[2026-08-23T06:44:16.032+0000] {processor.py:186} INFO - Started process (PID=7256) to work on /opt/airflow/dags/weekly_segment.py
[2026-08-23T06:44:16.033+0000] {processor.py:914} INFO - Processing file /opt/airflow/dags/weekly_segment.py for tasks to queue
[2026-08-23T06:44:16.035+0000] {logging_mixin.py:190} INFO - [2026-08-23T06:44:16.035+0000] {dagbag.py:588} INFO - Filling up the DagBag from /opt/airflow/dags/weekly_segment.py
[2026-08-23T06:44:16.124+0000] {processor.py:925} INFO - DAG(s) 'weekly_segment' retrieved from /opt/airflow/dags/weekly_segment.py
[2026-08-23T06:44:16.146+0000] {logging_mixin.py:190} INFO - [2026-08-23T06:44:16.145+0000] {dag.py:3239} INFO - Sync 1 DAGs
[2026-08-23T06:44:16.161+0000] {logging_mixin.py:190} INFO - [2026-08-23T06:44:16.161+0000] {dag.py:4180} INFO - Setting next_dagrun for weekly_segment to 2026-08-22 16:00:00+00:00, run_after=2026-08-29 16:00:00+00:00
[2026-08-23T06:44:16.179+0000] {processor.py:208} INFO - Processing /opt/airflow/dags/weekly_segment.py took 0.153 seconds
[2026-08-23T06:44:46.455+0000] {processor.py:186} INFO - Started process (PID=7266) to work on /opt/airflow/dags/weekly_segment.py
[2026-08-23T06:44:46.455+0000] {processor.py:914} INFO - Processing file /opt/airflow/dags/weekly_segment.py for tasks to queue
[2026-08-23T06:44:46.457+0000] {logging_mixin.py:190} INFO - [2026-08-23T06:44:46.457+0000] {dagbag.py:588} INFO - Filling up the DagBag from /opt/airflow/dags/weekly_segment.py
[2026-08-23T06:44:46.553+0000] {processor.py:925} INFO - DAG(s) 'weekly_segment' retrieved from /opt/airflow/dags/weekly_segment.py
[2026-08-23T06:44:46.573+0000] {logging_mixin.py:190} INFO - [2026-08-23T06:44:46.573+0000] {dag.py:3239} INFO - Sync 1 DAGs
[2026-08-23T06:44:46.589+0000] {logging_mixin.py:190} INFO - [2026-08-23T06:44:46.589+0000] {dag.py:4180} INFO - Setting next_dagrun for weekly_segment to 2026-08-22 16:00:00+00:00, run_after=2026-08-29 16:00:00+00:00
[2026-08-23T06:44:46.602+0000] {processor.py:208} INFO - Processing /opt/airflow/dags/weekly_segment.py took 0.156 seconds
[2026-08-23T06:45:16.779+0000] {processor.py:186} INFO - Started process (PID=7276) to work on /opt/airflow/dags/weekly_segment.py
[2026-08-23T06:45:16.780+0000] {processor.py:914} INFO - Processing file /opt/airflow/dags/weekly_segment.py for tasks to queue
[2026-08-23T06:45:16.782+0000] {logging_mixin.py:190} INFO - [2026-08-23T06:45:16.782+0000] {dagbag.py:588} INFO - Filling up the DagBag from /opt/airflow/dags/weekly_segment.py
[2026-08-23T06:45:16.872+0000] {processor.py:925} INFO - DAG(s) 'weekly_segment' retrieved from /opt/airflow/dags/weekly_segment.py
[2026-08-23T06:45:16.893+0000] {logging_mixin.py:190} INFO - [2026-08-23T06:45:16.892+0000] {dag.py:3239} INFO - Sync 1 DAGs
[2026-08-23T06:45:16.910+0000] {logging_mixin.py:190} INFO - [2026-08-23T06:45:16.910+0000] {dag.py:4180} INFO - Setting next_dagrun for weekly_segment to 2026-08-22 16:00:00+00:00, run_after=2026-08-29 16:00:00+00:00
[2026-08-23T06:45:16.928+0000] {processor.py:208} INFO - Processing /opt/airflow/dags/weekly_segment.py took 0.155 seconds
[2026-08-23T06:45:47.210+0000] {processor.py:186} INFO - Started process (PID=7286) to work on /opt/airflow/dags/weekly_segment.py
[2026-08-23T06:45:47.211+0000] {processor.py:914} INFO - Processing file /opt/airflow/dags/weekly_segment.py for tasks to queue
[2026-08-23T06:45:47.213+0000] {logging_mixin.py:190} INFO - [2026-08-23T06:45:47.213+0000] {dagbag.py:588} INFO - Filling up the DagBag from /opt/airflow/dags/weekly_segment.py
[2026-08-23T06:45:47.305+0000] {processor.py:925} INFO - DAG(s) 'weekly_segment' retrieved from /opt/airflow/dags/weekly_segment.py
[2026-08-23T06:45:47.325+0000] {logging_mixin.py:190} INFO - [2026-08-23T06:45:47.325+0000] {dag.py:3239} INFO - Sync 1 DAGs
[2026-08-23T06:45:47.343+0000] {logging_mixin.py:190} INFO - [2026-08-23T06:45:47.342+0000] {dag.py:4180} INFO - Setting next_dagrun for weekly_segment to 2026-08-22 16:00:00+00:00, run_after=2026-08-29 16:00:00+00:00
[2026-08-23T06:45:47.388+0000] {processor.py:208} INFO - Processing /opt/airflow/dags/weekly_segment.py took 0.184 seconds
[2026-08-23T06:46:17.518+0000] {processor.py:186} INFO - Started process (PID=7296) to work on /opt/airflow/dags/weekly_segment.py
[2026-08-23T06:46:17.519+0000] {processor.py:914} INFO - Processing file /opt/airflow/dags/weekly_segment.py for tasks to queue
[2026-08-23T06:46:17.521+0000] {logging_mixin.py:190} INFO - [2026-08-23T06:46:17.521+0000] {dagbag.py:588} INFO - Filling up the DagBag from /opt/airflow/dags/weekly_segment.py
[2026-08-23T06:46:17.644+0000] {processor.py:925} INFO - DAG(s) 'weekly_segment' retrieved from /opt/airflow/dags/weekly_segment.py
[2026-08-23T06:46:17.668+0000] {logging_mixin.py:190} INFO - [2026-08-23T06:46:17.667+0000] {dag.py:3239} INFO - Sync 1 DAGs
[2026-08-23T06:46:17.686+0000] {logging_mixin.py:190} INFO - [2026-08-23T06:46:17.686+0000] {dag.py:4180} INFO - Setting next_dagrun for weekly_segment to 2026-08-22 16:00:00+00:00, run_after=2026-08-29 16:00:00+00:00
[2026-08-23T06:46:17.702+0000] {processor.py:208} INFO - Processing /opt/airflow/dags/weekly_segment.py took 0.192 seconds
[2026-08-23T06:46:47.831+0000] {processor.py:186} INFO - Started process (PID=7306) to work on /opt/airflow/dags/weekly_segment.py
[2026-08-23T06:46:47.832+0000] {processor.py:914} INFO - Processing file /opt/airflow/dags/weekly_segment.py for tasks to queue
[2026-08-23T06:46:47.834+0000] {logging_mixin.py:190} INFO - [2026-08-23T06:46:47.834+0000] {dagbag.py:588} INFO - Filling up the DagBag from /opt/airflow/dags/weekly_segment.py
[2026-08-23T06:46:47.931+0000] {processor.py:925} INFO - DAG(s) 'weekly_segment' retrieved from /opt/airflow/dags/weekly_segment.py
[2026-08-23T06:46:47.950+0000] {logging_mixin.py:190} INFO - [2026-08-23T06:46:47.950+0000] {dag.py:3239} INFO - Sync 1 DAGs
[2026-08-23T06:46:47.965+0000] {logging_mixin.py:190} INFO - [2026-08-23T06:46:47.965+0000] {dag.py:4180} INFO - Setting next_dagrun for weekly_segment to 2026-08-22 16:00:00+00:00, run_after=2026-08-29 16:00:00+00:00
[2026-08-23T06:46:47.981+0000] {processor.py:208} INFO - Processing /opt/airflow/dags/weekly_segment.py took 0.156 seconds
[2026-08-23T06:47:18.233+0000] {processor.py:186} INFO - Started process (PID=7316) to work on /opt/airflow/dags/weekly_segment.py
[2026-08-23T06:47:18.234+0000] {processor.py:914} INFO - Processing file /opt/airflow/dags/weekly_segment.py for tasks to queue
[2026-08-23T06:47:18.236+0000] {logging_mixin.py:190} INFO - [2026-08-23T06:47:18.236+0000] {dagbag.py:588} INFO - Filling up the DagBag from /opt/airflow/dags/weekly_segment.py
[2026-08-23T06:47:18.330+0000] {processor.py:925} INFO - DAG(s) 'weekly_segment' retrieved from /opt/airflow/dags/weekly_segment.py
[2026-08-23T06:47:18.349+0000] {logging_mixin.py:190} INFO - [2026-08-23T06:47:18.349+0000] {dag.py:3239} INFO - Sync 1 DAGs
[2026-08-23T06:47:18.364+0000] {logging_mixin.py:190} INFO - [2026-08-23T06:47:18.364+0000] {dag.py:4180} INFO - Setting next_dagrun for weekly_segment to 2026-08-22 16:00:00+00:00, run_after=2026-08-29 16:00:00+00:00
[2026-08-23T06:47:18.381+0000] {processor.py:208} INFO - Processing /opt/airflow/dags/weekly_segment.py took 0.153 seconds
[2026-08-23T06:47:48.627+0000] {processor.py:186} INFO - Started process (PID=7326) to work on /opt/airflow/dags/weekly_segment.py
[2026-08-23T06:47:48.628+0000] {processor.py:914} INFO - Processing file /opt/airflow/dags/weekly_segment.py for tasks to queue
[2026-08-23T06:47:48.630+0000] {logging_mixin.py:190} INFO - [2026-08-23T06:47:48.630+0000] {dagbag.py:588} INFO - Filling up the DagBag from /opt/airflow/dags/weekly_segment.py
[2026-08-23T06:47:48.723+0000] {processor.py:925} INFO - DAG(s) 'weekly_segment' retrieved from /opt/airflow/dags/weekly_segment.py
[2026-08-23T06:47:48.744+0000] {logging_mixin.py:190} INFO - [2026-08-23T06:47:48.744+0000] {dag.py:3239} INFO - Sync 1 DAGs
[2026-08-23T06:47:48.762+0000] {logging_mixin.py:190} INFO - [2026-08-23T06:47:48.762+0000] {dag.py:4180} INFO - Setting next_dagrun for weekly_segment to 2026-08-22 16:00:00+00:00, run_after=2026-08-29 16:00:00+00:00
[2026-08-23T06:47:48.776+0000] {processor.py:208} INFO - Processing /opt/airflow/dags/weekly_segment.py took 0.155 seconds
[2026-08-23T06:48:19.046+0000] {processor.py:186} INFO - Started process (PID=7336) to work on /opt/airflow/dags/weekly_segment.py
[2026-08-23T06:48:19.047+0000] {processor.py:914} INFO - Processing file /opt/airflow/dags/weekly_segment.py for tasks to queue
[2026-08-23T06:48:19.049+0000] {logging_mixin.py:190} INFO - [2026-08-23T06:48:19.049+0000] {dagbag.py:588} INFO - Filling up the DagBag from /opt/airflow/dags/weekly_segment.py
[2026-08-23T06:48:19.136+0000] {processor.py:925} INFO - DAG(s) 'weekly_segment' retrieved from /opt/airflow/dags/weekly_segment.py
[2026-08-23T06:48:19.157+0000] {logging_mixin.py:190} INFO - [2026-08-23T06:48:19.157+0000] {dag.py:3239} INFO - Sync 1 DAGs
[2026-08-23T06:48:19.174+0000] {logging_mixin.py:190} INFO - [2026-08-23T06:48:19.174+0000] {dag.py:4180} INFO - Setting next_dagrun for weekly_segment to 2026-08-22 16:00:00+00:00, run_after=2026-08-29 16:00:00+00:00
[2026-08-23T06:48:19.187+0000] {processor.py:208} INFO - Processing /opt/airflow/dags/weekly_segment.py took 0.149 seconds
[2026-08-23T06:48:49.385+0000] {processor.py:186} INFO - Started process (PID=7346) to work on /opt/airflow/dags/weekly_segment.py
[2026-08-23T06:48:49.386+0000] {processor.py:914} INFO - Processing file /opt/airflow/dags/weekly_segment.py for tasks to queue
[2026-08-23T06:48:49.388+0000] {logging_mixin.py:190} INFO - [2026-08-23T06:48:49.388+0000] {dagbag.py:588} INFO - Filling up the DagBag from /opt/airflow/dags/weekly_segment.py
[2026-08-23T06:48:49.483+0000] {processor.py:925} INFO - DAG(s) 'weekly_segment' retrieved from /opt/airflow/dags/weekly_segment.py
[2026-08-23T06:48:49.503+0000] {logging_mixin.py:190} INFO - [2026-08-23T06:48:49.503+0000] {dag.py:3239} INFO - Sync 1 DAGs
[2026-08-23T06:48:49.519+0000] {logging_mixin.py:190} INFO - [2026-08-23T06:48:49.519+0000] {dag.py:4180} INFO - Setting next_dagrun for weekly_segment to 2026-08-22 16:00:00+00:00, run_after=2026-08-29 16:00:00+00:00
[2026-08-23T06:48:49.532+0000] {processor.py:208} INFO - Processing /opt/airflow/dags/weekly_segment.py took 0.153 seconds
[2026-08-23T06:49:19.814+0000] {processor.py:186} INFO - Started process (PID=7356) to work on /opt/airflow/dags/weekly_segment.py
[2026-08-23T06:49:19.815+0000] {processor.py:914} INFO - Processing file /opt/airflow/dags/weekly_segment.py for tasks to queue
[2026-08-23T06:49:19.818+0000] {logging_mixin.py:190} INFO - [2026-08-23T06:49:19.818+0000] {dagbag.py:588} INFO - Filling up the DagBag from /opt/airflow/dags/weekly_segment.py
[2026-08-23T06:49:19.910+0000] {processor.py:925} INFO - DAG(s) 'weekly_segment' retrieved from /opt/airflow/dags/weekly_segment.py
[2026-08-23T06:49:19.931+0000] {logging_mixin.py:190} INFO - [2026-08-23T06:49:19.930+0000] {dag.py:3239} INFO - Sync 1 DAGs
[2026-08-23T06:49:19.946+0000] {logging_mixin.py:190} INFO - [2026-08-23T06:49:19.946+0000] {dag.py:4180} INFO - Setting next_dagrun for weekly_segment to 2026-08-22 16:00:00+00:00, run_after=2026-08-29 16:00:00+00:00
[2026-08-23T06:49:19.964+0000] {processor.py:208} INFO - Processing /opt/airflow/dags/weekly_segment.py took 0.157 seconds
[2026-08-23T06:49:50.201+0000] {processor.py:186} INFO - Started process (PID=7366) to work on /opt/airflow/dags/weekly_segment.py
[2026-08-23T06:49:50.202+0000] {processor.py:914} INFO - Processing file /opt/airflow/dags/weekly_segment.py for tasks to queue
[2026-08-23T06:49:50.205+0000] {logging_mixin.py:190} INFO - [2026-08-23T06:49:50.205+0000] {dagbag.py:588} INFO - Filling up the DagBag from /opt/airflow/dags/weekly_segment.py
[2026-08-23T06:49:50.300+0000] {processor.py:925} INFO - DAG(s) 'weekly_segment' retrieved from /opt/airflow/dags/weekly_segment.py
[2026-08-23T06:49:50.319+0000] {logging_mixin.py:190} INFO - [2026-08-23T06:49:50.319+0000] {dag.py:3239} INFO - Sync 1 DAGs
[2026-08-23T06:49:50.335+0000] {logging_mixin.py:190} INFO - [2026-08-23T06:49:50.335+0000] {dag.py:4180} INFO - Setting next_dagrun for weekly_segment to 2026-08-22 16:00:00+00:00, run_after=2026-08-29 16:00:00+00:00
[2026-08-23T06:49:50.347+0000] {processor.py:208} INFO - Processing /opt/airflow/dags/weekly_segment.py took 0.153 seconds
[2026-08-23T06:50:20.655+0000] {processor.py:186} INFO - Started process (PID=7376) to work on /opt/airflow/dags/weekly_segment.py
[2026-08-23T06:50:20.655+0000] {processor.py:914} INFO - Processing file /opt/airflow/dags/weekly_segment.py for tasks to queue
[2026-08-23T06:50:20.657+0000] {logging_mixin.py:190} INFO - [2026-08-23T06:50:20.657+0000] {dagbag.py:588} INFO - Filling up the DagBag from /opt/airflow/dags/weekly_segment.py
[2026-08-23T06:50:20.771+0000] {processor.py:925} INFO - DAG(s) 'weekly_segment' retrieved from /opt/airflow/dags/weekly_segment.py
[2026-08-23T06:50:20.793+0000] {logging_mixin.py:190} INFO - [2026-08-23T06:50:20.793+0000] {dag.py:3239} INFO - Sync 1 DAGs
[2026-08-23T06:50:20.811+0000] {logging_mixin.py:190} INFO - [2026-08-23T06:50:20.811+0000] {dag.py:4180} INFO - Setting next_dagrun for weekly_segment to 2026-08-22 16:00:00+00:00, run_after=2026-08-29 16:00:00+00:00
[2026-08-23T06:50:20.826+0000] {processor.py:208} INFO - Processing /opt/airflow/dags/weekly_segment.py took 0.177 seconds
[2026-08-23T06:50:50.977+0000] {processor.py:186} INFO - Started process (PID=7386) to work on /opt/airflow/dags/weekly_segment.py
[2026-08-23T06:50:50.978+0000] {processor.py:914} INFO - Processing file /opt/airflow/dags/weekly_segment.py for tasks to queue
[2026-08-23T06:50:50.979+0000] {logging_mixin.py:190} INFO - [2026-08-23T06:50:50.979+0000] {dagbag.py:588} INFO - Filling up the DagBag from /opt/airflow/dags/weekly_segment.py
[2026-08-23T06:50:51.077+0000] {processor.py:925} INFO - DAG(s) 'weekly_segment' retrieved from /opt/airflow/dags/weekly_segment.py
[2026-08-23T06:50:51.096+0000] {logging_mixin.py:190} INFO - [2026-08-23T06:50:51.096+0000] {dag.py:3239} INFO - Sync 1 DAGs
[2026-08-23T06:50:51.114+0000] {logging_mixin.py:190} INFO - [2026-08-23T06:50:51.114+0000] {dag.py:4180} INFO - Setting next_dagrun for weekly_segment to 2026-08-22 16:00:00+00:00, run_after=2026-08-29 16:00:00+00:00
[2026-08-23T06:50:51.127+0000] {processor.py:208} INFO - Processing /opt/airflow/dags/weekly_segment.py took 0.156 seconds
[2026-08-23T06:51:21.300+0000] {processor.py:186} INFO - Started process (PID=7396) to work on /opt/airflow/dags/weekly_segment.py
[2026-08-23T06:51:21.301+0000] {processor.py:914} INFO - Processing file /opt/airflow/dags/weekly_segment.py for tasks to queue
[2026-08-23T06:51:21.303+0000] {logging_mixin.py:190} INFO - [2026-08-23T06:51:21.303+0000] {dagbag.py:588} INFO - Filling up the DagBag from /opt/airflow/dags/weekly_segment.py
[2026-08-23T06:51:21.394+0000] {processor.py:925} INFO - DAG(s) 'weekly_segment' retrieved from /opt/airflow/dags/weekly_segment.py
[2026-08-23T06:51:21.414+0000] {logging_mixin.py:190} INFO - [2026-08-23T06:51:21.414+0000] {dag.py:3239} INFO - Sync 1 DAGs
[2026-08-23T06:51:21.431+0000] {logging_mixin.py:190} INFO - [2026-08-23T06:51:21.430+0000] {dag.py:4180} INFO - Setting next_dagrun for weekly_segment to 2026-08-22 16:00:00+00:00, run_after=2026-08-29 16:00:00+00:00
[2026-08-23T06:51:21.443+0000] {processor.py:208} INFO - Processing /opt/airflow/dags/weekly_segment.py took 0.149 seconds
[2026-08-23T06:51:51.807+0000] {processor.py:186} INFO - Started process (PID=7406) to work on /opt/airflow/dags/weekly_segment.py
[2026-08-23T06:51:51.808+0000] {processor.py:914} INFO - Processing file /opt/airflow/dags/weekly_segment.py for tasks to queue
[2026-08-23T06:51:51.810+0000] {logging_mixin.py:190} INFO - [2026-08-23T06:51:51.810+0000] {dagbag.py:588} INFO - Filling up the DagBag from /opt/airflow/dags/weekly_segment.py
[2026-08-23T06:51:51.899+0000] {processor.py:925} INFO - DAG(s) 'weekly_segment' retrieved from /opt/airflow/dags/weekly_segment.py
[2026-08-23T06:51:51.920+0000] {logging_mixin.py:190} INFO - [2026-08-23T06:51:51.919+0000] {dag.py:3239} INFO - Sync 1 DAGs
[2026-08-23T06:51:51.935+0000] {logging_mixin.py:190} INFO - [2026-08-23T06:51:51.935+0000] {dag.py:4180} INFO - Setting next_dagrun for weekly_segment to 2026-08-22 16:00:00+00:00, run_after=2026-08-29 16:00:00+00:00
[2026-08-23T06:51:51.948+0000] {processor.py:208} INFO - Processing /opt/airflow/dags/weekly_segment.py took 0.148 seconds
[2026-08-23T06:52:22.116+0000] {processor.py:186} INFO - Started process (PID=7416) to work on /opt/airflow/dags/weekly_segment.py
[2026-08-23T06:52:22.117+0000] {processor.py:914} INFO - Processing file /opt/airflow/dags/weekly_segment.py for tasks to queue
[2026-08-23T06:52:22.119+0000] {logging_mixin.py:190} INFO - [2026-08-23T06:52:22.119+0000] {dagbag.py:588} INFO - Filling up the DagBag from /opt/airflow/dags/weekly_segment.py
[2026-08-23T06:52:22.250+0000] {processor.py:925} INFO - DAG(s) 'weekly_segment' retrieved from /opt/airflow/dags/weekly_segment.py
[2026-08-23T06:52:22.271+0000] {logging_mixin.py:190} INFO - [2026-08-23T06:52:22.271+0000] {dag.py:3239} INFO - Sync 1 DAGs
[2026-08-23T06:52:22.287+0000] {logging_mixin.py:190} INFO - [2026-08-23T06:52:22.287+0000] {dag.py:4180} INFO - Setting next_dagrun for weekly_segment to 2026-08-22 16:00:00+00:00, run_after=2026-08-29 16:00:00+00:00
[2026-08-23T06:52:22.299+0000] {processor.py:208} INFO - Processing /opt/airflow/dags/weekly_segment.py took 0.189 seconds
[2026-08-23T06:52:52.576+0000] {processor.py:186} INFO - Started process (PID=7426) to work on /opt/airflow/dags/weekly_segment.py
[2026-08-23T06:52:52.577+0000] {processor.py:914} INFO - Processing file /opt/airflow/dags/weekly_segment.py for tasks to queue
[2026-08-23T06:52:52.578+0000] {logging_mixin.py:190} INFO - [2026-08-23T06:52:52.578+0000] {dagbag.py:588} INFO - Filling up the DagBag from /opt/airflow/dags/weekly_segment.py
[2026-08-23T06:52:52.684+0000] {processor.py:925} INFO - DAG(s) 'weekly_segment' retrieved from /opt/airflow/dags/weekly_segment.py
[2026-08-23T06:52:52.703+0000] {logging_mixin.py:190} INFO - [2026-08-23T06:52:52.703+0000] {dag.py:3239} INFO - Sync 1 DAGs
[2026-08-23T06:52:52.719+0000] {logging_mixin.py:190} INFO - [2026-08-23T06:52:52.719+0000] {dag.py:4180} INFO - Setting next_dagrun for weekly_segment to 2026-08-22 16:00:00+00:00, run_after=2026-08-29 16:00:00+00:00
[2026-08-23T06:52:52.731+0000] {processor.py:208} INFO - Processing /opt/airflow/dags/weekly_segment.py took 0.162 seconds
[2026-08-23T06:53:22.903+0000] {processor.py:186} INFO - Started process (PID=7436) to work on /opt/airflow/dags/weekly_segment.py
[2026-08-23T06:53:22.904+0000] {processor.py:914} INFO - Processing file /opt/airflow/dags/weekly_segment.py for tasks to queue
[2026-08-23T06:53:22.906+0000] {logging_mixin.py:190} INFO - [2026-08-23T06:53:22.905+0000] {dagbag.py:588} INFO - Filling up the DagBag from /opt/airflow/dags/weekly_segment.py
[2026-08-23T06:53:23.009+0000] {processor.py:925} INFO - DAG(s) 'weekly_segment' retrieved from /opt/airflow/dags/weekly_segment.py
[2026-08-23T06:53:23.029+0000] {logging_mixin.py:190} INFO - [2026-08-23T06:53:23.029+0000] {dag.py:3239} INFO - Sync 1 DAGs
[2026-08-23T06:53:23.047+0000] {logging_mixin.py:190} INFO - [2026-08-23T06:53:23.047+0000] {dag.py:4180} INFO - Setting next_dagrun for weekly_segment to 2026-08-22 16:00:00+00:00, run_after=2026-08-29 16:00:00+00:00
[2026-08-23T06:53:23.060+0000] {processor.py:208} INFO - Processing /opt/airflow/dags/weekly_segment.py took 0.164 seconds
[2026-08-23T06:53:53.206+0000] {processor.py:186} INFO - Started process (PID=7446) to work on /opt/airflow/dags/weekly_segment.py
[2026-08-23T06:53:53.206+0000] {processor.py:914} INFO - Processing file /opt/airflow/dags/weekly_segment.py for tasks to queue
[2026-08-23T06:53:53.208+0000] {logging_mixin.py:190} INFO - [2026-08-23T06:53:53.208+0000] {dagbag.py:588} INFO - Filling up the DagBag from /opt/airflow/dags/weekly_segment.py
[2026-08-23T06:53:53.298+0000] {processor.py:925} INFO - DAG(s) 'weekly_segment' retrieved from /opt/airflow/dags/weekly_segment.py
[2026-08-23T06:53:53.318+0000] {logging_mixin.py:190} INFO - [2026-08-23T06:53:53.317+0000] {dag.py:3239} INFO - Sync 1 DAGs
[2026-08-23T06:53:53.334+0000] {logging_mixin.py:190} INFO - [2026-08-23T06:53:53.333+0000] {dag.py:4180} INFO - Setting next_dagrun for weekly_segment to 2026-08-22 16:00:00+00:00, run_after=2026-08-29 16:00:00+00:00
[2026-08-23T06:53:53.350+0000] {processor.py:208} INFO - Processing /opt/airflow/dags/weekly_segment.py took 0.150 seconds
[2026-08-23T06:54:23.580+0000] {processor.py:186} INFO - Started process (PID=7456) to work on /opt/airflow/dags/weekly_segment.py
[2026-08-23T06:54:23.581+0000] {processor.py:914} INFO - Processing file /opt/airflow/dags/weekly_segment.py for tasks to queue
[2026-08-23T06:54:23.583+0000] {logging_mixin.py:190} INFO - [2026-08-23T06:54:23.583+0000] {dagbag.py:588} INFO - Filling up the DagBag from /opt/airflow/dags/weekly_segment.py
[2026-08-23T06:54:23.677+0000] {processor.py:925} INFO - DAG(s) 'weekly_segment' retrieved from /opt/airflow/dags/weekly_segment.py
[2026-08-23T06:54:23.698+0000] {logging_mixin.py:190} INFO - [2026-08-23T06:54:23.697+0000] {dag.py:3239} INFO - Sync 1 DAGs
[2026-08-23T06:54:23.713+0000] {logging_mixin.py:190} INFO - [2026-08-23T06:54:23.713+0000] {dag.py:4180} INFO - Setting next_dagrun for weekly_segment to 2026-08-22 16:00:00+00:00, run_after=2026-08-29 16:00:00+00:00
[2026-08-23T06:54:23.730+0000] {processor.py:208} INFO - Processing /opt/airflow/dags/weekly_segment.py took 0.156 seconds
[2026-08-23T06:54:54.047+0000] {processor.py:186} INFO - Started process (PID=7466) to work on /opt/airflow/dags/weekly_segment.py
[2026-08-23T06:54:54.048+0000] {processor.py:914} INFO - Processing file /opt/airflow/dags/weekly_segment.py for tasks to queue
[2026-08-23T06:54:54.050+0000] {logging_mixin.py:190} INFO - [2026-08-23T06:54:54.050+0000] {dagbag.py:588} INFO - Filling up the DagBag from /opt/airflow/dags/weekly_segment.py
[2026-08-23T06:54:54.141+0000] {processor.py:925} INFO - DAG(s) 'weekly_segment' retrieved from /opt/airflow/dags/weekly_segment.py
[2026-08-23T06:54:54.162+0000] {logging_mixin.py:190} INFO - [2026-08-23T06:54:54.161+0000] {dag.py:3239} INFO - Sync 1 DAGs
[2026-08-23T06:54:54.178+0000] {logging_mixin.py:190} INFO - [2026-08-23T06:54:54.178+0000] {dag.py:4180} INFO - Setting next_dagrun for weekly_segment to 2026-08-22 16:00:00+00:00, run_after=2026-08-29 16:00:00+00:00
[2026-08-23T06:54:54.192+0000] {processor.py:208} INFO - Processing /opt/airflow/dags/weekly_segment.py took 0.153 seconds
[2026-08-23T06:55:24.425+0000] {processor.py:186} INFO - Started process (PID=7476) to work on /opt/airflow/dags/weekly_segment.py
[2026-08-23T06:55:24.427+0000] {processor.py:914} INFO - Processing file /opt/airflow/dags/weekly_segment.py for tasks to queue
[2026-08-23T06:55:24.431+0000] {logging_mixin.py:190} INFO - [2026-08-23T06:55:24.431+0000] {dagbag.py:588} INFO - Filling up the DagBag from /opt/airflow/dags/weekly_segment.py
[2026-08-23T06:55:24.549+0000] {processor.py:925} INFO - DAG(s) 'weekly_segment' retrieved from /opt/airflow/dags/weekly_segment.py
[2026-08-23T06:55:24.567+0000] {logging_mixin.py:190} INFO - [2026-08-23T06:55:24.567+0000] {dag.py:3239} INFO - Sync 1 DAGs
[2026-08-23T06:55:24.583+0000] {logging_mixin.py:190} INFO - [2026-08-23T06:55:24.583+0000] {dag.py:4180} INFO - Setting next_dagrun for weekly_segment to 2026-08-22 16:00:00+00:00, run_after=2026-08-29 16:00:00+00:00
[2026-08-23T06:55:24.601+0000] {processor.py:208} INFO - Processing /opt/airflow/dags/weekly_segment.py took 0.182 seconds
[2026-08-23T06:55:54.866+0000] {processor.py:186} INFO - Started process (PID=7486) to work on /opt/airflow/dags/weekly_segment.py
[2026-08-23T06:55:54.867+0000] {processor.py:914} INFO - Processing file /opt/airflow/dags/weekly_segment.py for tasks to queue
[2026-08-23T06:55:54.869+0000] {logging_mixin.py:190} INFO - [2026-08-23T06:55:54.869+0000] {dagbag.py:588} INFO - Filling up the DagBag from /opt/airflow/dags/weekly_segment.py
[2026-08-23T06:55:54.967+0000] {processor.py:925} INFO - DAG(s) 'weekly_segment' retrieved from /opt/airflow/dags/weekly_segment.py
[2026-08-23T06:55:54.988+0000] {logging_mixin.py:190} INFO - [2026-08-23T06:55:54.987+0000] {dag.py:3239} INFO - Sync 1 DAGs
[2026-08-23T06:55:55.004+0000] {logging_mixin.py:190} INFO - [2026-08-23T06:55:55.004+0000] {dag.py:4180} INFO - Setting next_dagrun for weekly_segment to 2026-08-22 16:00:00+00:00, run_after=2026-08-29 16:00:00+00:00
[2026-08-23T06:55:55.017+0000] {processor.py:208} INFO - Processing /opt/airflow/dags/weekly_segment.py took 0.158 seconds
[2026-08-23T06:56:25.208+0000] {processor.py:186} INFO - Started process (PID=7496) to work on /opt/airflow/dags/weekly_segment.py
[2026-08-23T06:56:25.209+0000] {processor.py:914} INFO - Processing file /opt/airflow/dags/weekly_segment.py for tasks to queue
[2026-08-23T06:56:25.211+0000] {logging_mixin.py:190} INFO - [2026-08-23T06:56:25.211+0000] {dagbag.py:588} INFO - Filling up the DagBag from /opt/airflow/dags/weekly_segment.py
[2026-08-23T06:56:25.305+0000] {processor.py:925} INFO - DAG(s) 'weekly_segment' retrieved from /opt/airflow/dags/weekly_segment.py
[2026-08-23T06:56:25.324+0000] {logging_mixin.py:190} INFO - [2026-08-23T06:56:25.324+0000] {dag.py:3239} INFO - Sync 1 DAGs
[2026-08-23T06:56:25.340+0000] {logging_mixin.py:190} INFO - [2026-08-23T06:56:25.340+0000] {dag.py:4180} INFO - Setting next_dagrun for weekly_segment to 2026-08-22 16:00:00+00:00, run_after=2026-08-29 16:00:00+00:00
[2026-08-23T06:56:25.356+0000] {processor.py:208} INFO - Processing /opt/airflow/dags/weekly_segment.py took 0.154 seconds
[2026-08-23T06:56:55.548+0000] {processor.py:186} INFO - Started process (PID=7506) to work on /opt/airflow/dags/weekly_segment.py
[2026-08-23T06:56:55.549+0000] {processor.py:914} INFO - Processing file /opt/airflow/dags/weekly_segment.py for tasks to queue
[2026-08-23T06:56:55.550+0000] {logging_mixin.py:190} INFO - [2026-08-23T06:56:55.550+0000] {dagbag.py:588} INFO - Filling up the DagBag from /opt/airflow/dags/weekly_segment.py
[2026-08-23T06:56:55.638+0000] {processor.py:925} INFO - DAG(s) 'weekly_segment' retrieved from /opt/airflow/dags/weekly_segment.py
[2026-08-23T06:56:55.657+0000] {logging_mixin.py:190} INFO - [2026-08-23T06:56:55.657+0000] {dag.py:3239} INFO - Sync 1 DAGs
[2026-08-23T06:56:55.675+0000] {logging_mixin.py:190} INFO - [2026-08-23T06:56:55.675+0000] {dag.py:4180} INFO - Setting next_dagrun for weekly_segment to 2026-08-22 16:00:00+00:00, run_after=2026-08-29 16:00:00+00:00
[2026-08-23T06:56:55.691+0000] {processor.py:208} INFO - Processing /opt/airflow/dags/weekly_segment.py took 0.149 seconds
[2026-08-23T06:57:25.890+0000] {processor.py:186} INFO - Started process (PID=7516) to work on /opt/airflow/dags/weekly_segment.py
[2026-08-23T06:57:25.891+0000] {processor.py:914} INFO - Processing file /opt/airflow/dags/weekly_segment.py for tasks to queue
[2026-08-23T06:57:25.893+0000] {logging_mixin.py:190} INFO - [2026-08-23T06:57:25.892+0000] {dagbag.py:588} INFO - Filling up the DagBag from /opt/airflow/dags/weekly_segment.py
[2026-08-23T06:57:25.991+0000] {processor.py:925} INFO - DAG(s) 'weekly_segment' retrieved from /opt/airflow/dags/weekly_segment.py
[2026-08-23T06:57:26.012+0000] {logging_mixin.py:190} INFO - [2026-08-23T06:57:26.012+0000] {dag.py:3239} INFO - Sync 1 DAGs
[2026-08-23T06:57:26.027+0000] {logging_mixin.py:190} INFO - [2026-08-23T06:57:26.027+0000] {dag.py:4180} INFO - Setting next_dagrun for weekly_segment to 2026-08-22 16:00:00+00:00, run_after=2026-08-29 16:00:00+00:00
[2026-08-23T06:57:26.040+0000] {processor.py:208} INFO - Processing /opt/airflow/dags/weekly_segment.py took 0.156 seconds
[2026-08-23T06:57:56.329+0000] {processor.py:186} INFO - Started process (PID=7526) to work on /opt/airflow/dags/weekly_segment.py
[2026-08-23T06:57:56.330+0000] {processor.py:914} INFO - Processing file /opt/airflow/dags/weekly_segment.py for tasks to queue
[2026-08-23T06:57:56.332+0000] {logging_mixin.py:190} INFO - [2026-08-23T06:57:56.331+0000] {dagbag.py:588} INFO - Filling up the DagBag from /opt/airflow/dags/weekly_segment.py
[2026-08-23T06:57:56.424+0000] {processor.py:925} INFO - DAG(s) 'weekly_segment' retrieved from /opt/airflow/dags/weekly_segment.py
[2026-08-23T06:57:56.443+0000] {logging_mixin.py:190} INFO - [2026-08-23T06:57:56.442+0000] {dag.py:3239} INFO - Sync 1 DAGs
[2026-08-23T06:57:56.459+0000] {logging_mixin.py:190} INFO - [2026-08-23T06:57:56.458+0000] {dag.py:4180} INFO - Setting next_dagrun for weekly_segment to 2026-08-22 16:00:00+00:00, run_after=2026-08-29 16:00:00+00:00
[2026-08-23T06:57:56.471+0000] {processor.py:208} INFO - Processing /opt/airflow/dags/weekly_segment.py took 0.148 seconds
[2026-08-23T06:58:26.685+0000] {processor.py:186} INFO - Started process (PID=7536) to work on /opt/airflow/dags/weekly_segment.py
[2026-08-23T06:58:26.686+0000] {processor.py:914} INFO - Processing file /opt/airflow/dags/weekly_segment.py for tasks to queue
[2026-08-23T06:58:26.688+0000] {logging_mixin.py:190} INFO - [2026-08-23T06:58:26.688+0000] {dagbag.py:588} INFO - Filling up the DagBag from /opt/airflow/dags/weekly_segment.py
[2026-08-23T06:58:26.778+0000] {processor.py:925} INFO - DAG(s) 'weekly_segment' retrieved from /opt/airflow/dags/weekly_segment.py
[2026-08-23T06:58:26.800+0000] {logging_mixin.py:190} INFO - [2026-08-23T06:58:26.799+0000] {dag.py:3239} INFO - Sync 1 DAGs
[2026-08-23T06:58:26.816+0000] {logging_mixin.py:190} INFO - [2026-08-23T06:58:26.816+0000] {dag.py:4180} INFO - Setting next_dagrun for weekly_segment to 2026-08-22 16:00:00+00:00, run_after=2026-08-29 16:00:00+00:00
[2026-08-23T06:58:26.829+0000] {processor.py:208} INFO - Processing /opt/airflow/dags/weekly_segment.py took 0.151 seconds
[2026-08-23T06:58:57.054+0000] {processor.py:186} INFO - Started process (PID=7546) to work on /opt/airflow/dags/weekly_segment.py
[2026-08-23T06:58:57.055+0000] {processor.py:914} INFO - Processing file /opt/airflow/dags/weekly_segment.py for tasks to queue
[2026-08-23T06:58:57.058+0000] {logging_mixin.py:190} INFO - [2026-08-23T06:58:57.057+0000] {dagbag.py:588} INFO - Filling up the DagBag from /opt/airflow/dags/weekly_segment.py
[2026-08-23T06:58:57.165+0000] {processor.py:925} INFO - DAG(s) 'weekly_segment' retrieved from /opt/airflow/dags/weekly_segment.py
[2026-08-23T06:58:57.186+0000] {logging_mixin.py:190} INFO - [2026-08-23T06:58:57.186+0000] {dag.py:3239} INFO - Sync 1 DAGs
[2026-08-23T06:58:57.203+0000] {logging_mixin.py:190} INFO - [2026-08-23T06:58:57.203+0000] {dag.py:4180} INFO - Setting next_dagrun for weekly_segment to 2026-08-22 16:00:00+00:00, run_after=2026-08-29 16:00:00+00:00
[2026-08-23T06:58:57.222+0000] {processor.py:208} INFO - Processing /opt/airflow/dags/weekly_segment.py took 0.175 seconds
[2026-08-23T06:59:27.291+0000] {processor.py:186} INFO - Started process (PID=7556) to work on /opt/airflow/dags/weekly_segment.py
[2026-08-23T06:59:27.292+0000] {processor.py:914} INFO - Processing file /opt/airflow/dags/weekly_segment.py for tasks to queue
[2026-08-23T06:59:27.294+0000] {logging_mixin.py:190} INFO - [2026-08-23T06:59:27.294+0000] {dagbag.py:588} INFO - Filling up the DagBag from /opt/airflow/dags/weekly_segment.py
[2026-08-23T06:59:27.398+0000] {processor.py:925} INFO - DAG(s) 'weekly_segment' retrieved from /opt/airflow/dags/weekly_segment.py
[2026-08-23T06:59:27.420+0000] {logging_mixin.py:190} INFO - [2026-08-23T06:59:27.420+0000] {dag.py:3239} INFO - Sync 1 DAGs
[2026-08-23T06:59:27.439+0000] {logging_mixin.py:190} INFO - [2026-08-23T06:59:27.439+0000] {dag.py:4180} INFO - Setting next_dagrun for weekly_segment to 2026-08-22 16:00:00+00:00, run_after=2026-08-29 16:00:00+00:00
[2026-08-23T06:59:27.453+0000] {processor.py:208} INFO - Processing /opt/airflow/dags/weekly_segment.py took 0.168 seconds
[2026-08-23T06:59:57.632+0000] {processor.py:186} INFO - Started process (PID=7566) to work on /opt/airflow/dags/weekly_segment.py
[2026-08-23T06:59:57.633+0000] {processor.py:914} INFO - Processing file /opt/airflow/dags/weekly_segment.py for tasks to queue
[2026-08-23T06:59:57.635+0000] {logging_mixin.py:190} INFO - [2026-08-23T06:59:57.635+0000] {dagbag.py:588} INFO - Filling up the DagBag from /opt/airflow/dags/weekly_segment.py
[2026-08-23T06:59:57.753+0000] {processor.py:925} INFO - DAG(s) 'weekly_segment' retrieved from /opt/airflow/dags/weekly_segment.py
[2026-08-23T06:59:57.772+0000] {logging_mixin.py:190} INFO - [2026-08-23T06:59:57.772+0000] {dag.py:3239} INFO - Sync 1 DAGs
[2026-08-23T06:59:57.790+0000] {logging_mixin.py:190} INFO - [2026-08-23T06:59:57.789+0000] {dag.py:4180} INFO - Setting next_dagrun for weekly_segment to 2026-08-22 16:00:00+00:00, run_after=2026-08-29 16:00:00+00:00
[2026-08-23T06:59:57.806+0000] {processor.py:208} INFO - Processing /opt/airflow/dags/weekly_segment.py took 0.182 seconds
[2026-08-23T07:00:27.982+0000] {processor.py:186} INFO - Started process (PID=7576) to work on /opt/airflow/dags/weekly_segment.py
[2026-08-23T07:00:27.983+0000] {processor.py:914} INFO - Processing file /opt/airflow/dags/weekly_segment.py for tasks to queue
[2026-08-23T07:00:27.985+0000] {logging_mixin.py:190} INFO - [2026-08-23T07:00:27.985+0000] {dagbag.py:588} INFO - Filling up the DagBag from /opt/airflow/dags/weekly_segment.py
[2026-08-23T07:00:28.080+0000] {processor.py:925} INFO - DAG(s) 'weekly_segment' retrieved from /opt/airflow/dags/weekly_segment.py
[2026-08-23T07:00:28.101+0000] {logging_mixin.py:190} INFO - [2026-08-23T07:00:28.101+0000] {dag.py:3239} INFO - Sync 1 DAGs
[2026-08-23T07:00:28.117+0000] {logging_mixin.py:190} INFO - [2026-08-23T07:00:28.117+0000] {dag.py:4180} INFO - Setting next_dagrun for weekly_segment to 2026-08-22 16:00:00+00:00, run_after=2026-08-29 16:00:00+00:00
[2026-08-23T07:00:28.136+0000] {processor.py:208} INFO - Processing /opt/airflow/dags/weekly_segment.py took 0.159 seconds
[2026-08-23T07:00:58.326+0000] {processor.py:186} INFO - Started process (PID=7586) to work on /opt/airflow/dags/weekly_segment.py
[2026-08-23T07:00:58.327+0000] {processor.py:914} INFO - Processing file /opt/airflow/dags/weekly_segment.py for tasks to queue
[2026-08-23T07:00:58.328+0000] {logging_mixin.py:190} INFO - [2026-08-23T07:00:58.328+0000] {dagbag.py:588} INFO - Filling up the DagBag from /opt/airflow/dags/weekly_segment.py
[2026-08-23T07:00:58.429+0000] {processor.py:925} INFO - DAG(s) 'weekly_segment' retrieved from /opt/airflow/dags/weekly_segment.py
[2026-08-23T07:00:58.449+0000] {logging_mixin.py:190} INFO - [2026-08-23T07:00:58.449+0000] {dag.py:3239} INFO - Sync 1 DAGs
[2026-08-23T07:00:58.465+0000] {logging_mixin.py:190} INFO - [2026-08-23T07:00:58.465+0000] {dag.py:4180} INFO - Setting next_dagrun for weekly_segment to 2026-08-22 16:00:00+00:00, run_after=2026-08-29 16:00:00+00:00
[2026-08-23T07:00:58.477+0000] {processor.py:208} INFO - Processing /opt/airflow/dags/weekly_segment.py took 0.157 seconds
[2026-08-23T07:01:28.786+0000] {processor.py:186} INFO - Started process (PID=7596) to work on /opt/airflow/dags/weekly_segment.py
[2026-08-23T07:01:28.787+0000] {processor.py:914} INFO - Processing file /opt/airflow/dags/weekly_segment.py for tasks to queue
[2026-08-23T07:01:28.789+0000] {logging_mixin.py:190} INFO - [2026-08-23T07:01:28.789+0000] {dagbag.py:588} INFO - Filling up the DagBag from /opt/airflow/dags/weekly_segment.py
[2026-08-23T07:01:28.878+0000] {processor.py:925} INFO - DAG(s) 'weekly_segment' retrieved from /opt/airflow/dags/weekly_segment.py
[2026-08-23T07:01:28.899+0000] {logging_mixin.py:190} INFO - [2026-08-23T07:01:28.898+0000] {dag.py:3239} INFO - Sync 1 DAGs
[2026-08-23T07:01:28.915+0000] {logging_mixin.py:190} INFO - [2026-08-23T07:01:28.915+0000] {dag.py:4180} INFO - Setting next_dagrun for weekly_segment to 2026-08-22 16:00:00+00:00, run_after=2026-08-29 16:00:00+00:00
[2026-08-23T07:01:28.932+0000] {processor.py:208} INFO - Processing /opt/airflow/dags/weekly_segment.py took 0.153 seconds
[2026-08-23T07:01:59.160+0000] {processor.py:186} INFO - Started process (PID=7606) to work on /opt/airflow/dags/weekly_segment.py
[2026-08-23T07:01:59.161+0000] {processor.py:914} INFO - Processing file /opt/airflow/dags/weekly_segment.py for tasks to queue
[2026-08-23T07:01:59.163+0000] {logging_mixin.py:190} INFO - [2026-08-23T07:01:59.162+0000] {dagbag.py:588} INFO - Filling up the DagBag from /opt/airflow/dags/weekly_segment.py
[2026-08-23T07:01:59.285+0000] {processor.py:925} INFO - DAG(s) 'weekly_segment' retrieved from /opt/airflow/dags/weekly_segment.py
[2026-08-23T07:01:59.309+0000] {logging_mixin.py:190} INFO - [2026-08-23T07:01:59.308+0000] {dag.py:3239} INFO - Sync 1 DAGs
[2026-08-23T07:01:59.327+0000] {logging_mixin.py:190} INFO - [2026-08-23T07:01:59.327+0000] {dag.py:4180} INFO - Setting next_dagrun for weekly_segment to 2026-08-22 16:00:00+00:00, run_after=2026-08-29 16:00:00+00:00
[2026-08-23T07:01:59.341+0000] {processor.py:208} INFO - Processing /opt/airflow/dags/weekly_segment.py took 0.187 seconds
[2026-08-23T07:02:29.441+0000] {processor.py:186} INFO - Started process (PID=7616) to work on /opt/airflow/dags/weekly_segment.py
[2026-08-23T07:02:29.442+0000] {processor.py:914} INFO - Processing file /opt/airflow/dags/weekly_segment.py for tasks to queue
[2026-08-23T07:02:29.444+0000] {logging_mixin.py:190} INFO - [2026-08-23T07:02:29.444+0000] {dagbag.py:588} INFO - Filling up the DagBag from /opt/airflow/dags/weekly_segment.py
[2026-08-23T07:02:29.532+0000] {processor.py:925} INFO - DAG(s) 'weekly_segment' retrieved from /opt/airflow/dags/weekly_segment.py
[2026-08-23T07:02:29.552+0000] {logging_mixin.py:190} INFO - [2026-08-23T07:02:29.552+0000] {dag.py:3239} INFO - Sync 1 DAGs
[2026-08-23T07:02:29.568+0000] {logging_mixin.py:190} INFO - [2026-08-23T07:02:29.568+0000] {dag.py:4180} INFO - Setting next_dagrun for weekly_segment to 2026-08-22 16:00:00+00:00, run_after=2026-08-29 16:00:00+00:00
[2026-08-23T07:02:29.580+0000] {processor.py:208} INFO - Processing /opt/airflow/dags/weekly_segment.py took 0.145 seconds
[2026-08-23T07:02:59.632+0000] {processor.py:186} INFO - Started process (PID=7626) to work on /opt/airflow/dags/weekly_segment.py
[2026-08-23T07:02:59.633+0000] {processor.py:914} INFO - Processing file /opt/airflow/dags/weekly_segment.py for tasks to queue
[2026-08-23T07:02:59.635+0000] {logging_mixin.py:190} INFO - [2026-08-23T07:02:59.635+0000] {dagbag.py:588} INFO - Filling up the DagBag from /opt/airflow/dags/weekly_segment.py
[2026-08-23T07:02:59.751+0000] {processor.py:925} INFO - DAG(s) 'weekly_segment' retrieved from /opt/airflow/dags/weekly_segment.py
[2026-08-23T07:02:59.774+0000] {logging_mixin.py:190} INFO - [2026-08-23T07:02:59.774+0000] {dag.py:3239} INFO - Sync 1 DAGs
[2026-08-23T07:02:59.791+0000] {logging_mixin.py:190} INFO - [2026-08-23T07:02:59.791+0000] {dag.py:4180} INFO - Setting next_dagrun for weekly_segment to 2026-08-22 16:00:00+00:00, run_after=2026-08-29 16:00:00+00:00
[2026-08-23T07:02:59.805+0000] {processor.py:208} INFO - Processing /opt/airflow/dags/weekly_segment.py took 0.181 seconds
[2026-08-23T07:03:30.029+0000] {processor.py:186} INFO - Started process (PID=7636) to work on /opt/airflow/dags/weekly_segment.py
[2026-08-23T07:03:30.030+0000] {processor.py:914} INFO - Processing file /opt/airflow/dags/weekly_segment.py for tasks to queue
[2026-08-23T07:03:30.032+0000] {logging_mixin.py:190} INFO - [2026-08-23T07:03:30.032+0000] {dagbag.py:588} INFO - Filling up the DagBag from /opt/airflow/dags/weekly_segment.py
[2026-08-23T07:03:30.124+0000] {processor.py:925} INFO - DAG(s) 'weekly_segment' retrieved from /opt/airflow/dags/weekly_segment.py
[2026-08-23T07:03:30.143+0000] {logging_mixin.py:190} INFO - [2026-08-23T07:03:30.142+0000] {dag.py:3239} INFO - Sync 1 DAGs
[2026-08-23T07:03:30.159+0000] {logging_mixin.py:190} INFO - [2026-08-23T07:03:30.159+0000] {dag.py:4180} INFO - Setting next_dagrun for weekly_segment to 2026-08-22 16:00:00+00:00, run_after=2026-08-29 16:00:00+00:00
[2026-08-23T07:03:30.177+0000] {processor.py:208} INFO - Processing /opt/airflow/dags/weekly_segment.py took 0.155 seconds
[2026-08-23T07:04:00.219+0000] {processor.py:186} INFO - Started process (PID=7646) to work on /opt/airflow/dags/weekly_segment.py
[2026-08-23T07:04:00.220+0000] {processor.py:914} INFO - Processing file /opt/airflow/dags/weekly_segment.py for tasks to queue
[2026-08-23T07:04:00.223+0000] {logging_mixin.py:190} INFO - [2026-08-23T07:04:00.222+0000] {dagbag.py:588} INFO - Filling up the DagBag from /opt/airflow/dags/weekly_segment.py
[2026-08-23T07:04:00.323+0000] {processor.py:925} INFO - DAG(s) 'weekly_segment' retrieved from /opt/airflow/dags/weekly_segment.py
[2026-08-23T07:04:00.346+0000] {logging_mixin.py:190} INFO - [2026-08-23T07:04:00.346+0000] {dag.py:3239} INFO - Sync 1 DAGs
[2026-08-23T07:04:00.364+0000] {logging_mixin.py:190} INFO - [2026-08-23T07:04:00.363+0000] {dag.py:4180} INFO - Setting next_dagrun for weekly_segment to 2026-08-22 16:00:00+00:00, run_after=2026-08-29 16:00:00+00:00
[2026-08-23T07:04:00.378+0000] {processor.py:208} INFO - Processing /opt/airflow/dags/weekly_segment.py took 0.165 seconds
[2026-08-23T07:04:30.574+0000] {processor.py:186} INFO - Started process (PID=7656) to work on /opt/airflow/dags/weekly_segment.py
[2026-08-23T07:04:30.575+0000] {processor.py:914} INFO - Processing file /opt/airflow/dags/weekly_segment.py for tasks to queue
[2026-08-23T07:04:30.577+0000] {logging_mixin.py:190} INFO - [2026-08-23T07:04:30.577+0000] {dagbag.py:588} INFO - Filling up the DagBag from /opt/airflow/dags/weekly_segment.py
[2026-08-23T07:04:30.669+0000] {processor.py:925} INFO - DAG(s) 'weekly_segment' retrieved from /opt/airflow/dags/weekly_segment.py
[2026-08-23T07:04:30.689+0000] {logging_mixin.py:190} INFO - [2026-08-23T07:04:30.688+0000] {dag.py:3239} INFO - Sync 1 DAGs
[2026-08-23T07:04:30.704+0000] {logging_mixin.py:190} INFO - [2026-08-23T07:04:30.704+0000] {dag.py:4180} INFO - Setting next_dagrun for weekly_segment to 2026-08-22 16:00:00+00:00, run_after=2026-08-29 16:00:00+00:00
[2026-08-23T07:04:30.722+0000] {processor.py:208} INFO - Processing /opt/airflow/dags/weekly_segment.py took 0.155 seconds
[2026-08-23T07:05:00.836+0000] {processor.py:186} INFO - Started process (PID=7666) to work on /opt/airflow/dags/weekly_segment.py
[2026-08-23T07:05:00.836+0000] {processor.py:914} INFO - Processing file /opt/airflow/dags/weekly_segment.py for tasks to queue
[2026-08-23T07:05:00.838+0000] {logging_mixin.py:190} INFO - [2026-08-23T07:05:00.838+0000] {dagbag.py:588} INFO - Filling up the DagBag from /opt/airflow/dags/weekly_segment.py
[2026-08-23T07:05:00.943+0000] {processor.py:925} INFO - DAG(s) 'weekly_segment' retrieved from /opt/airflow/dags/weekly_segment.py
[2026-08-23T07:05:00.966+0000] {logging_mixin.py:190} INFO - [2026-08-23T07:05:00.966+0000] {dag.py:3239} INFO - Sync 1 DAGs
[2026-08-23T07:05:00.984+0000] {logging_mixin.py:190} INFO - [2026-08-23T07:05:00.983+0000] {dag.py:4180} INFO - Setting next_dagrun for weekly_segment to 2026-08-22 16:00:00+00:00, run_after=2026-08-29 16:00:00+00:00
[2026-08-23T07:05:00.999+0000] {processor.py:208} INFO - Processing /opt/airflow/dags/weekly_segment.py took 0.169 seconds
[2026-08-23T07:05:31.137+0000] {processor.py:186} INFO - Started process (PID=7676) to work on /opt/airflow/dags/weekly_segment.py
[2026-08-23T07:05:31.138+0000] {processor.py:914} INFO - Processing file /opt/airflow/dags/weekly_segment.py for tasks to queue
[2026-08-23T07:05:31.142+0000] {logging_mixin.py:190} INFO - [2026-08-23T07:05:31.141+0000] {dagbag.py:588} INFO - Filling up the DagBag from /opt/airflow/dags/weekly_segment.py
[2026-08-23T07:05:31.239+0000] {processor.py:925} INFO - DAG(s) 'weekly_segment' retrieved from /opt/airflow/dags/weekly_segment.py
[2026-08-23T07:05:31.260+0000] {logging_mixin.py:190} INFO - [2026-08-23T07:05:31.260+0000] {dag.py:3239} INFO - Sync 1 DAGs
[2026-08-23T07:05:31.279+0000] {logging_mixin.py:190} INFO - [2026-08-23T07:05:31.278+0000] {dag.py:4180} INFO - Setting next_dagrun for weekly_segment to 2026-08-22 16:00:00+00:00, run_after=2026-08-29 16:00:00+00:00
[2026-08-23T07:05:31.292+0000] {processor.py:208} INFO - Processing /opt/airflow/dags/weekly_segment.py took 0.162 seconds
[2026-08-23T07:06:01.324+0000] {processor.py:186} INFO - Started process (PID=7686) to work on /opt/airflow/dags/weekly_segment.py
[2026-08-23T07:06:01.325+0000] {processor.py:914} INFO - Processing file /opt/airflow/dags/weekly_segment.py for tasks to queue
[2026-08-23T07:06:01.328+0000] {logging_mixin.py:190} INFO - [2026-08-23T07:06:01.328+0000] {dagbag.py:588} INFO - Filling up the DagBag from /opt/airflow/dags/weekly_segment.py
[2026-08-23T07:06:01.480+0000] {processor.py:925} INFO - DAG(s) 'weekly_segment' retrieved from /opt/airflow/dags/weekly_segment.py
[2026-08-23T07:06:01.505+0000] {logging_mixin.py:190} INFO - [2026-08-23T07:06:01.504+0000] {dag.py:3239} INFO - Sync 1 DAGs
[2026-08-23T07:06:01.523+0000] {logging_mixin.py:190} INFO - [2026-08-23T07:06:01.523+0000] {dag.py:4180} INFO - Setting next_dagrun for weekly_segment to 2026-08-22 16:00:00+00:00, run_after=2026-08-29 16:00:00+00:00
[2026-08-23T07:06:01.538+0000] {processor.py:208} INFO - Processing /opt/airflow/dags/weekly_segment.py took 0.219 seconds
[2026-08-23T07:06:31.736+0000] {processor.py:186} INFO - Started process (PID=7696) to work on /opt/airflow/dags/weekly_segment.py
[2026-08-23T07:06:31.737+0000] {processor.py:914} INFO - Processing file /opt/airflow/dags/weekly_segment.py for tasks to queue
[2026-08-23T07:06:31.739+0000] {logging_mixin.py:190} INFO - [2026-08-23T07:06:31.739+0000] {dagbag.py:588} INFO - Filling up the DagBag from /opt/airflow/dags/weekly_segment.py
[2026-08-23T07:06:31.874+0000] {processor.py:925} INFO - DAG(s) 'weekly_segment' retrieved from /opt/airflow/dags/weekly_segment.py
[2026-08-23T07:06:31.898+0000] {logging_mixin.py:190} INFO - [2026-08-23T07:06:31.898+0000] {dag.py:3239} INFO - Sync 1 DAGs
[2026-08-23T07:06:31.916+0000] {logging_mixin.py:190} INFO - [2026-08-23T07:06:31.916+0000] {dag.py:4180} INFO - Setting next_dagrun for weekly_segment to 2026-08-22 16:00:00+00:00, run_after=2026-08-29 16:00:00+00:00
[2026-08-23T07:06:31.931+0000] {processor.py:208} INFO - Processing /opt/airflow/dags/weekly_segment.py took 0.202 seconds
[2026-08-23T07:07:02.289+0000] {processor.py:186} INFO - Started process (PID=7706) to work on /opt/airflow/dags/weekly_segment.py
[2026-08-23T07:07:02.290+0000] {processor.py:914} INFO - Processing file /opt/airflow/dags/weekly_segment.py for tasks to queue
[2026-08-23T07:07:02.293+0000] {logging_mixin.py:190} INFO - [2026-08-23T07:07:02.292+0000] {dagbag.py:588} INFO - Filling up the DagBag from /opt/airflow/dags/weekly_segment.py
[2026-08-23T07:07:02.383+0000] {processor.py:925} INFO - DAG(s) 'weekly_segment' retrieved from /opt/airflow/dags/weekly_segment.py
[2026-08-23T07:07:02.403+0000] {logging_mixin.py:190} INFO - [2026-08-23T07:07:02.403+0000] {dag.py:3239} INFO - Sync 1 DAGs
[2026-08-23T07:07:02.420+0000] {logging_mixin.py:190} INFO - [2026-08-23T07:07:02.420+0000] {dag.py:4180} INFO - Setting next_dagrun for weekly_segment to 2026-08-22 16:00:00+00:00, run_after=2026-08-29 16:00:00+00:00
[2026-08-23T07:07:02.433+0000] {processor.py:208} INFO - Processing /opt/airflow/dags/weekly_segment.py took 0.151 seconds
[2026-08-23T07:07:32.662+0000] {processor.py:186} INFO - Started process (PID=7716) to work on /opt/airflow/dags/weekly_segment.py
[2026-08-23T07:07:32.662+0000] {processor.py:914} INFO - Processing file /opt/airflow/dags/weekly_segment.py for tasks to queue
[2026-08-23T07:07:32.665+0000] {logging_mixin.py:190} INFO - [2026-08-23T07:07:32.665+0000] {dagbag.py:588} INFO - Filling up the DagBag from /opt/airflow/dags/weekly_segment.py
[2026-08-23T07:07:32.763+0000] {processor.py:925} INFO - DAG(s) 'weekly_segment' retrieved from /opt/airflow/dags/weekly_segment.py
[2026-08-23T07:07:32.783+0000] {logging_mixin.py:190} INFO - [2026-08-23T07:07:32.783+0000] {dag.py:3239} INFO - Sync 1 DAGs
[2026-08-23T07:07:32.801+0000] {logging_mixin.py:190} INFO - [2026-08-23T07:07:32.801+0000] {dag.py:4180} INFO - Setting next_dagrun for weekly_segment to 2026-08-22 16:00:00+00:00, run_after=2026-08-29 16:00:00+00:00
[2026-08-23T07:07:32.818+0000] {processor.py:208} INFO - Processing /opt/airflow/dags/weekly_segment.py took 0.163 seconds
[2026-08-23T07:08:02.989+0000] {processor.py:186} INFO - Started process (PID=7726) to work on /opt/airflow/dags/weekly_segment.py
[2026-08-23T07:08:02.991+0000] {processor.py:914} INFO - Processing file /opt/airflow/dags/weekly_segment.py for tasks to queue
[2026-08-23T07:08:02.992+0000] {logging_mixin.py:190} INFO - [2026-08-23T07:08:02.992+0000] {dagbag.py:588} INFO - Filling up the DagBag from /opt/airflow/dags/weekly_segment.py
[2026-08-23T07:08:03.085+0000] {processor.py:925} INFO - DAG(s) 'weekly_segment' retrieved from /opt/airflow/dags/weekly_segment.py
[2026-08-23T07:08:03.106+0000] {logging_mixin.py:190} INFO - [2026-08-23T07:08:03.106+0000] {dag.py:3239} INFO - Sync 1 DAGs
[2026-08-23T07:08:03.123+0000] {logging_mixin.py:190} INFO - [2026-08-23T07:08:03.123+0000] {dag.py:4180} INFO - Setting next_dagrun for weekly_segment to 2026-08-22 16:00:00+00:00, run_after=2026-08-29 16:00:00+00:00
[2026-08-23T07:08:03.141+0000] {processor.py:208} INFO - Processing /opt/airflow/dags/weekly_segment.py took 0.158 seconds
[2026-08-23T07:08:33.378+0000] {processor.py:186} INFO - Started process (PID=7736) to work on /opt/airflow/dags/weekly_segment.py
[2026-08-23T07:08:33.379+0000] {processor.py:914} INFO - Processing file /opt/airflow/dags/weekly_segment.py for tasks to queue
[2026-08-23T07:08:33.382+0000] {logging_mixin.py:190} INFO - [2026-08-23T07:08:33.381+0000] {dagbag.py:588} INFO - Filling up the DagBag from /opt/airflow/dags/weekly_segment.py
[2026-08-23T07:08:33.470+0000] {processor.py:925} INFO - DAG(s) 'weekly_segment' retrieved from /opt/airflow/dags/weekly_segment.py
[2026-08-23T07:08:33.491+0000] {logging_mixin.py:190} INFO - [2026-08-23T07:08:33.491+0000] {dag.py:3239} INFO - Sync 1 DAGs
[2026-08-23T07:08:33.507+0000] {logging_mixin.py:190} INFO - [2026-08-23T07:08:33.507+0000] {dag.py:4180} INFO - Setting next_dagrun for weekly_segment to 2026-08-22 16:00:00+00:00, run_after=2026-08-29 16:00:00+00:00
[2026-08-23T07:08:33.520+0000] {processor.py:208} INFO - Processing /opt/airflow/dags/weekly_segment.py took 0.148 seconds
[2026-08-23T07:09:03.651+0000] {processor.py:186} INFO - Started process (PID=7746) to work on /opt/airflow/dags/weekly_segment.py
[2026-08-23T07:09:03.653+0000] {processor.py:914} INFO - Processing file /opt/airflow/dags/weekly_segment.py for tasks to queue
[2026-08-23T07:09:03.656+0000] {logging_mixin.py:190} INFO - [2026-08-23T07:09:03.656+0000] {dagbag.py:588} INFO - Filling up the DagBag from /opt/airflow/dags/weekly_segment.py
[2026-08-23T07:09:03.798+0000] {processor.py:925} INFO - DAG(s) 'weekly_segment' retrieved from /opt/airflow/dags/weekly_segment.py
[2026-08-23T07:09:03.823+0000] {logging_mixin.py:190} INFO - [2026-08-23T07:09:03.823+0000] {dag.py:3239} INFO - Sync 1 DAGs
[2026-08-23T07:09:03.843+0000] {logging_mixin.py:190} INFO - [2026-08-23T07:09:03.842+0000] {dag.py:4180} INFO - Setting next_dagrun for weekly_segment to 2026-08-22 16:00:00+00:00, run_after=2026-08-29 16:00:00+00:00
[2026-08-23T07:09:03.858+0000] {processor.py:208} INFO - Processing /opt/airflow/dags/weekly_segment.py took 0.213 seconds
[2026-08-23T07:09:33.923+0000] {processor.py:186} INFO - Started process (PID=7756) to work on /opt/airflow/dags/weekly_segment.py
[2026-08-23T07:09:33.924+0000] {processor.py:914} INFO - Processing file /opt/airflow/dags/weekly_segment.py for tasks to queue
[2026-08-23T07:09:33.926+0000] {logging_mixin.py:190} INFO - [2026-08-23T07:09:33.926+0000] {dagbag.py:588} INFO - Filling up the DagBag from /opt/airflow/dags/weekly_segment.py
[2026-08-23T07:09:34.027+0000] {processor.py:925} INFO - DAG(s) 'weekly_segment' retrieved from /opt/airflow/dags/weekly_segment.py
[2026-08-23T07:09:34.049+0000] {logging_mixin.py:190} INFO - [2026-08-23T07:09:34.048+0000] {dag.py:3239} INFO - Sync 1 DAGs
[2026-08-23T07:09:34.066+0000] {logging_mixin.py:190} INFO - [2026-08-23T07:09:34.066+0000] {dag.py:4180} INFO - Setting next_dagrun for weekly_segment to 2026-08-22 16:00:00+00:00, run_after=2026-08-29 16:00:00+00:00
[2026-08-23T07:09:34.081+0000] {processor.py:208} INFO - Processing /opt/airflow/dags/weekly_segment.py took 0.165 seconds
[2026-08-23T07:10:04.308+0000] {processor.py:186} INFO - Started process (PID=7766) to work on /opt/airflow/dags/weekly_segment.py
[2026-08-23T07:10:04.309+0000] {processor.py:914} INFO - Processing file /opt/airflow/dags/weekly_segment.py for tasks to queue
[2026-08-23T07:10:04.311+0000] {logging_mixin.py:190} INFO - [2026-08-23T07:10:04.311+0000] {dagbag.py:588} INFO - Filling up the DagBag from /opt/airflow/dags/weekly_segment.py
[2026-08-23T07:10:04.398+0000] {processor.py:925} INFO - DAG(s) 'weekly_segment' retrieved from /opt/airflow/dags/weekly_segment.py
[2026-08-23T07:10:04.418+0000] {logging_mixin.py:190} INFO - [2026-08-23T07:10:04.418+0000] {dag.py:3239} INFO - Sync 1 DAGs
[2026-08-23T07:10:04.433+0000] {logging_mixin.py:190} INFO - [2026-08-23T07:10:04.433+0000] {dag.py:4180} INFO - Setting next_dagrun for weekly_segment to 2026-08-22 16:00:00+00:00, run_after=2026-08-29 16:00:00+00:00
[2026-08-23T07:10:04.447+0000] {processor.py:208} INFO - Processing /opt/airflow/dags/weekly_segment.py took 0.146 seconds
[2026-08-23T07:10:34.650+0000] {processor.py:186} INFO - Started process (PID=7776) to work on /opt/airflow/dags/weekly_segment.py
[2026-08-23T07:10:34.651+0000] {processor.py:914} INFO - Processing file /opt/airflow/dags/weekly_segment.py for tasks to queue
[2026-08-23T07:10:34.653+0000] {logging_mixin.py:190} INFO - [2026-08-23T07:10:34.653+0000] {dagbag.py:588} INFO - Filling up the DagBag from /opt/airflow/dags/weekly_segment.py
[2026-08-23T07:10:34.746+0000] {processor.py:925} INFO - DAG(s) 'weekly_segment' retrieved from /opt/airflow/dags/weekly_segment.py
[2026-08-23T07:10:34.765+0000] {logging_mixin.py:190} INFO - [2026-08-23T07:10:34.765+0000] {dag.py:3239} INFO - Sync 1 DAGs
[2026-08-23T07:10:34.781+0000] {logging_mixin.py:190} INFO - [2026-08-23T07:10:34.780+0000] {dag.py:4180} INFO - Setting next_dagrun for weekly_segment to 2026-08-22 16:00:00+00:00, run_after=2026-08-29 16:00:00+00:00
[2026-08-23T07:10:34.795+0000] {processor.py:208} INFO - Processing /opt/airflow/dags/weekly_segment.py took 0.151 seconds
[2026-08-23T07:11:05.115+0000] {processor.py:186} INFO - Started process (PID=7786) to work on /opt/airflow/dags/weekly_segment.py
[2026-08-23T07:11:05.117+0000] {processor.py:914} INFO - Processing file /opt/airflow/dags/weekly_segment.py for tasks to queue
[2026-08-23T07:11:05.119+0000] {logging_mixin.py:190} INFO - [2026-08-23T07:11:05.118+0000] {dagbag.py:588} INFO - Filling up the DagBag from /opt/airflow/dags/weekly_segment.py
[2026-08-23T07:11:05.221+0000] {processor.py:925} INFO - DAG(s) 'weekly_segment' retrieved from /opt/airflow/dags/weekly_segment.py
[2026-08-23T07:11:05.242+0000] {logging_mixin.py:190} INFO - [2026-08-23T07:11:05.242+0000] {dag.py:3239} INFO - Sync 1 DAGs
[2026-08-23T07:11:05.260+0000] {logging_mixin.py:190} INFO - [2026-08-23T07:11:05.259+0000] {dag.py:4180} INFO - Setting next_dagrun for weekly_segment to 2026-08-22 16:00:00+00:00, run_after=2026-08-29 16:00:00+00:00
[2026-08-23T07:11:05.273+0000] {processor.py:208} INFO - Processing /opt/airflow/dags/weekly_segment.py took 0.165 seconds
[2026-08-23T07:11:35.395+0000] {processor.py:186} INFO - Started process (PID=7796) to work on /opt/airflow/dags/weekly_segment.py
[2026-08-23T07:11:35.396+0000] {processor.py:914} INFO - Processing file /opt/airflow/dags/weekly_segment.py for tasks to queue
[2026-08-23T07:11:35.399+0000] {logging_mixin.py:190} INFO - [2026-08-23T07:11:35.398+0000] {dagbag.py:588} INFO - Filling up the DagBag from /opt/airflow/dags/weekly_segment.py
[2026-08-23T07:11:35.495+0000] {processor.py:925} INFO - DAG(s) 'weekly_segment' retrieved from /opt/airflow/dags/weekly_segment.py
[2026-08-23T07:11:35.515+0000] {logging_mixin.py:190} INFO - [2026-08-23T07:11:35.515+0000] {dag.py:3239} INFO - Sync 1 DAGs
[2026-08-23T07:11:35.530+0000] {logging_mixin.py:190} INFO - [2026-08-23T07:11:35.530+0000] {dag.py:4180} INFO - Setting next_dagrun for weekly_segment to 2026-08-22 16:00:00+00:00, run_after=2026-08-29 16:00:00+00:00
[2026-08-23T07:11:35.542+0000] {processor.py:208} INFO - Processing /opt/airflow/dags/weekly_segment.py took 0.154 seconds
[2026-08-23T07:12:05.742+0000] {processor.py:186} INFO - Started process (PID=7806) to work on /opt/airflow/dags/weekly_segment.py
[2026-08-23T07:12:05.743+0000] {processor.py:914} INFO - Processing file /opt/airflow/dags/weekly_segment.py for tasks to queue
[2026-08-23T07:12:05.745+0000] {logging_mixin.py:190} INFO - [2026-08-23T07:12:05.745+0000] {dagbag.py:588} INFO - Filling up the DagBag from /opt/airflow/dags/weekly_segment.py
[2026-08-23T07:12:05.848+0000] {processor.py:925} INFO - DAG(s) 'weekly_segment' retrieved from /opt/airflow/dags/weekly_segment.py
[2026-08-23T07:12:05.870+0000] {logging_mixin.py:190} INFO - [2026-08-23T07:12:05.870+0000] {dag.py:3239} INFO - Sync 1 DAGs
[2026-08-23T07:12:05.888+0000] {logging_mixin.py:190} INFO - [2026-08-23T07:12:05.887+0000] {dag.py:4180} INFO - Setting next_dagrun for weekly_segment to 2026-08-22 16:00:00+00:00, run_after=2026-08-29 16:00:00+00:00
[2026-08-23T07:12:05.902+0000] {processor.py:208} INFO - Processing /opt/airflow/dags/weekly_segment.py took 0.169 seconds
[2026-08-23T07:12:36.027+0000] {processor.py:186} INFO - Started process (PID=7816) to work on /opt/airflow/dags/weekly_segment.py
[2026-08-23T07:12:36.028+0000] {processor.py:914} INFO - Processing file /opt/airflow/dags/weekly_segment.py for tasks to queue
[2026-08-23T07:12:36.029+0000] {logging_mixin.py:190} INFO - [2026-08-23T07:12:36.029+0000] {dagbag.py:588} INFO - Filling up the DagBag from /opt/airflow/dags/weekly_segment.py
[2026-08-23T07:12:36.124+0000] {processor.py:925} INFO - DAG(s) 'weekly_segment' retrieved from /opt/airflow/dags/weekly_segment.py
[2026-08-23T07:12:36.144+0000] {logging_mixin.py:190} INFO - [2026-08-23T07:12:36.144+0000] {dag.py:3239} INFO - Sync 1 DAGs
[2026-08-23T07:12:36.160+0000] {logging_mixin.py:190} INFO - [2026-08-23T07:12:36.160+0000] {dag.py:4180} INFO - Setting next_dagrun for weekly_segment to 2026-08-22 16:00:00+00:00, run_after=2026-08-29 16:00:00+00:00
[2026-08-23T07:12:36.173+0000] {processor.py:208} INFO - Processing /opt/airflow/dags/weekly_segment.py took 0.153 seconds
[2026-08-23T07:13:06.468+0000] {processor.py:186} INFO - Started process (PID=7826) to work on /opt/airflow/dags/weekly_segment.py
[2026-08-23T07:13:06.469+0000] {processor.py:914} INFO - Processing file /opt/airflow/dags/weekly_segment.py for tasks to queue
[2026-08-23T07:13:06.471+0000] {logging_mixin.py:190} INFO - [2026-08-23T07:13:06.471+0000] {dagbag.py:588} INFO - Filling up the DagBag from /opt/airflow/dags/weekly_segment.py
[2026-08-23T07:13:06.572+0000] {processor.py:925} INFO - DAG(s) 'weekly_segment' retrieved from /opt/airflow/dags/weekly_segment.py
[2026-08-23T07:13:06.593+0000] {logging_mixin.py:190} INFO - [2026-08-23T07:13:06.593+0000] {dag.py:3239} INFO - Sync 1 DAGs
[2026-08-23T07:13:06.613+0000] {logging_mixin.py:190} INFO - [2026-08-23T07:13:06.613+0000] {dag.py:4180} INFO - Setting next_dagrun for weekly_segment to 2026-08-22 16:00:00+00:00, run_after=2026-08-29 16:00:00+00:00
[2026-08-23T07:13:06.626+0000] {processor.py:208} INFO - Processing /opt/airflow/dags/weekly_segment.py took 0.166 seconds
[2026-08-23T07:13:36.708+0000] {processor.py:186} INFO - Started process (PID=7836) to work on /opt/airflow/dags/weekly_segment.py
[2026-08-23T07:13:36.708+0000] {processor.py:914} INFO - Processing file /opt/airflow/dags/weekly_segment.py for tasks to queue
[2026-08-23T07:13:36.711+0000] {logging_mixin.py:190} INFO - [2026-08-23T07:13:36.710+0000] {dagbag.py:588} INFO - Filling up the DagBag from /opt/airflow/dags/weekly_segment.py
[2026-08-23T07:13:36.815+0000] {processor.py:925} INFO - DAG(s) 'weekly_segment' retrieved from /opt/airflow/dags/weekly_segment.py
[2026-08-23T07:13:36.837+0000] {logging_mixin.py:190} INFO - [2026-08-23T07:13:36.837+0000] {dag.py:3239} INFO - Sync 1 DAGs
[2026-08-23T07:13:36.855+0000] {logging_mixin.py:190} INFO - [2026-08-23T07:13:36.855+0000] {dag.py:4180} INFO - Setting next_dagrun for weekly_segment to 2026-08-22 16:00:00+00:00, run_after=2026-08-29 16:00:00+00:00
[2026-08-23T07:13:36.868+0000] {processor.py:208} INFO - Processing /opt/airflow/dags/weekly_segment.py took 0.168 seconds
[2026-08-23T07:14:07.158+0000] {processor.py:186} INFO - Started process (PID=7846) to work on /opt/airflow/dags/weekly_segment.py
[2026-08-23T07:14:07.159+0000] {processor.py:914} INFO - Processing file /opt/airflow/dags/weekly_segment.py for tasks to queue
[2026-08-23T07:14:07.161+0000] {logging_mixin.py:190} INFO - [2026-08-23T07:14:07.161+0000] {dagbag.py:588} INFO - Filling up the DagBag from /opt/airflow/dags/weekly_segment.py
[2026-08-23T07:14:07.253+0000] {processor.py:925} INFO - DAG(s) 'weekly_segment' retrieved from /opt/airflow/dags/weekly_segment.py
[2026-08-23T07:14:07.274+0000] {logging_mixin.py:190} INFO - [2026-08-23T07:14:07.274+0000] {dag.py:3239} INFO - Sync 1 DAGs
[2026-08-23T07:14:07.290+0000] {logging_mixin.py:190} INFO - [2026-08-23T07:14:07.290+0000] {dag.py:4180} INFO - Setting next_dagrun for weekly_segment to 2026-08-22 16:00:00+00:00, run_after=2026-08-29 16:00:00+00:00
[2026-08-23T07:14:07.304+0000] {processor.py:208} INFO - Processing /opt/airflow/dags/weekly_segment.py took 0.154 seconds
[2026-08-23T07:14:37.397+0000] {processor.py:186} INFO - Started process (PID=7856) to work on /opt/airflow/dags/weekly_segment.py
[2026-08-23T07:14:37.399+0000] {processor.py:914} INFO - Processing file /opt/airflow/dags/weekly_segment.py for tasks to queue
[2026-08-23T07:14:37.401+0000] {logging_mixin.py:190} INFO - [2026-08-23T07:14:37.401+0000] {dagbag.py:588} INFO - Filling up the DagBag from /opt/airflow/dags/weekly_segment.py
[2026-08-23T07:14:37.500+0000] {processor.py:925} INFO - DAG(s) 'weekly_segment' retrieved from /opt/airflow/dags/weekly_segment.py
[2026-08-23T07:14:37.523+0000] {logging_mixin.py:190} INFO - [2026-08-23T07:14:37.522+0000] {dag.py:3239} INFO - Sync 1 DAGs
[2026-08-23T07:14:37.540+0000] {logging_mixin.py:190} INFO - [2026-08-23T07:14:37.540+0000] {dag.py:4180} INFO - Setting next_dagrun for weekly_segment to 2026-08-22 16:00:00+00:00, run_after=2026-08-29 16:00:00+00:00
[2026-08-23T07:14:37.554+0000] {processor.py:208} INFO - Processing /opt/airflow/dags/weekly_segment.py took 0.163 seconds
[2026-08-23T07:15:07.882+0000] {processor.py:186} INFO - Started process (PID=7866) to work on /opt/airflow/dags/weekly_segment.py
[2026-08-23T07:15:07.884+0000] {processor.py:914} INFO - Processing file /opt/airflow/dags/weekly_segment.py for tasks to queue
[2026-08-23T07:15:07.886+0000] {logging_mixin.py:190} INFO - [2026-08-23T07:15:07.886+0000] {dagbag.py:588} INFO - Filling up the DagBag from /opt/airflow/dags/weekly_segment.py
[2026-08-23T07:15:07.977+0000] {processor.py:925} INFO - DAG(s) 'weekly_segment' retrieved from /opt/airflow/dags/weekly_segment.py
[2026-08-23T07:15:07.997+0000] {logging_mixin.py:190} INFO - [2026-08-23T07:15:07.996+0000] {dag.py:3239} INFO - Sync 1 DAGs
[2026-08-23T07:15:08.012+0000] {logging_mixin.py:190} INFO - [2026-08-23T07:15:08.012+0000] {dag.py:4180} INFO - Setting next_dagrun for weekly_segment to 2026-08-22 16:00:00+00:00, run_after=2026-08-29 16:00:00+00:00
[2026-08-23T07:15:08.024+0000] {processor.py:208} INFO - Processing /opt/airflow/dags/weekly_segment.py took 0.150 seconds
[2026-08-23T07:15:38.153+0000] {processor.py:186} INFO - Started process (PID=7876) to work on /opt/airflow/dags/weekly_segment.py
[2026-08-23T07:15:38.153+0000] {processor.py:914} INFO - Processing file /opt/airflow/dags/weekly_segment.py for tasks to queue
[2026-08-23T07:15:38.156+0000] {logging_mixin.py:190} INFO - [2026-08-23T07:15:38.155+0000] {dagbag.py:588} INFO - Filling up the DagBag from /opt/airflow/dags/weekly_segment.py
[2026-08-23T07:15:38.249+0000] {processor.py:925} INFO - DAG(s) 'weekly_segment' retrieved from /opt/airflow/dags/weekly_segment.py
[2026-08-23T07:15:38.270+0000] {logging_mixin.py:190} INFO - [2026-08-23T07:15:38.270+0000] {dag.py:3239} INFO - Sync 1 DAGs
[2026-08-23T07:15:38.287+0000] {logging_mixin.py:190} INFO - [2026-08-23T07:15:38.287+0000] {dag.py:4180} INFO - Setting next_dagrun for weekly_segment to 2026-08-22 16:00:00+00:00, run_after=2026-08-29 16:00:00+00:00
[2026-08-23T07:15:38.301+0000] {processor.py:208} INFO - Processing /opt/airflow/dags/weekly_segment.py took 0.154 seconds
[2026-08-23T07:16:08.442+0000] {processor.py:186} INFO - Started process (PID=7886) to work on /opt/airflow/dags/weekly_segment.py
[2026-08-23T07:16:08.443+0000] {processor.py:914} INFO - Processing file /opt/airflow/dags/weekly_segment.py for tasks to queue
[2026-08-23T07:16:08.445+0000] {logging_mixin.py:190} INFO - [2026-08-23T07:16:08.445+0000] {dagbag.py:588} INFO - Filling up the DagBag from /opt/airflow/dags/weekly_segment.py
[2026-08-23T07:16:08.536+0000] {processor.py:925} INFO - DAG(s) 'weekly_segment' retrieved from /opt/airflow/dags/weekly_segment.py
[2026-08-23T07:16:08.556+0000] {logging_mixin.py:190} INFO - [2026-08-23T07:16:08.556+0000] {dag.py:3239} INFO - Sync 1 DAGs
[2026-08-23T07:16:08.573+0000] {logging_mixin.py:190} INFO - [2026-08-23T07:16:08.573+0000] {dag.py:4180} INFO - Setting next_dagrun for weekly_segment to 2026-08-22 16:00:00+00:00, run_after=2026-08-29 16:00:00+00:00
[2026-08-23T07:16:08.590+0000] {processor.py:208} INFO - Processing /opt/airflow/dags/weekly_segment.py took 0.154 seconds
[2026-08-23T07:16:38.806+0000] {processor.py:186} INFO - Started process (PID=7896) to work on /opt/airflow/dags/weekly_segment.py
[2026-08-23T07:16:38.807+0000] {processor.py:914} INFO - Processing file /opt/airflow/dags/weekly_segment.py for tasks to queue
[2026-08-23T07:16:38.809+0000] {logging_mixin.py:190} INFO - [2026-08-23T07:16:38.809+0000] {dagbag.py:588} INFO - Filling up the DagBag from /opt/airflow/dags/weekly_segment.py
[2026-08-23T07:16:38.916+0000] {processor.py:925} INFO - DAG(s) 'weekly_segment' retrieved from /opt/airflow/dags/weekly_segment.py
[2026-08-23T07:16:38.938+0000] {logging_mixin.py:190} INFO - [2026-08-23T07:16:38.937+0000] {dag.py:3239} INFO - Sync 1 DAGs
[2026-08-23T07:16:38.957+0000] {logging_mixin.py:190} INFO - [2026-08-23T07:16:38.956+0000] {dag.py:4180} INFO - Setting next_dagrun for weekly_segment to 2026-08-22 16:00:00+00:00, run_after=2026-08-29 16:00:00+00:00
[2026-08-23T07:16:38.974+0000] {processor.py:208} INFO - Processing /opt/airflow/dags/weekly_segment.py took 0.177 seconds
[2026-08-23T07:17:09.025+0000] {processor.py:186} INFO - Started process (PID=7906) to work on /opt/airflow/dags/weekly_segment.py
[2026-08-23T07:17:09.026+0000] {processor.py:914} INFO - Processing file /opt/airflow/dags/weekly_segment.py for tasks to queue
[2026-08-23T07:17:09.029+0000] {logging_mixin.py:190} INFO - [2026-08-23T07:17:09.028+0000] {dagbag.py:588} INFO - Filling up the DagBag from /opt/airflow/dags/weekly_segment.py
[2026-08-23T07:17:09.140+0000] {processor.py:925} INFO - DAG(s) 'weekly_segment' retrieved from /opt/airflow/dags/weekly_segment.py
[2026-08-23T07:17:09.164+0000] {logging_mixin.py:190} INFO - [2026-08-23T07:17:09.164+0000] {dag.py:3239} INFO - Sync 1 DAGs
[2026-08-23T07:17:09.182+0000] {logging_mixin.py:190} INFO - [2026-08-23T07:17:09.181+0000] {dag.py:4180} INFO - Setting next_dagrun for weekly_segment to 2026-08-22 16:00:00+00:00, run_after=2026-08-29 16:00:00+00:00
[2026-08-23T07:17:09.195+0000] {processor.py:208} INFO - Processing /opt/airflow/dags/weekly_segment.py took 0.178 seconds
[2026-08-23T07:17:39.320+0000] {processor.py:186} INFO - Started process (PID=7916) to work on /opt/airflow/dags/weekly_segment.py
[2026-08-23T07:17:39.321+0000] {processor.py:914} INFO - Processing file /opt/airflow/dags/weekly_segment.py for tasks to queue
[2026-08-23T07:17:39.323+0000] {logging_mixin.py:190} INFO - [2026-08-23T07:17:39.323+0000] {dagbag.py:588} INFO - Filling up the DagBag from /opt/airflow/dags/weekly_segment.py
[2026-08-23T07:17:39.432+0000] {processor.py:925} INFO - DAG(s) 'weekly_segment' retrieved from /opt/airflow/dags/weekly_segment.py
[2026-08-23T07:17:39.453+0000] {logging_mixin.py:190} INFO - [2026-08-23T07:17:39.453+0000] {dag.py:3239} INFO - Sync 1 DAGs
[2026-08-23T07:17:39.470+0000] {logging_mixin.py:190} INFO - [2026-08-23T07:17:39.470+0000] {dag.py:4180} INFO - Setting next_dagrun for weekly_segment to 2026-08-22 16:00:00+00:00, run_after=2026-08-29 16:00:00+00:00
[2026-08-23T07:17:39.483+0000] {processor.py:208} INFO - Processing /opt/airflow/dags/weekly_segment.py took 0.171 seconds
[2026-08-23T07:18:09.546+0000] {processor.py:186} INFO - Started process (PID=7926) to work on /opt/airflow/dags/weekly_segment.py
[2026-08-23T07:18:09.547+0000] {processor.py:914} INFO - Processing file /opt/airflow/dags/weekly_segment.py for tasks to queue
[2026-08-23T07:18:09.549+0000] {logging_mixin.py:190} INFO - [2026-08-23T07:18:09.549+0000] {dagbag.py:588} INFO - Filling up the DagBag from /opt/airflow/dags/weekly_segment.py
[2026-08-23T07:18:09.651+0000] {processor.py:925} INFO - DAG(s) 'weekly_segment' retrieved from /opt/airflow/dags/weekly_segment.py
[2026-08-23T07:18:09.673+0000] {logging_mixin.py:190} INFO - [2026-08-23T07:18:09.673+0000] {dag.py:3239} INFO - Sync 1 DAGs
[2026-08-23T07:18:09.690+0000] {logging_mixin.py:190} INFO - [2026-08-23T07:18:09.690+0000] {dag.py:4180} INFO - Setting next_dagrun for weekly_segment to 2026-08-22 16:00:00+00:00, run_after=2026-08-29 16:00:00+00:00
[2026-08-23T07:18:09.704+0000] {processor.py:208} INFO - Processing /opt/airflow/dags/weekly_segment.py took 0.165 seconds
[2026-08-23T07:18:39.845+0000] {processor.py:186} INFO - Started process (PID=7936) to work on /opt/airflow/dags/weekly_segment.py
[2026-08-23T07:18:39.846+0000] {processor.py:914} INFO - Processing file /opt/airflow/dags/weekly_segment.py for tasks to queue
[2026-08-23T07:18:39.849+0000] {logging_mixin.py:190} INFO - [2026-08-23T07:18:39.848+0000] {dagbag.py:588} INFO - Filling up the DagBag from /opt/airflow/dags/weekly_segment.py
[2026-08-23T07:18:39.949+0000] {processor.py:925} INFO - DAG(s) 'weekly_segment' retrieved from /opt/airflow/dags/weekly_segment.py
[2026-08-23T07:18:39.971+0000] {logging_mixin.py:190} INFO - [2026-08-23T07:18:39.970+0000] {dag.py:3239} INFO - Sync 1 DAGs
[2026-08-23T07:18:39.988+0000] {logging_mixin.py:190} INFO - [2026-08-23T07:18:39.987+0000] {dag.py:4180} INFO - Setting next_dagrun for weekly_segment to 2026-08-22 16:00:00+00:00, run_after=2026-08-29 16:00:00+00:00
[2026-08-23T07:18:40.003+0000] {processor.py:208} INFO - Processing /opt/airflow/dags/weekly_segment.py took 0.164 seconds
[2026-08-23T07:19:10.069+0000] {processor.py:186} INFO - Started process (PID=7946) to work on /opt/airflow/dags/weekly_segment.py
[2026-08-23T07:19:10.070+0000] {processor.py:914} INFO - Processing file /opt/airflow/dags/weekly_segment.py for tasks to queue
[2026-08-23T07:19:10.074+0000] {logging_mixin.py:190} INFO - [2026-08-23T07:19:10.073+0000] {dagbag.py:588} INFO - Filling up the DagBag from /opt/airflow/dags/weekly_segment.py
[2026-08-23T07:19:10.201+0000] {processor.py:925} INFO - DAG(s) 'weekly_segment' retrieved from /opt/airflow/dags/weekly_segment.py
[2026-08-23T07:19:10.225+0000] {logging_mixin.py:190} INFO - [2026-08-23T07:19:10.224+0000] {dag.py:3239} INFO - Sync 1 DAGs
[2026-08-23T07:19:10.244+0000] {logging_mixin.py:190} INFO - [2026-08-23T07:19:10.244+0000] {dag.py:4180} INFO - Setting next_dagrun for weekly_segment to 2026-08-22 16:00:00+00:00, run_after=2026-08-29 16:00:00+00:00
[2026-08-23T07:19:10.260+0000] {processor.py:208} INFO - Processing /opt/airflow/dags/weekly_segment.py took 0.199 seconds
[2026-08-23T07:19:40.353+0000] {processor.py:186} INFO - Started process (PID=7956) to work on /opt/airflow/dags/weekly_segment.py
[2026-08-23T07:19:40.355+0000] {processor.py:914} INFO - Processing file /opt/airflow/dags/weekly_segment.py for tasks to queue
[2026-08-23T07:19:40.357+0000] {logging_mixin.py:190} INFO - [2026-08-23T07:19:40.357+0000] {dagbag.py:588} INFO - Filling up the DagBag from /opt/airflow/dags/weekly_segment.py
[2026-08-23T07:19:40.469+0000] {processor.py:925} INFO - DAG(s) 'weekly_segment' retrieved from /opt/airflow/dags/weekly_segment.py
[2026-08-23T07:19:40.490+0000] {logging_mixin.py:190} INFO - [2026-08-23T07:19:40.490+0000] {dag.py:3239} INFO - Sync 1 DAGs
[2026-08-23T07:19:40.508+0000] {logging_mixin.py:190} INFO - [2026-08-23T07:19:40.508+0000] {dag.py:4180} INFO - Setting next_dagrun for weekly_segment to 2026-08-22 16:00:00+00:00, run_after=2026-08-29 16:00:00+00:00
[2026-08-23T07:19:40.522+0000] {processor.py:208} INFO - Processing /opt/airflow/dags/weekly_segment.py took 0.175 seconds
[2026-08-23T07:20:10.606+0000] {processor.py:186} INFO - Started process (PID=7966) to work on /opt/airflow/dags/weekly_segment.py
[2026-08-23T07:20:10.607+0000] {processor.py:914} INFO - Processing file /opt/airflow/dags/weekly_segment.py for tasks to queue
[2026-08-23T07:20:10.609+0000] {logging_mixin.py:190} INFO - [2026-08-23T07:20:10.609+0000] {dagbag.py:588} INFO - Filling up the DagBag from /opt/airflow/dags/weekly_segment.py
[2026-08-23T07:20:10.713+0000] {processor.py:925} INFO - DAG(s) 'weekly_segment' retrieved from /opt/airflow/dags/weekly_segment.py
[2026-08-23T07:20:10.736+0000] {logging_mixin.py:190} INFO - [2026-08-23T07:20:10.736+0000] {dag.py:3239} INFO - Sync 1 DAGs
[2026-08-23T07:20:10.754+0000] {logging_mixin.py:190} INFO - [2026-08-23T07:20:10.754+0000] {dag.py:4180} INFO - Setting next_dagrun for weekly_segment to 2026-08-22 16:00:00+00:00, run_after=2026-08-29 16:00:00+00:00
[2026-08-23T07:20:10.770+0000] {processor.py:208} INFO - Processing /opt/airflow/dags/weekly_segment.py took 0.170 seconds
[2026-08-23T07:20:40.877+0000] {processor.py:186} INFO - Started process (PID=7976) to work on /opt/airflow/dags/weekly_segment.py
[2026-08-23T07:20:40.878+0000] {processor.py:914} INFO - Processing file /opt/airflow/dags/weekly_segment.py for tasks to queue
[2026-08-23T07:20:40.880+0000] {logging_mixin.py:190} INFO - [2026-08-23T07:20:40.880+0000] {dagbag.py:588} INFO - Filling up the DagBag from /opt/airflow/dags/weekly_segment.py
[2026-08-23T07:20:40.981+0000] {processor.py:925} INFO - DAG(s) 'weekly_segment' retrieved from /opt/airflow/dags/weekly_segment.py
[2026-08-23T07:20:41.003+0000] {logging_mixin.py:190} INFO - [2026-08-23T07:20:41.003+0000] {dag.py:3239} INFO - Sync 1 DAGs
[2026-08-23T07:20:41.021+0000] {logging_mixin.py:190} INFO - [2026-08-23T07:20:41.021+0000] {dag.py:4180} INFO - Setting next_dagrun for weekly_segment to 2026-08-22 16:00:00+00:00, run_after=2026-08-29 16:00:00+00:00
[2026-08-23T07:20:41.036+0000] {processor.py:208} INFO - Processing /opt/airflow/dags/weekly_segment.py took 0.166 seconds
[2026-08-23T07:21:11.154+0000] {processor.py:186} INFO - Started process (PID=7986) to work on /opt/airflow/dags/weekly_segment.py
[2026-08-23T07:21:11.155+0000] {processor.py:914} INFO - Processing file /opt/airflow/dags/weekly_segment.py for tasks to queue
[2026-08-23T07:21:11.157+0000] {logging_mixin.py:190} INFO - [2026-08-23T07:21:11.157+0000] {dagbag.py:588} INFO - Filling up the DagBag from /opt/airflow/dags/weekly_segment.py
[2026-08-23T07:21:11.300+0000] {processor.py:925} INFO - DAG(s) 'weekly_segment' retrieved from /opt/airflow/dags/weekly_segment.py
[2026-08-23T07:21:11.326+0000] {logging_mixin.py:190} INFO - [2026-08-23T07:21:11.325+0000] {dag.py:3239} INFO - Sync 1 DAGs
[2026-08-23T07:21:11.345+0000] {logging_mixin.py:190} INFO - [2026-08-23T07:21:11.345+0000] {dag.py:4180} INFO - Setting next_dagrun for weekly_segment to 2026-08-22 16:00:00+00:00, run_after=2026-08-29 16:00:00+00:00
[2026-08-23T07:21:11.362+0000] {processor.py:208} INFO - Processing /opt/airflow/dags/weekly_segment.py took 0.216 seconds
[2026-08-23T07:21:41.481+0000] {processor.py:186} INFO - Started process (PID=7996) to work on /opt/airflow/dags/weekly_segment.py
[2026-08-23T07:21:41.483+0000] {processor.py:914} INFO - Processing file /opt/airflow/dags/weekly_segment.py for tasks to queue
[2026-08-23T07:21:41.485+0000] {logging_mixin.py:190} INFO - [2026-08-23T07:21:41.485+0000] {dagbag.py:588} INFO - Filling up the DagBag from /opt/airflow/dags/weekly_segment.py
[2026-08-23T07:21:41.620+0000] {processor.py:925} INFO - DAG(s) 'weekly_segment' retrieved from /opt/airflow/dags/weekly_segment.py
[2026-08-23T07:21:41.638+0000] {logging_mixin.py:190} INFO - [2026-08-23T07:21:41.638+0000] {dag.py:3239} INFO - Sync 1 DAGs
[2026-08-23T07:21:41.655+0000] {logging_mixin.py:190} INFO - [2026-08-23T07:21:41.655+0000] {dag.py:4180} INFO - Setting next_dagrun for weekly_segment to 2026-08-22 16:00:00+00:00, run_after=2026-08-29 16:00:00+00:00
[2026-08-23T07:21:41.667+0000] {processor.py:208} INFO - Processing /opt/airflow/dags/weekly_segment.py took 0.193 seconds
[2026-08-23T07:22:11.846+0000] {processor.py:186} INFO - Started process (PID=8006) to work on /opt/airflow/dags/weekly_segment.py
[2026-08-23T07:22:11.847+0000] {processor.py:914} INFO - Processing file /opt/airflow/dags/weekly_segment.py for tasks to queue
[2026-08-23T07:22:11.850+0000] {logging_mixin.py:190} INFO - [2026-08-23T07:22:11.850+0000] {dagbag.py:588} INFO - Filling up the DagBag from /opt/airflow/dags/weekly_segment.py
[2026-08-23T07:22:11.962+0000] {processor.py:925} INFO - DAG(s) 'weekly_segment' retrieved from /opt/airflow/dags/weekly_segment.py
[2026-08-23T07:22:11.983+0000] {logging_mixin.py:190} INFO - [2026-08-23T07:22:11.983+0000] {dag.py:3239} INFO - Sync 1 DAGs
[2026-08-23T07:22:12.002+0000] {logging_mixin.py:190} INFO - [2026-08-23T07:22:12.002+0000] {dag.py:4180} INFO - Setting next_dagrun for weekly_segment to 2026-08-22 16:00:00+00:00, run_after=2026-08-29 16:00:00+00:00
[2026-08-23T07:22:12.016+0000] {processor.py:208} INFO - Processing /opt/airflow/dags/weekly_segment.py took 0.178 seconds
[2026-08-23T07:22:42.153+0000] {processor.py:186} INFO - Started process (PID=8016) to work on /opt/airflow/dags/weekly_segment.py
[2026-08-23T07:22:42.154+0000] {processor.py:914} INFO - Processing file /opt/airflow/dags/weekly_segment.py for tasks to queue
[2026-08-23T07:22:42.156+0000] {logging_mixin.py:190} INFO - [2026-08-23T07:22:42.155+0000] {dagbag.py:588} INFO - Filling up the DagBag from /opt/airflow/dags/weekly_segment.py
[2026-08-23T07:22:42.257+0000] {processor.py:925} INFO - DAG(s) 'weekly_segment' retrieved from /opt/airflow/dags/weekly_segment.py
[2026-08-23T07:22:42.278+0000] {logging_mixin.py:190} INFO - [2026-08-23T07:22:42.278+0000] {dag.py:3239} INFO - Sync 1 DAGs
[2026-08-23T07:22:42.296+0000] {logging_mixin.py:190} INFO - [2026-08-23T07:22:42.296+0000] {dag.py:4180} INFO - Setting next_dagrun for weekly_segment to 2026-08-22 16:00:00+00:00, run_after=2026-08-29 16:00:00+00:00
[2026-08-23T07:22:42.309+0000] {processor.py:208} INFO - Processing /opt/airflow/dags/weekly_segment.py took 0.163 seconds
[2026-08-23T07:23:12.411+0000] {processor.py:186} INFO - Started process (PID=8026) to work on /opt/airflow/dags/weekly_segment.py
[2026-08-23T07:23:12.412+0000] {processor.py:914} INFO - Processing file /opt/airflow/dags/weekly_segment.py for tasks to queue
[2026-08-23T07:23:12.414+0000] {logging_mixin.py:190} INFO - [2026-08-23T07:23:12.414+0000] {dagbag.py:588} INFO - Filling up the DagBag from /opt/airflow/dags/weekly_segment.py
[2026-08-23T07:23:12.518+0000] {processor.py:925} INFO - DAG(s) 'weekly_segment' retrieved from /opt/airflow/dags/weekly_segment.py
[2026-08-23T07:23:12.539+0000] {logging_mixin.py:190} INFO - [2026-08-23T07:23:12.539+0000] {dag.py:3239} INFO - Sync 1 DAGs
[2026-08-23T07:23:12.556+0000] {logging_mixin.py:190} INFO - [2026-08-23T07:23:12.556+0000] {dag.py:4180} INFO - Setting next_dagrun for weekly_segment to 2026-08-22 16:00:00+00:00, run_after=2026-08-29 16:00:00+00:00
[2026-08-23T07:23:12.570+0000] {processor.py:208} INFO - Processing /opt/airflow/dags/weekly_segment.py took 0.165 seconds
[2026-08-23T07:23:42.652+0000] {processor.py:186} INFO - Started process (PID=8036) to work on /opt/airflow/dags/weekly_segment.py
[2026-08-23T07:23:42.654+0000] {processor.py:914} INFO - Processing file /opt/airflow/dags/weekly_segment.py for tasks to queue
[2026-08-23T07:23:42.656+0000] {logging_mixin.py:190} INFO - [2026-08-23T07:23:42.656+0000] {dagbag.py:588} INFO - Filling up the DagBag from /opt/airflow/dags/weekly_segment.py
[2026-08-23T07:23:42.775+0000] {processor.py:925} INFO - DAG(s) 'weekly_segment' retrieved from /opt/airflow/dags/weekly_segment.py
[2026-08-23T07:23:42.799+0000] {logging_mixin.py:190} INFO - [2026-08-23T07:23:42.799+0000] {dag.py:3239} INFO - Sync 1 DAGs
[2026-08-23T07:23:42.817+0000] {logging_mixin.py:190} INFO - [2026-08-23T07:23:42.817+0000] {dag.py:4180} INFO - Setting next_dagrun for weekly_segment to 2026-08-22 16:00:00+00:00, run_after=2026-08-29 16:00:00+00:00
[2026-08-23T07:23:42.833+0000] {processor.py:208} INFO - Processing /opt/airflow/dags/weekly_segment.py took 0.188 seconds
[2026-08-23T07:24:12.905+0000] {processor.py:186} INFO - Started process (PID=8046) to work on /opt/airflow/dags/weekly_segment.py
[2026-08-23T07:24:12.906+0000] {processor.py:914} INFO - Processing file /opt/airflow/dags/weekly_segment.py for tasks to queue
[2026-08-23T07:24:12.909+0000] {logging_mixin.py:190} INFO - [2026-08-23T07:24:12.908+0000] {dagbag.py:588} INFO - Filling up the DagBag from /opt/airflow/dags/weekly_segment.py
[2026-08-23T07:24:13.016+0000] {processor.py:925} INFO - DAG(s) 'weekly_segment' retrieved from /opt/airflow/dags/weekly_segment.py
[2026-08-23T07:24:13.039+0000] {logging_mixin.py:190} INFO - [2026-08-23T07:24:13.039+0000] {dag.py:3239} INFO - Sync 1 DAGs
[2026-08-23T07:24:13.060+0000] {logging_mixin.py:190} INFO - [2026-08-23T07:24:13.060+0000] {dag.py:4180} INFO - Setting next_dagrun for weekly_segment to 2026-08-22 16:00:00+00:00, run_after=2026-08-29 16:00:00+00:00
[2026-08-23T07:24:13.076+0000] {processor.py:208} INFO - Processing /opt/airflow/dags/weekly_segment.py took 0.179 seconds
[2026-08-23T07:24:43.178+0000] {processor.py:186} INFO - Started process (PID=8056) to work on /opt/airflow/dags/weekly_segment.py
[2026-08-23T07:24:43.179+0000] {processor.py:914} INFO - Processing file /opt/airflow/dags/weekly_segment.py for tasks to queue
[2026-08-23T07:24:43.181+0000] {logging_mixin.py:190} INFO - [2026-08-23T07:24:43.181+0000] {dagbag.py:588} INFO - Filling up the DagBag from /opt/airflow/dags/weekly_segment.py
[2026-08-23T07:24:43.279+0000] {processor.py:925} INFO - DAG(s) 'weekly_segment' retrieved from /opt/airflow/dags/weekly_segment.py
[2026-08-23T07:24:43.301+0000] {logging_mixin.py:190} INFO - [2026-08-23T07:24:43.301+0000] {dag.py:3239} INFO - Sync 1 DAGs
[2026-08-23T07:24:43.320+0000] {logging_mixin.py:190} INFO - [2026-08-23T07:24:43.320+0000] {dag.py:4180} INFO - Setting next_dagrun for weekly_segment to 2026-08-22 16:00:00+00:00, run_after=2026-08-29 16:00:00+00:00
[2026-08-23T07:24:43.335+0000] {processor.py:208} INFO - Processing /opt/airflow/dags/weekly_segment.py took 0.164 seconds
[2026-08-23T07:25:13.605+0000] {processor.py:186} INFO - Started process (PID=8066) to work on /opt/airflow/dags/weekly_segment.py
[2026-08-23T07:25:13.606+0000] {processor.py:914} INFO - Processing file /opt/airflow/dags/weekly_segment.py for tasks to queue
[2026-08-23T07:25:13.608+0000] {logging_mixin.py:190} INFO - [2026-08-23T07:25:13.608+0000] {dagbag.py:588} INFO - Filling up the DagBag from /opt/airflow/dags/weekly_segment.py
[2026-08-23T07:25:13.706+0000] {processor.py:925} INFO - DAG(s) 'weekly_segment' retrieved from /opt/airflow/dags/weekly_segment.py
[2026-08-23T07:25:13.728+0000] {logging_mixin.py:190} INFO - [2026-08-23T07:25:13.728+0000] {dag.py:3239} INFO - Sync 1 DAGs
[2026-08-23T07:25:13.745+0000] {logging_mixin.py:190} INFO - [2026-08-23T07:25:13.745+0000] {dag.py:4180} INFO - Setting next_dagrun for weekly_segment to 2026-08-22 16:00:00+00:00, run_after=2026-08-29 16:00:00+00:00
[2026-08-23T07:25:13.763+0000] {processor.py:208} INFO - Processing /opt/airflow/dags/weekly_segment.py took 0.164 seconds
[2026-08-23T07:25:43.931+0000] {processor.py:186} INFO - Started process (PID=8076) to work on /opt/airflow/dags/weekly_segment.py
[2026-08-23T07:25:43.932+0000] {processor.py:914} INFO - Processing file /opt/airflow/dags/weekly_segment.py for tasks to queue
[2026-08-23T07:25:43.934+0000] {logging_mixin.py:190} INFO - [2026-08-23T07:25:43.934+0000] {dagbag.py:588} INFO - Filling up the DagBag from /opt/airflow/dags/weekly_segment.py
[2026-08-23T07:25:44.028+0000] {processor.py:925} INFO - DAG(s) 'weekly_segment' retrieved from /opt/airflow/dags/weekly_segment.py
[2026-08-23T07:25:44.048+0000] {logging_mixin.py:190} INFO - [2026-08-23T07:25:44.048+0000] {dag.py:3239} INFO - Sync 1 DAGs
[2026-08-23T07:25:44.064+0000] {logging_mixin.py:190} INFO - [2026-08-23T07:25:44.063+0000] {dag.py:4180} INFO - Setting next_dagrun for weekly_segment to 2026-08-22 16:00:00+00:00, run_after=2026-08-29 16:00:00+00:00
[2026-08-23T07:25:44.076+0000] {processor.py:208} INFO - Processing /opt/airflow/dags/weekly_segment.py took 0.151 seconds
[2026-08-23T07:26:14.300+0000] {processor.py:186} INFO - Started process (PID=8086) to work on /opt/airflow/dags/weekly_segment.py
[2026-08-23T07:26:14.302+0000] {processor.py:914} INFO - Processing file /opt/airflow/dags/weekly_segment.py for tasks to queue
[2026-08-23T07:26:14.304+0000] {logging_mixin.py:190} INFO - [2026-08-23T07:26:14.304+0000] {dagbag.py:588} INFO - Filling up the DagBag from /opt/airflow/dags/weekly_segment.py
[2026-08-23T07:26:14.405+0000] {processor.py:925} INFO - DAG(s) 'weekly_segment' retrieved from /opt/airflow/dags/weekly_segment.py
[2026-08-23T07:26:14.427+0000] {logging_mixin.py:190} INFO - [2026-08-23T07:26:14.427+0000] {dag.py:3239} INFO - Sync 1 DAGs
[2026-08-23T07:26:14.445+0000] {logging_mixin.py:190} INFO - [2026-08-23T07:26:14.445+0000] {dag.py:4180} INFO - Setting next_dagrun for weekly_segment to 2026-08-22 16:00:00+00:00, run_after=2026-08-29 16:00:00+00:00
[2026-08-23T07:26:14.461+0000] {processor.py:208} INFO - Processing /opt/airflow/dags/weekly_segment.py took 0.168 seconds
[2026-08-23T07:26:44.516+0000] {processor.py:186} INFO - Started process (PID=8096) to work on /opt/airflow/dags/weekly_segment.py
[2026-08-23T07:26:44.517+0000] {processor.py:914} INFO - Processing file /opt/airflow/dags/weekly_segment.py for tasks to queue
[2026-08-23T07:26:44.518+0000] {logging_mixin.py:190} INFO - [2026-08-23T07:26:44.518+0000] {dagbag.py:588} INFO - Filling up the DagBag from /opt/airflow/dags/weekly_segment.py
[2026-08-23T07:26:44.616+0000] {processor.py:925} INFO - DAG(s) 'weekly_segment' retrieved from /opt/airflow/dags/weekly_segment.py
[2026-08-23T07:26:44.637+0000] {logging_mixin.py:190} INFO - [2026-08-23T07:26:44.637+0000] {dag.py:3239} INFO - Sync 1 DAGs
[2026-08-23T07:26:44.654+0000] {logging_mixin.py:190} INFO - [2026-08-23T07:26:44.654+0000] {dag.py:4180} INFO - Setting next_dagrun for weekly_segment to 2026-08-22 16:00:00+00:00, run_after=2026-08-29 16:00:00+00:00
[2026-08-23T07:26:44.668+0000] {processor.py:208} INFO - Processing /opt/airflow/dags/weekly_segment.py took 0.158 seconds
[2026-08-23T07:27:14.819+0000] {processor.py:186} INFO - Started process (PID=8106) to work on /opt/airflow/dags/weekly_segment.py
[2026-08-23T07:27:14.820+0000] {processor.py:914} INFO - Processing file /opt/airflow/dags/weekly_segment.py for tasks to queue
[2026-08-23T07:27:14.823+0000] {logging_mixin.py:190} INFO - [2026-08-23T07:27:14.822+0000] {dagbag.py:588} INFO - Filling up the DagBag from /opt/airflow/dags/weekly_segment.py
[2026-08-23T07:27:14.923+0000] {processor.py:925} INFO - DAG(s) 'weekly_segment' retrieved from /opt/airflow/dags/weekly_segment.py
[2026-08-23T07:27:14.945+0000] {logging_mixin.py:190} INFO - [2026-08-23T07:27:14.944+0000] {dag.py:3239} INFO - Sync 1 DAGs
[2026-08-23T07:27:14.963+0000] {logging_mixin.py:190} INFO - [2026-08-23T07:27:14.963+0000] {dag.py:4180} INFO - Setting next_dagrun for weekly_segment to 2026-08-22 16:00:00+00:00, run_after=2026-08-29 16:00:00+00:00
[2026-08-23T07:27:14.978+0000] {processor.py:208} INFO - Processing /opt/airflow/dags/weekly_segment.py took 0.165 seconds
[2026-08-23T07:27:45.013+0000] {processor.py:186} INFO - Started process (PID=8116) to work on /opt/airflow/dags/weekly_segment.py
[2026-08-23T07:27:45.014+0000] {processor.py:914} INFO - Processing file /opt/airflow/dags/weekly_segment.py for tasks to queue
[2026-08-23T07:27:45.016+0000] {logging_mixin.py:190} INFO - [2026-08-23T07:27:45.016+0000] {dagbag.py:588} INFO - Filling up the DagBag from /opt/airflow/dags/weekly_segment.py
[2026-08-23T07:27:45.117+0000] {processor.py:925} INFO - DAG(s) 'weekly_segment' retrieved from /opt/airflow/dags/weekly_segment.py
[2026-08-23T07:27:45.139+0000] {logging_mixin.py:190} INFO - [2026-08-23T07:27:45.139+0000] {dag.py:3239} INFO - Sync 1 DAGs
[2026-08-23T07:27:45.159+0000] {logging_mixin.py:190} INFO - [2026-08-23T07:27:45.159+0000] {dag.py:4180} INFO - Setting next_dagrun for weekly_segment to 2026-08-22 16:00:00+00:00, run_after=2026-08-29 16:00:00+00:00
[2026-08-23T07:27:45.173+0000] {processor.py:208} INFO - Processing /opt/airflow/dags/weekly_segment.py took 0.166 seconds
[2026-08-23T07:28:15.320+0000] {processor.py:186} INFO - Started process (PID=8126) to work on /opt/airflow/dags/weekly_segment.py
[2026-08-23T07:28:15.321+0000] {processor.py:914} INFO - Processing file /opt/airflow/dags/weekly_segment.py for tasks to queue
[2026-08-23T07:28:15.325+0000] {logging_mixin.py:190} INFO - [2026-08-23T07:28:15.325+0000] {dagbag.py:588} INFO - Filling up the DagBag from /opt/airflow/dags/weekly_segment.py
[2026-08-23T07:28:15.441+0000] {processor.py:925} INFO - DAG(s) 'weekly_segment' retrieved from /opt/airflow/dags/weekly_segment.py
[2026-08-23T07:28:15.464+0000] {logging_mixin.py:190} INFO - [2026-08-23T07:28:15.464+0000] {dag.py:3239} INFO - Sync 1 DAGs
[2026-08-23T07:28:15.482+0000] {logging_mixin.py:190} INFO - [2026-08-23T07:28:15.481+0000] {dag.py:4180} INFO - Setting next_dagrun for weekly_segment to 2026-08-22 16:00:00+00:00, run_after=2026-08-29 16:00:00+00:00
[2026-08-23T07:28:15.496+0000] {processor.py:208} INFO - Processing /opt/airflow/dags/weekly_segment.py took 0.185 seconds
[2026-08-23T07:28:45.679+0000] {processor.py:186} INFO - Started process (PID=8136) to work on /opt/airflow/dags/weekly_segment.py
[2026-08-23T07:28:45.680+0000] {processor.py:914} INFO - Processing file /opt/airflow/dags/weekly_segment.py for tasks to queue
[2026-08-23T07:28:45.682+0000] {logging_mixin.py:190} INFO - [2026-08-23T07:28:45.682+0000] {dagbag.py:588} INFO - Filling up the DagBag from /opt/airflow/dags/weekly_segment.py
[2026-08-23T07:28:45.787+0000] {processor.py:925} INFO - DAG(s) 'weekly_segment' retrieved from /opt/airflow/dags/weekly_segment.py
[2026-08-23T07:28:45.809+0000] {logging_mixin.py:190} INFO - [2026-08-23T07:28:45.808+0000] {dag.py:3239} INFO - Sync 1 DAGs
[2026-08-23T07:28:45.826+0000] {logging_mixin.py:190} INFO - [2026-08-23T07:28:45.825+0000] {dag.py:4180} INFO - Setting next_dagrun for weekly_segment to 2026-08-22 16:00:00+00:00, run_after=2026-08-29 16:00:00+00:00
[2026-08-23T07:28:45.841+0000] {processor.py:208} INFO - Processing /opt/airflow/dags/weekly_segment.py took 0.168 seconds
[2026-08-23T07:29:16.021+0000] {processor.py:186} INFO - Started process (PID=8146) to work on /opt/airflow/dags/weekly_segment.py
[2026-08-23T07:29:16.022+0000] {processor.py:914} INFO - Processing file /opt/airflow/dags/weekly_segment.py for tasks to queue
[2026-08-23T07:29:16.024+0000] {logging_mixin.py:190} INFO - [2026-08-23T07:29:16.024+0000] {dagbag.py:588} INFO - Filling up the DagBag from /opt/airflow/dags/weekly_segment.py
[2026-08-23T07:29:16.128+0000] {processor.py:925} INFO - DAG(s) 'weekly_segment' retrieved from /opt/airflow/dags/weekly_segment.py
[2026-08-23T07:29:16.151+0000] {logging_mixin.py:190} INFO - [2026-08-23T07:29:16.151+0000] {dag.py:3239} INFO - Sync 1 DAGs
[2026-08-23T07:29:16.172+0000] {logging_mixin.py:190} INFO - [2026-08-23T07:29:16.172+0000] {dag.py:4180} INFO - Setting next_dagrun for weekly_segment to 2026-08-22 16:00:00+00:00, run_after=2026-08-29 16:00:00+00:00
[2026-08-23T07:29:16.192+0000] {processor.py:208} INFO - Processing /opt/airflow/dags/weekly_segment.py took 0.178 seconds
[2026-08-23T07:29:46.369+0000] {processor.py:186} INFO - Started process (PID=8156) to work on /opt/airflow/dags/weekly_segment.py
[2026-08-23T07:29:46.370+0000] {processor.py:914} INFO - Processing file /opt/airflow/dags/weekly_segment.py for tasks to queue
[2026-08-23T07:29:46.373+0000] {logging_mixin.py:190} INFO - [2026-08-23T07:29:46.372+0000] {dagbag.py:588} INFO - Filling up the DagBag from /opt/airflow/dags/weekly_segment.py
[2026-08-23T07:29:46.517+0000] {processor.py:925} INFO - DAG(s) 'weekly_segment' retrieved from /opt/airflow/dags/weekly_segment.py
[2026-08-23T07:29:46.539+0000] {logging_mixin.py:190} INFO - [2026-08-23T07:29:46.539+0000] {dag.py:3239} INFO - Sync 1 DAGs
[2026-08-23T07:29:46.558+0000] {logging_mixin.py:190} INFO - [2026-08-23T07:29:46.558+0000] {dag.py:4180} INFO - Setting next_dagrun for weekly_segment to 2026-08-22 16:00:00+00:00, run_after=2026-08-29 16:00:00+00:00
[2026-08-23T07:29:46.578+0000] {processor.py:208} INFO - Processing /opt/airflow/dags/weekly_segment.py took 0.217 seconds
[2026-08-23T07:30:16.686+0000] {processor.py:186} INFO - Started process (PID=8166) to work on /opt/airflow/dags/weekly_segment.py
[2026-08-23T07:30:16.687+0000] {processor.py:914} INFO - Processing file /opt/airflow/dags/weekly_segment.py for tasks to queue
[2026-08-23T07:30:16.689+0000] {logging_mixin.py:190} INFO - [2026-08-23T07:30:16.689+0000] {dagbag.py:588} INFO - Filling up the DagBag from /opt/airflow/dags/weekly_segment.py
[2026-08-23T07:30:16.779+0000] {processor.py:925} INFO - DAG(s) 'weekly_segment' retrieved from /opt/airflow/dags/weekly_segment.py
[2026-08-23T07:30:16.799+0000] {logging_mixin.py:190} INFO - [2026-08-23T07:30:16.799+0000] {dag.py:3239} INFO - Sync 1 DAGs
[2026-08-23T07:30:16.815+0000] {logging_mixin.py:190} INFO - [2026-08-23T07:30:16.815+0000] {dag.py:4180} INFO - Setting next_dagrun for weekly_segment to 2026-08-22 16:00:00+00:00, run_after=2026-08-29 16:00:00+00:00
[2026-08-23T07:30:16.828+0000] {processor.py:208} INFO - Processing /opt/airflow/dags/weekly_segment.py took 0.148 seconds
[2026-08-23T07:30:46.957+0000] {processor.py:186} INFO - Started process (PID=8176) to work on /opt/airflow/dags/weekly_segment.py
[2026-08-23T07:30:46.958+0000] {processor.py:914} INFO - Processing file /opt/airflow/dags/weekly_segment.py for tasks to queue
[2026-08-23T07:30:46.960+0000] {logging_mixin.py:190} INFO - [2026-08-23T07:30:46.959+0000] {dagbag.py:588} INFO - Filling up the DagBag from /opt/airflow/dags/weekly_segment.py
[2026-08-23T07:30:47.046+0000] {processor.py:925} INFO - DAG(s) 'weekly_segment' retrieved from /opt/airflow/dags/weekly_segment.py
[2026-08-23T07:30:47.066+0000] {logging_mixin.py:190} INFO - [2026-08-23T07:30:47.066+0000] {dag.py:3239} INFO - Sync 1 DAGs
[2026-08-23T07:30:47.082+0000] {logging_mixin.py:190} INFO - [2026-08-23T07:30:47.082+0000] {dag.py:4180} INFO - Setting next_dagrun for weekly_segment to 2026-08-22 16:00:00+00:00, run_after=2026-08-29 16:00:00+00:00
[2026-08-23T07:30:47.095+0000] {processor.py:208} INFO - Processing /opt/airflow/dags/weekly_segment.py took 0.144 seconds
[2026-08-23T07:31:17.239+0000] {processor.py:186} INFO - Started process (PID=8186) to work on /opt/airflow/dags/weekly_segment.py
[2026-08-23T07:31:17.240+0000] {processor.py:914} INFO - Processing file /opt/airflow/dags/weekly_segment.py for tasks to queue
[2026-08-23T07:31:17.242+0000] {logging_mixin.py:190} INFO - [2026-08-23T07:31:17.242+0000] {dagbag.py:588} INFO - Filling up the DagBag from /opt/airflow/dags/weekly_segment.py
[2026-08-23T07:31:17.344+0000] {processor.py:925} INFO - DAG(s) 'weekly_segment' retrieved from /opt/airflow/dags/weekly_segment.py
[2026-08-23T07:31:17.368+0000] {logging_mixin.py:190} INFO - [2026-08-23T07:31:17.368+0000] {dag.py:3239} INFO - Sync 1 DAGs
[2026-08-23T07:31:17.387+0000] {logging_mixin.py:190} INFO - [2026-08-23T07:31:17.387+0000] {dag.py:4180} INFO - Setting next_dagrun for weekly_segment to 2026-08-22 16:00:00+00:00, run_after=2026-08-29 16:00:00+00:00
[2026-08-23T07:31:17.401+0000] {processor.py:208} INFO - Processing /opt/airflow/dags/weekly_segment.py took 0.169 seconds
[2026-08-23T07:31:47.715+0000] {processor.py:186} INFO - Started process (PID=8196) to work on /opt/airflow/dags/weekly_segment.py
[2026-08-23T07:31:47.717+0000] {processor.py:914} INFO - Processing file /opt/airflow/dags/weekly_segment.py for tasks to queue
[2026-08-23T07:31:47.719+0000] {logging_mixin.py:190} INFO - [2026-08-23T07:31:47.719+0000] {dagbag.py:588} INFO - Filling up the DagBag from /opt/airflow/dags/weekly_segment.py
[2026-08-23T07:31:47.817+0000] {processor.py:925} INFO - DAG(s) 'weekly_segment' retrieved from /opt/airflow/dags/weekly_segment.py
[2026-08-23T07:31:47.837+0000] {logging_mixin.py:190} INFO - [2026-08-23T07:31:47.837+0000] {dag.py:3239} INFO - Sync 1 DAGs
[2026-08-23T07:31:47.854+0000] {logging_mixin.py:190} INFO - [2026-08-23T07:31:47.853+0000] {dag.py:4180} INFO - Setting next_dagrun for weekly_segment to 2026-08-22 16:00:00+00:00, run_after=2026-08-29 16:00:00+00:00
[2026-08-23T07:31:47.866+0000] {processor.py:208} INFO - Processing /opt/airflow/dags/weekly_segment.py took 0.159 seconds
[2026-08-23T07:32:17.976+0000] {processor.py:186} INFO - Started process (PID=8206) to work on /opt/airflow/dags/weekly_segment.py
[2026-08-23T07:32:17.977+0000] {processor.py:914} INFO - Processing file /opt/airflow/dags/weekly_segment.py for tasks to queue
[2026-08-23T07:32:17.979+0000] {logging_mixin.py:190} INFO - [2026-08-23T07:32:17.979+0000] {dagbag.py:588} INFO - Filling up the DagBag from /opt/airflow/dags/weekly_segment.py
[2026-08-23T07:32:18.067+0000] {processor.py:925} INFO - DAG(s) 'weekly_segment' retrieved from /opt/airflow/dags/weekly_segment.py
[2026-08-23T07:32:18.087+0000] {logging_mixin.py:190} INFO - [2026-08-23T07:32:18.087+0000] {dag.py:3239} INFO - Sync 1 DAGs
[2026-08-23T07:32:18.104+0000] {logging_mixin.py:190} INFO - [2026-08-23T07:32:18.104+0000] {dag.py:4180} INFO - Setting next_dagrun for weekly_segment to 2026-08-22 16:00:00+00:00, run_after=2026-08-29 16:00:00+00:00
[2026-08-23T07:32:18.116+0000] {processor.py:208} INFO - Processing /opt/airflow/dags/weekly_segment.py took 0.146 seconds
[2026-08-23T07:32:48.391+0000] {processor.py:186} INFO - Started process (PID=8216) to work on /opt/airflow/dags/weekly_segment.py
[2026-08-23T07:32:48.392+0000] {processor.py:914} INFO - Processing file /opt/airflow/dags/weekly_segment.py for tasks to queue
[2026-08-23T07:32:48.394+0000] {logging_mixin.py:190} INFO - [2026-08-23T07:32:48.393+0000] {dagbag.py:588} INFO - Filling up the DagBag from /opt/airflow/dags/weekly_segment.py
[2026-08-23T07:32:48.482+0000] {processor.py:925} INFO - DAG(s) 'weekly_segment' retrieved from /opt/airflow/dags/weekly_segment.py
[2026-08-23T07:32:48.502+0000] {logging_mixin.py:190} INFO - [2026-08-23T07:32:48.501+0000] {dag.py:3239} INFO - Sync 1 DAGs
[2026-08-23T07:32:48.517+0000] {logging_mixin.py:190} INFO - [2026-08-23T07:32:48.517+0000] {dag.py:4180} INFO - Setting next_dagrun for weekly_segment to 2026-08-22 16:00:00+00:00, run_after=2026-08-29 16:00:00+00:00
[2026-08-23T07:32:48.535+0000] {processor.py:208} INFO - Processing /opt/airflow/dags/weekly_segment.py took 0.150 seconds
[2026-08-23T07:33:18.719+0000] {processor.py:186} INFO - Started process (PID=8226) to work on /opt/airflow/dags/weekly_segment.py
[2026-08-23T07:33:18.720+0000] {processor.py:914} INFO - Processing file /opt/airflow/dags/weekly_segment.py for tasks to queue
[2026-08-23T07:33:18.722+0000] {logging_mixin.py:190} INFO - [2026-08-23T07:33:18.721+0000] {dagbag.py:588} INFO - Filling up the DagBag from /opt/airflow/dags/weekly_segment.py
[2026-08-23T07:33:18.840+0000] {processor.py:925} INFO - DAG(s) 'weekly_segment' retrieved from /opt/airflow/dags/weekly_segment.py
[2026-08-23T07:33:18.861+0000] {logging_mixin.py:190} INFO - [2026-08-23T07:33:18.861+0000] {dag.py:3239} INFO - Sync 1 DAGs
[2026-08-23T07:33:18.879+0000] {logging_mixin.py:190} INFO - [2026-08-23T07:33:18.879+0000] {dag.py:4180} INFO - Setting next_dagrun for weekly_segment to 2026-08-22 16:00:00+00:00, run_after=2026-08-29 16:00:00+00:00
[2026-08-23T07:33:18.892+0000] {processor.py:208} INFO - Processing /opt/airflow/dags/weekly_segment.py took 0.179 seconds
[2026-08-23T07:33:49.029+0000] {processor.py:186} INFO - Started process (PID=8236) to work on /opt/airflow/dags/weekly_segment.py
[2026-08-23T07:33:49.029+0000] {processor.py:914} INFO - Processing file /opt/airflow/dags/weekly_segment.py for tasks to queue
[2026-08-23T07:33:49.032+0000] {logging_mixin.py:190} INFO - [2026-08-23T07:33:49.031+0000] {dagbag.py:588} INFO - Filling up the DagBag from /opt/airflow/dags/weekly_segment.py
[2026-08-23T07:33:49.128+0000] {processor.py:925} INFO - DAG(s) 'weekly_segment' retrieved from /opt/airflow/dags/weekly_segment.py
[2026-08-23T07:33:49.148+0000] {logging_mixin.py:190} INFO - [2026-08-23T07:33:49.148+0000] {dag.py:3239} INFO - Sync 1 DAGs
[2026-08-23T07:33:49.164+0000] {logging_mixin.py:190} INFO - [2026-08-23T07:33:49.164+0000] {dag.py:4180} INFO - Setting next_dagrun for weekly_segment to 2026-08-22 16:00:00+00:00, run_after=2026-08-29 16:00:00+00:00
[2026-08-23T07:33:49.177+0000] {processor.py:208} INFO - Processing /opt/airflow/dags/weekly_segment.py took 0.154 seconds
[2026-08-23T07:34:19.318+0000] {processor.py:186} INFO - Started process (PID=8246) to work on /opt/airflow/dags/weekly_segment.py
[2026-08-23T07:34:19.319+0000] {processor.py:914} INFO - Processing file /opt/airflow/dags/weekly_segment.py for tasks to queue
[2026-08-23T07:34:19.322+0000] {logging_mixin.py:190} INFO - [2026-08-23T07:34:19.321+0000] {dagbag.py:588} INFO - Filling up the DagBag from /opt/airflow/dags/weekly_segment.py
[2026-08-23T07:34:19.429+0000] {processor.py:925} INFO - DAG(s) 'weekly_segment' retrieved from /opt/airflow/dags/weekly_segment.py
[2026-08-23T07:34:19.453+0000] {logging_mixin.py:190} INFO - [2026-08-23T07:34:19.453+0000] {dag.py:3239} INFO - Sync 1 DAGs
[2026-08-23T07:34:19.471+0000] {logging_mixin.py:190} INFO - [2026-08-23T07:34:19.471+0000] {dag.py:4180} INFO - Setting next_dagrun for weekly_segment to 2026-08-22 16:00:00+00:00, run_after=2026-08-29 16:00:00+00:00
[2026-08-23T07:34:19.486+0000] {processor.py:208} INFO - Processing /opt/airflow/dags/weekly_segment.py took 0.175 seconds
[2026-08-23T07:34:49.587+0000] {processor.py:186} INFO - Started process (PID=8256) to work on /opt/airflow/dags/weekly_segment.py
[2026-08-23T07:34:49.588+0000] {processor.py:914} INFO - Processing file /opt/airflow/dags/weekly_segment.py for tasks to queue
[2026-08-23T07:34:49.590+0000] {logging_mixin.py:190} INFO - [2026-08-23T07:34:49.590+0000] {dagbag.py:588} INFO - Filling up the DagBag from /opt/airflow/dags/weekly_segment.py
[2026-08-23T07:34:49.712+0000] {processor.py:925} INFO - DAG(s) 'weekly_segment' retrieved from /opt/airflow/dags/weekly_segment.py
[2026-08-23T07:34:49.732+0000] {logging_mixin.py:190} INFO - [2026-08-23T07:34:49.732+0000] {dag.py:3239} INFO - Sync 1 DAGs
[2026-08-23T07:34:49.748+0000] {logging_mixin.py:190} INFO - [2026-08-23T07:34:49.748+0000] {dag.py:4180} INFO - Setting next_dagrun for weekly_segment to 2026-08-22 16:00:00+00:00, run_after=2026-08-29 16:00:00+00:00
[2026-08-23T07:34:49.760+0000] {processor.py:208} INFO - Processing /opt/airflow/dags/weekly_segment.py took 0.179 seconds
[2026-08-23T07:35:19.972+0000] {processor.py:186} INFO - Started process (PID=8266) to work on /opt/airflow/dags/weekly_segment.py
[2026-08-23T07:35:19.972+0000] {processor.py:914} INFO - Processing file /opt/airflow/dags/weekly_segment.py for tasks to queue
[2026-08-23T07:35:19.975+0000] {logging_mixin.py:190} INFO - [2026-08-23T07:35:19.974+0000] {dagbag.py:588} INFO - Filling up the DagBag from /opt/airflow/dags/weekly_segment.py
[2026-08-23T07:35:20.070+0000] {processor.py:925} INFO - DAG(s) 'weekly_segment' retrieved from /opt/airflow/dags/weekly_segment.py
[2026-08-23T07:35:20.089+0000] {logging_mixin.py:190} INFO - [2026-08-23T07:35:20.088+0000] {dag.py:3239} INFO - Sync 1 DAGs
[2026-08-23T07:35:20.104+0000] {logging_mixin.py:190} INFO - [2026-08-23T07:35:20.103+0000] {dag.py:4180} INFO - Setting next_dagrun for weekly_segment to 2026-08-22 16:00:00+00:00, run_after=2026-08-29 16:00:00+00:00
[2026-08-23T07:35:20.117+0000] {processor.py:208} INFO - Processing /opt/airflow/dags/weekly_segment.py took 0.152 seconds
[2026-08-23T07:35:50.289+0000] {processor.py:186} INFO - Started process (PID=8276) to work on /opt/airflow/dags/weekly_segment.py
[2026-08-23T07:35:50.290+0000] {processor.py:914} INFO - Processing file /opt/airflow/dags/weekly_segment.py for tasks to queue
[2026-08-23T07:35:50.293+0000] {logging_mixin.py:190} INFO - [2026-08-23T07:35:50.292+0000] {dagbag.py:588} INFO - Filling up the DagBag from /opt/airflow/dags/weekly_segment.py
[2026-08-23T07:35:50.414+0000] {processor.py:925} INFO - DAG(s) 'weekly_segment' retrieved from /opt/airflow/dags/weekly_segment.py
[2026-08-23T07:35:50.437+0000] {logging_mixin.py:190} INFO - [2026-08-23T07:35:50.437+0000] {dag.py:3239} INFO - Sync 1 DAGs
[2026-08-23T07:35:50.457+0000] {logging_mixin.py:190} INFO - [2026-08-23T07:35:50.457+0000] {dag.py:4180} INFO - Setting next_dagrun for weekly_segment to 2026-08-22 16:00:00+00:00, run_after=2026-08-29 16:00:00+00:00
[2026-08-23T07:35:50.474+0000] {processor.py:208} INFO - Processing /opt/airflow/dags/weekly_segment.py took 0.192 seconds
[2026-08-23T07:36:20.564+0000] {processor.py:186} INFO - Started process (PID=8286) to work on /opt/airflow/dags/weekly_segment.py
[2026-08-23T07:36:20.565+0000] {processor.py:914} INFO - Processing file /opt/airflow/dags/weekly_segment.py for tasks to queue
[2026-08-23T07:36:20.567+0000] {logging_mixin.py:190} INFO - [2026-08-23T07:36:20.567+0000] {dagbag.py:588} INFO - Filling up the DagBag from /opt/airflow/dags/weekly_segment.py
[2026-08-23T07:36:20.670+0000] {processor.py:925} INFO - DAG(s) 'weekly_segment' retrieved from /opt/airflow/dags/weekly_segment.py
[2026-08-23T07:36:20.692+0000] {logging_mixin.py:190} INFO - [2026-08-23T07:36:20.692+0000] {dag.py:3239} INFO - Sync 1 DAGs
[2026-08-23T07:36:20.710+0000] {logging_mixin.py:190} INFO - [2026-08-23T07:36:20.710+0000] {dag.py:4180} INFO - Setting next_dagrun for weekly_segment to 2026-08-22 16:00:00+00:00, run_after=2026-08-29 16:00:00+00:00
[2026-08-23T07:36:20.724+0000] {processor.py:208} INFO - Processing /opt/airflow/dags/weekly_segment.py took 0.166 seconds
[2026-08-23T07:36:50.929+0000] {processor.py:186} INFO - Started process (PID=8296) to work on /opt/airflow/dags/weekly_segment.py
[2026-08-23T07:36:50.930+0000] {processor.py:914} INFO - Processing file /opt/airflow/dags/weekly_segment.py for tasks to queue
[2026-08-23T07:36:50.933+0000] {logging_mixin.py:190} INFO - [2026-08-23T07:36:50.933+0000] {dagbag.py:588} INFO - Filling up the DagBag from /opt/airflow/dags/weekly_segment.py
[2026-08-23T07:36:51.063+0000] {processor.py:925} INFO - DAG(s) 'weekly_segment' retrieved from /opt/airflow/dags/weekly_segment.py
[2026-08-23T07:36:51.086+0000] {logging_mixin.py:190} INFO - [2026-08-23T07:36:51.086+0000] {dag.py:3239} INFO - Sync 1 DAGs
[2026-08-23T07:36:51.104+0000] {logging_mixin.py:190} INFO - [2026-08-23T07:36:51.104+0000] {dag.py:4180} INFO - Setting next_dagrun for weekly_segment to 2026-08-22 16:00:00+00:00, run_after=2026-08-29 16:00:00+00:00
[2026-08-23T07:36:51.117+0000] {processor.py:208} INFO - Processing /opt/airflow/dags/weekly_segment.py took 0.197 seconds
[2026-08-23T07:37:21.304+0000] {processor.py:186} INFO - Started process (PID=8306) to work on /opt/airflow/dags/weekly_segment.py
[2026-08-23T07:37:21.305+0000] {processor.py:914} INFO - Processing file /opt/airflow/dags/weekly_segment.py for tasks to queue
[2026-08-23T07:37:21.308+0000] {logging_mixin.py:190} INFO - [2026-08-23T07:37:21.307+0000] {dagbag.py:588} INFO - Filling up the DagBag from /opt/airflow/dags/weekly_segment.py
[2026-08-23T07:37:21.407+0000] {processor.py:925} INFO - DAG(s) 'weekly_segment' retrieved from /opt/airflow/dags/weekly_segment.py
[2026-08-23T07:37:21.430+0000] {logging_mixin.py:190} INFO - [2026-08-23T07:37:21.429+0000] {dag.py:3239} INFO - Sync 1 DAGs
[2026-08-23T07:37:21.447+0000] {logging_mixin.py:190} INFO - [2026-08-23T07:37:21.447+0000] {dag.py:4180} INFO - Setting next_dagrun for weekly_segment to 2026-08-22 16:00:00+00:00, run_after=2026-08-29 16:00:00+00:00
[2026-08-23T07:37:21.462+0000] {processor.py:208} INFO - Processing /opt/airflow/dags/weekly_segment.py took 0.165 seconds
[2026-08-23T07:37:51.500+0000] {processor.py:186} INFO - Started process (PID=8316) to work on /opt/airflow/dags/weekly_segment.py
[2026-08-23T07:37:51.500+0000] {processor.py:914} INFO - Processing file /opt/airflow/dags/weekly_segment.py for tasks to queue
[2026-08-23T07:37:51.503+0000] {logging_mixin.py:190} INFO - [2026-08-23T07:37:51.503+0000] {dagbag.py:588} INFO - Filling up the DagBag from /opt/airflow/dags/weekly_segment.py
[2026-08-23T07:37:51.655+0000] {processor.py:925} INFO - DAG(s) 'weekly_segment' retrieved from /opt/airflow/dags/weekly_segment.py
[2026-08-23T07:37:51.679+0000] {logging_mixin.py:190} INFO - [2026-08-23T07:37:51.679+0000] {dag.py:3239} INFO - Sync 1 DAGs
[2026-08-23T07:37:51.698+0000] {logging_mixin.py:190} INFO - [2026-08-23T07:37:51.698+0000] {dag.py:4180} INFO - Setting next_dagrun for weekly_segment to 2026-08-22 16:00:00+00:00, run_after=2026-08-29 16:00:00+00:00
[2026-08-23T07:37:51.718+0000] {processor.py:208} INFO - Processing /opt/airflow/dags/weekly_segment.py took 0.225 seconds
[2026-08-23T07:38:22.022+0000] {processor.py:186} INFO - Started process (PID=8326) to work on /opt/airflow/dags/weekly_segment.py
[2026-08-23T07:38:22.022+0000] {processor.py:914} INFO - Processing file /opt/airflow/dags/weekly_segment.py for tasks to queue
[2026-08-23T07:38:22.024+0000] {logging_mixin.py:190} INFO - [2026-08-23T07:38:22.024+0000] {dagbag.py:588} INFO - Filling up the DagBag from /opt/airflow/dags/weekly_segment.py
[2026-08-23T07:38:22.173+0000] {processor.py:925} INFO - DAG(s) 'weekly_segment' retrieved from /opt/airflow/dags/weekly_segment.py
[2026-08-23T07:38:22.196+0000] {logging_mixin.py:190} INFO - [2026-08-23T07:38:22.196+0000] {dag.py:3239} INFO - Sync 1 DAGs
[2026-08-23T07:38:22.215+0000] {logging_mixin.py:190} INFO - [2026-08-23T07:38:22.214+0000] {dag.py:4180} INFO - Setting next_dagrun for weekly_segment to 2026-08-22 16:00:00+00:00, run_after=2026-08-29 16:00:00+00:00
[2026-08-23T07:38:22.231+0000] {processor.py:208} INFO - Processing /opt/airflow/dags/weekly_segment.py took 0.215 seconds
[2026-08-23T07:38:52.548+0000] {processor.py:186} INFO - Started process (PID=8336) to work on /opt/airflow/dags/weekly_segment.py
[2026-08-23T07:38:52.549+0000] {processor.py:914} INFO - Processing file /opt/airflow/dags/weekly_segment.py for tasks to queue
[2026-08-23T07:38:52.550+0000] {logging_mixin.py:190} INFO - [2026-08-23T07:38:52.550+0000] {dagbag.py:588} INFO - Filling up the DagBag from /opt/airflow/dags/weekly_segment.py
[2026-08-23T07:38:52.647+0000] {processor.py:925} INFO - DAG(s) 'weekly_segment' retrieved from /opt/airflow/dags/weekly_segment.py
[2026-08-23T07:38:52.668+0000] {logging_mixin.py:190} INFO - [2026-08-23T07:38:52.668+0000] {dag.py:3239} INFO - Sync 1 DAGs
[2026-08-23T07:38:52.685+0000] {logging_mixin.py:190} INFO - [2026-08-23T07:38:52.685+0000] {dag.py:4180} INFO - Setting next_dagrun for weekly_segment to 2026-08-22 16:00:00+00:00, run_after=2026-08-29 16:00:00+00:00
[2026-08-23T07:38:52.702+0000] {processor.py:208} INFO - Processing /opt/airflow/dags/weekly_segment.py took 0.160 seconds
[2026-08-23T07:39:22.826+0000] {processor.py:186} INFO - Started process (PID=8346) to work on /opt/airflow/dags/weekly_segment.py
[2026-08-23T07:39:22.827+0000] {processor.py:914} INFO - Processing file /opt/airflow/dags/weekly_segment.py for tasks to queue
[2026-08-23T07:39:22.829+0000] {logging_mixin.py:190} INFO - [2026-08-23T07:39:22.828+0000] {dagbag.py:588} INFO - Filling up the DagBag from /opt/airflow/dags/weekly_segment.py
[2026-08-23T07:39:22.937+0000] {processor.py:925} INFO - DAG(s) 'weekly_segment' retrieved from /opt/airflow/dags/weekly_segment.py
[2026-08-23T07:39:22.961+0000] {logging_mixin.py:190} INFO - [2026-08-23T07:39:22.960+0000] {dag.py:3239} INFO - Sync 1 DAGs
[2026-08-23T07:39:22.977+0000] {logging_mixin.py:190} INFO - [2026-08-23T07:39:22.977+0000] {dag.py:4180} INFO - Setting next_dagrun for weekly_segment to 2026-08-22 16:00:00+00:00, run_after=2026-08-29 16:00:00+00:00
[2026-08-23T07:39:22.991+0000] {processor.py:208} INFO - Processing /opt/airflow/dags/weekly_segment.py took 0.172 seconds
[2026-08-23T07:39:53.101+0000] {processor.py:186} INFO - Started process (PID=8356) to work on /opt/airflow/dags/weekly_segment.py
[2026-08-23T07:39:53.102+0000] {processor.py:914} INFO - Processing file /opt/airflow/dags/weekly_segment.py for tasks to queue
[2026-08-23T07:39:53.104+0000] {logging_mixin.py:190} INFO - [2026-08-23T07:39:53.104+0000] {dagbag.py:588} INFO - Filling up the DagBag from /opt/airflow/dags/weekly_segment.py
[2026-08-23T07:39:53.215+0000] {processor.py:925} INFO - DAG(s) 'weekly_segment' retrieved from /opt/airflow/dags/weekly_segment.py
[2026-08-23T07:39:53.239+0000] {logging_mixin.py:190} INFO - [2026-08-23T07:39:53.239+0000] {dag.py:3239} INFO - Sync 1 DAGs
[2026-08-23T07:39:53.258+0000] {logging_mixin.py:190} INFO - [2026-08-23T07:39:53.258+0000] {dag.py:4180} INFO - Setting next_dagrun for weekly_segment to 2026-08-22 16:00:00+00:00, run_after=2026-08-29 16:00:00+00:00
[2026-08-23T07:39:53.273+0000] {processor.py:208} INFO - Processing /opt/airflow/dags/weekly_segment.py took 0.178 seconds
[2026-08-23T07:40:23.334+0000] {processor.py:186} INFO - Started process (PID=8366) to work on /opt/airflow/dags/weekly_segment.py
[2026-08-23T07:40:23.335+0000] {processor.py:914} INFO - Processing file /opt/airflow/dags/weekly_segment.py for tasks to queue
[2026-08-23T07:40:23.337+0000] {logging_mixin.py:190} INFO - [2026-08-23T07:40:23.337+0000] {dagbag.py:588} INFO - Filling up the DagBag from /opt/airflow/dags/weekly_segment.py
[2026-08-23T07:40:23.452+0000] {processor.py:925} INFO - DAG(s) 'weekly_segment' retrieved from /opt/airflow/dags/weekly_segment.py
[2026-08-23T07:40:23.473+0000] {logging_mixin.py:190} INFO - [2026-08-23T07:40:23.473+0000] {dag.py:3239} INFO - Sync 1 DAGs
[2026-08-23T07:40:23.490+0000] {logging_mixin.py:190} INFO - [2026-08-23T07:40:23.490+0000] {dag.py:4180} INFO - Setting next_dagrun for weekly_segment to 2026-08-22 16:00:00+00:00, run_after=2026-08-29 16:00:00+00:00
[2026-08-23T07:40:23.505+0000] {processor.py:208} INFO - Processing /opt/airflow/dags/weekly_segment.py took 0.177 seconds
[2026-08-23T07:40:53.618+0000] {processor.py:186} INFO - Started process (PID=8376) to work on /opt/airflow/dags/weekly_segment.py
[2026-08-23T07:40:53.619+0000] {processor.py:914} INFO - Processing file /opt/airflow/dags/weekly_segment.py for tasks to queue
[2026-08-23T07:40:53.621+0000] {logging_mixin.py:190} INFO - [2026-08-23T07:40:53.621+0000] {dagbag.py:588} INFO - Filling up the DagBag from /opt/airflow/dags/weekly_segment.py
[2026-08-23T07:40:53.722+0000] {processor.py:925} INFO - DAG(s) 'weekly_segment' retrieved from /opt/airflow/dags/weekly_segment.py
[2026-08-23T07:40:53.743+0000] {logging_mixin.py:190} INFO - [2026-08-23T07:40:53.743+0000] {dag.py:3239} INFO - Sync 1 DAGs
[2026-08-23T07:40:53.760+0000] {logging_mixin.py:190} INFO - [2026-08-23T07:40:53.759+0000] {dag.py:4180} INFO - Setting next_dagrun for weekly_segment to 2026-08-22 16:00:00+00:00, run_after=2026-08-29 16:00:00+00:00
[2026-08-23T07:40:53.773+0000] {processor.py:208} INFO - Processing /opt/airflow/dags/weekly_segment.py took 0.161 seconds
[2026-08-23T07:41:23.850+0000] {processor.py:186} INFO - Started process (PID=8386) to work on /opt/airflow/dags/weekly_segment.py
[2026-08-23T07:41:23.851+0000] {processor.py:914} INFO - Processing file /opt/airflow/dags/weekly_segment.py for tasks to queue
[2026-08-23T07:41:23.854+0000] {logging_mixin.py:190} INFO - [2026-08-23T07:41:23.853+0000] {dagbag.py:588} INFO - Filling up the DagBag from /opt/airflow/dags/weekly_segment.py
[2026-08-23T07:41:23.959+0000] {processor.py:925} INFO - DAG(s) 'weekly_segment' retrieved from /opt/airflow/dags/weekly_segment.py
[2026-08-23T07:41:23.980+0000] {logging_mixin.py:190} INFO - [2026-08-23T07:41:23.980+0000] {dag.py:3239} INFO - Sync 1 DAGs
[2026-08-23T07:41:23.999+0000] {logging_mixin.py:190} INFO - [2026-08-23T07:41:23.998+0000] {dag.py:4180} INFO - Setting next_dagrun for weekly_segment to 2026-08-22 16:00:00+00:00, run_after=2026-08-29 16:00:00+00:00
[2026-08-23T07:41:24.017+0000] {processor.py:208} INFO - Processing /opt/airflow/dags/weekly_segment.py took 0.174 seconds
[2026-08-23T07:41:54.139+0000] {processor.py:186} INFO - Started process (PID=8396) to work on /opt/airflow/dags/weekly_segment.py
[2026-08-23T07:41:54.140+0000] {processor.py:914} INFO - Processing file /opt/airflow/dags/weekly_segment.py for tasks to queue
[2026-08-23T07:41:54.142+0000] {logging_mixin.py:190} INFO - [2026-08-23T07:41:54.141+0000] {dagbag.py:588} INFO - Filling up the DagBag from /opt/airflow/dags/weekly_segment.py
[2026-08-23T07:41:54.240+0000] {processor.py:925} INFO - DAG(s) 'weekly_segment' retrieved from /opt/airflow/dags/weekly_segment.py
[2026-08-23T07:41:54.261+0000] {logging_mixin.py:190} INFO - [2026-08-23T07:41:54.261+0000] {dag.py:3239} INFO - Sync 1 DAGs
[2026-08-23T07:41:54.280+0000] {logging_mixin.py:190} INFO - [2026-08-23T07:41:54.279+0000] {dag.py:4180} INFO - Setting next_dagrun for weekly_segment to 2026-08-22 16:00:00+00:00, run_after=2026-08-29 16:00:00+00:00
[2026-08-23T07:41:54.299+0000] {processor.py:208} INFO - Processing /opt/airflow/dags/weekly_segment.py took 0.166 seconds
[2026-08-23T07:42:24.361+0000] {processor.py:186} INFO - Started process (PID=8406) to work on /opt/airflow/dags/weekly_segment.py
[2026-08-23T07:42:24.362+0000] {processor.py:914} INFO - Processing file /opt/airflow/dags/weekly_segment.py for tasks to queue
[2026-08-23T07:42:24.364+0000] {logging_mixin.py:190} INFO - [2026-08-23T07:42:24.363+0000] {dagbag.py:588} INFO - Filling up the DagBag from /opt/airflow/dags/weekly_segment.py
[2026-08-23T07:42:24.467+0000] {processor.py:925} INFO - DAG(s) 'weekly_segment' retrieved from /opt/airflow/dags/weekly_segment.py
[2026-08-23T07:42:24.491+0000] {logging_mixin.py:190} INFO - [2026-08-23T07:42:24.491+0000] {dag.py:3239} INFO - Sync 1 DAGs
[2026-08-23T07:42:24.509+0000] {logging_mixin.py:190} INFO - [2026-08-23T07:42:24.509+0000] {dag.py:4180} INFO - Setting next_dagrun for weekly_segment to 2026-08-22 16:00:00+00:00, run_after=2026-08-29 16:00:00+00:00
[2026-08-23T07:42:24.525+0000] {processor.py:208} INFO - Processing /opt/airflow/dags/weekly_segment.py took 0.171 seconds
[2026-08-23T07:42:54.658+0000] {processor.py:186} INFO - Started process (PID=8416) to work on /opt/airflow/dags/weekly_segment.py
[2026-08-23T07:42:54.659+0000] {processor.py:914} INFO - Processing file /opt/airflow/dags/weekly_segment.py for tasks to queue
[2026-08-23T07:42:54.664+0000] {logging_mixin.py:190} INFO - [2026-08-23T07:42:54.663+0000] {dagbag.py:588} INFO - Filling up the DagBag from /opt/airflow/dags/weekly_segment.py
[2026-08-23T07:42:54.786+0000] {processor.py:925} INFO - DAG(s) 'weekly_segment' retrieved from /opt/airflow/dags/weekly_segment.py
[2026-08-23T07:42:54.806+0000] {logging_mixin.py:190} INFO - [2026-08-23T07:42:54.806+0000] {dag.py:3239} INFO - Sync 1 DAGs
[2026-08-23T07:42:54.823+0000] {logging_mixin.py:190} INFO - [2026-08-23T07:42:54.823+0000] {dag.py:4180} INFO - Setting next_dagrun for weekly_segment to 2026-08-22 16:00:00+00:00, run_after=2026-08-29 16:00:00+00:00
[2026-08-23T07:42:54.836+0000] {processor.py:208} INFO - Processing /opt/airflow/dags/weekly_segment.py took 0.189 seconds
[2026-08-23T07:43:24.876+0000] {processor.py:186} INFO - Started process (PID=8426) to work on /opt/airflow/dags/weekly_segment.py
[2026-08-23T07:43:24.877+0000] {processor.py:914} INFO - Processing file /opt/airflow/dags/weekly_segment.py for tasks to queue
[2026-08-23T07:43:24.879+0000] {logging_mixin.py:190} INFO - [2026-08-23T07:43:24.879+0000] {dagbag.py:588} INFO - Filling up the DagBag from /opt/airflow/dags/weekly_segment.py
[2026-08-23T07:43:24.981+0000] {processor.py:925} INFO - DAG(s) 'weekly_segment' retrieved from /opt/airflow/dags/weekly_segment.py
[2026-08-23T07:43:25.002+0000] {logging_mixin.py:190} INFO - [2026-08-23T07:43:25.002+0000] {dag.py:3239} INFO - Sync 1 DAGs
[2026-08-23T07:43:25.019+0000] {logging_mixin.py:190} INFO - [2026-08-23T07:43:25.019+0000] {dag.py:4180} INFO - Setting next_dagrun for weekly_segment to 2026-08-22 16:00:00+00:00, run_after=2026-08-29 16:00:00+00:00
[2026-08-23T07:43:25.033+0000] {processor.py:208} INFO - Processing /opt/airflow/dags/weekly_segment.py took 0.164 seconds
[2026-08-23T07:43:55.181+0000] {processor.py:186} INFO - Started process (PID=8436) to work on /opt/airflow/dags/weekly_segment.py
[2026-08-23T07:43:55.182+0000] {processor.py:914} INFO - Processing file /opt/airflow/dags/weekly_segment.py for tasks to queue
[2026-08-23T07:43:55.185+0000] {logging_mixin.py:190} INFO - [2026-08-23T07:43:55.185+0000] {dagbag.py:588} INFO - Filling up the DagBag from /opt/airflow/dags/weekly_segment.py
[2026-08-23T07:43:55.284+0000] {processor.py:925} INFO - DAG(s) 'weekly_segment' retrieved from /opt/airflow/dags/weekly_segment.py
[2026-08-23T07:43:55.305+0000] {logging_mixin.py:190} INFO - [2026-08-23T07:43:55.305+0000] {dag.py:3239} INFO - Sync 1 DAGs
[2026-08-23T07:43:55.322+0000] {logging_mixin.py:190} INFO - [2026-08-23T07:43:55.322+0000] {dag.py:4180} INFO - Setting next_dagrun for weekly_segment to 2026-08-22 16:00:00+00:00, run_after=2026-08-29 16:00:00+00:00
[2026-08-23T07:43:55.337+0000] {processor.py:208} INFO - Processing /opt/airflow/dags/weekly_segment.py took 0.163 seconds
[2026-08-23T07:44:25.515+0000] {processor.py:186} INFO - Started process (PID=8446) to work on /opt/airflow/dags/weekly_segment.py
[2026-08-23T07:44:25.516+0000] {processor.py:914} INFO - Processing file /opt/airflow/dags/weekly_segment.py for tasks to queue
[2026-08-23T07:44:25.518+0000] {logging_mixin.py:190} INFO - [2026-08-23T07:44:25.518+0000] {dagbag.py:588} INFO - Filling up the DagBag from /opt/airflow/dags/weekly_segment.py
[2026-08-23T07:44:25.616+0000] {processor.py:925} INFO - DAG(s) 'weekly_segment' retrieved from /opt/airflow/dags/weekly_segment.py
[2026-08-23T07:44:25.637+0000] {logging_mixin.py:190} INFO - [2026-08-23T07:44:25.637+0000] {dag.py:3239} INFO - Sync 1 DAGs
[2026-08-23T07:44:25.655+0000] {logging_mixin.py:190} INFO - [2026-08-23T07:44:25.655+0000] {dag.py:4180} INFO - Setting next_dagrun for weekly_segment to 2026-08-22 16:00:00+00:00, run_after=2026-08-29 16:00:00+00:00
[2026-08-23T07:44:25.668+0000] {processor.py:208} INFO - Processing /opt/airflow/dags/weekly_segment.py took 0.159 seconds
[2026-08-23T07:44:55.700+0000] {processor.py:186} INFO - Started process (PID=8456) to work on /opt/airflow/dags/weekly_segment.py
[2026-08-23T07:44:55.701+0000] {processor.py:914} INFO - Processing file /opt/airflow/dags/weekly_segment.py for tasks to queue
[2026-08-23T07:44:55.703+0000] {logging_mixin.py:190} INFO - [2026-08-23T07:44:55.703+0000] {dagbag.py:588} INFO - Filling up the DagBag from /opt/airflow/dags/weekly_segment.py
[2026-08-23T07:44:55.842+0000] {processor.py:925} INFO - DAG(s) 'weekly_segment' retrieved from /opt/airflow/dags/weekly_segment.py
[2026-08-23T07:44:55.865+0000] {logging_mixin.py:190} INFO - [2026-08-23T07:44:55.865+0000] {dag.py:3239} INFO - Sync 1 DAGs
[2026-08-23T07:44:55.883+0000] {logging_mixin.py:190} INFO - [2026-08-23T07:44:55.883+0000] {dag.py:4180} INFO - Setting next_dagrun for weekly_segment to 2026-08-22 16:00:00+00:00, run_after=2026-08-29 16:00:00+00:00
[2026-08-23T07:44:55.897+0000] {processor.py:208} INFO - Processing /opt/airflow/dags/weekly_segment.py took 0.203 seconds
[2026-08-23T07:45:26.093+0000] {processor.py:186} INFO - Started process (PID=8466) to work on /opt/airflow/dags/weekly_segment.py
[2026-08-23T07:45:26.094+0000] {processor.py:914} INFO - Processing file /opt/airflow/dags/weekly_segment.py for tasks to queue
[2026-08-23T07:45:26.096+0000] {logging_mixin.py:190} INFO - [2026-08-23T07:45:26.095+0000] {dagbag.py:588} INFO - Filling up the DagBag from /opt/airflow/dags/weekly_segment.py
[2026-08-23T07:45:26.199+0000] {processor.py:925} INFO - DAG(s) 'weekly_segment' retrieved from /opt/airflow/dags/weekly_segment.py
[2026-08-23T07:45:26.223+0000] {logging_mixin.py:190} INFO - [2026-08-23T07:45:26.223+0000] {dag.py:3239} INFO - Sync 1 DAGs
[2026-08-23T07:45:26.240+0000] {logging_mixin.py:190} INFO - [2026-08-23T07:45:26.240+0000] {dag.py:4180} INFO - Setting next_dagrun for weekly_segment to 2026-08-22 16:00:00+00:00, run_after=2026-08-29 16:00:00+00:00
[2026-08-23T07:45:26.256+0000] {processor.py:208} INFO - Processing /opt/airflow/dags/weekly_segment.py took 0.169 seconds
[2026-08-23T07:45:56.404+0000] {processor.py:186} INFO - Started process (PID=8476) to work on /opt/airflow/dags/weekly_segment.py
[2026-08-23T07:45:56.405+0000] {processor.py:914} INFO - Processing file /opt/airflow/dags/weekly_segment.py for tasks to queue
[2026-08-23T07:45:56.408+0000] {logging_mixin.py:190} INFO - [2026-08-23T07:45:56.408+0000] {dagbag.py:588} INFO - Filling up the DagBag from /opt/airflow/dags/weekly_segment.py
[2026-08-23T07:45:56.526+0000] {processor.py:925} INFO - DAG(s) 'weekly_segment' retrieved from /opt/airflow/dags/weekly_segment.py
[2026-08-23T07:45:56.550+0000] {logging_mixin.py:190} INFO - [2026-08-23T07:45:56.550+0000] {dag.py:3239} INFO - Sync 1 DAGs
[2026-08-23T07:45:56.570+0000] {logging_mixin.py:190} INFO - [2026-08-23T07:45:56.569+0000] {dag.py:4180} INFO - Setting next_dagrun for weekly_segment to 2026-08-22 16:00:00+00:00, run_after=2026-08-29 16:00:00+00:00
[2026-08-23T07:45:56.584+0000] {processor.py:208} INFO - Processing /opt/airflow/dags/weekly_segment.py took 0.188 seconds
[2026-08-23T07:46:26.756+0000] {processor.py:186} INFO - Started process (PID=8486) to work on /opt/airflow/dags/weekly_segment.py
[2026-08-23T07:46:26.759+0000] {processor.py:914} INFO - Processing file /opt/airflow/dags/weekly_segment.py for tasks to queue
[2026-08-23T07:46:26.762+0000] {logging_mixin.py:190} INFO - [2026-08-23T07:46:26.761+0000] {dagbag.py:588} INFO - Filling up the DagBag from /opt/airflow/dags/weekly_segment.py
[2026-08-23T07:46:26.903+0000] {processor.py:925} INFO - DAG(s) 'weekly_segment' retrieved from /opt/airflow/dags/weekly_segment.py
[2026-08-23T07:46:26.926+0000] {logging_mixin.py:190} INFO - [2026-08-23T07:46:26.926+0000] {dag.py:3239} INFO - Sync 1 DAGs
[2026-08-23T07:46:26.945+0000] {logging_mixin.py:190} INFO - [2026-08-23T07:46:26.945+0000] {dag.py:4180} INFO - Setting next_dagrun for weekly_segment to 2026-08-22 16:00:00+00:00, run_after=2026-08-29 16:00:00+00:00
[2026-08-23T07:46:26.961+0000] {processor.py:208} INFO - Processing /opt/airflow/dags/weekly_segment.py took 0.212 seconds
[2026-08-23T07:46:57.015+0000] {processor.py:186} INFO - Started process (PID=8496) to work on /opt/airflow/dags/weekly_segment.py
[2026-08-23T07:46:57.016+0000] {processor.py:914} INFO - Processing file /opt/airflow/dags/weekly_segment.py for tasks to queue
[2026-08-23T07:46:57.018+0000] {logging_mixin.py:190} INFO - [2026-08-23T07:46:57.017+0000] {dagbag.py:588} INFO - Filling up the DagBag from /opt/airflow/dags/weekly_segment.py
[2026-08-23T07:46:57.107+0000] {processor.py:925} INFO - DAG(s) 'weekly_segment' retrieved from /opt/airflow/dags/weekly_segment.py
[2026-08-23T07:46:57.127+0000] {logging_mixin.py:190} INFO - [2026-08-23T07:46:57.127+0000] {dag.py:3239} INFO - Sync 1 DAGs
[2026-08-23T07:46:57.145+0000] {logging_mixin.py:190} INFO - [2026-08-23T07:46:57.145+0000] {dag.py:4180} INFO - Setting next_dagrun for weekly_segment to 2026-08-22 16:00:00+00:00, run_after=2026-08-29 16:00:00+00:00
[2026-08-23T07:46:57.158+0000] {processor.py:208} INFO - Processing /opt/airflow/dags/weekly_segment.py took 0.149 seconds
[2026-08-23T07:47:27.314+0000] {processor.py:186} INFO - Started process (PID=8506) to work on /opt/airflow/dags/weekly_segment.py
[2026-08-23T07:47:27.315+0000] {processor.py:914} INFO - Processing file /opt/airflow/dags/weekly_segment.py for tasks to queue
[2026-08-23T07:47:27.317+0000] {logging_mixin.py:190} INFO - [2026-08-23T07:47:27.317+0000] {dagbag.py:588} INFO - Filling up the DagBag from /opt/airflow/dags/weekly_segment.py
[2026-08-23T07:47:27.403+0000] {processor.py:925} INFO - DAG(s) 'weekly_segment' retrieved from /opt/airflow/dags/weekly_segment.py
[2026-08-23T07:47:27.424+0000] {logging_mixin.py:190} INFO - [2026-08-23T07:47:27.424+0000] {dag.py:3239} INFO - Sync 1 DAGs
[2026-08-23T07:47:27.441+0000] {logging_mixin.py:190} INFO - [2026-08-23T07:47:27.441+0000] {dag.py:4180} INFO - Setting next_dagrun for weekly_segment to 2026-08-22 16:00:00+00:00, run_after=2026-08-29 16:00:00+00:00
[2026-08-23T07:47:27.453+0000] {processor.py:208} INFO - Processing /opt/airflow/dags/weekly_segment.py took 0.144 seconds
[2026-08-23T07:47:57.687+0000] {processor.py:186} INFO - Started process (PID=8516) to work on /opt/airflow/dags/weekly_segment.py
[2026-08-23T07:47:57.688+0000] {processor.py:914} INFO - Processing file /opt/airflow/dags/weekly_segment.py for tasks to queue
[2026-08-23T07:47:57.690+0000] {logging_mixin.py:190} INFO - [2026-08-23T07:47:57.690+0000] {dagbag.py:588} INFO - Filling up the DagBag from /opt/airflow/dags/weekly_segment.py
[2026-08-23T07:47:57.786+0000] {processor.py:925} INFO - DAG(s) 'weekly_segment' retrieved from /opt/airflow/dags/weekly_segment.py
[2026-08-23T07:47:57.808+0000] {logging_mixin.py:190} INFO - [2026-08-23T07:47:57.808+0000] {dag.py:3239} INFO - Sync 1 DAGs
[2026-08-23T07:47:57.825+0000] {logging_mixin.py:190} INFO - [2026-08-23T07:47:57.824+0000] {dag.py:4180} INFO - Setting next_dagrun for weekly_segment to 2026-08-22 16:00:00+00:00, run_after=2026-08-29 16:00:00+00:00
[2026-08-23T07:47:57.837+0000] {processor.py:208} INFO - Processing /opt/airflow/dags/weekly_segment.py took 0.156 seconds
[2026-08-23T07:48:28.185+0000] {processor.py:186} INFO - Started process (PID=8526) to work on /opt/airflow/dags/weekly_segment.py
[2026-08-23T07:48:28.186+0000] {processor.py:914} INFO - Processing file /opt/airflow/dags/weekly_segment.py for tasks to queue
[2026-08-23T07:48:28.188+0000] {logging_mixin.py:190} INFO - [2026-08-23T07:48:28.187+0000] {dagbag.py:588} INFO - Filling up the DagBag from /opt/airflow/dags/weekly_segment.py
[2026-08-23T07:48:28.275+0000] {processor.py:925} INFO - DAG(s) 'weekly_segment' retrieved from /opt/airflow/dags/weekly_segment.py
[2026-08-23T07:48:28.294+0000] {logging_mixin.py:190} INFO - [2026-08-23T07:48:28.294+0000] {dag.py:3239} INFO - Sync 1 DAGs
[2026-08-23T07:48:28.309+0000] {logging_mixin.py:190} INFO - [2026-08-23T07:48:28.309+0000] {dag.py:4180} INFO - Setting next_dagrun for weekly_segment to 2026-08-22 16:00:00+00:00, run_after=2026-08-29 16:00:00+00:00
[2026-08-23T07:48:28.326+0000] {processor.py:208} INFO - Processing /opt/airflow/dags/weekly_segment.py took 0.148 seconds
[2026-08-23T07:48:58.531+0000] {processor.py:186} INFO - Started process (PID=8536) to work on /opt/airflow/dags/weekly_segment.py
[2026-08-23T07:48:58.532+0000] {processor.py:914} INFO - Processing file /opt/airflow/dags/weekly_segment.py for tasks to queue
[2026-08-23T07:48:58.534+0000] {logging_mixin.py:190} INFO - [2026-08-23T07:48:58.534+0000] {dagbag.py:588} INFO - Filling up the DagBag from /opt/airflow/dags/weekly_segment.py
[2026-08-23T07:48:58.626+0000] {processor.py:925} INFO - DAG(s) 'weekly_segment' retrieved from /opt/airflow/dags/weekly_segment.py
[2026-08-23T07:48:58.645+0000] {logging_mixin.py:190} INFO - [2026-08-23T07:48:58.645+0000] {dag.py:3239} INFO - Sync 1 DAGs
[2026-08-23T07:48:58.661+0000] {logging_mixin.py:190} INFO - [2026-08-23T07:48:58.661+0000] {dag.py:4180} INFO - Setting next_dagrun for weekly_segment to 2026-08-22 16:00:00+00:00, run_after=2026-08-29 16:00:00+00:00
[2026-08-23T07:48:58.677+0000] {processor.py:208} INFO - Processing /opt/airflow/dags/weekly_segment.py took 0.152 seconds
[2026-08-23T07:49:28.912+0000] {processor.py:186} INFO - Started process (PID=8546) to work on /opt/airflow/dags/weekly_segment.py
[2026-08-23T07:49:28.913+0000] {processor.py:914} INFO - Processing file /opt/airflow/dags/weekly_segment.py for tasks to queue
[2026-08-23T07:49:28.915+0000] {logging_mixin.py:190} INFO - [2026-08-23T07:49:28.915+0000] {dagbag.py:588} INFO - Filling up the DagBag from /opt/airflow/dags/weekly_segment.py
[2026-08-23T07:49:29.012+0000] {processor.py:925} INFO - DAG(s) 'weekly_segment' retrieved from /opt/airflow/dags/weekly_segment.py
[2026-08-23T07:49:29.033+0000] {logging_mixin.py:190} INFO - [2026-08-23T07:49:29.033+0000] {dag.py:3239} INFO - Sync 1 DAGs
[2026-08-23T07:49:29.050+0000] {logging_mixin.py:190} INFO - [2026-08-23T07:49:29.050+0000] {dag.py:4180} INFO - Setting next_dagrun for weekly_segment to 2026-08-22 16:00:00+00:00, run_after=2026-08-29 16:00:00+00:00
[2026-08-23T07:49:29.068+0000] {processor.py:208} INFO - Processing /opt/airflow/dags/weekly_segment.py took 0.162 seconds
[2026-08-23T07:49:59.266+0000] {processor.py:186} INFO - Started process (PID=8556) to work on /opt/airflow/dags/weekly_segment.py
[2026-08-23T07:49:59.268+0000] {processor.py:914} INFO - Processing file /opt/airflow/dags/weekly_segment.py for tasks to queue
[2026-08-23T07:49:59.270+0000] {logging_mixin.py:190} INFO - [2026-08-23T07:49:59.270+0000] {dagbag.py:588} INFO - Filling up the DagBag from /opt/airflow/dags/weekly_segment.py
[2026-08-23T07:49:59.358+0000] {processor.py:925} INFO - DAG(s) 'weekly_segment' retrieved from /opt/airflow/dags/weekly_segment.py
[2026-08-23T07:49:59.377+0000] {logging_mixin.py:190} INFO - [2026-08-23T07:49:59.377+0000] {dag.py:3239} INFO - Sync 1 DAGs
[2026-08-23T07:49:59.394+0000] {logging_mixin.py:190} INFO - [2026-08-23T07:49:59.393+0000] {dag.py:4180} INFO - Setting next_dagrun for weekly_segment to 2026-08-22 16:00:00+00:00, run_after=2026-08-29 16:00:00+00:00
[2026-08-23T07:49:59.406+0000] {processor.py:208} INFO - Processing /opt/airflow/dags/weekly_segment.py took 0.146 seconds
[2026-08-23T07:50:29.701+0000] {processor.py:186} INFO - Started process (PID=8566) to work on /opt/airflow/dags/weekly_segment.py
[2026-08-23T07:50:29.702+0000] {processor.py:914} INFO - Processing file /opt/airflow/dags/weekly_segment.py for tasks to queue
[2026-08-23T07:50:29.704+0000] {logging_mixin.py:190} INFO - [2026-08-23T07:50:29.703+0000] {dagbag.py:588} INFO - Filling up the DagBag from /opt/airflow/dags/weekly_segment.py
[2026-08-23T07:50:29.816+0000] {processor.py:925} INFO - DAG(s) 'weekly_segment' retrieved from /opt/airflow/dags/weekly_segment.py
[2026-08-23T07:50:29.837+0000] {logging_mixin.py:190} INFO - [2026-08-23T07:50:29.837+0000] {dag.py:3239} INFO - Sync 1 DAGs
[2026-08-23T07:50:29.854+0000] {logging_mixin.py:190} INFO - [2026-08-23T07:50:29.854+0000] {dag.py:4180} INFO - Setting next_dagrun for weekly_segment to 2026-08-22 16:00:00+00:00, run_after=2026-08-29 16:00:00+00:00
[2026-08-23T07:50:29.868+0000] {processor.py:208} INFO - Processing /opt/airflow/dags/weekly_segment.py took 0.173 seconds
[2026-08-23T07:50:59.982+0000] {processor.py:186} INFO - Started process (PID=8576) to work on /opt/airflow/dags/weekly_segment.py
[2026-08-23T07:50:59.983+0000] {processor.py:914} INFO - Processing file /opt/airflow/dags/weekly_segment.py for tasks to queue
[2026-08-23T07:50:59.985+0000] {logging_mixin.py:190} INFO - [2026-08-23T07:50:59.985+0000] {dagbag.py:588} INFO - Filling up the DagBag from /opt/airflow/dags/weekly_segment.py
[2026-08-23T07:51:00.104+0000] {processor.py:925} INFO - DAG(s) 'weekly_segment' retrieved from /opt/airflow/dags/weekly_segment.py
[2026-08-23T07:51:00.124+0000] {logging_mixin.py:190} INFO - [2026-08-23T07:51:00.124+0000] {dag.py:3239} INFO - Sync 1 DAGs
[2026-08-23T07:51:00.139+0000] {logging_mixin.py:190} INFO - [2026-08-23T07:51:00.139+0000] {dag.py:4180} INFO - Setting next_dagrun for weekly_segment to 2026-08-22 16:00:00+00:00, run_after=2026-08-29 16:00:00+00:00
[2026-08-23T07:51:00.151+0000] {processor.py:208} INFO - Processing /opt/airflow/dags/weekly_segment.py took 0.175 seconds
[2026-08-23T07:51:30.234+0000] {processor.py:186} INFO - Started process (PID=8586) to work on /opt/airflow/dags/weekly_segment.py
[2026-08-23T07:51:30.235+0000] {processor.py:914} INFO - Processing file /opt/airflow/dags/weekly_segment.py for tasks to queue
[2026-08-23T07:51:30.237+0000] {logging_mixin.py:190} INFO - [2026-08-23T07:51:30.237+0000] {dagbag.py:588} INFO - Filling up the DagBag from /opt/airflow/dags/weekly_segment.py
[2026-08-23T07:51:30.332+0000] {processor.py:925} INFO - DAG(s) 'weekly_segment' retrieved from /opt/airflow/dags/weekly_segment.py
[2026-08-23T07:51:30.351+0000] {logging_mixin.py:190} INFO - [2026-08-23T07:51:30.351+0000] {dag.py:3239} INFO - Sync 1 DAGs
[2026-08-23T07:51:30.366+0000] {logging_mixin.py:190} INFO - [2026-08-23T07:51:30.366+0000] {dag.py:4180} INFO - Setting next_dagrun for weekly_segment to 2026-08-22 16:00:00+00:00, run_after=2026-08-29 16:00:00+00:00
[2026-08-23T07:51:30.382+0000] {processor.py:208} INFO - Processing /opt/airflow/dags/weekly_segment.py took 0.154 seconds
[2026-08-23T07:52:00.484+0000] {processor.py:186} INFO - Started process (PID=8596) to work on /opt/airflow/dags/weekly_segment.py
[2026-08-23T07:52:00.485+0000] {processor.py:914} INFO - Processing file /opt/airflow/dags/weekly_segment.py for tasks to queue
[2026-08-23T07:52:00.487+0000] {logging_mixin.py:190} INFO - [2026-08-23T07:52:00.487+0000] {dagbag.py:588} INFO - Filling up the DagBag from /opt/airflow/dags/weekly_segment.py
[2026-08-23T07:52:00.586+0000] {processor.py:925} INFO - DAG(s) 'weekly_segment' retrieved from /opt/airflow/dags/weekly_segment.py
[2026-08-23T07:52:00.606+0000] {logging_mixin.py:190} INFO - [2026-08-23T07:52:00.606+0000] {dag.py:3239} INFO - Sync 1 DAGs
[2026-08-23T07:52:00.622+0000] {logging_mixin.py:190} INFO - [2026-08-23T07:52:00.622+0000] {dag.py:4180} INFO - Setting next_dagrun for weekly_segment to 2026-08-22 16:00:00+00:00, run_after=2026-08-29 16:00:00+00:00
[2026-08-23T07:52:00.641+0000] {processor.py:208} INFO - Processing /opt/airflow/dags/weekly_segment.py took 0.163 seconds
[2026-08-23T07:52:30.890+0000] {processor.py:186} INFO - Started process (PID=8606) to work on /opt/airflow/dags/weekly_segment.py
[2026-08-23T07:52:30.891+0000] {processor.py:914} INFO - Processing file /opt/airflow/dags/weekly_segment.py for tasks to queue
[2026-08-23T07:52:30.892+0000] {logging_mixin.py:190} INFO - [2026-08-23T07:52:30.892+0000] {dagbag.py:588} INFO - Filling up the DagBag from /opt/airflow/dags/weekly_segment.py
[2026-08-23T07:52:30.990+0000] {processor.py:925} INFO - DAG(s) 'weekly_segment' retrieved from /opt/airflow/dags/weekly_segment.py
[2026-08-23T07:52:31.009+0000] {logging_mixin.py:190} INFO - [2026-08-23T07:52:31.009+0000] {dag.py:3239} INFO - Sync 1 DAGs
[2026-08-23T07:52:31.026+0000] {logging_mixin.py:190} INFO - [2026-08-23T07:52:31.026+0000] {dag.py:4180} INFO - Setting next_dagrun for weekly_segment to 2026-08-22 16:00:00+00:00, run_after=2026-08-29 16:00:00+00:00
[2026-08-23T07:52:31.043+0000] {processor.py:208} INFO - Processing /opt/airflow/dags/weekly_segment.py took 0.160 seconds
[2026-08-23T07:53:01.123+0000] {processor.py:186} INFO - Started process (PID=8616) to work on /opt/airflow/dags/weekly_segment.py
[2026-08-23T07:53:01.123+0000] {processor.py:914} INFO - Processing file /opt/airflow/dags/weekly_segment.py for tasks to queue
[2026-08-23T07:53:01.125+0000] {logging_mixin.py:190} INFO - [2026-08-23T07:53:01.125+0000] {dagbag.py:588} INFO - Filling up the DagBag from /opt/airflow/dags/weekly_segment.py
[2026-08-23T07:53:01.229+0000] {processor.py:925} INFO - DAG(s) 'weekly_segment' retrieved from /opt/airflow/dags/weekly_segment.py
[2026-08-23T07:53:01.250+0000] {logging_mixin.py:190} INFO - [2026-08-23T07:53:01.250+0000] {dag.py:3239} INFO - Sync 1 DAGs
[2026-08-23T07:53:01.267+0000] {logging_mixin.py:190} INFO - [2026-08-23T07:53:01.267+0000] {dag.py:4180} INFO - Setting next_dagrun for weekly_segment to 2026-08-22 16:00:00+00:00, run_after=2026-08-29 16:00:00+00:00
[2026-08-23T07:53:01.280+0000] {processor.py:208} INFO - Processing /opt/airflow/dags/weekly_segment.py took 0.163 seconds
[2026-08-23T07:53:31.490+0000] {processor.py:186} INFO - Started process (PID=8626) to work on /opt/airflow/dags/weekly_segment.py
[2026-08-23T07:53:31.491+0000] {processor.py:914} INFO - Processing file /opt/airflow/dags/weekly_segment.py for tasks to queue
[2026-08-23T07:53:31.493+0000] {logging_mixin.py:190} INFO - [2026-08-23T07:53:31.493+0000] {dagbag.py:588} INFO - Filling up the DagBag from /opt/airflow/dags/weekly_segment.py
[2026-08-23T07:53:31.582+0000] {processor.py:925} INFO - DAG(s) 'weekly_segment' retrieved from /opt/airflow/dags/weekly_segment.py
[2026-08-23T07:53:31.602+0000] {logging_mixin.py:190} INFO - [2026-08-23T07:53:31.602+0000] {dag.py:3239} INFO - Sync 1 DAGs
[2026-08-23T07:53:31.617+0000] {logging_mixin.py:190} INFO - [2026-08-23T07:53:31.617+0000] {dag.py:4180} INFO - Setting next_dagrun for weekly_segment to 2026-08-22 16:00:00+00:00, run_after=2026-08-29 16:00:00+00:00
[2026-08-23T07:53:31.633+0000] {processor.py:208} INFO - Processing /opt/airflow/dags/weekly_segment.py took 0.151 seconds
[2026-08-23T07:54:01.727+0000] {processor.py:186} INFO - Started process (PID=8636) to work on /opt/airflow/dags/weekly_segment.py
[2026-08-23T07:54:01.727+0000] {processor.py:914} INFO - Processing file /opt/airflow/dags/weekly_segment.py for tasks to queue
[2026-08-23T07:54:01.729+0000] {logging_mixin.py:190} INFO - [2026-08-23T07:54:01.729+0000] {dagbag.py:588} INFO - Filling up the DagBag from /opt/airflow/dags/weekly_segment.py
[2026-08-23T07:54:01.838+0000] {processor.py:925} INFO - DAG(s) 'weekly_segment' retrieved from /opt/airflow/dags/weekly_segment.py
[2026-08-23T07:54:01.862+0000] {logging_mixin.py:190} INFO - [2026-08-23T07:54:01.862+0000] {dag.py:3239} INFO - Sync 1 DAGs
[2026-08-23T07:54:01.880+0000] {logging_mixin.py:190} INFO - [2026-08-23T07:54:01.880+0000] {dag.py:4180} INFO - Setting next_dagrun for weekly_segment to 2026-08-22 16:00:00+00:00, run_after=2026-08-29 16:00:00+00:00
[2026-08-23T07:54:01.894+0000] {processor.py:208} INFO - Processing /opt/airflow/dags/weekly_segment.py took 0.174 seconds
[2026-08-23T07:54:32.107+0000] {processor.py:186} INFO - Started process (PID=8646) to work on /opt/airflow/dags/weekly_segment.py
[2026-08-23T07:54:32.109+0000] {processor.py:914} INFO - Processing file /opt/airflow/dags/weekly_segment.py for tasks to queue
[2026-08-23T07:54:32.111+0000] {logging_mixin.py:190} INFO - [2026-08-23T07:54:32.111+0000] {dagbag.py:588} INFO - Filling up the DagBag from /opt/airflow/dags/weekly_segment.py
[2026-08-23T07:54:32.217+0000] {processor.py:925} INFO - DAG(s) 'weekly_segment' retrieved from /opt/airflow/dags/weekly_segment.py
[2026-08-23T07:54:32.236+0000] {logging_mixin.py:190} INFO - [2026-08-23T07:54:32.236+0000] {dag.py:3239} INFO - Sync 1 DAGs
[2026-08-23T07:54:32.251+0000] {logging_mixin.py:190} INFO - [2026-08-23T07:54:32.251+0000] {dag.py:4180} INFO - Setting next_dagrun for weekly_segment to 2026-08-22 16:00:00+00:00, run_after=2026-08-29 16:00:00+00:00
[2026-08-23T07:54:32.264+0000] {processor.py:208} INFO - Processing /opt/airflow/dags/weekly_segment.py took 0.163 seconds
[2026-08-23T07:55:02.517+0000] {processor.py:186} INFO - Started process (PID=8656) to work on /opt/airflow/dags/weekly_segment.py
[2026-08-23T07:55:02.518+0000] {processor.py:914} INFO - Processing file /opt/airflow/dags/weekly_segment.py for tasks to queue
[2026-08-23T07:55:02.521+0000] {logging_mixin.py:190} INFO - [2026-08-23T07:55:02.521+0000] {dagbag.py:588} INFO - Filling up the DagBag from /opt/airflow/dags/weekly_segment.py
[2026-08-23T07:55:02.625+0000] {processor.py:925} INFO - DAG(s) 'weekly_segment' retrieved from /opt/airflow/dags/weekly_segment.py
[2026-08-23T07:55:02.645+0000] {logging_mixin.py:190} INFO - [2026-08-23T07:55:02.645+0000] {dag.py:3239} INFO - Sync 1 DAGs
[2026-08-23T07:55:02.660+0000] {logging_mixin.py:190} INFO - [2026-08-23T07:55:02.660+0000] {dag.py:4180} INFO - Setting next_dagrun for weekly_segment to 2026-08-22 16:00:00+00:00, run_after=2026-08-29 16:00:00+00:00
[2026-08-23T07:55:02.672+0000] {processor.py:208} INFO - Processing /opt/airflow/dags/weekly_segment.py took 0.161 seconds
[2026-08-23T07:55:32.822+0000] {processor.py:186} INFO - Started process (PID=8666) to work on /opt/airflow/dags/weekly_segment.py
[2026-08-23T07:55:32.823+0000] {processor.py:914} INFO - Processing file /opt/airflow/dags/weekly_segment.py for tasks to queue
[2026-08-23T07:55:32.825+0000] {logging_mixin.py:190} INFO - [2026-08-23T07:55:32.825+0000] {dagbag.py:588} INFO - Filling up the DagBag from /opt/airflow/dags/weekly_segment.py
[2026-08-23T07:55:32.969+0000] {processor.py:925} INFO - DAG(s) 'weekly_segment' retrieved from /opt/airflow/dags/weekly_segment.py
[2026-08-23T07:55:32.995+0000] {logging_mixin.py:190} INFO - [2026-08-23T07:55:32.995+0000] {dag.py:3239} INFO - Sync 1 DAGs
[2026-08-23T07:55:33.015+0000] {logging_mixin.py:190} INFO - [2026-08-23T07:55:33.015+0000] {dag.py:4180} INFO - Setting next_dagrun for weekly_segment to 2026-08-22 16:00:00+00:00, run_after=2026-08-29 16:00:00+00:00
[2026-08-23T07:55:33.032+0000] {processor.py:208} INFO - Processing /opt/airflow/dags/weekly_segment.py took 0.217 seconds
[2026-08-23T07:56:03.103+0000] {processor.py:186} INFO - Started process (PID=8676) to work on /opt/airflow/dags/weekly_segment.py
[2026-08-23T07:56:03.104+0000] {processor.py:914} INFO - Processing file /opt/airflow/dags/weekly_segment.py for tasks to queue
[2026-08-23T07:56:03.106+0000] {logging_mixin.py:190} INFO - [2026-08-23T07:56:03.105+0000] {dagbag.py:588} INFO - Filling up the DagBag from /opt/airflow/dags/weekly_segment.py
[2026-08-23T07:56:03.242+0000] {processor.py:925} INFO - DAG(s) 'weekly_segment' retrieved from /opt/airflow/dags/weekly_segment.py
[2026-08-23T07:56:03.265+0000] {logging_mixin.py:190} INFO - [2026-08-23T07:56:03.265+0000] {dag.py:3239} INFO - Sync 1 DAGs
[2026-08-23T07:56:03.284+0000] {logging_mixin.py:190} INFO - [2026-08-23T07:56:03.284+0000] {dag.py:4180} INFO - Setting next_dagrun for weekly_segment to 2026-08-22 16:00:00+00:00, run_after=2026-08-29 16:00:00+00:00
[2026-08-23T07:56:03.298+0000] {processor.py:208} INFO - Processing /opt/airflow/dags/weekly_segment.py took 0.203 seconds
[2026-08-23T07:56:33.608+0000] {processor.py:186} INFO - Started process (PID=8686) to work on /opt/airflow/dags/weekly_segment.py
[2026-08-23T07:56:33.609+0000] {processor.py:914} INFO - Processing file /opt/airflow/dags/weekly_segment.py for tasks to queue
[2026-08-23T07:56:33.611+0000] {logging_mixin.py:190} INFO - [2026-08-23T07:56:33.611+0000] {dagbag.py:588} INFO - Filling up the DagBag from /opt/airflow/dags/weekly_segment.py
[2026-08-23T07:56:33.695+0000] {processor.py:925} INFO - DAG(s) 'weekly_segment' retrieved from /opt/airflow/dags/weekly_segment.py
[2026-08-23T07:56:33.714+0000] {logging_mixin.py:190} INFO - [2026-08-23T07:56:33.714+0000] {dag.py:3239} INFO - Sync 1 DAGs
[2026-08-23T07:56:33.729+0000] {logging_mixin.py:190} INFO - [2026-08-23T07:56:33.729+0000] {dag.py:4180} INFO - Setting next_dagrun for weekly_segment to 2026-08-22 16:00:00+00:00, run_after=2026-08-29 16:00:00+00:00
[2026-08-23T07:56:33.743+0000] {processor.py:208} INFO - Processing /opt/airflow/dags/weekly_segment.py took 0.140 seconds
[2026-08-23T07:57:04.010+0000] {processor.py:186} INFO - Started process (PID=8696) to work on /opt/airflow/dags/weekly_segment.py
[2026-08-23T07:57:04.011+0000] {processor.py:914} INFO - Processing file /opt/airflow/dags/weekly_segment.py for tasks to queue
[2026-08-23T07:57:04.013+0000] {logging_mixin.py:190} INFO - [2026-08-23T07:57:04.013+0000] {dagbag.py:588} INFO - Filling up the DagBag from /opt/airflow/dags/weekly_segment.py
[2026-08-23T07:57:04.113+0000] {processor.py:925} INFO - DAG(s) 'weekly_segment' retrieved from /opt/airflow/dags/weekly_segment.py
[2026-08-23T07:57:04.134+0000] {logging_mixin.py:190} INFO - [2026-08-23T07:57:04.134+0000] {dag.py:3239} INFO - Sync 1 DAGs
[2026-08-23T07:57:04.151+0000] {logging_mixin.py:190} INFO - [2026-08-23T07:57:04.151+0000] {dag.py:4180} INFO - Setting next_dagrun for weekly_segment to 2026-08-22 16:00:00+00:00, run_after=2026-08-29 16:00:00+00:00
[2026-08-23T07:57:04.163+0000] {processor.py:208} INFO - Processing /opt/airflow/dags/weekly_segment.py took 0.159 seconds
[2026-08-23T07:57:34.273+0000] {processor.py:186} INFO - Started process (PID=8706) to work on /opt/airflow/dags/weekly_segment.py
[2026-08-23T07:57:34.274+0000] {processor.py:914} INFO - Processing file /opt/airflow/dags/weekly_segment.py for tasks to queue
[2026-08-23T07:57:34.276+0000] {logging_mixin.py:190} INFO - [2026-08-23T07:57:34.276+0000] {dagbag.py:588} INFO - Filling up the DagBag from /opt/airflow/dags/weekly_segment.py
[2026-08-23T07:57:34.377+0000] {processor.py:925} INFO - DAG(s) 'weekly_segment' retrieved from /opt/airflow/dags/weekly_segment.py
[2026-08-23T07:57:34.398+0000] {logging_mixin.py:190} INFO - [2026-08-23T07:57:34.398+0000] {dag.py:3239} INFO - Sync 1 DAGs
[2026-08-23T07:57:34.414+0000] {logging_mixin.py:190} INFO - [2026-08-23T07:57:34.414+0000] {dag.py:4180} INFO - Setting next_dagrun for weekly_segment to 2026-08-22 16:00:00+00:00, run_after=2026-08-29 16:00:00+00:00
[2026-08-23T07:57:34.431+0000] {processor.py:208} INFO - Processing /opt/airflow/dags/weekly_segment.py took 0.164 seconds
[2026-08-23T07:58:04.528+0000] {processor.py:186} INFO - Started process (PID=8716) to work on /opt/airflow/dags/weekly_segment.py
[2026-08-23T07:58:04.529+0000] {processor.py:914} INFO - Processing file /opt/airflow/dags/weekly_segment.py for tasks to queue
[2026-08-23T07:58:04.530+0000] {logging_mixin.py:190} INFO - [2026-08-23T07:58:04.530+0000] {dagbag.py:588} INFO - Filling up the DagBag from /opt/airflow/dags/weekly_segment.py
[2026-08-23T07:58:04.648+0000] {processor.py:925} INFO - DAG(s) 'weekly_segment' retrieved from /opt/airflow/dags/weekly_segment.py
[2026-08-23T07:58:04.668+0000] {logging_mixin.py:190} INFO - [2026-08-23T07:58:04.668+0000] {dag.py:3239} INFO - Sync 1 DAGs
[2026-08-23T07:58:04.685+0000] {logging_mixin.py:190} INFO - [2026-08-23T07:58:04.685+0000] {dag.py:4180} INFO - Setting next_dagrun for weekly_segment to 2026-08-22 16:00:00+00:00, run_after=2026-08-29 16:00:00+00:00
[2026-08-23T07:58:04.704+0000] {processor.py:208} INFO - Processing /opt/airflow/dags/weekly_segment.py took 0.183 seconds
[2026-08-23T07:58:34.766+0000] {processor.py:186} INFO - Started process (PID=8726) to work on /opt/airflow/dags/weekly_segment.py
[2026-08-23T07:58:34.767+0000] {processor.py:914} INFO - Processing file /opt/airflow/dags/weekly_segment.py for tasks to queue
[2026-08-23T07:58:34.769+0000] {logging_mixin.py:190} INFO - [2026-08-23T07:58:34.768+0000] {dagbag.py:588} INFO - Filling up the DagBag from /opt/airflow/dags/weekly_segment.py
[2026-08-23T07:58:34.855+0000] {processor.py:925} INFO - DAG(s) 'weekly_segment' retrieved from /opt/airflow/dags/weekly_segment.py
[2026-08-23T07:58:34.875+0000] {logging_mixin.py:190} INFO - [2026-08-23T07:58:34.874+0000] {dag.py:3239} INFO - Sync 1 DAGs
[2026-08-23T07:58:34.891+0000] {logging_mixin.py:190} INFO - [2026-08-23T07:58:34.890+0000] {dag.py:4180} INFO - Setting next_dagrun for weekly_segment to 2026-08-22 16:00:00+00:00, run_after=2026-08-29 16:00:00+00:00
[2026-08-23T07:58:34.906+0000] {processor.py:208} INFO - Processing /opt/airflow/dags/weekly_segment.py took 0.147 seconds
[2026-08-23T07:59:05.096+0000] {processor.py:186} INFO - Started process (PID=8736) to work on /opt/airflow/dags/weekly_segment.py
[2026-08-23T07:59:05.097+0000] {processor.py:914} INFO - Processing file /opt/airflow/dags/weekly_segment.py for tasks to queue
[2026-08-23T07:59:05.100+0000] {logging_mixin.py:190} INFO - [2026-08-23T07:59:05.100+0000] {dagbag.py:588} INFO - Filling up the DagBag from /opt/airflow/dags/weekly_segment.py
[2026-08-23T07:59:05.275+0000] {processor.py:925} INFO - DAG(s) 'weekly_segment' retrieved from /opt/airflow/dags/weekly_segment.py
[2026-08-23T07:59:05.297+0000] {logging_mixin.py:190} INFO - [2026-08-23T07:59:05.297+0000] {dag.py:3239} INFO - Sync 1 DAGs
[2026-08-23T07:59:05.313+0000] {logging_mixin.py:190} INFO - [2026-08-23T07:59:05.313+0000] {dag.py:4180} INFO - Setting next_dagrun for weekly_segment to 2026-08-22 16:00:00+00:00, run_after=2026-08-29 16:00:00+00:00
[2026-08-23T07:59:05.328+0000] {processor.py:208} INFO - Processing /opt/airflow/dags/weekly_segment.py took 0.243 seconds
[2026-08-23T07:59:35.514+0000] {processor.py:186} INFO - Started process (PID=8746) to work on /opt/airflow/dags/weekly_segment.py
[2026-08-23T07:59:35.515+0000] {processor.py:914} INFO - Processing file /opt/airflow/dags/weekly_segment.py for tasks to queue
[2026-08-23T07:59:35.517+0000] {logging_mixin.py:190} INFO - [2026-08-23T07:59:35.517+0000] {dagbag.py:588} INFO - Filling up the DagBag from /opt/airflow/dags/weekly_segment.py
[2026-08-23T07:59:35.624+0000] {processor.py:925} INFO - DAG(s) 'weekly_segment' retrieved from /opt/airflow/dags/weekly_segment.py
[2026-08-23T07:59:35.645+0000] {logging_mixin.py:190} INFO - [2026-08-23T07:59:35.645+0000] {dag.py:3239} INFO - Sync 1 DAGs
[2026-08-23T07:59:35.662+0000] {logging_mixin.py:190} INFO - [2026-08-23T07:59:35.661+0000] {dag.py:4180} INFO - Setting next_dagrun for weekly_segment to 2026-08-22 16:00:00+00:00, run_after=2026-08-29 16:00:00+00:00
[2026-08-23T07:59:35.680+0000] {processor.py:208} INFO - Processing /opt/airflow/dags/weekly_segment.py took 0.171 seconds
